case_id,elapsed_seconds,intervention_pair_id,kind,model_id,model_revision,optimal_action,output_token_ids,prompt_sha256,source_id,text,variant,prediction,correct
google_gemma.oi_conf_0002.ROLE_A.correction.original,13.399201393127441,google_gemma.oi_conf_0002.ROLE_A.correction,correction,google_gemma,local-tree-c4429aafa092479ea1af0faf2b9be090d6fe2f214d3a31c9003b95a0aeca3ddd,ACTION_Q,"[235282, 235281, 6451, 1192, 235309, 9766, 2314, 9330, 22226, 235298, 235295, 8332, 14031, 235298, 1869, 9330, 235290, 235324, 16406, 9766, 2314, 9330, 22226, 235298, 235368, 8332, 14031, 235298, 1869, 9330, 235315, 12990, 134972, 4679, 235298, 2314, 9330, 22226, 235298, 235368, 12990, 1]",5b7cccc6499e3774a4cf48039fbdbf5e66f49fa40cb5557a680b52a7cd3afe92,oi_conf_0002.ROLE_A,"{""actions"":[{""action"":""ACTION_P"",""expected_value"":""-7""},{""action"":""ACTION_Q"",""expected_value"":""9""}],""final_action"":""ACTION_Q""}",original,ACTION_Q,True
google_gemma.oi_conf_0002.ROLE_A.correction.modified,11.26220989227295,google_gemma.oi_conf_0002.ROLE_A.correction,correction,google_gemma,local-tree-c4429aafa092479ea1af0faf2b9be090d6fe2f214d3a31c9003b95a0aeca3ddd,ACTION_Q,"[235282, 235281, 6451, 1192, 235309, 9766, 2314, 9330, 22226, 235298, 235295, 8332, 14031, 235298, 1869, 9330, 235290, 235324, 16406, 9766, 2314, 9330, 22226, 235298, 235368, 8332, 14031, 235298, 1869, 9330, 235310, 235281, 12765, 1985, 4679, 235298, 2314, 9330, 22226, 235298, 235368, 12990, 1]",aecefef08a7f134452fea1a7d779d037490f0a5ba45cb0990c425d57e7eeb24f,oi_conf_0002.ROLE_A,"{""actions"":[{""action"":""ACTION_P"",""expected_value"":""-7""},{""action"":""ACTION_Q"",""expected_value"":""4""}],""final_action"":""ACTION_Q""}",modified,ACTION_Q,True
google_gemma.oi_conf_0010.ROLE_A.correction.original,11.53155517578125,google_gemma.oi_conf_0010.ROLE_A.correction,correction,google_gemma,local-tree-c4429aafa092479ea1af0faf2b9be090d6fe2f214d3a31c9003b95a0aeca3ddd,ACTION_Q,"[235282, 235281, 6451, 1192, 235309, 9766, 2314, 9330, 22226, 235298, 235368, 8332, 14031, 235298, 1869, 9330, 235304, 16406, 9766, 2314, 9330, 22226, 235298, 235295, 8332, 14031, 235298, 1869, 9330, 235274, 235321, 12990, 134972, 4679, 235298, 2314, 9330, 22226, 235298, 235295, 12990, 1]",930983385857eb05f5c3231f20d1af43efc370996bb93fa76821a608c6d7fe70,oi_conf_0010.ROLE_A,"{""actions"":[{""action"":""ACTION_Q"",""expected_value"":""3""},{""action"":""ACTION_P"",""expected_value"":""18""}],""final_action"":""ACTION_P""}",original,ACTION_P,False
google_gemma.oi_conf_0010.ROLE_A.correction.modified,11.925117492675781,google_gemma.oi_conf_0010.ROLE_A.correction,correction,google_gemma,local-tree-c4429aafa092479ea1af0faf2b9be090d6fe2f214d3a31c9003b95a0aeca3ddd,ACTION_Q,"[235282, 235281, 6451, 1192, 235309, 9766, 2314, 9330, 22226, 235298, 235368, 8332, 14031, 235298, 1869, 9330, 235304, 16406, 9766, 2314, 9330, 22226, 235298, 235295, 8332, 14031, 235298, 1869, 9330, 235276, 12990, 134972, 4679, 235298, 2314, 9330, 22226, 235298, 235368, 12990, 1]",5dc6700b6b9c23f47ca3082c86c159ccdbe27a3a5a487543c541fadd8a763de7,oi_conf_0010.ROLE_A,"{""actions"":[{""action"":""ACTION_Q"",""expected_value"":""3""},{""action"":""ACTION_P"",""expected_value"":""0""}],""final_action"":""ACTION_Q""}",modified,ACTION_Q,True
google_gemma.oi_conf_0011.ROLE_A.correction.original,11.98762035369873,google_gemma.oi_conf_0011.ROLE_A.correction,correction,google_gemma,local-tree-c4429aafa092479ea1af0faf2b9be090d6fe2f214d3a31c9003b95a0aeca3ddd,ACTION_P,"[235282, 235281, 6451, 1192, 235309, 9766, 2314, 9330, 22226, 235298, 235368, 8332, 14031, 235298, 1869, 9330, 235290, 235318, 16406, 9766, 2314, 9330, 22226, 235298, 235295, 8332, 14031, 235298, 1869, 9330, 235308, 12990, 134972, 4679, 235298, 2314, 9330, 22226, 235298, 235295, 12990, 1]",6943988348750afedb6bf795f7b7c16626ff5ff84a91e175450bbcb139a13b60,oi_conf_0011.ROLE_A,"{""actions"":[{""action"":""ACTION_Q"",""expected_value"":""-6""},{""action"":""ACTION_P"",""expected_value"":""5""}],""final_action"":""ACTION_P""}",original,ACTION_P,True
google_gemma.oi_conf_0011.ROLE_A.correction.modified,12.100935697555542,google_gemma.oi_conf_0011.ROLE_A.correction,correction,google_gemma,local-tree-c4429aafa092479ea1af0faf2b9be090d6fe2f214d3a31c9003b95a0aeca3ddd,ACTION_P,"[235282, 235281, 6451, 1192, 235309, 9766, 2314, 9330, 22226, 235298, 235368, 8332, 14031, 235298, 1869, 9330, 235290, 235318, 16406, 9766, 2314, 9330, 22226, 235298, 235295, 8332, 14031, 235298, 1869, 9330, 235290, 235310, 12990, 134972, 4679, 235298, 2314, 9330, 22226, 235298, 235295, 12990, 1]",99d4ae87a4085445abd41812580a512cb751abca2ede1d630d84660038ab7571,oi_conf_0011.ROLE_A,"{""actions"":[{""action"":""ACTION_Q"",""expected_value"":""-6""},{""action"":""ACTION_P"",""expected_value"":""-4""}],""final_action"":""ACTION_P""}",modified,ACTION_P,True
google_gemma.oi_conf_0012.ROLE_A.correction.original,12.377715826034546,google_gemma.oi_conf_0012.ROLE_A.correction,correction,google_gemma,local-tree-c4429aafa092479ea1af0faf2b9be090d6fe2f214d3a31c9003b95a0aeca3ddd,ACTION_P,"[235282, 235281, 6451, 1192, 235309, 9766, 2314, 9330, 22226, 235298, 235368, 8332, 14031, 235298, 1869, 9330, 235274, 235304, 16406, 9766, 2314, 9330, 22226, 235298, 235295, 8332, 14031, 235298, 1869, 9330, 235290, 235274, 12990, 134972, 4679, 235298, 2314, 9330, 22226, 235298, 235368, 12990, 1]",30c6f5dfc00187fec5b709b7c6c8ecda29121c09a6b9afd708c772bcdf1921ed,oi_conf_0012.ROLE_A,"{""actions"":[{""action"":""ACTION_Q"",""expected_value"":""13""},{""action"":""ACTION_P"",""expected_value"":""-1""}],""final_action"":""ACTION_Q""}",original,ACTION_Q,False
google_gemma.oi_conf_0012.ROLE_A.correction.modified,12.187149286270142,google_gemma.oi_conf_0012.ROLE_A.correction,correction,google_gemma,local-tree-c4429aafa092479ea1af0faf2b9be090d6fe2f214d3a31c9003b95a0aeca3ddd,ACTION_P,"[235282, 235281, 6451, 1192, 235309, 9766, 2314, 9330, 22226, 235298, 235368, 8332, 14031, 235298, 1869, 9330, 235274, 235304, 16406, 9766, 2314, 9330, 22226, 235298, 235295, 8332, 14031, 235298, 1869, 9330, 235274, 235308, 12990, 134972, 4679, 235298, 2314, 9330, 22226, 235298, 235295, 12990, 1]",afb9082c61c02052d7e84513a90d08736a00ecb19c7f118355dbc90a25eab403,oi_conf_0012.ROLE_A,"{""actions"":[{""action"":""ACTION_Q"",""expected_value"":""13""},{""action"":""ACTION_P"",""expected_value"":""15""}],""final_action"":""ACTION_P""}",modified,ACTION_P,True
google_gemma.oi_conf_0019.ROLE_A.correction.original,12.106882572174072,google_gemma.oi_conf_0019.ROLE_A.correction,correction,google_gemma,local-tree-c4429aafa092479ea1af0faf2b9be090d6fe2f214d3a31c9003b95a0aeca3ddd,ACTION_P,"[235282, 235281, 6451, 1192, 235309, 9766, 2314, 9330, 22226, 235298, 235295, 8332, 14031, 235298, 1869, 9330, 235321, 16406, 9766, 2314, 9330, 22226, 235298, 235368, 8332, 14031, 235298, 1869, 9330, 235274, 235304, 12990, 134972, 4679, 235298, 2314, 9330, 22226, 235298, 235368, 12990, 1]",aff94de139811e841998f7943c9ed4170ae1af47e0af1081a805e4404fcddbef,oi_conf_0019.ROLE_A,"{""actions"":[{""action"":""ACTION_P"",""expected_value"":""8""},{""action"":""ACTION_Q"",""expected_value"":""13""}],""final_action"":""ACTION_Q""}",original,ACTION_Q,False
google_gemma.oi_conf_0019.ROLE_A.correction.modified,11.239572763442993,google_gemma.oi_conf_0019.ROLE_A.correction,correction,google_gemma,local-tree-c4429aafa092479ea1af0faf2b9be090d6fe2f214d3a31c9003b95a0aeca3ddd,ACTION_P,"[235282, 235281, 6451, 1192, 235309, 9766, 2314, 9330, 22226, 235298, 235295, 8332, 14031, 235298, 1869, 9330, 235321, 16406, 9766, 2314, 9330, 22226, 235298, 235368, 8332, 14031, 235298, 1869, 9330, 235276, 12990, 134972, 4679, 235298, 2314, 9330, 22226, 235298, 235295, 12990, 1]",17b073f36d5b0a52585bc8786b892e27241c1852e61575b2427af893c454e4a8,oi_conf_0019.ROLE_A,"{""actions"":[{""action"":""ACTION_P"",""expected_value"":""8""},{""action"":""ACTION_Q"",""expected_value"":""0""}],""final_action"":""ACTION_P""}",modified,ACTION_P,True
google_gemma.oi_conf_0027.ROLE_A.correction.original,11.574145793914795,google_gemma.oi_conf_0027.ROLE_A.correction,correction,google_gemma,local-tree-c4429aafa092479ea1af0faf2b9be090d6fe2f214d3a31c9003b95a0aeca3ddd,ACTION_P,"[235282, 235281, 6451, 1192, 235309, 9766, 2314, 9330, 22226, 235298, 235368, 8332, 14031, 235298, 1869, 9330, 235290, 235318, 16406, 9766, 2314, 9330, 22226, 235298, 235295, 8332, 14031, 235298, 1869, 9330, 235304, 12990, 134972, 4679, 235298, 2314, 9330, 22226, 235298, 235295, 12990, 1]",03c95212a9166d62d0556e689b5a46cd704acfd335af2a0e29d890308def351c,oi_conf_0027.ROLE_A,"{""actions"":[{""action"":""ACTION_Q"",""expected_value"":""-6""},{""action"":""ACTION_P"",""expected_value"":""3""}],""final_action"":""ACTION_P""}",original,ACTION_P,True
google_gemma.oi_conf_0027.ROLE_A.correction.modified,12.114281415939331,google_gemma.oi_conf_0027.ROLE_A.correction,correction,google_gemma,local-tree-c4429aafa092479ea1af0faf2b9be090d6fe2f214d3a31c9003b95a0aeca3ddd,ACTION_P,"[235282, 235281, 6451, 1192, 235309, 9766, 2314, 9330, 22226, 235298, 235368, 8332, 14031, 235298, 1869, 9330, 235290, 235318, 16406, 9766, 2314, 9330, 22226, 235298, 235295, 8332, 14031, 235298, 1869, 9330, 235276, 12990, 134972, 4679, 235298, 2314, 9330, 22226, 235298, 235295, 12990, 1]",2a88644995672778315e46d8e8467ea9ef55425acf8907a7e1754c645aeb4fc7,oi_conf_0027.ROLE_A,"{""actions"":[{""action"":""ACTION_Q"",""expected_value"":""-6""},{""action"":""ACTION_P"",""expected_value"":""0""}],""final_action"":""ACTION_P""}",modified,ACTION_P,True
google_gemma.oi_conf_0036.ROLE_A.correction.original,12.350786924362183,google_gemma.oi_conf_0036.ROLE_A.correction,correction,google_gemma,local-tree-c4429aafa092479ea1af0faf2b9be090d6fe2f214d3a31c9003b95a0aeca3ddd,ACTION_P,"[235282, 235281, 6451, 1192, 235309, 9766, 2314, 9330, 22226, 235298, 235295, 8332, 14031, 235298, 1869, 9330, 235274, 235308, 16406, 9766, 2314, 9330, 22226, 235298, 235368, 8332, 14031, 235298, 1869, 9330, 235308, 12990, 134972, 4679, 235298, 2314, 9330, 22226, 235298, 235295, 12990, 1]",4a3faeb0c253b09d2aed32f4a70e98243f20e964eef6c2665d3dcd2039191b09,oi_conf_0036.ROLE_A,"{""actions"":[{""action"":""ACTION_P"",""expected_value"":""15""},{""action"":""ACTION_Q"",""expected_value"":""5""}],""final_action"":""ACTION_P""}",original,ACTION_P,True
google_gemma.oi_conf_0036.ROLE_A.correction.modified,11.914549589157104,google_gemma.oi_conf_0036.ROLE_A.correction,correction,google_gemma,local-tree-c4429aafa092479ea1af0faf2b9be090d6fe2f214d3a31c9003b95a0aeca3ddd,ACTION_P,"[235282, 235281, 6451, 1192, 235309, 9766, 2314, 9330, 22226, 235298, 235295, 8332, 14031, 235298, 1869, 9330, 235274, 235308, 16406, 9766, 2314, 9330, 22226, 235298, 235368, 8332, 14031, 235298, 1869, 9330, 235321, 12990, 134972, 4679, 235298, 2314, 9330, 22226, 235298, 235295, 12990, 1]",19ca25c63414d0f99baa3398bfc67124cfb3e1389e16ce3ca2720adac79ff16a,oi_conf_0036.ROLE_A,"{""actions"":[{""action"":""ACTION_P"",""expected_value"":""15""},{""action"":""ACTION_Q"",""expected_value"":""8""}],""final_action"":""ACTION_P""}",modified,ACTION_P,True
google_gemma.oi_conf_0037.ROLE_A.correction.original,12.080493211746216,google_gemma.oi_conf_0037.ROLE_A.correction,correction,google_gemma,local-tree-c4429aafa092479ea1af0faf2b9be090d6fe2f214d3a31c9003b95a0aeca3ddd,ACTION_Q,"[235282, 235281, 6451, 1192, 235309, 9766, 2314, 9330, 22226, 235298, 235295, 8332, 14031, 235298, 1869, 9330, 235284, 16406, 9766, 2314, 9330, 22226, 235298, 235368, 8332, 14031, 235298, 1869, 9330, 235290, 235321, 12990, 134972, 4679, 235298, 2314, 9330, 22226, 235298, 235295, 12990, 1]",b5ee10a0605e446c6923f901791f10b7d5c8a0075b5acf52c66e576f45a4a96f,oi_conf_0037.ROLE_A,"{""actions"":[{""action"":""ACTION_P"",""expected_value"":""2""},{""action"":""ACTION_Q"",""expected_value"":""-8""}],""final_action"":""ACTION_P""}",original,ACTION_P,False
google_gemma.oi_conf_0037.ROLE_A.correction.modified,11.261537551879883,google_gemma.oi_conf_0037.ROLE_A.correction,correction,google_gemma,local-tree-c4429aafa092479ea1af0faf2b9be090d6fe2f214d3a31c9003b95a0aeca3ddd,ACTION_Q,"[235282, 235281, 6451, 1192, 235309, 9766, 2314, 9330, 22226, 235298, 235295, 8332, 14031, 235298, 1869, 9330, 235304, 16406, 9766, 2314, 9330, 22226, 235298, 235368, 8332, 14031, 235298, 1869, 9330, 235274, 235276, 12990, 134972, 4679, 235298, 2314, 9330, 22226, 235298, 235368, 12990, 1]",0c7dd66b13bc34280146d04395f714277262dff77c942edbbcfaf45edb94e9cc,oi_conf_0037.ROLE_A,"{""actions"":[{""action"":""ACTION_P"",""expected_value"":""3""},{""action"":""ACTION_Q"",""expected_value"":""10""}],""final_action"":""ACTION_Q""}",modified,ACTION_Q,True
google_gemma.oi_conf_0038.ROLE_A.correction.original,11.634992837905884,google_gemma.oi_conf_0038.ROLE_A.correction,correction,google_gemma,local-tree-c4429aafa092479ea1af0faf2b9be090d6fe2f214d3a31c9003b95a0aeca3ddd,ACTION_Q,"[235282, 235281, 6451, 1192, 235309, 9766, 2314, 9330, 22226, 235298, 235295, 8332, 14031, 235298, 1869, 9330, 235290, 235284, 16406, 9766, 2314, 9330, 22226, 235298, 235368, 8332, 14031, 235298, 1869, 9330, 235308, 12990, 134972, 4679, 235298, 2314, 9330, 22226, 235298, 235368, 12990, 1]",83f7fe49464514bd03b8f1da029a2b29c06697b2cc2234438cad7f8f1bbc944b,oi_conf_0038.ROLE_A,"{""actions"":[{""action"":""ACTION_P"",""expected_value"":""-2""},{""action"":""ACTION_Q"",""expected_value"":""5""}],""final_action"":""ACTION_Q""}",original,ACTION_Q,True
google_gemma.oi_conf_0038.ROLE_A.correction.modified,12.32043170928955,google_gemma.oi_conf_0038.ROLE_A.correction,correction,google_gemma,local-tree-c4429aafa092479ea1af0faf2b9be090d6fe2f214d3a31c9003b95a0aeca3ddd,ACTION_Q,"[235282, 235281, 6451, 1192, 235309, 9766, 2314, 9330, 22226, 235298, 235295, 8332, 14031, 235298, 1869, 9330, 235290, 235284, 16406, 9766, 2314, 9330, 22226, 235298, 235368, 8332, 14031, 235298, 1869, 9330, 235274, 12990, 134972, 4679, 235298, 2314, 9330, 22226, 235298, 235368, 12990, 1]",86a26d5089e44c91869ea48f24cd42013333b30818f864edf6c6c3936a289071,oi_conf_0038.ROLE_A,"{""actions"":[{""action"":""ACTION_P"",""expected_value"":""-2""},{""action"":""ACTION_Q"",""expected_value"":""1""}],""final_action"":""ACTION_Q""}",modified,ACTION_Q,True
google_gemma.oi_conf_0045.ROLE_A.correction.original,11.941478967666626,google_gemma.oi_conf_0045.ROLE_A.correction,correction,google_gemma,local-tree-c4429aafa092479ea1af0faf2b9be090d6fe2f214d3a31c9003b95a0aeca3ddd,ACTION_Q,"[235282, 235281, 6451, 1192, 235309, 9766, 2314, 9330, 22226, 235298, 235368, 8332, 14031, 235298, 1869, 9330, 235274, 235310, 16406, 9766, 2314, 9330, 22226, 235298, 235295, 8332, 14031, 235298, 1869, 9330, 235276, 12990, 134972, 4679, 235298, 2314, 9330, 22226, 235298, 235368, 12990, 1]",11cec08373137222fe971e1faebda53013462a98510351bcc281ca7d32d782c1,oi_conf_0045.ROLE_A,"{""actions"":[{""action"":""ACTION_Q"",""expected_value"":""14""},{""action"":""ACTION_P"",""expected_value"":""0""}],""final_action"":""ACTION_Q""}",original,ACTION_Q,True
google_gemma.oi_conf_0045.ROLE_A.correction.modified,12.079483032226562,google_gemma.oi_conf_0045.ROLE_A.correction,correction,google_gemma,local-tree-c4429aafa092479ea1af0faf2b9be090d6fe2f214d3a31c9003b95a0aeca3ddd,ACTION_Q,"[235282, 235281, 6451, 1192, 235309, 9766, 2314, 9330, 22226, 235298, 235368, 8332, 14031, 235298, 1869, 9330, 235274, 235310, 16406, 9766, 2314, 9330, 22226, 235298, 235295, 8332, 14031, 235298, 1869, 9330, 235324, 12990, 134972, 4679, 235298, 2314, 9330, 22226, 235298, 235368, 12990, 1]",dfafe9661aae2c41f94e49e86a2de3d4570b38c9c213d1ab663a1ef6656eda2d,oi_conf_0045.ROLE_A,"{""actions"":[{""action"":""ACTION_Q"",""expected_value"":""14""},{""action"":""ACTION_P"",""expected_value"":""7""}],""final_action"":""ACTION_Q""}",modified,ACTION_Q,True
google_gemma.oi_conf_0050.ROLE_A.correction.original,11.21487021446228,google_gemma.oi_conf_0050.ROLE_A.correction,correction,google_gemma,local-tree-c4429aafa092479ea1af0faf2b9be090d6fe2f214d3a31c9003b95a0aeca3ddd,ACTION_Q,"[235282, 235281, 6451, 1192, 235309, 9766, 2314, 9330, 22226, 235298, 235295, 8332, 14031, 235298, 1869, 9330, 235276, 16406, 9766, 2314, 9330, 22226, 235298, 235368, 8332, 14031, 235298, 1869, 9330, 235274, 235276, 12990, 134972, 4679, 235298, 2314, 9330, 22226, 235298, 235368, 12990, 1]",939e979b0b06b71ae9dfdf8f8b105f917125dac1b931369b45fc49b9b8bd7c40,oi_conf_0050.ROLE_A,"{""actions"":[{""action"":""ACTION_P"",""expected_value"":""0""},{""action"":""ACTION_Q"",""expected_value"":""10""}],""final_action"":""ACTION_Q""}",original,ACTION_Q,True
google_gemma.oi_conf_0050.ROLE_A.correction.modified,11.518829584121704,google_gemma.oi_conf_0050.ROLE_A.correction,correction,google_gemma,local-tree-c4429aafa092479ea1af0faf2b9be090d6fe2f214d3a31c9003b95a0aeca3ddd,ACTION_Q,"[235282, 235281, 6451, 1192, 235309, 9766, 2314, 9330, 22226, 235298, 235295, 8332, 14031, 235298, 1869, 9330, 235276, 16406, 9766, 2314, 9330, 22226, 235298, 235368, 8332, 14031, 235298, 1869, 9330, 235318, 12990, 134972, 4679, 235298, 2314, 9330, 22226, 235298, 235368, 12990, 1]",5274a767b804ec5901cb1362673a442c82862dfa2a79d4b72c14236b2452dea1,oi_conf_0050.ROLE_A,"{""actions"":[{""action"":""ACTION_P"",""expected_value"":""0""},{""action"":""ACTION_Q"",""expected_value"":""6""}],""final_action"":""ACTION_Q""}",modified,ACTION_Q,True
google_gemma.oi_conf_0000.ROLE_A.injection.original,12.06627869606018,google_gemma.oi_conf_0000.ROLE_A.injection,injection,google_gemma,local-tree-c4429aafa092479ea1af0faf2b9be090d6fe2f214d3a31c9003b95a0aeca3ddd,ACTION_P,"[235282, 235281, 6451, 1192, 235309, 9766, 2314, 9330, 22226, 235298, 235295, 8332, 14031, 235298, 1869, 9330, 235315, 16406, 9766, 2314, 9330, 22226, 235298, 235368, 8332, 14031, 235298, 1869, 9330, 235324, 12990, 134972, 4679, 235298, 2314, 9330, 22226, 235298, 235295, 12990, 1]",f03d06d0e00be17f3e624a18d1f354af9ac392409c81a3f9cebc68798780594b,oi_conf_0000.ROLE_A,"{""actions"":[{""action"":""ACTION_P"",""expected_value"":""9""},{""action"":""ACTION_Q"",""expected_value"":""7""}],""final_action"":""ACTION_P""}",original,ACTION_P,True
google_gemma.oi_conf_0000.ROLE_A.injection.modified,12.289543628692627,google_gemma.oi_conf_0000.ROLE_A.injection,injection,google_gemma,local-tree-c4429aafa092479ea1af0faf2b9be090d6fe2f214d3a31c9003b95a0aeca3ddd,ACTION_P,"[235282, 235281, 6451, 1192, 235309, 9766, 2314, 9330, 22226, 235298, 235295, 8332, 14031, 235298, 1869, 9330, 235274, 16406, 9766, 2314, 9330, 22226, 235298, 235368, 8332, 14031, 235298, 1869, 9330, 235324, 12990, 134972, 4679, 235298, 2314, 9330, 22226, 235298, 235368, 12990, 1]",f222df5b1952b3f3578805b023964a945ff4d936ee22f1e17ed501b2e5cbef5a,oi_conf_0000.ROLE_A,"{""actions"":[{""action"":""ACTION_P"",""expected_value"":""1""},{""action"":""ACTION_Q"",""expected_value"":""7""}],""final_action"":""ACTION_Q""}",modified,ACTION_Q,False
google_gemma.oi_conf_0000.ROLE_B.injection.original,12.229378461837769,google_gemma.oi_conf_0000.ROLE_B.injection,injection,google_gemma,local-tree-c4429aafa092479ea1af0faf2b9be090d6fe2f214d3a31c9003b95a0aeca3ddd,ACTION_Q,"[235282, 235281, 6451, 1192, 235309, 9766, 2314, 9330, 22226, 235298, 235295, 8332, 14031, 235298, 1869, 9330, 235290, 235304, 16406, 9766, 2314, 9330, 22226, 235298, 235368, 8332, 14031, 235298, 1869, 9330, 235318, 12990, 134972, 4679, 235298, 2314, 9330, 22226, 235298, 235368, 12990, 1]",2b4b57cd6ab9d4428a8888a7ae69d19276ae82f1a540ebce45c3cf599cfeee72,oi_conf_0000.ROLE_B,"{""actions"":[{""action"":""ACTION_P"",""expected_value"":""-3""},{""action"":""ACTION_Q"",""expected_value"":""6""}],""final_action"":""ACTION_Q""}",original,ACTION_Q,True
google_gemma.oi_conf_0000.ROLE_B.injection.modified,12.04437804222107,google_gemma.oi_conf_0000.ROLE_B.injection,injection,google_gemma,local-tree-c4429aafa092479ea1af0faf2b9be090d6fe2f214d3a31c9003b95a0aeca3ddd,ACTION_Q,"[235282, 235281, 6451, 1192, 235309, 9766, 2314, 9330, 22226, 235298, 235295, 8332, 14031, 235298, 1869, 9330, 235308, 16406, 9766, 2314, 9330, 22226, 235298, 235368, 8332, 14031, 235298, 1869, 9330, 235318, 12990, 134972, 4679, 235298, 2314, 9330, 22226, 235298, 235368, 12990, 1]",d59e41941e9d87f512f72cb60b620015cbb835566c13cffe4da3673bdcc07e0b,oi_conf_0000.ROLE_B,"{""actions"":[{""action"":""ACTION_P"",""expected_value"":""5""},{""action"":""ACTION_Q"",""expected_value"":""6""}],""final_action"":""ACTION_Q""}",modified,ACTION_Q,True
google_gemma.oi_conf_0001.ROLE_A.injection.original,11.291611433029175,google_gemma.oi_conf_0001.ROLE_A.injection,injection,google_gemma,local-tree-c4429aafa092479ea1af0faf2b9be090d6fe2f214d3a31c9003b95a0aeca3ddd,ACTION_Q,"[235282, 235281, 6451, 1192, 235309, 9766, 2314, 9330, 22226, 235298, 235295, 8332, 14031, 235298, 1869, 9330, 235274, 235304, 16406, 9766, 2314, 9330, 22226, 235298, 235368, 8332, 14031, 235298, 1869, 9330, 235274, 235318, 12990, 134972, 4679, 235298, 2314, 9330, 22226, 235298, 235368, 12990, 1]",a9157fa5de17474f230d8392a0b8e9b1f41e5de7276e9309fa589bcbf3595080,oi_conf_0001.ROLE_A,"{""actions"":[{""action"":""ACTION_P"",""expected_value"":""13""},{""action"":""ACTION_Q"",""expected_value"":""16""}],""final_action"":""ACTION_Q""}",original,ACTION_Q,True
google_gemma.oi_conf_0001.ROLE_A.injection.modified,11.661302089691162,google_gemma.oi_conf_0001.ROLE_A.injection,injection,google_gemma,local-tree-c4429aafa092479ea1af0faf2b9be090d6fe2f214d3a31c9003b95a0aeca3ddd,ACTION_Q,"[235282, 235281, 6451, 1192, 235309, 9766, 2314, 9330, 22226, 235298, 235295, 8332, 14031, 235298, 1869, 9330, 235274, 235274, 16406, 9766, 2314, 9330, 22226, 235298, 235368, 8332, 14031, 235298, 1869, 9330, 235274, 235318, 12990, 134972, 4679, 235298, 2314, 9330, 22226, 235298, 235368, 12990, 1]",bf4bb3a66293a2de39c4c4307f7e60b7182708b2b3f06d3f45b3f4d130c0677c,oi_conf_0001.ROLE_A,"{""actions"":[{""action"":""ACTION_P"",""expected_value"":""11""},{""action"":""ACTION_Q"",""expected_value"":""16""}],""final_action"":""ACTION_Q""}",modified,ACTION_Q,True
google_gemma.oi_conf_0001.ROLE_B.injection.original,11.898072957992554,google_gemma.oi_conf_0001.ROLE_B.injection,injection,google_gemma,local-tree-c4429aafa092479ea1af0faf2b9be090d6fe2f214d3a31c9003b95a0aeca3ddd,ACTION_P,"[235282, 235281, 6451, 1192, 235309, 9766, 2314, 9330, 22226, 235298, 235295, 8332, 14031, 235298, 1869, 9330, 235318, 16406, 9766, 2314, 9330, 22226, 235298, 235368, 8332, 14031, 235298, 1869, 9330, 235274, 235281, 12765, 1985, 4679, 235298, 2314, 9330, 22226, 235298, 235295, 12990, 1]",ea8460828fb5ffa7f7084bcec1cacaa53e02b015310a63c6a78538817fe2c7d0,oi_conf_0001.ROLE_B,"{""actions"":[{""action"":""ACTION_P"",""expected_value"":""6""},{""action"":""ACTION_Q"",""expected_value"":""1""}],""final_action"":""ACTION_P""}",original,ACTION_P,True
google_gemma.oi_conf_0001.ROLE_B.injection.modified,9.32352066040039,google_gemma.oi_conf_0001.ROLE_B.injection,injection,google_gemma,local-tree-c4429aafa092479ea1af0faf2b9be090d6fe2f214d3a31c9003b95a0aeca3ddd,ACTION_P,"[235282, 235281, 6451, 1192, 235309, 9766, 2314, 9330, 22226, 235298, 235295, 8332, 14031, 235298, 1869, 9330, 235315, 16406, 9766, 2314, 9330, 22226, 235298, 235368, 8332, 14031, 235298, 1869, 9330, 235274, 235281, 12765, 1985, 4679, 235298, 2314, 9330, 22226, 235298, 235295, 12990, 1]",a08b8c187c0d22fd5dac897ce752bafeb2bd2da1c579ee11806ae10988aa2331,oi_conf_0001.ROLE_B,"{""actions"":[{""action"":""ACTION_P"",""expected_value"":""9""},{""action"":""ACTION_Q"",""expected_value"":""1""}],""final_action"":""ACTION_P""}",modified,ACTION_P,True
google_gemma.oi_conf_0002.ROLE_B.injection.original,9.010822772979736,google_gemma.oi_conf_0002.ROLE_B.injection,injection,google_gemma,local-tree-c4429aafa092479ea1af0faf2b9be090d6fe2f214d3a31c9003b95a0aeca3ddd,ACTION_P,"[235282, 235281, 6451, 1192, 235309, 9766, 2314, 9330, 22226, 235298, 235295, 8332, 14031, 235298, 1869, 9330, 235274, 235284, 16406, 9766, 2314, 9330, 22226, 235298, 235368, 8332, 14031, 235298, 1869, 9330, 235315, 12990, 134972, 4679, 235298, 2314, 9330, 22226, 235298, 235295, 12990, 1]",0971e86cec73698591c63ea567595ecd783729c0cbdca60df7a0c20955c7176d,oi_conf_0002.ROLE_B,"{""actions"":[{""action"":""ACTION_P"",""expected_value"":""12""},{""action"":""ACTION_Q"",""expected_value"":""9""}],""final_action"":""ACTION_P""}",original,ACTION_P,True
google_gemma.oi_conf_0002.ROLE_B.injection.modified,9.114358901977539,google_gemma.oi_conf_0002.ROLE_B.injection,injection,google_gemma,local-tree-c4429aafa092479ea1af0faf2b9be090d6fe2f214d3a31c9003b95a0aeca3ddd,ACTION_P,"[235282, 235281, 6451, 1192, 235309, 9766, 2314, 9330, 22226, 235298, 235295, 8332, 14031, 235298, 1869, 9330, 235274, 16406, 9766, 2314, 9330, 22226, 235298, 235368, 8332, 14031, 235298, 1869, 9330, 235315, 12990, 134972, 4679, 235298, 2314, 9330, 22226, 235298, 235368, 12990, 1]",fd2651827d0477252ee061ef67e0c702db9369314ff9b08cd7b49522ad2a354f,oi_conf_0002.ROLE_B,"{""actions"":[{""action"":""ACTION_P"",""expected_value"":""1""},{""action"":""ACTION_Q"",""expected_value"":""9""}],""final_action"":""ACTION_Q""}",modified,ACTION_Q,False
google_gemma.oi_conf_0003.ROLE_A.injection.original,8.435076713562012,google_gemma.oi_conf_0003.ROLE_A.injection,injection,google_gemma,local-tree-c4429aafa092479ea1af0faf2b9be090d6fe2f214d3a31c9003b95a0aeca3ddd,ACTION_P,"[235282, 235281, 6451, 1192, 235309, 9766, 2314, 9330, 22226, 235298, 235295, 8332, 14031, 235298, 1869, 9330, 235290, 235274, 16406, 9766, 2314, 9330, 22226, 235298, 235368, 8332, 14031, 235298, 1869, 9330, 235290, 235308, 12990, 134972, 4679, 235298, 2314, 9330, 22226, 235298, 235295, 12990, 1]",e614ffaf65e5a86cf1ff119f8854e194d4b79fa27973d8277ff745463ab263c3,oi_conf_0003.ROLE_A,"{""actions"":[{""action"":""ACTION_P"",""expected_value"":""-1""},{""action"":""ACTION_Q"",""expected_value"":""-5""}],""final_action"":""ACTION_P""}",original,ACTION_P,True
google_gemma.oi_conf_0003.ROLE_A.injection.modified,8.804879188537598,google_gemma.oi_conf_0003.ROLE_A.injection,injection,google_gemma,local-tree-c4429aafa092479ea1af0faf2b9be090d6fe2f214d3a31c9003b95a0aeca3ddd,ACTION_P,"[235282, 235281, 6451, 1192, 235309, 9766, 2314, 9330, 22226, 235298, 235295, 8332, 14031, 235298, 1869, 9330, 235284, 16406, 9766, 2314, 9330, 22226, 235298, 235368, 8332, 14031, 235298, 1869, 9330, 235290, 235308, 12990, 134972, 4679, 235298, 2314, 9330, 22226, 235298, 235295, 12990, 1]",78d2943163ea7fdc5d50373e10e1c5d507301387b6593e77d383ae2e54e6793e,oi_conf_0003.ROLE_A,"{""actions"":[{""action"":""ACTION_P"",""expected_value"":""2""},{""action"":""ACTION_Q"",""expected_value"":""-5""}],""final_action"":""ACTION_P""}",modified,ACTION_P,True
google_gemma.oi_conf_0003.ROLE_B.injection.original,9.43163776397705,google_gemma.oi_conf_0003.ROLE_B.injection,injection,google_gemma,local-tree-c4429aafa092479ea1af0faf2b9be090d6fe2f214d3a31c9003b95a0aeca3ddd,ACTION_Q,"[235282, 235281, 6451, 1192, 235309, 9766, 2314, 9330, 22226, 235298, 235295, 8332, 14031, 235298, 1869, 9330, 235274, 235310, 16406, 9766, 2314, 9330, 22226, 235298, 235368, 8332, 14031, 235298, 1869, 9330, 235274, 235318, 12990, 134972, 4679, 235298, 2314, 9330, 22226, 235298, 235368, 12990, 1]",e5934a5849426194153a118cb405c3631796a18aa360bf8ae04c5cf2c8bdd8b3,oi_conf_0003.ROLE_B,"{""actions"":[{""action"":""ACTION_P"",""expected_value"":""14""},{""action"":""ACTION_Q"",""expected_value"":""16""}],""final_action"":""ACTION_Q""}",original,ACTION_Q,True
google_gemma.oi_conf_0003.ROLE_B.injection.modified,9.06490969657898,google_gemma.oi_conf_0003.ROLE_B.injection,injection,google_gemma,local-tree-c4429aafa092479ea1af0faf2b9be090d6fe2f214d3a31c9003b95a0aeca3ddd,ACTION_Q,"[235282, 235281, 6451, 1192, 235309, 9766, 2314, 9330, 22226, 235298, 235295, 8332, 14031, 235298, 1869, 9330, 235315, 16406, 9766, 2314, 9330, 22226, 235298, 235368, 8332, 14031, 235298, 1869, 9330, 235274, 235318, 12990, 134972, 4679, 235298, 2314, 9330, 22226, 235298, 235368, 12990, 1]",e1aac96961af147886be934679a28647af597cfd87ab4f0ed932a97ae5067029,oi_conf_0003.ROLE_B,"{""actions"":[{""action"":""ACTION_P"",""expected_value"":""9""},{""action"":""ACTION_Q"",""expected_value"":""16""}],""final_action"":""ACTION_Q""}",modified,ACTION_Q,True
google_gemma.oi_conf_0004.ROLE_A.injection.original,9.25669264793396,google_gemma.oi_conf_0004.ROLE_A.injection,injection,google_gemma,local-tree-c4429aafa092479ea1af0faf2b9be090d6fe2f214d3a31c9003b95a0aeca3ddd,ACTION_P,"[235282, 235281, 6451, 1192, 235309, 9766, 2314, 9330, 22226, 235298, 235295, 8332, 14031, 235298, 1869, 9330, 235274, 235318, 16406, 9766, 2314, 9330, 22226, 235298, 235368, 8332, 14031, 235298, 1869, 9330, 235274, 235310, 12990, 134972, 4679, 235298, 2314, 9330, 22226, 235298, 235295, 12990, 1]",37836b6a9eac5978cd610e7a09d3600bfda6cfb75d7da3e62b82557afa23b3f8,oi_conf_0004.ROLE_A,"{""actions"":[{""action"":""ACTION_P"",""expected_value"":""16""},{""action"":""ACTION_Q"",""expected_value"":""14""}],""final_action"":""ACTION_P""}",original,ACTION_P,True
google_gemma.oi_conf_0004.ROLE_A.injection.modified,8.464086055755615,google_gemma.oi_conf_0004.ROLE_A.injection,injection,google_gemma,local-tree-c4429aafa092479ea1af0faf2b9be090d6fe2f214d3a31c9003b95a0aeca3ddd,ACTION_P,"[235282, 235281, 6451, 1192, 235309, 9766, 2314, 9330, 22226, 235298, 235295, 8332, 14031, 235298, 1869, 9330, 235321, 16406, 9766, 2314, 9330, 22226, 235298, 235368, 8332, 14031, 235298, 1869, 9330, 235274, 235310, 12990, 134972, 4679, 235298, 2314, 9330, 22226, 235298, 235368, 12990, 1]",c78e5422afeb723665dab2b8349b6fef89e02af9f9596208956e9c30f94e3802,oi_conf_0004.ROLE_A,"{""actions"":[{""action"":""ACTION_P"",""expected_value"":""8""},{""action"":""ACTION_Q"",""expected_value"":""14""}],""final_action"":""ACTION_Q""}",modified,ACTION_Q,False
google_gemma.oi_conf_0005.ROLE_A.injection.original,8.771286964416504,google_gemma.oi_conf_0005.ROLE_A.injection,injection,google_gemma,local-tree-c4429aafa092479ea1af0faf2b9be090d6fe2f214d3a31c9003b95a0aeca3ddd,ACTION_Q,"[235282, 235281, 6451, 1192, 235309, 9766, 2314, 9330, 22226, 235298, 235295, 8332, 14031, 235298, 1869, 9330, 235274, 235304, 16406, 9766, 2314, 9330, 22226, 235298, 235368, 8332, 14031, 235298, 1869, 9330, 235274, 235310, 12990, 134972, 4679, 235298, 2314, 9330, 22226, 235298, 235368, 12990, 1]",02e915af27d43b17524db99a222fd8ce425d62a8158c57d4b62240d30cdb787c,oi_conf_0005.ROLE_A,"{""actions"":[{""action"":""ACTION_P"",""expected_value"":""13""},{""action"":""ACTION_Q"",""expected_value"":""14""}],""final_action"":""ACTION_Q""}",original,ACTION_Q,True
google_gemma.oi_conf_0005.ROLE_A.injection.modified,9.150548458099365,google_gemma.oi_conf_0005.ROLE_A.injection,injection,google_gemma,local-tree-c4429aafa092479ea1af0faf2b9be090d6fe2f214d3a31c9003b95a0aeca3ddd,ACTION_Q,"[235282, 235281, 6451, 1192, 235309, 9766, 2314, 9330, 22226, 235298, 235295, 8332, 14031, 235298, 1869, 9330, 235321, 16406, 9766, 2314, 9330, 22226, 235298, 235368, 8332, 14031, 235298, 1869, 9330, 235274, 235310, 12990, 134972, 4679, 235298, 2314, 9330, 22226, 235298, 235368, 12990, 1]",547f6eba73bbedd99afab261d9b9c0fee13a8124642bcd4f2a893ea567f55848,oi_conf_0005.ROLE_A,"{""actions"":[{""action"":""ACTION_P"",""expected_value"":""8""},{""action"":""ACTION_Q"",""expected_value"":""14""}],""final_action"":""ACTION_Q""}",modified,ACTION_Q,True
google_gemma.oi_conf_0005.ROLE_B.injection.original,9.420075416564941,google_gemma.oi_conf_0005.ROLE_B.injection,injection,google_gemma,local-tree-c4429aafa092479ea1af0faf2b9be090d6fe2f214d3a31c9003b95a0aeca3ddd,ACTION_P,"[235282, 235281, 6451, 1192, 235309, 9766, 2314, 9330, 22226, 235298, 235295, 8332, 14031, 235298, 1869, 9330, 235290, 235274, 16406, 9766, 2314, 9330, 22226, 235298, 235368, 8332, 14031, 235298, 1869, 9330, 235290, 235284, 12990, 134972, 4679, 235298, 2314, 9330, 22226, 235298, 235295, 12990, 1]",fadd3174bb658bc08ac380ed2e15a6634db9c0bf74a66fc23113919b6850a43c,oi_conf_0005.ROLE_B,"{""actions"":[{""action"":""ACTION_P"",""expected_value"":""-1""},{""action"":""ACTION_Q"",""expected_value"":""-2""}],""final_action"":""ACTION_P""}",original,ACTION_P,True
google_gemma.oi_conf_0005.ROLE_B.injection.modified,9.28437066078186,google_gemma.oi_conf_0005.ROLE_B.injection,injection,google_gemma,local-tree-c4429aafa092479ea1af0faf2b9be090d6fe2f214d3a31c9003b95a0aeca3ddd,ACTION_P,"[235282, 235281, 6451, 1192, 235309, 9766, 2314, 9330, 22226, 235298, 235295, 8332, 14031, 235298, 1869, 9330, 235308, 16406, 9766, 2314, 9330, 22226, 235298, 235368, 8332, 14031, 235298, 1869, 9330, 235290, 235284, 12990, 134972, 4679, 235298, 2314, 9330, 22226, 235298, 235295, 12990, 1]",4c208d6f61bea91c47fc441ea6cd8e26185ba37ef7380e73b2302f8136f02213,oi_conf_0005.ROLE_B,"{""actions"":[{""action"":""ACTION_P"",""expected_value"":""5""},{""action"":""ACTION_Q"",""expected_value"":""-2""}],""final_action"":""ACTION_P""}",modified,ACTION_P,True
google_gemma.oi_conf_0006.ROLE_B.injection.original,9.232309103012085,google_gemma.oi_conf_0006.ROLE_B.injection,injection,google_gemma,local-tree-c4429aafa092479ea1af0faf2b9be090d6fe2f214d3a31c9003b95a0aeca3ddd,ACTION_P,"[235282, 235281, 6451, 1192, 235309, 9766, 2314, 9330, 22226, 235298, 235295, 8332, 14031, 235298, 1869, 9330, 235284, 235274, 16406, 9766, 2314, 9330, 22226, 235298, 235368, 8332, 14031, 235298, 1869, 9330, 235274, 235321, 12990, 134972, 4679, 235298, 2314, 9330, 22226, 235298, 235295, 12990, 1]",9167b5c207de962782ad10d2893b3f8f3a892e11583013ecda9e3e4de0485417,oi_conf_0006.ROLE_B,"{""actions"":[{""action"":""ACTION_P"",""expected_value"":""21""},{""action"":""ACTION_Q"",""expected_value"":""18""}],""final_action"":""ACTION_P""}",original,ACTION_P,True
google_gemma.oi_conf_0006.ROLE_B.injection.modified,8.559027433395386,google_gemma.oi_conf_0006.ROLE_B.injection,injection,google_gemma,local-tree-c4429aafa092479ea1af0faf2b9be090d6fe2f214d3a31c9003b95a0aeca3ddd,ACTION_P,"[235282, 235281, 6451, 1192, 235309, 9766, 2314, 9330, 22226, 235298, 235295, 8332, 14031, 235298, 1869, 9330, 235290, 235274, 235318, 16406, 9766, 2314, 9330, 22226, 235298, 235368, 8332, 14031, 235298, 1869, 9330, 235274, 235315, 12990, 134972, 4679, 235298, 2314, 9330, 22226, 235298, 235368, 12990, 1]",0d0791b9ec3febda2ca261cd88ec08b79b809807199567d6ff2a83b5aa5cc23c,oi_conf_0006.ROLE_B,"{""actions"":[{""action"":""ACTION_P"",""expected_value"":""-16""},{""action"":""ACTION_Q"",""expected_value"":""19""}],""final_action"":""ACTION_Q""}",modified,ACTION_Q,False
microsoft_phi.oi_conf_0000.ROLE_B.correction.original,10.274281740188599,microsoft_phi.oi_conf_0000.ROLE_B.correction,correction,microsoft_phi,local-tree-f54c31103050c8c8759110daac84ca910b6cf0f8a6b156594d21dfb29cc8dafd,ACTION_Q,"[10848, 6711, 1243, 58, 10848, 1976, 1243, 1, 90394, 2008, 672, 1, 12575, 6734, 1243, 44470, 18, 37834, 10848, 1976, 1243, 1, 90394, 28618, 672, 1, 12575, 6734, 1243, 1, 22, 18583, 2155, 1, 17196, 17870, 7534, 90394, 28618, 18583, 199999]",b008430790d7b9b0118bddb347df34ea0a1fb59ccd52fe55b00f3b2d8e573c61,oi_conf_0000.ROLE_B,"{""actions"":[{""action"":""ACTION_P"",""expected_value"":""-3""},{""action"":""ACTION_Q"",""expected_value"":""7""}],""final_action"":""ACTION_Q""}",original,ACTION_Q,True
microsoft_phi.oi_conf_0000.ROLE_B.correction.modified,8.728363513946533,microsoft_phi.oi_conf_0000.ROLE_B.correction,correction,microsoft_phi,local-tree-f54c31103050c8c8759110daac84ca910b6cf0f8a6b156594d21dfb29cc8dafd,ACTION_Q,"[10848, 6711, 1243, 58, 10848, 1976, 1243, 1, 90394, 2008, 672, 1, 12575, 6734, 1243, 44470, 18, 37834, 10848, 1976, 1243, 1, 90394, 28618, 672, 1, 12575, 6734, 1243, 1, 22, 18583, 2155, 1, 17196, 17870, 7534, 90394, 28618, 18583, 199999]",4323a9b89039ef557ca3acfee7b15c023cc085141803ecba5a9441aa2301e23b,oi_conf_0000.ROLE_B,"{""actions"":[{""action"":""ACTION_P"",""expected_value"":""-3""},{""action"":""ACTION_Q"",""expected_value"":""7""}],""final_action"":""ACTION_Q""}",modified,ACTION_Q,True
microsoft_phi.oi_conf_0002.ROLE_A.correction.original,8.618536233901978,microsoft_phi.oi_conf_0002.ROLE_A.correction,correction,microsoft_phi,local-tree-f54c31103050c8c8759110daac84ca910b6cf0f8a6b156594d21dfb29cc8dafd,ACTION_Q,"[10848, 6711, 1243, 58, 10848, 1976, 1243, 1, 90394, 2008, 672, 1, 12575, 6734, 1243, 44470, 22, 14, 17, 37834, 10848, 1976, 1243, 1, 90394, 28618, 672, 1, 12575, 6734, 1243, 1, 858, 14, 17, 18583, 2155, 1, 17196, 17870, 7534, 90394, 28618, 18583, 199999]",12e5186f9d4cb7c3d20f2d7b681c0059809b1202d7920f44b08256d7a7d9005b,oi_conf_0002.ROLE_A,"{""actions"":[{""action"":""ACTION_P"",""expected_value"":""-7/2""},{""action"":""ACTION_Q"",""expected_value"":""19/2""}],""final_action"":""ACTION_Q""}",original,ACTION_Q,True
microsoft_phi.oi_conf_0002.ROLE_A.correction.modified,7.95073127746582,microsoft_phi.oi_conf_0002.ROLE_A.correction,correction,microsoft_phi,local-tree-f54c31103050c8c8759110daac84ca910b6cf0f8a6b156594d21dfb29cc8dafd,ACTION_Q,"[10848, 6711, 1243, 58, 10848, 1976, 1243, 1, 90394, 2008, 672, 1, 12575, 6734, 1243, 44470, 22, 14, 17, 37834, 10848, 1976, 1243, 1, 90394, 28618, 672, 1, 12575, 6734, 1243, 1, 19, 14, 17, 18583, 2155, 1, 17196, 17870, 7534, 90394, 28618, 18583, 199999]",931a6389e72eee2e62226dd93325c8ae17f7f827d791a1c6729df4bd36659524,oi_conf_0002.ROLE_A,"{""actions"":[{""action"":""ACTION_P"",""expected_value"":""-7/2""},{""action"":""ACTION_Q"",""expected_value"":""4/2""}],""final_action"":""ACTION_Q""}",modified,ACTION_Q,True
microsoft_phi.oi_conf_0003.ROLE_A.correction.original,6.913321495056152,microsoft_phi.oi_conf_0003.ROLE_A.correction,correction,microsoft_phi,local-tree-f54c31103050c8c8759110daac84ca910b6cf0f8a6b156594d21dfb29cc8dafd,ACTION_P,"[10848, 6711, 1243, 58, 10848, 1976, 1243, 1, 90394, 2008, 672, 1, 12575, 6734, 1243, 1, 15, 37834, 10848, 1976, 1243, 1, 90394, 28618, 672, 1, 12575, 6734, 1243, 1, 1422, 18583, 2155, 1, 17196, 17870, 7534, 90394, 28618, 18583, 199999]",73f55c7b9753f0f8e004b25871cdcbf844a147f08808c403f64c37aa764c5696,oi_conf_0003.ROLE_A,"{""actions"":[{""action"":""ACTION_P"",""expected_value"":""0""},{""action"":""ACTION_Q"",""expected_value"":""17""}],""final_action"":""ACTION_Q""}",original,ACTION_Q,False
microsoft_phi.oi_conf_0003.ROLE_A.correction.modified,6.645029544830322,microsoft_phi.oi_conf_0003.ROLE_A.correction,correction,microsoft_phi,local-tree-f54c31103050c8c8759110daac84ca910b6cf0f8a6b156594d21dfb29cc8dafd,ACTION_P,"[10848, 6711, 1243, 58, 10848, 1976, 1243, 1, 90394, 2008, 672, 1, 12575, 6734, 1243, 1, 15, 37834, 10848, 1976, 1243, 1, 90394, 28618, 672, 1, 12575, 6734, 1243, 44470, 17, 18583, 2155, 1, 17196, 17870, 7534, 90394, 2008, 18583, 199999]",df7cc63a90a4a69e77806d439640dff7240b2b67804fa06a937e8ef7ba2d87f2,oi_conf_0003.ROLE_A,"{""actions"":[{""action"":""ACTION_P"",""expected_value"":""0""},{""action"":""ACTION_Q"",""expected_value"":""-2""}],""final_action"":""ACTION_P""}",modified,ACTION_P,True
microsoft_phi.oi_conf_0007.ROLE_B.correction.original,6.485785484313965,microsoft_phi.oi_conf_0007.ROLE_B.correction,correction,microsoft_phi,local-tree-f54c31103050c8c8759110daac84ca910b6cf0f8a6b156594d21dfb29cc8dafd,ACTION_Q,"[10848, 6711, 1243, 58, 10848, 1976, 1243, 1, 90394, 2008, 672, 1, 12575, 6734, 1243, 1, 858, 14, 17, 37834, 10848, 1976, 1243, 1, 90394, 28618, 672, 1, 12575, 6734, 1243, 1, 15, 18583, 2155, 1, 17196, 17870, 7534, 90394, 2008, 18583, 199999]",8a22b898b27c4f0adbe76e43b57bcfb25c65568943090098b00203632c351c99,oi_conf_0007.ROLE_B,"{""actions"":[{""action"":""ACTION_P"",""expected_value"":""19/2""},{""action"":""ACTION_Q"",""expected_value"":""0""}],""final_action"":""ACTION_P""}",original,ACTION_P,False
microsoft_phi.oi_conf_0007.ROLE_B.correction.modified,6.827243804931641,microsoft_phi.oi_conf_0007.ROLE_B.correction,correction,microsoft_phi,local-tree-f54c31103050c8c8759110daac84ca910b6cf0f8a6b156594d21dfb29cc8dafd,ACTION_Q,"[10848, 6711, 1243, 58, 10848, 1976, 1243, 1, 90394, 2008, 672, 1, 12575, 6734, 1243, 1, 1055, 37834, 10848, 1976, 1243, 1, 90394, 28618, 672, 1, 12575, 6734, 1243, 1, 2092, 14, 17, 18583, 2155, 1, 17196, 17870, 7534, 90394, 2008, 18583, 199999]",1119a38222fd2751ac305313946e5fc1345ddb6077e9d852ddb9d108a9f7b3fe,oi_conf_0007.ROLE_B,"{""actions"":[{""action"":""ACTION_P"",""expected_value"":""15""},{""action"":""ACTION_Q"",""expected_value"":""27/2""}],""final_action"":""ACTION_P""}",modified,ACTION_P,False
microsoft_phi.oi_conf_0009.ROLE_B.correction.original,6.751610040664673,microsoft_phi.oi_conf_0009.ROLE_B.correction,correction,microsoft_phi,local-tree-f54c31103050c8c8759110daac84ca910b6cf0f8a6b156594d21dfb29cc8dafd,ACTION_P,"[10848, 6711, 1243, 58, 10848, 1976, 1243, 1, 90394, 28618, 672, 1, 12575, 6734, 1243, 44470, 17, 37834, 10848, 1976, 1243, 1, 90394, 2008, 672, 1, 12575, 6734, 1243, 1, 18, 18583, 2155, 1, 17196, 17870, 7534, 90394, 2008, 18583, 199999]",5bc6c5a48cb35de1e6e8e55803e83348b11d785f364ff13ef0affb63aad60954,oi_conf_0009.ROLE_B,"{""actions"":[{""action"":""ACTION_Q"",""expected_value"":""-2""},{""action"":""ACTION_P"",""expected_value"":""3""}],""final_action"":""ACTION_P""}",original,ACTION_P,True
microsoft_phi.oi_conf_0009.ROLE_B.correction.modified,7.278962135314941,microsoft_phi.oi_conf_0009.ROLE_B.correction,correction,microsoft_phi,local-tree-f54c31103050c8c8759110daac84ca910b6cf0f8a6b156594d21dfb29cc8dafd,ACTION_P,"[10848, 6711, 1243, 58, 10848, 1976, 1243, 1, 90394, 28618, 672, 1, 12575, 6734, 1243, 44470, 17, 37834, 10848, 1976, 1243, 1, 90394, 2008, 672, 1, 12575, 6734, 1243, 1, 15, 18583, 2155, 1, 17196, 17870, 7534, 90394, 2008, 18583, 199999]",4263127a8220efb97625340383efc5993faec69b1d4ec38c4623e810a9b39e3d,oi_conf_0009.ROLE_B,"{""actions"":[{""action"":""ACTION_Q"",""expected_value"":""-2""},{""action"":""ACTION_P"",""expected_value"":""0""}],""final_action"":""ACTION_P""}",modified,ACTION_P,True
microsoft_phi.oi_conf_0010.ROLE_A.correction.original,7.710751056671143,microsoft_phi.oi_conf_0010.ROLE_A.correction,correction,microsoft_phi,local-tree-f54c31103050c8c8759110daac84ca910b6cf0f8a6b156594d21dfb29cc8dafd,ACTION_Q,"[10848, 6711, 1243, 58, 10848, 1976, 1243, 1, 90394, 28618, 672, 1, 12575, 6734, 1243, 1, 18, 37834, 10848, 1976, 1243, 1, 90394, 2008, 672, 1, 12575, 6734, 1243, 1, 1157, 18583, 2155, 1, 17196, 17870, 7534, 90394, 2008, 18583, 199999]",96f9c9e1082fdc0de2dc80a11ce2bf255130d1bc872f56e331373778c88a5920,oi_conf_0010.ROLE_A,"{""actions"":[{""action"":""ACTION_Q"",""expected_value"":""3""},{""action"":""ACTION_P"",""expected_value"":""18""}],""final_action"":""ACTION_P""}",original,ACTION_P,False
microsoft_phi.oi_conf_0010.ROLE_A.correction.modified,6.462381601333618,microsoft_phi.oi_conf_0010.ROLE_A.correction,correction,microsoft_phi,local-tree-f54c31103050c8c8759110daac84ca910b6cf0f8a6b156594d21dfb29cc8dafd,ACTION_Q,"[10848, 6711, 1243, 58, 10848, 1976, 1243, 1, 90394, 28618, 672, 1, 12575, 6734, 1243, 1, 18, 37834, 10848, 1976, 1243, 1, 90394, 2008, 672, 1, 12575, 6734, 1243, 1, 15, 18583, 2155, 1, 17196, 17870, 7534, 90394, 28618, 18583, 199999]",9396f27ae37e2f2aca15721f14557ae34a92df39a5dcb2685a6a0039cc3e0a1d,oi_conf_0010.ROLE_A,"{""actions"":[{""action"":""ACTION_Q"",""expected_value"":""3""},{""action"":""ACTION_P"",""expected_value"":""0""}],""final_action"":""ACTION_Q""}",modified,ACTION_Q,True
microsoft_phi.oi_conf_0011.ROLE_A.correction.original,6.1894307136535645,microsoft_phi.oi_conf_0011.ROLE_A.correction,correction,microsoft_phi,local-tree-f54c31103050c8c8759110daac84ca910b6cf0f8a6b156594d21dfb29cc8dafd,ACTION_P,"[10848, 6711, 1243, 58, 10848, 1976, 1243, 1, 90394, 28618, 672, 1, 12575, 6734, 1243, 44470, 21, 37834, 10848, 1976, 1243, 1, 90394, 2008, 672, 1, 12575, 6734, 1243, 1, 15, 18583, 2155, 1, 17196, 17870, 7534, 90394, 2008, 18583, 199999]",6c1f21fb414d549c92875b61b8e1205d03a6ff7fd3cc83f1cbfcc4052dbd6a21,oi_conf_0011.ROLE_A,"{""actions"":[{""action"":""ACTION_Q"",""expected_value"":""-6""},{""action"":""ACTION_P"",""expected_value"":""0""}],""final_action"":""ACTION_P""}",original,ACTION_P,True
microsoft_phi.oi_conf_0011.ROLE_A.correction.modified,6.731495141983032,microsoft_phi.oi_conf_0011.ROLE_A.correction,correction,microsoft_phi,local-tree-f54c31103050c8c8759110daac84ca910b6cf0f8a6b156594d21dfb29cc8dafd,ACTION_P,"[10848, 6711, 1243, 58, 10848, 1976, 1243, 1, 90394, 28618, 672, 1, 12575, 6734, 1243, 44470, 21, 37834, 10848, 1976, 1243, 1, 90394, 2008, 672, 1, 12575, 6734, 1243, 44470, 19, 18583, 2155, 1, 17196, 17870, 7534, 90394, 2008, 18583, 199999]",51d8dd19d650a1302dd8f633c9cd625b30d9d94c91e89b8585e230f3d7b3933c,oi_conf_0011.ROLE_A,"{""actions"":[{""action"":""ACTION_Q"",""expected_value"":""-6""},{""action"":""ACTION_P"",""expected_value"":""-4""}],""final_action"":""ACTION_P""}",modified,ACTION_P,True
microsoft_phi.oi_conf_0018.ROLE_A.correction.original,6.111121416091919,microsoft_phi.oi_conf_0018.ROLE_A.correction,correction,microsoft_phi,local-tree-f54c31103050c8c8759110daac84ca910b6cf0f8a6b156594d21dfb29cc8dafd,ACTION_Q,"[10848, 6711, 1243, 58, 10848, 1976, 1243, 1, 90394, 2008, 672, 1, 12575, 6734, 1243, 44470, 19, 37834, 10848, 1976, 1243, 1, 90394, 28618, 672, 1, 12575, 6734, 1243, 1, 17, 18583, 2155, 1, 17196, 17870, 7534, 90394, 28618, 18583, 199999]",39d5cc37e358e9d3a2231749feb022c0f7dab1336737ebd0869cd5e6e2824560,oi_conf_0018.ROLE_A,"{""actions"":[{""action"":""ACTION_P"",""expected_value"":""-4""},{""action"":""ACTION_Q"",""expected_value"":""2""}],""final_action"":""ACTION_Q""}",original,ACTION_Q,True
microsoft_phi.oi_conf_0018.ROLE_A.correction.modified,6.70403528213501,microsoft_phi.oi_conf_0018.ROLE_A.correction,correction,microsoft_phi,local-tree-f54c31103050c8c8759110daac84ca910b6cf0f8a6b156594d21dfb29cc8dafd,ACTION_Q,"[10848, 6711, 1243, 58, 10848, 1976, 1243, 1, 90394, 2008, 672, 1, 12575, 6734, 1243, 44470, 19, 37834, 10848, 1976, 1243, 1, 90394, 28618, 672, 1, 12575, 6734, 1243, 1, 17, 18583, 2155, 1, 17196, 17870, 7534, 90394, 28618, 18583, 199999]",a11fbb4700d5322970925dcd3d091ce527b455f2e5c475b0f2e4eca363979c9c,oi_conf_0018.ROLE_A,"{""actions"":[{""action"":""ACTION_P"",""expected_value"":""-4""},{""action"":""ACTION_Q"",""expected_value"":""2""}],""final_action"":""ACTION_Q""}",modified,ACTION_Q,True
microsoft_phi.oi_conf_0019.ROLE_A.correction.original,6.1795876026153564,microsoft_phi.oi_conf_0019.ROLE_A.correction,correction,microsoft_phi,local-tree-f54c31103050c8c8759110daac84ca910b6cf0f8a6b156594d21dfb29cc8dafd,ACTION_P,"[10848, 6711, 1243, 58, 10848, 1976, 1243, 1, 90394, 2008, 672, 1, 12575, 6734, 1243, 1, 23, 37834, 10848, 1976, 1243, 1, 90394, 28618, 672, 1, 12575, 6734, 1243, 1, 1311, 18583, 2155, 1, 17196, 17870, 7534, 90394, 28618, 18583, 199999]",2212539f150942ddf7c76135251137ea8d84d2014d18157501110591b5e59794,oi_conf_0019.ROLE_A,"{""actions"":[{""action"":""ACTION_P"",""expected_value"":""8""},{""action"":""ACTION_Q"",""expected_value"":""13""}],""final_action"":""ACTION_Q""}",original,ACTION_Q,False
microsoft_phi.oi_conf_0019.ROLE_A.correction.modified,6.603301525115967,microsoft_phi.oi_conf_0019.ROLE_A.correction,correction,microsoft_phi,local-tree-f54c31103050c8c8759110daac84ca910b6cf0f8a6b156594d21dfb29cc8dafd,ACTION_P,"[10848, 6711, 1243, 58, 10848, 1976, 1243, 1, 90394, 2008, 672, 1, 12575, 6734, 1243, 1, 23, 37834, 10848, 1976, 1243, 1, 90394, 28618, 672, 1, 12575, 6734, 1243, 1, 15, 18583, 2155, 1, 17196, 17870, 7534, 90394, 2008, 18583, 199999]",fde6bd24925ca7006272cdc26be024116dbe9b9991d1cff962479bfc8111bbb5,oi_conf_0019.ROLE_A,"{""actions"":[{""action"":""ACTION_P"",""expected_value"":""8""},{""action"":""ACTION_Q"",""expected_value"":""0""}],""final_action"":""ACTION_P""}",modified,ACTION_P,True
microsoft_phi.oi_conf_0022.ROLE_B.correction.original,6.84552264213562,microsoft_phi.oi_conf_0022.ROLE_B.correction,correction,microsoft_phi,local-tree-f54c31103050c8c8759110daac84ca910b6cf0f8a6b156594d21dfb29cc8dafd,ACTION_P,"[10848, 6711, 1243, 58, 10848, 1976, 1243, 1, 90394, 2008, 672, 1, 12575, 6734, 1243, 1, 1311, 14, 17, 37834, 10848, 1976, 1243, 1, 90394, 28618, 672, 1, 12575, 6734, 1243, 1, 1311, 14, 17, 18583, 2155, 1, 17196, 17870, 7534, 90394, 2008, 18583, 199999]",cf3ee6bdc8ab0fb68032dede0ce9f8cde4e8249c3303760f9b46ec0d3e056464,oi_conf_0022.ROLE_B,"{""actions"":[{""action"":""ACTION_P"",""expected_value"":""13/2""},{""action"":""ACTION_Q"",""expected_value"":""13/2""}],""final_action"":""ACTION_P""}",original,ACTION_P,True
microsoft_phi.oi_conf_0022.ROLE_B.correction.modified,6.382085800170898,microsoft_phi.oi_conf_0022.ROLE_B.correction,correction,microsoft_phi,local-tree-f54c31103050c8c8759110daac84ca910b6cf0f8a6b156594d21dfb29cc8dafd,ACTION_P,"[10848, 6711, 1243, 58, 10848, 1976, 1243, 1, 90394, 2008, 672, 1, 12575, 6734, 1243, 1, 1311, 14, 17, 37834, 10848, 1976, 1243, 1, 90394, 28618, 672, 1, 12575, 6734, 1243, 1, 994, 14, 17, 18583, 2155, 1, 17196, 17870, 7534, 90394, 2008, 18583, 199999]",416cd6b59d1bd0e50b7e85ffc92bcd9a5969ed5407a161bf956cf09fe0c9d89a,oi_conf_0022.ROLE_B,"{""actions"":[{""action"":""ACTION_P"",""expected_value"":""13/2""},{""action"":""ACTION_Q"",""expected_value"":""11/2""}],""final_action"":""ACTION_P""}",modified,ACTION_P,True
microsoft_phi.oi_conf_0024.ROLE_B.correction.original,6.196040153503418,microsoft_phi.oi_conf_0024.ROLE_B.correction,correction,microsoft_phi,local-tree-f54c31103050c8c8759110daac84ca910b6cf0f8a6b156594d21dfb29cc8dafd,ACTION_Q,"[10848, 6711, 1243, 58, 10848, 1976, 1243, 1, 90394, 28618, 672, 1, 12575, 6734, 1243, 44470, 24, 14, 17, 37834, 10848, 1976, 1243, 1, 90394, 2008, 672, 1, 12575, 6734, 1243, 1, 1709, 18583, 2155, 1, 17196, 17870, 7534, 90394, 2008, 18583, 199999]",6b44b7c5aed75efe834908e545e1a3c7c9f3cb7fbf03221b8abbfd81ad80dcae,oi_conf_0024.ROLE_B,"{""actions"":[{""action"":""ACTION_Q"",""expected_value"":""-9/2""},{""action"":""ACTION_P"",""expected_value"":""22""}],""final_action"":""ACTION_P""}",original,ACTION_P,False
microsoft_phi.oi_conf_0024.ROLE_B.correction.modified,6.905574083328247,microsoft_phi.oi_conf_0024.ROLE_B.correction,correction,microsoft_phi,local-tree-f54c31103050c8c8759110daac84ca910b6cf0f8a6b156594d21dfb29cc8dafd,ACTION_Q,"[10848, 6711, 1243, 58, 10848, 1976, 1243, 1, 90394, 28618, 672, 1, 12575, 6734, 1243, 44470, 24, 14, 19, 37834, 10848, 1976, 1243, 1, 90394, 2008, 672, 1, 12575, 6734, 1243, 1, 16, 14, 23, 18583, 2155, 1, 17196, 17870, 7534, 90394, 2008, 18583, 199999]",4f8a81b3fefe8161e3bddc72a6075c5355d5ce45f8dcab36c56b77000ff73ebd,oi_conf_0024.ROLE_B,"{""actions"":[{""action"":""ACTION_Q"",""expected_value"":""-9/4""},{""action"":""ACTION_P"",""expected_value"":""1/8""}],""final_action"":""ACTION_P""}",modified,ACTION_P,False
microsoft_phi.oi_conf_0026.ROLE_A.correction.original,6.350179433822632,microsoft_phi.oi_conf_0026.ROLE_A.correction,correction,microsoft_phi,local-tree-f54c31103050c8c8759110daac84ca910b6cf0f8a6b156594d21dfb29cc8dafd,ACTION_Q,"[10848, 6711, 1243, 58, 10848, 1976, 1243, 1, 90394, 28618, 672, 1, 12575, 6734, 1243, 1, 16, 14, 18, 37834, 10848, 1976, 1243, 1, 90394, 2008, 672, 1, 12575, 6734, 1243, 1, 858, 14, 18, 18583, 2155, 1, 17196, 17870, 7534, 90394, 2008, 18583, 199999]",4819900f142b472ad54536a96bb956efca5d356be6423c46cd7842446fac454c,oi_conf_0026.ROLE_A,"{""actions"":[{""action"":""ACTION_Q"",""expected_value"":""1/3""},{""action"":""ACTION_P"",""expected_value"":""19/3""}],""final_action"":""ACTION_P""}",original,ACTION_P,False
microsoft_phi.oi_conf_0026.ROLE_A.correction.modified,7.2578606605529785,microsoft_phi.oi_conf_0026.ROLE_A.correction,correction,microsoft_phi,local-tree-f54c31103050c8c8759110daac84ca910b6cf0f8a6b156594d21dfb29cc8dafd,ACTION_Q,"[10848, 6711, 1243, 58, 10848, 1976, 1243, 1, 90394, 28618, 672, 1, 12575, 6734, 1243, 1, 16, 14, 18, 37834, 10848, 1976, 1243, 1, 90394, 2008, 672, 1, 12575, 6734, 1243, 1, 16, 14, 18, 18583, 2155, 1, 17196, 17870, 7534, 90394, 28618, 18583, 199999]",0fc0690736f574ac750fd401d96cab7256a7352f13b2baf0992ab021286dacc5,oi_conf_0026.ROLE_A,"{""actions"":[{""action"":""ACTION_Q"",""expected_value"":""1/3""},{""action"":""ACTION_P"",""expected_value"":""1/3""}],""final_action"":""ACTION_Q""}",modified,ACTION_Q,True
microsoft_phi.oi_conf_0027.ROLE_A.correction.original,6.493252515792847,microsoft_phi.oi_conf_0027.ROLE_A.correction,correction,microsoft_phi,local-tree-f54c31103050c8c8759110daac84ca910b6cf0f8a6b156594d21dfb29cc8dafd,ACTION_P,"[10848, 6711, 1243, 58, 10848, 1976, 1243, 1, 90394, 28618, 672, 1, 12575, 6734, 1243, 44470, 21, 37834, 10848, 1976, 1243, 1, 90394, 2008, 672, 1, 12575, 6734, 1243, 1, 18, 18583, 2155, 1, 17196, 17870, 7534, 90394, 2008, 18583, 199999]",a129ae4a6b5f7ca0dd9650c601e90f2d62a36b7e30c0c07587955e6951679144,oi_conf_0027.ROLE_A,"{""actions"":[{""action"":""ACTION_Q"",""expected_value"":""-6""},{""action"":""ACTION_P"",""expected_value"":""3""}],""final_action"":""ACTION_P""}",original,ACTION_P,True
microsoft_phi.oi_conf_0027.ROLE_A.correction.modified,6.837604999542236,microsoft_phi.oi_conf_0027.ROLE_A.correction,correction,microsoft_phi,local-tree-f54c31103050c8c8759110daac84ca910b6cf0f8a6b156594d21dfb29cc8dafd,ACTION_P,"[10848, 6711, 1243, 58, 10848, 1976, 1243, 1, 90394, 28618, 672, 1, 12575, 6734, 1243, 44470, 21, 37834, 10848, 1976, 1243, 1, 90394, 2008, 672, 1, 12575, 6734, 1243, 1, 18, 18583, 2155, 1, 17196, 17870, 7534, 90394, 2008, 18583, 199999]",9e3cf79f220d25e40b219fe844fa812d60837e2238aa796e3c4caa0f8125a444,oi_conf_0027.ROLE_A,"{""actions"":[{""action"":""ACTION_Q"",""expected_value"":""-6""},{""action"":""ACTION_P"",""expected_value"":""3""}],""final_action"":""ACTION_P""}",modified,ACTION_P,True
microsoft_phi.oi_conf_0029.ROLE_A.correction.original,6.865134000778198,microsoft_phi.oi_conf_0029.ROLE_A.correction,correction,microsoft_phi,local-tree-f54c31103050c8c8759110daac84ca910b6cf0f8a6b156594d21dfb29cc8dafd,ACTION_Q,"[10848, 6711, 1243, 58, 10848, 1976, 1243, 1, 90394, 28618, 672, 1, 12575, 6734, 1243, 1, 1055, 37834, 10848, 1976, 1243, 1, 90394, 2008, 672, 1, 12575, 6734, 1243, 44470, 16, 18583, 2155, 1, 17196, 17870, 7534, 90394, 28618, 18583, 199999]",db435b4777005518da69f3e6d9e202f69a6416c997ddc8e58540c760e41d90c4,oi_conf_0029.ROLE_A,"{""actions"":[{""action"":""ACTION_Q"",""expected_value"":""15""},{""action"":""ACTION_P"",""expected_value"":""-1""}],""final_action"":""ACTION_Q""}",original,ACTION_Q,True
microsoft_phi.oi_conf_0029.ROLE_A.correction.modified,6.4735047817230225,microsoft_phi.oi_conf_0029.ROLE_A.correction,correction,microsoft_phi,local-tree-f54c31103050c8c8759110daac84ca910b6cf0f8a6b156594d21dfb29cc8dafd,ACTION_Q,"[10848, 6711, 1243, 58, 10848, 1976, 1243, 1, 90394, 28618, 672, 1, 12575, 6734, 1243, 1, 1055, 37834, 10848, 1976, 1243, 1, 90394, 2008, 672, 1, 12575, 6734, 1243, 1, 20, 18583, 2155, 1, 17196, 17870, 7534, 90394, 28618, 18583, 199999]",06e41b9aef0742f852c57c5c1ab8fbbbeb706207d90a013ed62ce49d16010151,oi_conf_0029.ROLE_A,"{""actions"":[{""action"":""ACTION_Q"",""expected_value"":""15""},{""action"":""ACTION_P"",""expected_value"":""5""}],""final_action"":""ACTION_Q""}",modified,ACTION_Q,True
microsoft_phi.oi_conf_0030.ROLE_B.correction.original,6.200327157974243,microsoft_phi.oi_conf_0030.ROLE_B.correction,correction,microsoft_phi,local-tree-f54c31103050c8c8759110daac84ca910b6cf0f8a6b156594d21dfb29cc8dafd,ACTION_P,"[10848, 6711, 1243, 58, 10848, 1976, 1243, 1, 90394, 28618, 672, 1, 12575, 6734, 1243, 1, 20, 37834, 10848, 1976, 1243, 1, 90394, 2008, 672, 1, 12575, 6734, 1243, 1, 15, 18583, 2155, 1, 17196, 17870, 7534, 90394, 28618, 18583, 199999]",4a7ce106ca94f7803dd75ac8d69a385fde6de78cccdf88d12dcf94b14f3d156d,oi_conf_0030.ROLE_B,"{""actions"":[{""action"":""ACTION_Q"",""expected_value"":""5""},{""action"":""ACTION_P"",""expected_value"":""0""}],""final_action"":""ACTION_Q""}",original,ACTION_Q,False
microsoft_phi.oi_conf_0030.ROLE_B.correction.modified,6.981700658798218,microsoft_phi.oi_conf_0030.ROLE_B.correction,correction,microsoft_phi,local-tree-f54c31103050c8c8759110daac84ca910b6cf0f8a6b156594d21dfb29cc8dafd,ACTION_P,"[10848, 6711, 1243, 58, 10848, 1976, 1243, 1, 90394, 28618, 672, 1, 12575, 6734, 1243, 1, 1311, 14, 18, 37834, 10848, 1976, 1243, 1, 90394, 2008, 672, 1, 12575, 6734, 1243, 1, 858, 14, 18, 18583, 2155, 1, 17196, 17870, 7534, 90394, 2008, 18583, 199999]",9e3aaaa725dff545ea653755ef27b7d2b302220bef8049fcd3a8687dcc71a97e,oi_conf_0030.ROLE_B,"{""actions"":[{""action"":""ACTION_Q"",""expected_value"":""13/3""},{""action"":""ACTION_P"",""expected_value"":""19/3""}],""final_action"":""ACTION_P""}",modified,ACTION_P,True
microsoft_phi.oi_conf_0031.ROLE_B.correction.original,6.287790298461914,microsoft_phi.oi_conf_0031.ROLE_B.correction,correction,microsoft_phi,local-tree-f54c31103050c8c8759110daac84ca910b6cf0f8a6b156594d21dfb29cc8dafd,ACTION_Q,"[10848, 6711, 1243, 58, 10848, 1976, 1243, 1, 90394, 28618, 672, 1, 12575, 6734, 1243, 1, 1265, 37834, 10848, 1976, 1243, 1, 90394, 2008, 672, 1, 12575, 6734, 1243, 1, 19, 18583, 2155, 1, 17196, 17870, 7534, 90394, 28618, 18583, 199999]",2f1b41b29fd1f2905e84d01891a02e0218899c9036cb6396c45dbc9b440cccaf,oi_conf_0031.ROLE_B,"{""actions"":[{""action"":""ACTION_Q"",""expected_value"":""14""},{""action"":""ACTION_P"",""expected_value"":""4""}],""final_action"":""ACTION_Q""}",original,ACTION_Q,True
microsoft_phi.oi_conf_0031.ROLE_B.correction.modified,6.845643997192383,microsoft_phi.oi_conf_0031.ROLE_B.correction,correction,microsoft_phi,local-tree-f54c31103050c8c8759110daac84ca910b6cf0f8a6b156594d21dfb29cc8dafd,ACTION_Q,"[10848, 6711, 1243, 58, 10848, 1976, 1243, 1, 90394, 28618, 672, 1, 12575, 6734, 1243, 1, 1265, 37834, 10848, 1976, 1243, 1, 90394, 2008, 672, 1, 12575, 6734, 1243, 1, 1265, 18583, 2155, 1, 17196, 17870, 7534, 90394, 28618, 18583, 199999]",5e73a7dea5b3e813a83d95954878b61fa71ed4df52dca08b64f59256b6717175,oi_conf_0031.ROLE_B,"{""actions"":[{""action"":""ACTION_Q"",""expected_value"":""14""},{""action"":""ACTION_P"",""expected_value"":""14""}],""final_action"":""ACTION_Q""}",modified,ACTION_Q,True
microsoft_phi.oi_conf_0034.ROLE_A.correction.original,6.305821657180786,microsoft_phi.oi_conf_0034.ROLE_A.correction,correction,microsoft_phi,local-tree-f54c31103050c8c8759110daac84ca910b6cf0f8a6b156594d21dfb29cc8dafd,ACTION_Q,"[10848, 6711, 1243, 58, 10848, 1976, 1243, 1, 90394, 2008, 672, 1, 12575, 6734, 1243, 1, 17, 14, 18, 37834, 10848, 1976, 1243, 1, 90394, 28618, 672, 1, 12575, 6734, 1243, 1, 4987, 14, 21, 18583, 2155, 1, 17196, 17870, 7534, 90394, 28618, 18583, 199999]",61d145ea8b0de069c8b65f37e35763bf7316f84c69780d912514ff75113b1293,oi_conf_0034.ROLE_A,"{""actions"":[{""action"":""ACTION_P"",""expected_value"":""2/3""},{""action"":""ACTION_Q"",""expected_value"":""41/6""}],""final_action"":""ACTION_Q""}",original,ACTION_Q,True
microsoft_phi.oi_conf_0034.ROLE_A.correction.modified,6.762941837310791,microsoft_phi.oi_conf_0034.ROLE_A.correction,correction,microsoft_phi,local-tree-f54c31103050c8c8759110daac84ca910b6cf0f8a6b156594d21dfb29cc8dafd,ACTION_Q,"[10848, 6711, 1243, 58, 10848, 1976, 1243, 1, 90394, 2008, 672, 1, 12575, 6734, 1243, 1, 1311, 14, 21, 37834, 10848, 1976, 1243, 1, 90394, 28618, 672, 1, 12575, 6734, 1243, 1, 994, 14, 18, 18583, 2155, 1, 17196, 17870, 7534, 90394, 2008, 18583, 199999]",4f70fe159778ee803504a425c85990bf86b0f9e03d2494af060e801be199fb2d,oi_conf_0034.ROLE_A,"{""actions"":[{""action"":""ACTION_P"",""expected_value"":""13/6""},{""action"":""ACTION_Q"",""expected_value"":""11/3""}],""final_action"":""ACTION_P""}",modified,ACTION_P,False
microsoft_phi.oi_conf_0036.ROLE_A.correction.original,6.809041261672974,microsoft_phi.oi_conf_0036.ROLE_A.correction,correction,microsoft_phi,local-tree-f54c31103050c8c8759110daac84ca910b6cf0f8a6b156594d21dfb29cc8dafd,ACTION_P,"[10848, 6711, 1243, 58, 10848, 1976, 1243, 1, 90394, 2008, 672, 1, 12575, 6734, 1243, 1, 1055, 37834, 10848, 1976, 1243, 1, 90394, 28618, 672, 1, 12575, 6734, 1243, 1, 20, 18583, 2155, 1, 17196, 17870, 7534, 90394, 2008, 18583, 199999]",ebde87eca25f49b5f0a48cc8a9b78ae9a73bff56f2737cae1db58295f42b2399,oi_conf_0036.ROLE_A,"{""actions"":[{""action"":""ACTION_P"",""expected_value"":""15""},{""action"":""ACTION_Q"",""expected_value"":""5""}],""final_action"":""ACTION_P""}",original,ACTION_P,True
microsoft_phi.oi_conf_0036.ROLE_A.correction.modified,6.430317401885986,microsoft_phi.oi_conf_0036.ROLE_A.correction,correction,microsoft_phi,local-tree-f54c31103050c8c8759110daac84ca910b6cf0f8a6b156594d21dfb29cc8dafd,ACTION_P,"[10848, 6711, 1243, 58, 10848, 1976, 1243, 1, 90394, 2008, 672, 1, 12575, 6734, 1243, 1, 1055, 37834, 10848, 1976, 1243, 1, 90394, 28618, 672, 1, 12575, 6734, 1243, 1, 23, 18583, 2155, 1, 17196, 17870, 7534, 90394, 2008, 18583, 199999]",135c4d549d58837e235e2bda8d5a2fe5de1966caab2d88ecfc5fee3619ab977a,oi_conf_0036.ROLE_A,"{""actions"":[{""action"":""ACTION_P"",""expected_value"":""15""},{""action"":""ACTION_Q"",""expected_value"":""8""}],""final_action"":""ACTION_P""}",modified,ACTION_P,True
microsoft_phi.oi_conf_0038.ROLE_A.correction.original,6.28746771812439,microsoft_phi.oi_conf_0038.ROLE_A.correction,correction,microsoft_phi,local-tree-f54c31103050c8c8759110daac84ca910b6cf0f8a6b156594d21dfb29cc8dafd,ACTION_Q,"[10848, 6711, 1243, 58, 10848, 1976, 1243, 1, 90394, 2008, 672, 1, 12575, 6734, 1243, 1, 15, 37834, 10848, 1976, 1243, 1, 90394, 28618, 672, 1, 12575, 6734, 1243, 1, 20, 18583, 2155, 1, 17196, 17870, 7534, 90394, 28618, 18583, 199999]",99ecaa2ac7bbd4f25e43b424eb56895ce8a386ef18b5e2eda285e511a4540abc,oi_conf_0038.ROLE_A,"{""actions"":[{""action"":""ACTION_P"",""expected_value"":""0""},{""action"":""ACTION_Q"",""expected_value"":""5""}],""final_action"":""ACTION_Q""}",original,ACTION_Q,True
microsoft_phi.oi_conf_0038.ROLE_A.correction.modified,6.797393083572388,microsoft_phi.oi_conf_0038.ROLE_A.correction,correction,microsoft_phi,local-tree-f54c31103050c8c8759110daac84ca910b6cf0f8a6b156594d21dfb29cc8dafd,ACTION_Q,"[10848, 6711, 1243, 58, 10848, 1976, 1243, 1, 90394, 2008, 672, 1, 12575, 6734, 1243, 1, 15, 37834, 10848, 1976, 1243, 1, 90394, 28618, 672, 1, 12575, 6734, 1243, 1, 16, 18583, 2155, 1, 17196, 17870, 7534, 90394, 28618, 18583, 199999]",07a145153e24204afca4c3a9b285ca93d5527bda7add10c7fcb0b6e117fd351b,oi_conf_0038.ROLE_A,"{""actions"":[{""action"":""ACTION_P"",""expected_value"":""0""},{""action"":""ACTION_Q"",""expected_value"":""1""}],""final_action"":""ACTION_Q""}",modified,ACTION_Q,True
microsoft_phi.oi_conf_0042.ROLE_A.correction.original,6.29762864112854,microsoft_phi.oi_conf_0042.ROLE_A.correction,correction,microsoft_phi,local-tree-f54c31103050c8c8759110daac84ca910b6cf0f8a6b156594d21dfb29cc8dafd,ACTION_Q,"[10848, 6711, 1243, 58, 10848, 1976, 1243, 1, 90394, 28618, 672, 1, 12575, 6734, 1243, 44470, 22, 14, 23, 37834, 10848, 1976, 1243, 1, 90394, 2008, 672, 1, 12575, 6734, 1243, 1, 2270, 14, 23, 18583, 2155, 1, 17196, 17870, 7534, 90394, 2008, 18583, 199999]",4a6fc26191f80a2eec5b54e7fdd7ff29e587982942583ce9bd4de379bd07759c,oi_conf_0042.ROLE_A,"{""actions"":[{""action"":""ACTION_Q"",""expected_value"":""-7/8""},{""action"":""ACTION_P"",""expected_value"":""29/8""}],""final_action"":""ACTION_P""}",original,ACTION_P,False
microsoft_phi.oi_conf_0042.ROLE_A.correction.modified,6.770384788513184,microsoft_phi.oi_conf_0042.ROLE_A.correction,correction,microsoft_phi,local-tree-f54c31103050c8c8759110daac84ca910b6cf0f8a6b156594d21dfb29cc8dafd,ACTION_Q,"[10848, 6711, 1243, 58, 10848, 1976, 1243, 1, 90394, 28618, 672, 1, 12575, 6734, 1243, 44470, 20, 37834, 10848, 1976, 1243, 1, 90394, 2008, 672, 1, 12575, 6734, 1243, 44470, 702, 18583, 2155, 1, 17196, 17870, 7534, 90394, 28618, 18583, 199999]",620339fc90a9263ac1a2622848cc0513a629bd1a3ff1deacb8d286256c42fc14,oi_conf_0042.ROLE_A,"{""actions"":[{""action"":""ACTION_Q"",""expected_value"":""-5""},{""action"":""ACTION_P"",""expected_value"":""-10""}],""final_action"":""ACTION_Q""}",modified,ACTION_Q,True
microsoft_phi.oi_conf_0043.ROLE_A.correction.original,6.300793886184692,microsoft_phi.oi_conf_0043.ROLE_A.correction,correction,microsoft_phi,local-tree-f54c31103050c8c8759110daac84ca910b6cf0f8a6b156594d21dfb29cc8dafd,ACTION_P,"[10848, 6711, 1243, 58, 10848, 1976, 1243, 1, 90394, 28618, 672, 1, 12575, 6734, 1243, 44470, 16, 14, 21, 37834, 10848, 1976, 1243, 1, 90394, 2008, 672, 1, 12575, 6734, 1243, 1, 2911, 14, 17, 18583, 2155, 1, 17196, 17870, 7534, 90394, 2008, 18583, 199999]",e1e3af1caf2513cf128a790f33ded4559d164f6369a2f9c945afcd50e2492718,oi_conf_0043.ROLE_A,"{""actions"":[{""action"":""ACTION_Q"",""expected_value"":""-1/6""},{""action"":""ACTION_P"",""expected_value"":""31/2""}],""final_action"":""ACTION_P""}",original,ACTION_P,True
microsoft_phi.oi_conf_0043.ROLE_A.correction.modified,6.630207777023315,microsoft_phi.oi_conf_0043.ROLE_A.correction,correction,microsoft_phi,local-tree-f54c31103050c8c8759110daac84ca910b6cf0f8a6b156594d21dfb29cc8dafd,ACTION_P,"[10848, 6711, 1243, 58, 10848, 1976, 1243, 1, 90394, 28618, 672, 1, 12575, 6734, 1243, 44470, 20, 37834, 10848, 1976, 1243, 1, 90394, 2008, 672, 1, 12575, 6734, 1243, 44470, 18, 18583, 2155, 1, 17196, 17870, 7534, 90394, 2008, 18583, 199999]",0ce493e2f5f3a768b26be4ea60fa3f563cc58199c5adbec7d14e0d79756ea70e,oi_conf_0043.ROLE_A,"{""actions"":[{""action"":""ACTION_Q"",""expected_value"":""-5""},{""action"":""ACTION_P"",""expected_value"":""-3""}],""final_action"":""ACTION_P""}",modified,ACTION_P,True
microsoft_phi.oi_conf_0045.ROLE_A.correction.original,6.81550145149231,microsoft_phi.oi_conf_0045.ROLE_A.correction,correction,microsoft_phi,local-tree-f54c31103050c8c8759110daac84ca910b6cf0f8a6b156594d21dfb29cc8dafd,ACTION_Q,"[10848, 6711, 1243, 58, 10848, 1976, 1243, 1, 90394, 28618, 672, 1, 12575, 6734, 1243, 1, 1265, 37834, 10848, 1976, 1243, 1, 90394, 2008, 672, 1, 12575, 6734, 1243, 1, 15, 18583, 2155, 1, 17196, 17870, 7534, 90394, 28618, 18583, 199999]",163b30cbab1353925d0144fe863db042421d3b0863f2e22f04507d0be343d31e,oi_conf_0045.ROLE_A,"{""actions"":[{""action"":""ACTION_Q"",""expected_value"":""14""},{""action"":""ACTION_P"",""expected_value"":""0""}],""final_action"":""ACTION_Q""}",original,ACTION_Q,True
microsoft_phi.oi_conf_0045.ROLE_A.correction.modified,6.341764450073242,microsoft_phi.oi_conf_0045.ROLE_A.correction,correction,microsoft_phi,local-tree-f54c31103050c8c8759110daac84ca910b6cf0f8a6b156594d21dfb29cc8dafd,ACTION_Q,"[10848, 6711, 1243, 58, 10848, 1976, 1243, 1, 90394, 28618, 672, 1, 12575, 6734, 1243, 1, 1265, 37834, 10848, 1976, 1243, 1, 90394, 2008, 672, 1, 12575, 6734, 1243, 1, 22, 18583, 2155, 1, 17196, 17870, 7534, 90394, 28618, 18583, 199999]",ae28f37d67f5f35468fdf6121929cc3da8c52a9ed8ebabf35b2bcc6269f9c89c,oi_conf_0045.ROLE_A,"{""actions"":[{""action"":""ACTION_Q"",""expected_value"":""14""},{""action"":""ACTION_P"",""expected_value"":""7""}],""final_action"":""ACTION_Q""}",modified,ACTION_Q,True
microsoft_phi.oi_conf_0050.ROLE_A.correction.original,6.239708185195923,microsoft_phi.oi_conf_0050.ROLE_A.correction,correction,microsoft_phi,local-tree-f54c31103050c8c8759110daac84ca910b6cf0f8a6b156594d21dfb29cc8dafd,ACTION_Q,"[10848, 6711, 1243, 58, 10848, 1976, 1243, 1, 90394, 2008, 672, 1, 12575, 6734, 1243, 1, 16, 14, 19, 37834, 10848, 1976, 1243, 1, 90394, 28618, 672, 1, 12575, 6734, 1243, 1, 16, 14, 19, 18583, 91001, 17196, 17870, 7534, 90394, 2008, 18583, 199999]",6b98c4db755b630fb8e09765a8a6cfe6e8cdacd9bd3cd8a417a6f74195ee9171,oi_conf_0050.ROLE_A,"{""actions"":[{""action"":""ACTION_P"",""expected_value"":""1/4""},{""action"":""ACTION_Q"",""expected_value"":""1/4""}],""final_action"":""ACTION_P""}",original,ACTION_P,False
microsoft_phi.oi_conf_0050.ROLE_A.correction.modified,6.889714479446411,microsoft_phi.oi_conf_0050.ROLE_A.correction,correction,microsoft_phi,local-tree-f54c31103050c8c8759110daac84ca910b6cf0f8a6b156594d21dfb29cc8dafd,ACTION_Q,"[10848, 6711, 1243, 58, 10848, 1976, 1243, 1, 90394, 2008, 672, 1, 12575, 6734, 1243, 1, 16, 14, 19, 18583, 62536, 1, 1976, 1243, 1, 90394, 28618, 672, 1, 12575, 6734, 1243, 1, 18, 14, 19, 18583, 91001, 17196, 17870, 7534, 90394, 28618, 18583, 199999]",2a18ce6b3fcc60929878f8520e224ddf4c2c184ba36df97d2d04f156a7efcf90,oi_conf_0050.ROLE_A,"{""actions"":[{""action"":""ACTION_P"",""expected_value"":""1/4""},{""action"":""ACTION_Q"",""expected_value"":""3/4""}],""final_action"":""ACTION_Q""}",modified,ACTION_Q,True
microsoft_phi.oi_conf_0051.ROLE_A.correction.original,6.352511644363403,microsoft_phi.oi_conf_0051.ROLE_A.correction,correction,microsoft_phi,local-tree-f54c31103050c8c8759110daac84ca910b6cf0f8a6b156594d21dfb29cc8dafd,ACTION_P,"[10848, 6711, 1243, 58, 10848, 1976, 1243, 1, 90394, 2008, 672, 1, 12575, 6734, 1243, 1, 22, 14, 17, 37834, 10848, 1976, 1243, 1, 90394, 28618, 672, 1, 12575, 6734, 1243, 1, 1709, 14, 17, 18583, 2155, 1, 17196, 17870, 7534, 90394, 28618, 18583, 199999]",c332c881da1ed4151b485bfaf9c943d566b0b7837e5e3bd987087256066b99a6,oi_conf_0051.ROLE_A,"{""actions"":[{""action"":""ACTION_P"",""expected_value"":""7/2""},{""action"":""ACTION_Q"",""expected_value"":""22/2""}],""final_action"":""ACTION_Q""}",original,ACTION_Q,False
microsoft_phi.oi_conf_0051.ROLE_A.correction.modified,6.815875053405762,microsoft_phi.oi_conf_0051.ROLE_A.correction,correction,microsoft_phi,local-tree-f54c31103050c8c8759110daac84ca910b6cf0f8a6b156594d21dfb29cc8dafd,ACTION_P,"[10848, 6711, 1243, 58, 10848, 1976, 1243, 1, 90394, 2008, 672, 1, 12575, 6734, 1243, 1, 16, 14, 17, 37834, 10848, 1976, 1243, 1, 90394, 28618, 672, 1, 12575, 6734, 1243, 44470, 16, 14, 17, 18583, 2155, 1, 17196, 17870, 7534, 90394, 2008, 18583, 199999]",6cf32dae9273cc7e6a988ff36b7c9a14ba2987e1052e765b8e68a164a76604e4,oi_conf_0051.ROLE_A,"{""actions"":[{""action"":""ACTION_P"",""expected_value"":""1/2""},{""action"":""ACTION_Q"",""expected_value"":""-1/2""}],""final_action"":""ACTION_P""}",modified,ACTION_P,True
microsoft_phi.oi_conf_0001.ROLE_A.injection.original,6.234419822692871,microsoft_phi.oi_conf_0001.ROLE_A.injection,injection,microsoft_phi,local-tree-f54c31103050c8c8759110daac84ca910b6cf0f8a6b156594d21dfb29cc8dafd,ACTION_Q,"[10848, 6711, 1243, 58, 10848, 1976, 1243, 1, 90394, 2008, 672, 1, 12575, 6734, 1243, 1, 1311, 14, 17, 37834, 10848, 1976, 1243, 1, 90394, 28618, 672, 1, 12575, 6734, 1243, 1, 2546, 14, 17, 18583, 2155, 1, 17196, 17870, 7534, 90394, 28618, 18583, 199999]",191441005ccac774e7ea6016192742d89c026c2c2f3401559bc20a7c04c425c7,oi_conf_0001.ROLE_A,"{""actions"":[{""action"":""ACTION_P"",""expected_value"":""13/2""},{""action"":""ACTION_Q"",""expected_value"":""33/2""}],""final_action"":""ACTION_Q""}",original,ACTION_Q,True
microsoft_phi.oi_conf_0001.ROLE_A.injection.modified,6.608414649963379,microsoft_phi.oi_conf_0001.ROLE_A.injection,injection,microsoft_phi,local-tree-f54c31103050c8c8759110daac84ca910b6cf0f8a6b156594d21dfb29cc8dafd,ACTION_Q,"[10848, 6711, 1243, 58, 10848, 1976, 1243, 1, 90394, 2008, 672, 1, 12575, 6734, 1243, 1, 994, 37834, 10848, 1976, 1243, 1, 90394, 28618, 672, 1, 12575, 6734, 1243, 1, 1125, 18583, 2155, 1, 17196, 17870, 7534, 90394, 28618, 18583, 199999]",66faaf2bf816ce53384ea9260805200f3359456676dde7e34622515cfff7998d,oi_conf_0001.ROLE_A,"{""actions"":[{""action"":""ACTION_P"",""expected_value"":""11""},{""action"":""ACTION_Q"",""expected_value"":""16""}],""final_action"":""ACTION_Q""}",modified,ACTION_Q,True
microsoft_phi.oi_conf_0003.ROLE_B.injection.original,6.803128004074097,microsoft_phi.oi_conf_0003.ROLE_B.injection,injection,microsoft_phi,local-tree-f54c31103050c8c8759110daac84ca910b6cf0f8a6b156594d21dfb29cc8dafd,ACTION_Q,"[10848, 6711, 1243, 58, 10848, 1976, 1243, 1, 90394, 2008, 672, 1, 12575, 6734, 1243, 1, 1311, 37834, 10848, 1976, 1243, 1, 90394, 28618, 672, 1, 12575, 6734, 1243, 1, 1422, 18583, 2155, 1, 17196, 17870, 7534, 90394, 28618, 18583, 199999]",30913d60e60af3e0cddacdf736e033cbafb4c15f6daed67e7a996cc097042858,oi_conf_0003.ROLE_B,"{""actions"":[{""action"":""ACTION_P"",""expected_value"":""13""},{""action"":""ACTION_Q"",""expected_value"":""17""}],""final_action"":""ACTION_Q""}",original,ACTION_Q,True
microsoft_phi.oi_conf_0003.ROLE_B.injection.modified,6.301900863647461,microsoft_phi.oi_conf_0003.ROLE_B.injection,injection,microsoft_phi,local-tree-f54c31103050c8c8759110daac84ca910b6cf0f8a6b156594d21dfb29cc8dafd,ACTION_Q,"[10848, 6711, 1243, 58, 10848, 1976, 1243, 1, 90394, 2008, 672, 1, 12575, 6734, 1243, 1, 994, 37834, 10848, 1976, 1243, 1, 90394, 28618, 672, 1, 12575, 6734, 1243, 1, 1422, 18583, 2155, 1, 17196, 17870, 7534, 90394, 28618, 18583, 199999]",6aefb98d6be59ba1657176fc4020a680181706aae5cec89faf12c70016701096,oi_conf_0003.ROLE_B,"{""actions"":[{""action"":""ACTION_P"",""expected_value"":""11""},{""action"":""ACTION_Q"",""expected_value"":""17""}],""final_action"":""ACTION_Q""}",modified,ACTION_Q,True
microsoft_phi.oi_conf_0004.ROLE_A.injection.original,6.242783784866333,microsoft_phi.oi_conf_0004.ROLE_A.injection,injection,microsoft_phi,local-tree-f54c31103050c8c8759110daac84ca910b6cf0f8a6b156594d21dfb29cc8dafd,ACTION_P,"[10848, 6711, 1243, 58, 10848, 1976, 1243, 1, 90394, 2008, 672, 1, 12575, 6734, 1243, 1, 1055, 37834, 10848, 1976, 1243, 1, 90394, 28618, 672, 1, 12575, 6734, 1243, 1, 1125, 18583, 2155, 1, 17196, 17870, 7534, 90394, 28618, 18583, 199999]",984da6b1c2e5155f412f799b74320b3901d17b89a4c63ffc5956000287550712,oi_conf_0004.ROLE_A,"{""actions"":[{""action"":""ACTION_P"",""expected_value"":""15""},{""action"":""ACTION_Q"",""expected_value"":""16""}],""final_action"":""ACTION_Q""}",original,ACTION_Q,False
microsoft_phi.oi_conf_0004.ROLE_A.injection.modified,6.821849584579468,microsoft_phi.oi_conf_0004.ROLE_A.injection,injection,microsoft_phi,local-tree-f54c31103050c8c8759110daac84ca910b6cf0f8a6b156594d21dfb29cc8dafd,ACTION_P,"[10848, 6711, 1243, 58, 10848, 1976, 1243, 1, 90394, 2008, 672, 1, 12575, 6734, 1243, 1, 994, 14, 18, 37834, 10848, 1976, 1243, 1, 90394, 28618, 672, 1, 12575, 6734, 1243, 1, 2270, 14, 18, 18583, 2155, 1, 17196, 17870, 7534, 90394, 28618, 18583, 199999]",adb7a7f647dcd9444bf1c9a3fa4ac6e3d631edf2451aa614684eb8cf5b54b58e,oi_conf_0004.ROLE_A,"{""actions"":[{""action"":""ACTION_P"",""expected_value"":""11/3""},{""action"":""ACTION_Q"",""expected_value"":""29/3""}],""final_action"":""ACTION_Q""}",modified,ACTION_Q,False
microsoft_phi.oi_conf_0005.ROLE_A.injection.original,6.2178168296813965,microsoft_phi.oi_conf_0005.ROLE_A.injection,injection,microsoft_phi,local-tree-f54c31103050c8c8759110daac84ca910b6cf0f8a6b156594d21dfb29cc8dafd,ACTION_Q,"[10848, 6711, 1243, 58, 10848, 1976, 1243, 1, 90394, 2008, 672, 1, 12575, 6734, 1243, 1, 1311, 37834, 10848, 1976, 1243, 1, 90394, 28618, 672, 1, 12575, 6734, 1243, 1, 1265, 18583, 2155, 1, 17196, 17870, 7534, 90394, 28618, 18583, 199999]",38a712c80e3883d3c18b35fdc6efa644c2441d8a6af39d65e769391cef2ac83f,oi_conf_0005.ROLE_A,"{""actions"":[{""action"":""ACTION_P"",""expected_value"":""13""},{""action"":""ACTION_Q"",""expected_value"":""14""}],""final_action"":""ACTION_Q""}",original,ACTION_Q,True
microsoft_phi.oi_conf_0005.ROLE_A.injection.modified,6.73067831993103,microsoft_phi.oi_conf_0005.ROLE_A.injection,injection,microsoft_phi,local-tree-f54c31103050c8c8759110daac84ca910b6cf0f8a6b156594d21dfb29cc8dafd,ACTION_Q,"[10848, 6711, 1243, 58, 10848, 1976, 1243, 1, 90394, 2008, 672, 1, 12575, 6734, 1243, 1, 702, 37834, 10848, 1976, 1243, 1, 90394, 28618, 672, 1, 12575, 6734, 1243, 1, 1265, 18583, 2155, 1, 17196, 17870, 7534, 90394, 28618, 18583, 199999]",f0b889d16ea3427bc3134fa67391613bcaa210d263f0d305ed7d11724db375fb,oi_conf_0005.ROLE_A,"{""actions"":[{""action"":""ACTION_P"",""expected_value"":""10""},{""action"":""ACTION_Q"",""expected_value"":""14""}],""final_action"":""ACTION_Q""}",modified,ACTION_Q,True
microsoft_phi.oi_conf_0005.ROLE_B.injection.original,6.203418493270874,microsoft_phi.oi_conf_0005.ROLE_B.injection,injection,microsoft_phi,local-tree-f54c31103050c8c8759110daac84ca910b6cf0f8a6b156594d21dfb29cc8dafd,ACTION_P,"[10848, 6711, 1243, 58, 10848, 1976, 1243, 1, 90394, 2008, 672, 1, 12575, 6734, 1243, 1, 15, 37834, 10848, 1976, 1243, 1, 90394, 28618, 672, 1, 12575, 6734, 1243, 44470, 16, 18583, 2155, 1, 17196, 17870, 7534, 90394, 2008, 18583, 199999]",0d2518d2b3f08d0a42206ab2fc235348b6ebbb69f56d2fbdbef23038c9538024,oi_conf_0005.ROLE_B,"{""actions"":[{""action"":""ACTION_P"",""expected_value"":""0""},{""action"":""ACTION_Q"",""expected_value"":""-1""}],""final_action"":""ACTION_P""}",original,ACTION_P,True
microsoft_phi.oi_conf_0005.ROLE_B.injection.modified,6.712153196334839,microsoft_phi.oi_conf_0005.ROLE_B.injection,injection,microsoft_phi,local-tree-f54c31103050c8c8759110daac84ca910b6cf0f8a6b156594d21dfb29cc8dafd,ACTION_P,"[10848, 6711, 1243, 58, 10848, 1976, 1243, 1, 90394, 2008, 672, 1, 12575, 6734, 1243, 1, 16, 14, 18, 37834, 10848, 1976, 1243, 1, 90394, 28618, 672, 1, 12575, 6734, 1243, 1, 17, 14, 18, 18583, 2155, 1, 17196, 17870, 7534, 90394, 28618, 18583, 199999]",d5aa29ffee43ea754ccc013d4c687d7854f878b913bd2061d5247dd613257ab0,oi_conf_0005.ROLE_B,"{""actions"":[{""action"":""ACTION_P"",""expected_value"":""1/3""},{""action"":""ACTION_Q"",""expected_value"":""2/3""}],""final_action"":""ACTION_Q""}",modified,ACTION_Q,False
microsoft_phi.oi_conf_0006.ROLE_B.injection.original,6.979904651641846,microsoft_phi.oi_conf_0006.ROLE_B.injection,injection,microsoft_phi,local-tree-f54c31103050c8c8759110daac84ca910b6cf0f8a6b156594d21dfb29cc8dafd,ACTION_P,"[10848, 6711, 1243, 58, 10848, 1976, 1243, 1, 90394, 2008, 672, 1, 12575, 6734, 1243, 1, 1860, 14, 23, 37834, 10848, 1976, 1243, 1, 90394, 28618, 672, 1, 12575, 6734, 1243, 1, 2546, 14, 23, 18583, 2155, 1, 17196, 17870, 7534, 90394, 28618, 18583, 199999]",1cef31f3d18d7ea13d405b6dfc2a86e12247894af49760c0e3c7dfe9767b23c3,oi_conf_0006.ROLE_B,"{""actions"":[{""action"":""ACTION_P"",""expected_value"":""23/8""},{""action"":""ACTION_Q"",""expected_value"":""33/8""}],""final_action"":""ACTION_Q""}",original,ACTION_Q,False
microsoft_phi.oi_conf_0006.ROLE_B.injection.modified,6.497184991836548,microsoft_phi.oi_conf_0006.ROLE_B.injection,injection,microsoft_phi,local-tree-f54c31103050c8c8759110daac84ca910b6cf0f8a6b156594d21dfb29cc8dafd,ACTION_P,"[10848, 6711, 1243, 58, 10848, 1976, 1243, 1, 90394, 2008, 672, 1, 12575, 6734, 1243, 44470, 21, 37834, 10848, 1976, 1243, 1, 90394, 28618, 672, 1, 12575, 6734, 1243, 1, 858, 14, 17, 18583, 2155, 1, 17196, 17870, 7534, 90394, 28618, 18583, 199999]",130f85ec5f3df08e6194e40be3d690055d2d068dc4f6a34924c4be5347017414,oi_conf_0006.ROLE_B,"{""actions"":[{""action"":""ACTION_P"",""expected_value"":""-6""},{""action"":""ACTION_Q"",""expected_value"":""19/2""}],""final_action"":""ACTION_Q""}",modified,ACTION_Q,False
microsoft_phi.oi_conf_0007.ROLE_A.injection.original,6.3364763259887695,microsoft_phi.oi_conf_0007.ROLE_A.injection,injection,microsoft_phi,local-tree-f54c31103050c8c8759110daac84ca910b6cf0f8a6b156594d21dfb29cc8dafd,ACTION_P,"[10848, 6711, 1243, 58, 10848, 1976, 1243, 1, 90394, 2008, 672, 1, 12575, 6734, 1243, 44470, 16, 14, 17, 37834, 10848, 1976, 1243, 1, 90394, 28618, 672, 1, 12575, 6734, 1243, 44470, 22, 14, 19, 18583, 2155, 1, 17196, 17870, 7534, 90394, 2008, 18583, 199999]",2c9e9fab022bf9e859eda57b09dcd57f2f10bb03f594b537bd61a6088abf7b3a,oi_conf_0007.ROLE_A,"{""actions"":[{""action"":""ACTION_P"",""expected_value"":""-1/2""},{""action"":""ACTION_Q"",""expected_value"":""-7/4""}],""final_action"":""ACTION_P""}",original,ACTION_P,True
microsoft_phi.oi_conf_0007.ROLE_A.injection.modified,6.964599609375,microsoft_phi.oi_conf_0007.ROLE_A.injection,injection,microsoft_phi,local-tree-f54c31103050c8c8759110daac84ca910b6cf0f8a6b156594d21dfb29cc8dafd,ACTION_P,"[10848, 6711, 1243, 58, 10848, 1976, 1243, 1, 90394, 2008, 672, 1, 12575, 6734, 1243, 1, 16, 14, 20, 37834, 10848, 1976, 1243, 1, 90394, 28618, 672, 1, 12575, 6734, 1243, 1, 16, 14, 20, 18583, 2155, 1, 17196, 17870, 7534, 90394, 2008, 18583, 199999]",8125890b25d019f0e8fd46b2728f710fbf60a98f4b860eaa2a64ac3e7299d3a2,oi_conf_0007.ROLE_A,"{""actions"":[{""action"":""ACTION_P"",""expected_value"":""1/5""},{""action"":""ACTION_Q"",""expected_value"":""1/5""}],""final_action"":""ACTION_P""}",modified,ACTION_P,True
microsoft_phi.oi_conf_0008.ROLE_A.injection.original,6.355318546295166,microsoft_phi.oi_conf_0008.ROLE_A.injection,injection,microsoft_phi,local-tree-f54c31103050c8c8759110daac84ca910b6cf0f8a6b156594d21dfb29cc8dafd,ACTION_P,"[10848, 6711, 1243, 58, 10848, 1976, 1243, 1, 90394, 28618, 672, 1, 12575, 6734, 1243, 1, 1161, 14, 17, 37834, 10848, 1976, 1243, 1, 90394, 2008, 672, 1, 12575, 6734, 1243, 1, 2911, 14, 17, 18583, 2155, 1, 17196, 17870, 7534, 90394, 2008, 18583, 199999]",5893e2a2309583acd006df9425f1f8660ddf7c9428bc0f2a2401bc8333beba8f,oi_conf_0008.ROLE_A,"{""actions"":[{""action"":""ACTION_Q"",""expected_value"":""25/2""},{""action"":""ACTION_P"",""expected_value"":""31/2""}],""final_action"":""ACTION_P""}",original,ACTION_P,True
microsoft_phi.oi_conf_0008.ROLE_A.injection.modified,6.904797554016113,microsoft_phi.oi_conf_0008.ROLE_A.injection,injection,microsoft_phi,local-tree-f54c31103050c8c8759110daac84ca910b6cf0f8a6b156594d21dfb29cc8dafd,ACTION_P,"[10848, 6711, 1243, 58, 10848, 1976, 1243, 1, 90394, 28618, 672, 1, 12575, 6734, 1243, 44470, 16, 14, 899, 37834, 10848, 1976, 1243, 1, 90394, 2008, 672, 1, 12575, 6734, 1243, 1, 2911, 14, 899, 18583, 2155, 1, 17196, 17870, 7534, 90394, 2008, 18583, 199999]",f8fe4b3fb6870e3168dfb139d0570c497b173c0182c5e078ff6efe690f6d38f9,oi_conf_0008.ROLE_A,"{""actions"":[{""action"":""ACTION_Q"",""expected_value"":""-1/12""},{""action"":""ACTION_P"",""expected_value"":""31/12""}],""final_action"":""ACTION_P""}",modified,ACTION_P,True
microsoft_phi.oi_conf_0009.ROLE_A.injection.original,6.257807016372681,microsoft_phi.oi_conf_0009.ROLE_A.injection,injection,microsoft_phi,local-tree-f54c31103050c8c8759110daac84ca910b6cf0f8a6b156594d21dfb29cc8dafd,ACTION_Q,"[10848, 6711, 1243, 58, 10848, 1976, 1243, 1, 90394, 28618, 672, 1, 12575, 6734, 1243, 1, 1125, 37834, 10848, 1976, 1243, 1, 90394, 2008, 672, 1, 12575, 6734, 1243, 1, 18, 18583, 2155, 1, 17196, 17870, 7534, 90394, 28618, 18583, 199999]",05850623004d2401255f3ae4af685c1b0016085504e7f3cb93b9566cd28638da,oi_conf_0009.ROLE_A,"{""actions"":[{""action"":""ACTION_Q"",""expected_value"":""16""},{""action"":""ACTION_P"",""expected_value"":""3""}],""final_action"":""ACTION_Q""}",original,ACTION_Q,True
microsoft_phi.oi_conf_0009.ROLE_A.injection.modified,6.750916481018066,microsoft_phi.oi_conf_0009.ROLE_A.injection,injection,microsoft_phi,local-tree-f54c31103050c8c8759110daac84ca910b6cf0f8a6b156594d21dfb29cc8dafd,ACTION_Q,"[10848, 6711, 1243, 58, 10848, 1976, 1243, 1, 90394, 28618, 672, 1, 12575, 6734, 1243, 44470, 19, 37834, 10848, 1976, 1243, 1, 90394, 2008, 672, 1, 12575, 6734, 1243, 1, 18, 18583, 2155, 1, 17196, 17870, 7534, 90394, 2008, 18583, 199999]",9adaf86a4eab4be9526ca93ea81a4b24dee333cf0a6753f2d4fc30698d2c2652,oi_conf_0009.ROLE_A,"{""actions"":[{""action"":""ACTION_Q"",""expected_value"":""-4""},{""action"":""ACTION_P"",""expected_value"":""3""}],""final_action"":""ACTION_P""}",modified,ACTION_P,False
microsoft_phi.oi_conf_0010.ROLE_B.injection.original,6.8949689865112305,microsoft_phi.oi_conf_0010.ROLE_B.injection,injection,microsoft_phi,local-tree-f54c31103050c8c8759110daac84ca910b6cf0f8a6b156594d21dfb29cc8dafd,ACTION_P,"[10848, 6711, 1243, 58, 10848, 1976, 1243, 1, 90394, 28618, 672, 1, 12575, 6734, 1243, 1, 899, 37834, 10848, 1976, 1243, 1, 90394, 2008, 672, 1, 12575, 6734, 1243, 1, 1157, 18583, 2155, 1, 17196, 17870, 7534, 90394, 2008, 18583, 199999]",8f8ff60d5b9fbc858320d09df6150b36d051526d929ebdd6e895d1a0a896883a,oi_conf_0010.ROLE_B,"{""actions"":[{""action"":""ACTION_Q"",""expected_value"":""12""},{""action"":""ACTION_P"",""expected_value"":""18""}],""final_action"":""ACTION_P""}",original,ACTION_P,True
microsoft_phi.oi_conf_0010.ROLE_B.injection.modified,6.396475553512573,microsoft_phi.oi_conf_0010.ROLE_B.injection,injection,microsoft_phi,local-tree-f54c31103050c8c8759110daac84ca910b6cf0f8a6b156594d21dfb29cc8dafd,ACTION_P,"[10848, 6711, 1243, 58, 10848, 1976, 1243, 1, 90394, 28618, 672, 1, 12575, 6734, 1243, 1, 899, 37834, 10848, 1976, 1243, 1, 90394, 2008, 672, 1, 12575, 6734, 1243, 1, 1157, 18583, 2155, 1, 17196, 17870, 7534, 90394, 2008, 18583, 199999]",7ce331a95f19390e1d9d6150e426c5376218aa2442ddb94f54c8a8d0842cde84,oi_conf_0010.ROLE_B,"{""actions"":[{""action"":""ACTION_Q"",""expected_value"":""12""},{""action"":""ACTION_P"",""expected_value"":""18""}],""final_action"":""ACTION_P""}",modified,ACTION_P,True
microsoft_phi.oi_conf_0011.ROLE_B.injection.original,6.224578857421875,microsoft_phi.oi_conf_0011.ROLE_B.injection,injection,microsoft_phi,local-tree-f54c31103050c8c8759110daac84ca910b6cf0f8a6b156594d21dfb29cc8dafd,ACTION_Q,"[10848, 6711, 1243, 58, 10848, 1976, 1243, 1, 90394, 28618, 672, 1, 12575, 6734, 1243, 1, 23, 37834, 10848, 1976, 1243, 1, 90394, 2008, 672, 1, 12575, 6734, 1243, 1, 20, 18583, 2155, 1, 17196, 17870, 7534, 90394, 28618, 18583, 199999]",104dd6c942ef9de7cc44c5119cb117a8a637b6fce94a76553bf107404aab50d3,oi_conf_0011.ROLE_B,"{""actions"":[{""action"":""ACTION_Q"",""expected_value"":""8""},{""action"":""ACTION_P"",""expected_value"":""5""}],""final_action"":""ACTION_Q""}",original,ACTION_Q,True
microsoft_phi.oi_conf_0011.ROLE_B.injection.modified,6.793899059295654,microsoft_phi.oi_conf_0011.ROLE_B.injection,injection,microsoft_phi,local-tree-f54c31103050c8c8759110daac84ca910b6cf0f8a6b156594d21dfb29cc8dafd,ACTION_Q,"[10848, 6711, 1243, 58, 10848, 1976, 1243, 1, 90394, 28618, 672, 1, 12575, 6734, 1243, 1, 17, 37834, 10848, 1976, 1243, 1, 90394, 2008, 672, 1, 12575, 6734, 1243, 1, 20, 18583, 2155, 1, 17196, 17870, 7534, 90394, 2008, 18583, 199999]",a5d2fe42e8a67bc1393e5b0d5c90879b3cb6cc0e12568a80a09807b413e77872,oi_conf_0011.ROLE_B,"{""actions"":[{""action"":""ACTION_Q"",""expected_value"":""2""},{""action"":""ACTION_P"",""expected_value"":""5""}],""final_action"":""ACTION_P""}",modified,ACTION_P,False
microsoft_phi.oi_conf_0012.ROLE_A.injection.original,6.236297130584717,microsoft_phi.oi_conf_0012.ROLE_A.injection,injection,microsoft_phi,local-tree-f54c31103050c8c8759110daac84ca910b6cf0f8a6b156594d21dfb29cc8dafd,ACTION_P,"[10848, 6711, 1243, 58, 10848, 1976, 1243, 1, 90394, 28618, 672, 1, 12575, 6734, 1243, 1, 1311, 37834, 10848, 1976, 1243, 1, 90394, 2008, 672, 1, 12575, 6734, 1243, 1, 1422, 18583, 2155, 1, 17196, 17870, 7534, 90394, 2008, 18583, 199999]",4d24d92baf94194cc509b84a4c76ed44b7cdba8307bcb962436b2303e9efe2c3,oi_conf_0012.ROLE_A,"{""actions"":[{""action"":""ACTION_Q"",""expected_value"":""13""},{""action"":""ACTION_P"",""expected_value"":""17""}],""final_action"":""ACTION_P""}",original,ACTION_P,True
microsoft_phi.oi_conf_0012.ROLE_A.injection.modified,6.777834892272949,microsoft_phi.oi_conf_0012.ROLE_A.injection,injection,microsoft_phi,local-tree-f54c31103050c8c8759110daac84ca910b6cf0f8a6b156594d21dfb29cc8dafd,ACTION_P,"[10848, 6711, 1243, 58, 10848, 1976, 1243, 1, 90394, 28618, 672, 1, 12575, 6734, 1243, 1, 24, 37834, 10848, 1976, 1243, 1, 90394, 2008, 672, 1, 12575, 6734, 1243, 1, 1055, 18583, 2155, 1, 17196, 17870, 7534, 90394, 2008, 18583, 199999]",11130e027776fd0ba31c1ead2b1975274a417de9affaa81142ade4e6b88d7a49,oi_conf_0012.ROLE_A,"{""actions"":[{""action"":""ACTION_Q"",""expected_value"":""9""},{""action"":""ACTION_P"",""expected_value"":""15""}],""final_action"":""ACTION_P""}",modified,ACTION_P,True
microsoft_phi.oi_conf_0012.ROLE_B.injection.original,6.323687314987183,microsoft_phi.oi_conf_0012.ROLE_B.injection,injection,microsoft_phi,local-tree-f54c31103050c8c8759110daac84ca910b6cf0f8a6b156594d21dfb29cc8dafd,ACTION_Q,"[10848, 6711, 1243, 58, 10848, 1976, 1243, 1, 90394, 28618, 672, 1, 12575, 6734, 1243, 1, 19, 14, 18, 37834, 10848, 1976, 1243, 1, 90394, 2008, 672, 1, 12575, 6734, 1243, 1, 20, 14, 18, 18583, 2155, 1, 17196, 17870, 7534, 90394, 2008, 18583, 199999]",77267b2a0f38f4dd479756ed947a7b36b459ed3673d94ebe51e2c6a2f46ce79a,oi_conf_0012.ROLE_B,"{""actions"":[{""action"":""ACTION_Q"",""expected_value"":""4/3""},{""action"":""ACTION_P"",""expected_value"":""5/3""}],""final_action"":""ACTION_P""}",original,ACTION_P,False
microsoft_phi.oi_conf_0012.ROLE_B.injection.modified,6.7128050327301025,microsoft_phi.oi_conf_0012.ROLE_B.injection,injection,microsoft_phi,local-tree-f54c31103050c8c8759110daac84ca910b6cf0f8a6b156594d21dfb29cc8dafd,ACTION_Q,"[10848, 6711, 1243, 58, 10848, 1976, 1243, 1, 90394, 28618, 672, 1, 12575, 6734, 1243, 1, 20, 37834, 10848, 1976, 1243, 1, 90394, 2008, 672, 1, 12575, 6734, 1243, 1, 16, 18583, 2155, 1, 17196, 17870, 7534, 90394, 28618, 18583, 199999]",a4dc151e1c57008057004fabff78418f1992fbb0c560d016442830f7667b7742,oi_conf_0012.ROLE_B,"{""actions"":[{""action"":""ACTION_Q"",""expected_value"":""5""},{""action"":""ACTION_P"",""expected_value"":""1""}],""final_action"":""ACTION_Q""}",modified,ACTION_Q,True
microsoft_phi.oi_conf_0014.ROLE_A.injection.original,6.886324882507324,microsoft_phi.oi_conf_0014.ROLE_A.injection,injection,microsoft_phi,local-tree-f54c31103050c8c8759110daac84ca910b6cf0f8a6b156594d21dfb29cc8dafd,ACTION_Q,"[10848, 6711, 1243, 58, 10848, 1976, 1243, 1, 90394, 28618, 672, 1, 12575, 6734, 1243, 44470, 20, 14, 19, 37834, 10848, 1976, 1243, 1, 90394, 2008, 672, 1, 12575, 6734, 1243, 44470, 23, 18583, 91001, 17196, 17870, 7534, 90394, 2008, 18583, 199999]",bf5a159e91f15282fd4d6d1ee04cc285b9cdd8e88843dc0ce48b40f5eaecfd66,oi_conf_0014.ROLE_A,"{""actions"":[{""action"":""ACTION_Q"",""expected_value"":""-5/4""},{""action"":""ACTION_P"",""expected_value"":""-8""}],""final_action"":""ACTION_P""}",original,ACTION_P,False
microsoft_phi.oi_conf_0014.ROLE_A.injection.modified,6.387063980102539,microsoft_phi.oi_conf_0014.ROLE_A.injection,injection,microsoft_phi,local-tree-f54c31103050c8c8759110daac84ca910b6cf0f8a6b156594d21dfb29cc8dafd,ACTION_Q,"[10848, 6711, 1243, 58, 10848, 1976, 1243, 1, 90394, 28618, 672, 1, 12575, 6734, 1243, 44470, 20, 14, 19, 37834, 10848, 1976, 1243, 1, 90394, 2008, 672, 1, 12575, 6734, 1243, 44470, 22, 14, 19, 18583, 2155, 1, 17196, 17870, 7534, 90394, 28618, 18583, 199999]",100139744d10ce035cc1367c5f0c20530307e20ceda15ce71e8b6919758abead,oi_conf_0014.ROLE_A,"{""actions"":[{""action"":""ACTION_Q"",""expected_value"":""-5/4""},{""action"":""ACTION_P"",""expected_value"":""-7/4""}],""final_action"":""ACTION_Q""}",modified,ACTION_Q,True
microsoft_phi.oi_conf_0014.ROLE_B.injection.original,6.268651247024536,microsoft_phi.oi_conf_0014.ROLE_B.injection,injection,microsoft_phi,local-tree-f54c31103050c8c8759110daac84ca910b6cf0f8a6b156594d21dfb29cc8dafd,ACTION_P,"[10848, 6711, 1243, 58, 10848, 1976, 1243, 1, 90394, 28618, 672, 1, 12575, 6734, 1243, 1, 1311, 14, 19, 37834, 10848, 1976, 1243, 1, 90394, 2008, 672, 1, 12575, 6734, 1243, 1, 1422, 14, 19, 18583, 2155, 1, 17196, 17870, 7534, 90394, 2008, 18583, 199999]",df1f4e050a781896d677e7ac852903fcc07796252d6ac8818ad04efa01cd2302,oi_conf_0014.ROLE_B,"{""actions"":[{""action"":""ACTION_Q"",""expected_value"":""13/4""},{""action"":""ACTION_P"",""expected_value"":""17/4""}],""final_action"":""ACTION_P""}",original,ACTION_P,True
microsoft_phi.oi_conf_0014.ROLE_B.injection.modified,6.795245409011841,microsoft_phi.oi_conf_0014.ROLE_B.injection,injection,microsoft_phi,local-tree-f54c31103050c8c8759110daac84ca910b6cf0f8a6b156594d21dfb29cc8dafd,ACTION_P,"[10848, 6711, 1243, 58, 10848, 1976, 1243, 1, 90394, 28618, 672, 1, 12575, 6734, 1243, 1, 1311, 14, 19, 37834, 10848, 1976, 1243, 1, 90394, 2008, 672, 1, 12575, 6734, 1243, 1, 2911, 14, 19, 18583, 2155, 1, 17196, 17870, 7534, 90394, 2008, 18583, 199999]",4468fba4ad06e1f66ae346bcf6067d30277890c5c870902c5e539911721b62ea,oi_conf_0014.ROLE_B,"{""actions"":[{""action"":""ACTION_Q"",""expected_value"":""13/4""},{""action"":""ACTION_P"",""expected_value"":""31/4""}],""final_action"":""ACTION_P""}",modified,ACTION_P,True
microsoft_phi.oi_conf_0016.ROLE_A.injection.original,6.240125894546509,microsoft_phi.oi_conf_0016.ROLE_A.injection,injection,microsoft_phi,local-tree-f54c31103050c8c8759110daac84ca910b6cf0f8a6b156594d21dfb29cc8dafd,ACTION_P,"[10848, 6711, 1243, 58, 10848, 1976, 1243, 1, 90394, 2008, 672, 1, 12575, 6734, 1243, 1, 24, 14, 17, 37834, 10848, 1976, 1243, 1, 90394, 28618, 672, 1, 12575, 6734, 1243, 1, 2546, 14, 17, 18583, 2155, 1, 17196, 17870, 7534, 90394, 28618, 18583, 199999]",3279777fcc9fd35e323a118258ac37b74636d31bcf6acb0e452a22eaf81dc031,oi_conf_0016.ROLE_A,"{""actions"":[{""action"":""ACTION_P"",""expected_value"":""9/2""},{""action"":""ACTION_Q"",""expected_value"":""33/2""}],""final_action"":""ACTION_Q""}",original,ACTION_Q,False
microsoft_phi.oi_conf_0016.ROLE_A.injection.modified,6.773472309112549,microsoft_phi.oi_conf_0016.ROLE_A.injection,injection,microsoft_phi,local-tree-f54c31103050c8c8759110daac84ca910b6cf0f8a6b156594d21dfb29cc8dafd,ACTION_P,"[10848, 6711, 1243, 58, 10848, 1976, 1243, 1, 90394, 2008, 672, 1, 12575, 6734, 1243, 1, 18, 14, 20, 37834, 10848, 1976, 1243, 1, 90394, 28618, 672, 1, 12575, 6734, 1243, 1, 24, 14, 20, 18583, 2155, 1, 17196, 17870, 7534, 90394, 28618, 18583, 199999]",292ce789dd27c0238f3d5e748d1ec985fdfd897bb0b18a08337320c0e38834ae,oi_conf_0016.ROLE_A,"{""actions"":[{""action"":""ACTION_P"",""expected_value"":""3/5""},{""action"":""ACTION_Q"",""expected_value"":""9/5""}],""final_action"":""ACTION_Q""}",modified,ACTION_Q,False
microsoft_phi.oi_conf_0016.ROLE_B.injection.original,6.2179059982299805,microsoft_phi.oi_conf_0016.ROLE_B.injection,injection,microsoft_phi,local-tree-f54c31103050c8c8759110daac84ca910b6cf0f8a6b156594d21dfb29cc8dafd,ACTION_Q,"[10848, 6711, 1243, 58, 10848, 1976, 1243, 1, 90394, 2008, 672, 1, 12575, 6734, 1243, 1, 22, 14, 20, 37834, 10848, 1976, 1243, 1, 90394, 28618, 672, 1, 12575, 6734, 1243, 1, 994, 14, 19, 18583, 2155, 1, 17196, 17870, 7534, 90394, 28618, 18583, 199999]",f4faa439101ce1732418b7bf74dab0cfe28a72517c724db89e45ee88c9f61197,oi_conf_0016.ROLE_B,"{""actions"":[{""action"":""ACTION_P"",""expected_value"":""7/5""},{""action"":""ACTION_Q"",""expected_value"":""11/4""}],""final_action"":""ACTION_Q""}",original,ACTION_Q,True
microsoft_phi.oi_conf_0016.ROLE_B.injection.modified,6.6660215854644775,microsoft_phi.oi_conf_0016.ROLE_B.injection,injection,microsoft_phi,local-tree-f54c31103050c8c8759110daac84ca910b6cf0f8a6b156594d21dfb29cc8dafd,ACTION_Q,"[10848, 6711, 1243, 58, 10848, 1976, 1243, 1, 90394, 2008, 672, 1, 12575, 6734, 1243, 1, 994, 14, 20, 37834, 10848, 1976, 1243, 1, 90394, 28618, 672, 1, 12575, 6734, 1243, 1, 994, 14, 20, 18583, 2155, 1, 17196, 17870, 7534, 90394, 2008, 18583, 199999]",ab6822280bf42e4aacfe17b1e87e4fc7596ec8dbdd5cef93ec79734709b18bb3,oi_conf_0016.ROLE_B,"{""actions"":[{""action"":""ACTION_P"",""expected_value"":""11/5""},{""action"":""ACTION_Q"",""expected_value"":""11/5""}],""final_action"":""ACTION_P""}",modified,ACTION_P,False
microsoft_phi.oi_conf_0017.ROLE_B.injection.original,6.8801140785217285,microsoft_phi.oi_conf_0017.ROLE_B.injection,injection,microsoft_phi,local-tree-f54c31103050c8c8759110daac84ca910b6cf0f8a6b156594d21dfb29cc8dafd,ACTION_P,"[10848, 6711, 1243, 58, 10848, 1976, 1243, 1, 90394, 2008, 672, 1, 12575, 6734, 1243, 44470, 20, 14, 23, 37834, 10848, 1976, 1243, 1, 90394, 28618, 672, 1, 12575, 6734, 1243, 44470, 20, 14, 19, 18583, 2155, 1, 17196, 17870, 7534, 90394, 28618, 18583, 199999]",899983d043e1e362172699fdee4bfa237a7ab6fa10480295085fe80a766da91c,oi_conf_0017.ROLE_B,"{""actions"":[{""action"":""ACTION_P"",""expected_value"":""-5/8""},{""action"":""ACTION_Q"",""expected_value"":""-5/4""}],""final_action"":""ACTION_Q""}",original,ACTION_Q,False
microsoft_phi.oi_conf_0017.ROLE_B.injection.modified,6.371588230133057,microsoft_phi.oi_conf_0017.ROLE_B.injection,injection,microsoft_phi,local-tree-f54c31103050c8c8759110daac84ca910b6cf0f8a6b156594d21dfb29cc8dafd,ACTION_P,"[10848, 6711, 1243, 58, 10848, 1976, 1243, 1, 90394, 2008, 672, 1, 12575, 6734, 1243, 1, 22, 14, 23, 37834, 10848, 1976, 1243, 1, 90394, 28618, 672, 1, 12575, 6734, 1243, 1, 18, 14, 23, 18583, 2155, 1, 17196, 17870, 7534, 90394, 2008, 18583, 199999]",e028f9557ef8f747cd3848b1b19a3e6fb0c8e2c79be3ac6a86e3a3b6da1c5c13,oi_conf_0017.ROLE_B,"{""actions"":[{""action"":""ACTION_P"",""expected_value"":""7/8""},{""action"":""ACTION_Q"",""expected_value"":""3/8""}],""final_action"":""ACTION_P""}",modified,ACTION_P,True
microsoft_phi.oi_conf_0018.ROLE_B.injection.original,6.195857048034668,microsoft_phi.oi_conf_0018.ROLE_B.injection,injection,microsoft_phi,local-tree-f54c31103050c8c8759110daac84ca910b6cf0f8a6b156594d21dfb29cc8dafd,ACTION_P,"[10848, 6711, 1243, 58, 10848, 1976, 1243, 1, 90394, 2008, 672, 1, 12575, 6734, 1243, 1, 24, 37834, 10848, 1976, 1243, 1, 90394, 28618, 672, 1, 12575, 6734, 1243, 1, 19, 18583, 2155, 1, 17196, 17870, 7534, 90394, 2008, 18583, 199999]",44e10458a8fcd368cdf15691648278391bd93b3e6bde59fc4627508725d9235a,oi_conf_0018.ROLE_B,"{""actions"":[{""action"":""ACTION_P"",""expected_value"":""9""},{""action"":""ACTION_Q"",""expected_value"":""4""}],""final_action"":""ACTION_P""}",original,ACTION_P,True
microsoft_phi.oi_conf_0018.ROLE_B.injection.modified,6.70910906791687,microsoft_phi.oi_conf_0018.ROLE_B.injection,injection,microsoft_phi,local-tree-f54c31103050c8c8759110daac84ca910b6cf0f8a6b156594d21dfb29cc8dafd,ACTION_P,"[10848, 6711, 1243, 58, 10848, 1976, 1243, 1, 90394, 2008, 672, 1, 12575, 6734, 1243, 1, 19, 37834, 10848, 1976, 1243, 1, 90394, 28618, 672, 1, 12575, 6734, 1243, 1, 19, 18583, 2155, 1, 17196, 17870, 7534, 90394, 2008, 18583, 199999]",ce184141cc5a35bb1c5d4125160d98c693084f0712911cfc7df9cc1c01c3b6a0,oi_conf_0018.ROLE_B,"{""actions"":[{""action"":""ACTION_P"",""expected_value"":""4""},{""action"":""ACTION_Q"",""expected_value"":""4""}],""final_action"":""ACTION_P""}",modified,ACTION_P,True
microsoft_phi.oi_conf_0019.ROLE_B.injection.original,6.183034658432007,microsoft_phi.oi_conf_0019.ROLE_B.injection,injection,microsoft_phi,local-tree-f54c31103050c8c8759110daac84ca910b6cf0f8a6b156594d21dfb29cc8dafd,ACTION_Q,"[10848, 6711, 1243, 58, 10848, 1976, 1243, 1, 90394, 2008, 672, 1, 12575, 6734, 1243, 1, 24, 37834, 10848, 1976, 1243, 1, 90394, 28618, 672, 1, 12575, 6734, 1243, 1, 1311, 18583, 2155, 1, 17196, 17870, 7534, 90394, 28618, 18583, 199999]",6dfe82e8a1c75bce6c2c5ddec8f3010feb8c46570fd84b3f3032c81a1681d1c7,oi_conf_0019.ROLE_B,"{""actions"":[{""action"":""ACTION_P"",""expected_value"":""9""},{""action"":""ACTION_Q"",""expected_value"":""13""}],""final_action"":""ACTION_Q""}",original,ACTION_Q,True
microsoft_phi.oi_conf_0019.ROLE_B.injection.modified,6.733739376068115,microsoft_phi.oi_conf_0019.ROLE_B.injection,injection,microsoft_phi,local-tree-f54c31103050c8c8759110daac84ca910b6cf0f8a6b156594d21dfb29cc8dafd,ACTION_Q,"[10848, 6711, 1243, 58, 10848, 1976, 1243, 1, 90394, 2008, 672, 1, 12575, 6734, 1243, 1, 24, 37834, 10848, 1976, 1243, 1, 90394, 28618, 672, 1, 12575, 6734, 1243, 1, 1311, 18583, 2155, 1, 17196, 17870, 7534, 90394, 28618, 18583, 199999]",06377ab26979ef254f04d7ab121e4cc7aa1a4f672d510a7340a411a4eacd9249,oi_conf_0019.ROLE_B,"{""actions"":[{""action"":""ACTION_P"",""expected_value"":""9""},{""action"":""ACTION_Q"",""expected_value"":""13""}],""final_action"":""ACTION_Q""}",modified,ACTION_Q,True
microsoft_phi.oi_conf_0021.ROLE_B.injection.original,6.228817939758301,microsoft_phi.oi_conf_0021.ROLE_B.injection,injection,microsoft_phi,local-tree-f54c31103050c8c8759110daac84ca910b6cf0f8a6b156594d21dfb29cc8dafd,ACTION_P,"[10848, 6711, 1243, 58, 10848, 1976, 1243, 1, 90394, 2008, 672, 1, 12575, 6734, 1243, 1, 20, 14, 19, 37834, 10848, 1976, 1243, 1, 90394, 28618, 672, 1, 12575, 6734, 1243, 44470, 22, 14, 19, 18583, 2155, 1, 17196, 17870, 7534, 90394, 2008, 18583, 199999]",4fdc372abffaefae5e285c4cc1901cf252b1ba4fe7055a247816af6427f69d54,oi_conf_0021.ROLE_B,"{""actions"":[{""action"":""ACTION_P"",""expected_value"":""5/4""},{""action"":""ACTION_Q"",""expected_value"":""-7/4""}],""final_action"":""ACTION_P""}",original,ACTION_P,True
microsoft_phi.oi_conf_0021.ROLE_B.injection.modified,6.690490007400513,microsoft_phi.oi_conf_0021.ROLE_B.injection,injection,microsoft_phi,local-tree-f54c31103050c8c8759110daac84ca910b6cf0f8a6b156594d21dfb29cc8dafd,ACTION_P,"[10848, 6711, 1243, 58, 10848, 1976, 1243, 1, 90394, 2008, 672, 1, 12575, 6734, 1243, 1, 1311, 14, 19, 37834, 10848, 1976, 1243, 1, 90394, 28618, 672, 1, 12575, 6734, 1243, 44470, 22, 14, 19, 18583, 2155, 1, 17196, 17870, 7534, 90394, 2008, 18583, 199999]",9d68222f58637e9f1a77277b70e5076d34d56052b7ea658d3fb7894e8aafc0f6,oi_conf_0021.ROLE_B,"{""actions"":[{""action"":""ACTION_P"",""expected_value"":""13/4""},{""action"":""ACTION_Q"",""expected_value"":""-7/4""}],""final_action"":""ACTION_P""}",modified,ACTION_P,True
microsoft_phi.oi_conf_0023.ROLE_A.injection.original,6.8558220863342285,microsoft_phi.oi_conf_0023.ROLE_A.injection,injection,microsoft_phi,local-tree-f54c31103050c8c8759110daac84ca910b6cf0f8a6b156594d21dfb29cc8dafd,ACTION_P,"[10848, 6711, 1243, 58, 10848, 1976, 1243, 1, 90394, 2008, 672, 1, 12575, 6734, 1243, 1, 19, 14, 18, 37834, 10848, 1976, 1243, 1, 90394, 28618, 672, 1, 12575, 6734, 1243, 44470, 16, 14, 18, 18583, 2155, 1, 17196, 17870, 7534, 90394, 2008, 18583, 199999]",fefafadb78a0c025a6165e18358f80b607101d6ff4bf72c37748c79e791feb3a,oi_conf_0023.ROLE_A,"{""actions"":[{""action"":""ACTION_P"",""expected_value"":""4/3""},{""action"":""ACTION_Q"",""expected_value"":""-1/3""}],""final_action"":""ACTION_P""}",original,ACTION_P,True
microsoft_phi.oi_conf_0023.ROLE_A.injection.modified,6.424007177352905,microsoft_phi.oi_conf_0023.ROLE_A.injection,injection,microsoft_phi,local-tree-f54c31103050c8c8759110daac84ca910b6cf0f8a6b156594d21dfb29cc8dafd,ACTION_P,"[10848, 6711, 1243, 58, 10848, 1976, 1243, 1, 90394, 2008, 672, 1, 12575, 6734, 1243, 1, 20, 14, 18, 37834, 10848, 1976, 1243, 1, 90394, 28618, 672, 1, 12575, 6734, 1243, 44470, 16, 14, 18, 18583, 2155, 1, 17196, 17870, 7534, 90394, 2008, 18583, 199999]",53fc84373f61c9d2064a38eaaf897d726f7c23408cbc8c6ed199ab9ef475bc67,oi_conf_0023.ROLE_A,"{""actions"":[{""action"":""ACTION_P"",""expected_value"":""5/3""},{""action"":""ACTION_Q"",""expected_value"":""-1/3""}],""final_action"":""ACTION_P""}",modified,ACTION_P,True
microsoft_phi.oi_conf_0023.ROLE_B.injection.original,6.244063854217529,microsoft_phi.oi_conf_0023.ROLE_B.injection,injection,microsoft_phi,local-tree-f54c31103050c8c8759110daac84ca910b6cf0f8a6b156594d21dfb29cc8dafd,ACTION_Q,"[10848, 6711, 1243, 58, 10848, 1976, 1243, 1, 90394, 2008, 672, 1, 12575, 6734, 1243, 1, 994, 14, 18, 37834, 10848, 1976, 1243, 1, 90394, 28618, 672, 1, 12575, 6734, 1243, 1, 2109, 14, 18, 18583, 2155, 1, 17196, 17870, 7534, 90394, 28618, 18583, 199999]",61973668a092ed5ec112a6c94657544899adc77f90e94437c8f025984ff2d80a,oi_conf_0023.ROLE_B,"{""actions"":[{""action"":""ACTION_P"",""expected_value"":""11/3""},{""action"":""ACTION_Q"",""expected_value"":""26/3""}],""final_action"":""ACTION_Q""}",original,ACTION_Q,True
microsoft_phi.oi_conf_0023.ROLE_B.injection.modified,6.699674844741821,microsoft_phi.oi_conf_0023.ROLE_B.injection,injection,microsoft_phi,local-tree-f54c31103050c8c8759110daac84ca910b6cf0f8a6b156594d21dfb29cc8dafd,ACTION_Q,"[10848, 6711, 1243, 58, 10848, 1976, 1243, 1, 90394, 2008, 672, 1, 12575, 6734, 1243, 1, 19, 37834, 10848, 1976, 1243, 1, 90394, 28618, 672, 1, 12575, 6734, 1243, 1, 23, 18583, 2155, 1, 17196, 17870, 7534, 90394, 28618, 18583, 199999]",2a5219de3a5d23c4270bcdb10042fea31d395ec7e1f23fcc0c1420b362d735d4,oi_conf_0023.ROLE_B,"{""actions"":[{""action"":""ACTION_P"",""expected_value"":""4""},{""action"":""ACTION_Q"",""expected_value"":""8""}],""final_action"":""ACTION_Q""}",modified,ACTION_Q,True
microsoft_phi.oi_conf_0024.ROLE_A.injection.original,6.240760564804077,microsoft_phi.oi_conf_0024.ROLE_A.injection,injection,microsoft_phi,local-tree-f54c31103050c8c8759110daac84ca910b6cf0f8a6b156594d21dfb29cc8dafd,ACTION_P,"[10848, 6711, 1243, 58, 10848, 1976, 1243, 1, 90394, 28618, 672, 1, 12575, 6734, 1243, 1, 994, 14, 23, 37834, 10848, 1976, 1243, 1, 90394, 2008, 672, 1, 12575, 6734, 1243, 1, 2270, 14, 23, 18583, 2155, 1, 17196, 17870, 7534, 90394, 2008, 18583, 199999]",3ae047541899ef8538777c679f7ac3a799a2a0147259de5d37c93a47a7174b98,oi_conf_0024.ROLE_A,"{""actions"":[{""action"":""ACTION_Q"",""expected_value"":""11/8""},{""action"":""ACTION_P"",""expected_value"":""29/8""}],""final_action"":""ACTION_P""}",original,ACTION_P,True
microsoft_phi.oi_conf_0024.ROLE_A.injection.modified,6.782562017440796,microsoft_phi.oi_conf_0024.ROLE_A.injection,injection,microsoft_phi,local-tree-f54c31103050c8c8759110daac84ca910b6cf0f8a6b156594d21dfb29cc8dafd,ACTION_P,"[10848, 6711, 1243, 58, 10848, 1976, 1243, 1, 90394, 28618, 672, 1, 12575, 6734, 1243, 44470, 994, 14, 19, 37834, 10848, 1976, 1243, 1, 90394, 2008, 672, 1, 12575, 6734, 1243, 1, 2270, 14, 19, 18583, 2155, 1, 17196, 17870, 7534, 90394, 2008, 18583, 199999]",b645e4337dde15e1dfdf9f55c42917f92e52595b67f45f10d1e01c01abb8cc85,oi_conf_0024.ROLE_A,"{""actions"":[{""action"":""ACTION_Q"",""expected_value"":""-11/4""},{""action"":""ACTION_P"",""expected_value"":""29/4""}],""final_action"":""ACTION_P""}",modified,ACTION_P,True
ai2_olmo.oi_conf_0000.ROLE_A.correction.original,4.466573715209961,ai2_olmo.oi_conf_0000.ROLE_A.correction,correction,ai2_olmo,local-tree-eb8c3dce0af34c1de12a6d57f0f4a594e0ab8a707ffe43b38836d014a99edda4,ACTION_P,"[5018, 4109, 794, 58, 5018, 1335, 794, 1, 42995, 1106, 498, 1, 7475, 3220, 794, 1, 18, 14682, 5018, 1335, 794, 1, 42995, 13640, 498, 1, 7475, 3220, 794, 1, 23, 9388, 1145, 1, 12085, 8090, 794, 1, 42995, 13640, 9388, 100257]",a7abb5971a74ac49c095c432225679d4445208ffa5d993461916589bcf37dcd6,oi_conf_0000.ROLE_A,"{""actions"":[{""action"":""ACTION_P"",""expected_value"":""3""},{""action"":""ACTION_Q"",""expected_value"":""8""}],""final_action"":""ACTION_Q""}",original,ACTION_Q,False
ai2_olmo.oi_conf_0000.ROLE_A.correction.modified,4.23198390007019,ai2_olmo.oi_conf_0000.ROLE_A.correction,correction,ai2_olmo,local-tree-eb8c3dce0af34c1de12a6d57f0f4a594e0ab8a707ffe43b38836d014a99edda4,ACTION_P,"[5018, 4109, 794, 58, 5018, 1335, 794, 1, 42995, 1106, 498, 1, 7475, 3220, 794, 1, 22, 14, 17, 9388, 55829, 1335, 794, 1, 42995, 13640, 498, 1, 7475, 3220, 794, 1, 605, 14, 17, 9388, 1145, 1, 12085, 8090, 794, 1, 42995, 13640, 9388, 100257]",1988ad22879d07672b4c18b97b0bb518ea3a28ffeb656f0a869830daedd72279,oi_conf_0000.ROLE_A,"{""actions"":[{""action"":""ACTION_P"",""expected_value"":""7/2""},{""action"":""ACTION_Q"",""expected_value"":""10/2""}],""final_action"":""ACTION_Q""}",modified,ACTION_Q,False
ai2_olmo.oi_conf_0000.ROLE_B.correction.original,4.1790056228637695,ai2_olmo.oi_conf_0000.ROLE_B.correction,correction,ai2_olmo,local-tree-eb8c3dce0af34c1de12a6d57f0f4a594e0ab8a707ffe43b38836d014a99edda4,ACTION_Q,"[5018, 4109, 794, 58, 5018, 1335, 794, 1, 42995, 1106, 498, 1, 7475, 3220, 794, 1, 18, 14682, 5018, 1335, 794, 1, 42995, 13640, 498, 1, 7475, 3220, 794, 1, 23, 9388, 1145, 1, 12085, 8090, 794, 1, 42995, 13640, 9388, 100257]",a7abb5971a74ac49c095c432225679d4445208ffa5d993461916589bcf37dcd6,oi_conf_0000.ROLE_B,"{""actions"":[{""action"":""ACTION_P"",""expected_value"":""3""},{""action"":""ACTION_Q"",""expected_value"":""8""}],""final_action"":""ACTION_Q""}",original,ACTION_Q,True
ai2_olmo.oi_conf_0000.ROLE_B.correction.modified,4.2992026805877686,ai2_olmo.oi_conf_0000.ROLE_B.correction,correction,ai2_olmo,local-tree-eb8c3dce0af34c1de12a6d57f0f4a594e0ab8a707ffe43b38836d014a99edda4,ACTION_Q,"[5018, 4109, 794, 58, 5018, 1335, 794, 1, 42995, 1106, 498, 1, 7475, 3220, 794, 35394, 19, 14682, 5018, 1335, 794, 1, 42995, 13640, 498, 1, 7475, 3220, 794, 1, 20, 9388, 1145, 1, 12085, 8090, 794, 1, 42995, 13640, 9388, 100257]",0de70575bf1c708cd1eab2911cce859b09aad88703b1fae11d53d7e581797eb2,oi_conf_0000.ROLE_B,"{""actions"":[{""action"":""ACTION_P"",""expected_value"":""-4""},{""action"":""ACTION_Q"",""expected_value"":""5""}],""final_action"":""ACTION_Q""}",modified,ACTION_Q,True
ai2_olmo.oi_conf_0001.ROLE_A.correction.original,3.845553159713745,ai2_olmo.oi_conf_0001.ROLE_A.correction,correction,ai2_olmo,local-tree-eb8c3dce0af34c1de12a6d57f0f4a594e0ab8a707ffe43b38836d014a99edda4,ACTION_Q,"[5018, 4109, 794, 58, 5018, 1335, 794, 1, 42995, 1106, 498, 1, 7475, 3220, 794, 1, 22, 14682, 5018, 1335, 794, 1, 42995, 13640, 498, 1, 7475, 3220, 794, 1, 22, 9388, 1145, 1, 12085, 8090, 794, 1, 42995, 13640, 9388, 100257]",4e6a8978033118123b28c7c163079ffbad7735330e6eaa6713980de2909bf0b7,oi_conf_0001.ROLE_A,"{""actions"":[{""action"":""ACTION_P"",""expected_value"":""7""},{""action"":""ACTION_Q"",""expected_value"":""7""}],""final_action"":""ACTION_Q""}",original,ACTION_Q,True
ai2_olmo.oi_conf_0001.ROLE_A.correction.modified,4.304298400878906,ai2_olmo.oi_conf_0001.ROLE_A.correction,correction,ai2_olmo,local-tree-eb8c3dce0af34c1de12a6d57f0f4a594e0ab8a707ffe43b38836d014a99edda4,ACTION_Q,"[5018, 4109, 794, 58, 5018, 1335, 794, 1, 42995, 1106, 498, 1, 7475, 3220, 794, 1, 975, 14682, 5018, 1335, 794, 1, 42995, 13640, 498, 1, 7475, 3220, 794, 1, 972, 9388, 1145, 1, 12085, 8090, 794, 1, 42995, 13640, 9388, 100257]",f1459462470e135610dc5d593f47f9979120904075fbbaa631a9d627bfa41cba,oi_conf_0001.ROLE_A,"{""actions"":[{""action"":""ACTION_P"",""expected_value"":""14""},{""action"":""ACTION_Q"",""expected_value"":""18""}],""final_action"":""ACTION_Q""}",modified,ACTION_Q,True
ai2_olmo.oi_conf_0001.ROLE_B.correction.original,3.8473691940307617,ai2_olmo.oi_conf_0001.ROLE_B.correction,correction,ai2_olmo,local-tree-eb8c3dce0af34c1de12a6d57f0f4a594e0ab8a707ffe43b38836d014a99edda4,ACTION_P,"[5018, 4109, 794, 58, 5018, 1335, 794, 1, 42995, 1106, 498, 1, 7475, 3220, 794, 1, 22, 14682, 5018, 1335, 794, 1, 42995, 13640, 498, 1, 7475, 3220, 794, 1, 22, 9388, 1145, 1, 12085, 8090, 794, 1, 42995, 13640, 9388, 100257]",4e6a8978033118123b28c7c163079ffbad7735330e6eaa6713980de2909bf0b7,oi_conf_0001.ROLE_B,"{""actions"":[{""action"":""ACTION_P"",""expected_value"":""7""},{""action"":""ACTION_Q"",""expected_value"":""7""}],""final_action"":""ACTION_Q""}",original,ACTION_Q,False
ai2_olmo.oi_conf_0001.ROLE_B.correction.modified,4.28755521774292,ai2_olmo.oi_conf_0001.ROLE_B.correction,correction,ai2_olmo,local-tree-eb8c3dce0af34c1de12a6d57f0f4a594e0ab8a707ffe43b38836d014a99edda4,ACTION_P,"[5018, 4109, 794, 58, 5018, 1335, 794, 1, 42995, 1106, 498, 1, 7475, 3220, 794, 1, 19, 14682, 5018, 1335, 794, 1, 42995, 13640, 498, 1, 7475, 3220, 794, 1, 22, 9388, 1145, 1, 12085, 8090, 794, 1, 42995, 13640, 9388, 100257]",ae852511cdb0b5671a9d0bd0b1b9b70736c5aa40068065ada22cb56cfcf76f28,oi_conf_0001.ROLE_B,"{""actions"":[{""action"":""ACTION_P"",""expected_value"":""4""},{""action"":""ACTION_Q"",""expected_value"":""7""}],""final_action"":""ACTION_Q""}",modified,ACTION_Q,False
ai2_olmo.oi_conf_0002.ROLE_A.correction.original,3.858734369277954,ai2_olmo.oi_conf_0002.ROLE_A.correction,correction,ai2_olmo,local-tree-eb8c3dce0af34c1de12a6d57f0f4a594e0ab8a707ffe43b38836d014a99edda4,ACTION_Q,"[5018, 4109, 794, 58, 5018, 1335, 794, 1, 42995, 1106, 498, 1, 7475, 3220, 794, 1, 15, 14682, 5018, 1335, 794, 1, 42995, 13640, 498, 1, 7475, 3220, 794, 1, 24, 9388, 1145, 1, 12085, 8090, 794, 1, 42995, 13640, 9388, 100257]",7d66ff9232bf5c867d71703ad1d45990156a3f91c1c024d592cde1ec88b7a036,oi_conf_0002.ROLE_A,"{""actions"":[{""action"":""ACTION_P"",""expected_value"":""0""},{""action"":""ACTION_Q"",""expected_value"":""9""}],""final_action"":""ACTION_Q""}",original,ACTION_Q,True
ai2_olmo.oi_conf_0002.ROLE_A.correction.modified,4.307838201522827,ai2_olmo.oi_conf_0002.ROLE_A.correction,correction,ai2_olmo,local-tree-eb8c3dce0af34c1de12a6d57f0f4a594e0ab8a707ffe43b38836d014a99edda4,ACTION_Q,"[5018, 4109, 794, 58, 5018, 1335, 794, 1, 42995, 1106, 498, 1, 7475, 3220, 794, 1, 15, 14682, 5018, 1335, 794, 1, 42995, 13640, 498, 1, 7475, 3220, 794, 1, 24, 9388, 1145, 1, 12085, 8090, 794, 1, 42995, 13640, 9388, 100257]",a612742c0028787526afe27909b52366d3832a32acdbb436a100d5e86bf6212a,oi_conf_0002.ROLE_A,"{""actions"":[{""action"":""ACTION_P"",""expected_value"":""0""},{""action"":""ACTION_Q"",""expected_value"":""9""}],""final_action"":""ACTION_Q""}",modified,ACTION_Q,True
ai2_olmo.oi_conf_0002.ROLE_B.correction.original,3.86277437210083,ai2_olmo.oi_conf_0002.ROLE_B.correction,correction,ai2_olmo,local-tree-eb8c3dce0af34c1de12a6d57f0f4a594e0ab8a707ffe43b38836d014a99edda4,ACTION_P,"[5018, 4109, 794, 58, 5018, 1335, 794, 1, 42995, 1106, 498, 1, 7475, 3220, 794, 1, 15, 14682, 5018, 1335, 794, 1, 42995, 13640, 498, 1, 7475, 3220, 794, 1, 24, 9388, 1145, 1, 12085, 8090, 794, 1, 42995, 13640, 9388, 100257]",7d66ff9232bf5c867d71703ad1d45990156a3f91c1c024d592cde1ec88b7a036,oi_conf_0002.ROLE_B,"{""actions"":[{""action"":""ACTION_P"",""expected_value"":""0""},{""action"":""ACTION_Q"",""expected_value"":""9""}],""final_action"":""ACTION_Q""}",original,ACTION_Q,False
ai2_olmo.oi_conf_0002.ROLE_B.correction.modified,4.324759006500244,ai2_olmo.oi_conf_0002.ROLE_B.correction,correction,ai2_olmo,local-tree-eb8c3dce0af34c1de12a6d57f0f4a594e0ab8a707ffe43b38836d014a99edda4,ACTION_P,"[5018, 4109, 794, 58, 5018, 1335, 794, 1, 42995, 1106, 498, 1, 7475, 3220, 794, 1, 1114, 14682, 5018, 1335, 794, 1, 42995, 13640, 498, 1, 7475, 3220, 794, 1, 972, 9388, 1145, 1, 12085, 8090, 794, 1, 42995, 13640, 9388, 100257]",b1459e658de125eab78e0d829ec0fbd5b79b07c2c91be06ce5026c827e024cfa,oi_conf_0002.ROLE_B,"{""actions"":[{""action"":""ACTION_P"",""expected_value"":""17""},{""action"":""ACTION_Q"",""expected_value"":""18""}],""final_action"":""ACTION_Q""}",modified,ACTION_Q,False
ai2_olmo.oi_conf_0003.ROLE_A.correction.original,3.992150068283081,ai2_olmo.oi_conf_0003.ROLE_A.correction,correction,ai2_olmo,local-tree-eb8c3dce0af34c1de12a6d57f0f4a594e0ab8a707ffe43b38836d014a99edda4,ACTION_P,"[5018, 4109, 794, 58, 5018, 1335, 794, 1, 42995, 1106, 498, 1, 7475, 3220, 794, 1, 19, 14, 18, 14682, 5018, 1335, 794, 1, 42995, 13640, 498, 1, 7475, 3220, 794, 1, 868, 14, 18, 9388, 1145, 1, 12085, 8090, 794, 1, 42995, 13640, 9388, 100257]",4ba73066ec6291b814dd3db488b7890410a99e0137416c7c0fea8bebafb26fe4,oi_conf_0003.ROLE_A,"{""actions"":[{""action"":""ACTION_P"",""expected_value"":""4/3""},{""action"":""ACTION_Q"",""expected_value"":""15/3""}],""final_action"":""ACTION_Q""}",original,ACTION_Q,False
ai2_olmo.oi_conf_0003.ROLE_A.correction.modified,3.8137447834014893,ai2_olmo.oi_conf_0003.ROLE_A.correction,correction,ai2_olmo,local-tree-eb8c3dce0af34c1de12a6d57f0f4a594e0ab8a707ffe43b38836d014a99edda4,ACTION_P,"[5018, 4109, 794, 58, 5018, 1335, 794, 1, 42995, 1106, 498, 1, 7475, 3220, 794, 1, 19, 14, 18, 37609, 1335, 794, 1, 42995, 13640, 498, 1, 7475, 3220, 794, 35394, 19, 14, 18, 9388, 1145, 1, 12085, 8090, 794, 1, 42995, 13640, 9388, 100257]",505df68c451be1980268d14aa00c2c2af41b366b866d32e3d126a4a5aaf3172e,oi_conf_0003.ROLE_A,"{""actions"":[{""action"":""ACTION_P"",""expected_value"":""4/3""},{""action"":""ACTION_Q"",""expected_value"":""-4/3""}],""final_action"":""ACTION_Q""}",modified,ACTION_Q,False
ai2_olmo.oi_conf_0003.ROLE_B.correction.original,4.657749176025391,ai2_olmo.oi_conf_0003.ROLE_B.correction,correction,ai2_olmo,local-tree-eb8c3dce0af34c1de12a6d57f0f4a594e0ab8a707ffe43b38836d014a99edda4,ACTION_Q,"[5018, 4109, 794, 58, 5018, 1335, 794, 1, 42995, 1106, 498, 1, 7475, 3220, 3332, 605, 14, 18, 14682, 5018, 1335, 794, 1, 42995, 13640, 498, 1, 7475, 3220, 3332, 966, 14, 18, 9388, 1145, 1, 12085, 8090, 794, 1, 42995, 13640, 9388, 100257]",0bdb722995b6cf2ca14219bf221c2528b590e6a047fce283d8a3678fb3cae1a5,oi_conf_0003.ROLE_B,"{""actions"":[{""action"":""ACTION_P"",""expected_value"":""10/3""},{""action"":""ACTION_Q"",""expected_value"":""30/3""}],""final_action"":""ACTION_Q""}",original,ACTION_Q,True
ai2_olmo.oi_conf_0003.ROLE_B.correction.modified,3.8298935890197754,ai2_olmo.oi_conf_0003.ROLE_B.correction,correction,ai2_olmo,local-tree-eb8c3dce0af34c1de12a6d57f0f4a594e0ab8a707ffe43b38836d014a99edda4,ACTION_Q,"[5018, 4109, 794, 58, 5018, 1335, 794, 1, 42995, 1106, 498, 1, 7475, 3220, 3332, 975, 14682, 5018, 1335, 794, 1, 42995, 13640, 498, 1, 7475, 3220, 3332, 845, 9388, 1145, 1, 12085, 8090, 794, 1, 42995, 13640, 9388, 100257]",d7db08873617edf020f667a5d8a6ac2fb4c3a7f36de1cec425c61297d424949b,oi_conf_0003.ROLE_B,"{""actions"":[{""action"":""ACTION_P"",""expected_value"":""14""},{""action"":""ACTION_Q"",""expected_value"":""16""}],""final_action"":""ACTION_Q""}",modified,ACTION_Q,True
ai2_olmo.oi_conf_0004.ROLE_A.correction.original,4.374882936477661,ai2_olmo.oi_conf_0004.ROLE_A.correction,correction,ai2_olmo,local-tree-eb8c3dce0af34c1de12a6d57f0f4a594e0ab8a707ffe43b38836d014a99edda4,ACTION_P,"[5018, 4109, 794, 58, 5018, 1335, 794, 1, 42995, 1106, 498, 1, 7475, 3220, 794, 1, 21, 14682, 5018, 1335, 794, 1, 42995, 13640, 498, 1, 7475, 3220, 794, 1, 23, 9388, 1145, 1, 12085, 8090, 794, 1, 42995, 13640, 9388, 100257]",5721323781dda7b716f6f6ef3a3cfc27b2e1335310de4fb0f1d0de0e62d5d85c,oi_conf_0004.ROLE_A,"{""actions"":[{""action"":""ACTION_P"",""expected_value"":""6""},{""action"":""ACTION_Q"",""expected_value"":""8""}],""final_action"":""ACTION_Q""}",original,ACTION_Q,False
ai2_olmo.oi_conf_0004.ROLE_A.correction.modified,3.8750035762786865,ai2_olmo.oi_conf_0004.ROLE_A.correction,correction,ai2_olmo,local-tree-eb8c3dce0af34c1de12a6d57f0f4a594e0ab8a707ffe43b38836d014a99edda4,ACTION_P,"[5018, 4109, 794, 58, 5018, 1335, 794, 1, 42995, 1106, 498, 1, 7475, 3220, 794, 1, 21, 14682, 5018, 1335, 794, 1, 42995, 13640, 498, 1, 7475, 3220, 794, 1, 845, 9388, 1145, 1, 12085, 8090, 794, 1, 42995, 13640, 9388, 100257]",42eabb112091f1fe44b9f5c48c41d9ed8df099e88e1b305a5ebe1782cef4fa56,oi_conf_0004.ROLE_A,"{""actions"":[{""action"":""ACTION_P"",""expected_value"":""6""},{""action"":""ACTION_Q"",""expected_value"":""16""}],""final_action"":""ACTION_Q""}",modified,ACTION_Q,False
ai2_olmo.oi_conf_0004.ROLE_B.correction.original,4.31151008605957,ai2_olmo.oi_conf_0004.ROLE_B.correction,correction,ai2_olmo,local-tree-eb8c3dce0af34c1de12a6d57f0f4a594e0ab8a707ffe43b38836d014a99edda4,ACTION_Q,"[5018, 4109, 794, 58, 5018, 1335, 794, 1, 42995, 1106, 498, 1, 7475, 3220, 794, 1, 21, 14682, 5018, 1335, 794, 1, 42995, 13640, 498, 1, 7475, 3220, 794, 1, 23, 9388, 1145, 1, 12085, 8090, 794, 1, 42995, 13640, 9388, 100257]",5721323781dda7b716f6f6ef3a3cfc27b2e1335310de4fb0f1d0de0e62d5d85c,oi_conf_0004.ROLE_B,"{""actions"":[{""action"":""ACTION_P"",""expected_value"":""6""},{""action"":""ACTION_Q"",""expected_value"":""8""}],""final_action"":""ACTION_Q""}",original,ACTION_Q,True
ai2_olmo.oi_conf_0004.ROLE_B.correction.modified,3.88529109954834,ai2_olmo.oi_conf_0004.ROLE_B.correction,correction,ai2_olmo,local-tree-eb8c3dce0af34c1de12a6d57f0f4a594e0ab8a707ffe43b38836d014a99edda4,ACTION_Q,"[5018, 4109, 794, 58, 5018, 1335, 794, 1, 42995, 1106, 498, 1, 7475, 3220, 794, 35394, 16, 14682, 5018, 1335, 794, 1, 42995, 13640, 498, 1, 7475, 3220, 794, 35394, 21, 9388, 1145, 1, 12085, 8090, 794, 1, 42995, 13640, 9388, 100257]",674476c3932d32f7974432ba89bf935018d6c6b3cc3eb815783073a40bd6d139,oi_conf_0004.ROLE_B,"{""actions"":[{""action"":""ACTION_P"",""expected_value"":""-1""},{""action"":""ACTION_Q"",""expected_value"":""-6""}],""final_action"":""ACTION_Q""}",modified,ACTION_Q,True
ai2_olmo.oi_conf_0005.ROLE_A.correction.original,4.337096452713013,ai2_olmo.oi_conf_0005.ROLE_A.correction,correction,ai2_olmo,local-tree-eb8c3dce0af34c1de12a6d57f0f4a594e0ab8a707ffe43b38836d014a99edda4,ACTION_Q,"[5018, 4109, 794, 58, 5018, 1335, 794, 1, 42995, 1106, 498, 1, 7475, 3220, 794, 1, 20, 14682, 5018, 1335, 794, 1, 42995, 13640, 498, 1, 7475, 3220, 794, 1, 21, 9388, 1145, 1, 12085, 8090, 794, 1, 42995, 13640, 9388, 100257]",3e59469b99d9417e3a39917a9f67994ab004f1b8cc04721726aa8cc333204521,oi_conf_0005.ROLE_A,"{""actions"":[{""action"":""ACTION_P"",""expected_value"":""5""},{""action"":""ACTION_Q"",""expected_value"":""6""}],""final_action"":""ACTION_Q""}",original,ACTION_Q,True
ai2_olmo.oi_conf_0005.ROLE_A.correction.modified,3.8826828002929688,ai2_olmo.oi_conf_0005.ROLE_A.correction,correction,ai2_olmo,local-tree-eb8c3dce0af34c1de12a6d57f0f4a594e0ab8a707ffe43b38836d014a99edda4,ACTION_Q,"[5018, 4109, 794, 58, 5018, 1335, 794, 1, 42995, 1106, 498, 1, 7475, 3220, 794, 1, 20, 14682, 5018, 1335, 794, 1, 42995, 13640, 498, 1, 7475, 3220, 794, 1, 972, 9388, 1145, 1, 12085, 8090, 794, 1, 42995, 13640, 9388, 100257]",57bc9ca986b6440de90286a5fb742e7ff9532b3fa2d3f23e7e9eb1e95a6093f6,oi_conf_0005.ROLE_A,"{""actions"":[{""action"":""ACTION_P"",""expected_value"":""5""},{""action"":""ACTION_Q"",""expected_value"":""18""}],""final_action"":""ACTION_Q""}",modified,ACTION_Q,True
ai2_olmo.oi_conf_0005.ROLE_B.correction.original,3.7567684650421143,ai2_olmo.oi_conf_0005.ROLE_B.correction,correction,ai2_olmo,local-tree-eb8c3dce0af34c1de12a6d57f0f4a594e0ab8a707ffe43b38836d014a99edda4,ACTION_P,"[5018, 4109, 794, 58, 5018, 1335, 794, 1, 42995, 1106, 498, 1, 7475, 3220, 794, 1, 20, 14682, 5018, 1335, 794, 1, 42995, 13640, 498, 1, 7475, 3220, 794, 1, 21, 9388, 1145, 1, 12085, 8090, 794, 1, 42995, 13640, 9388, 100257]",3e59469b99d9417e3a39917a9f67994ab004f1b8cc04721726aa8cc333204521,oi_conf_0005.ROLE_B,"{""actions"":[{""action"":""ACTION_P"",""expected_value"":""5""},{""action"":""ACTION_Q"",""expected_value"":""6""}],""final_action"":""ACTION_Q""}",original,ACTION_Q,False
ai2_olmo.oi_conf_0005.ROLE_B.correction.modified,4.700127124786377,ai2_olmo.oi_conf_0005.ROLE_B.correction,correction,ai2_olmo,local-tree-eb8c3dce0af34c1de12a6d57f0f4a594e0ab8a707ffe43b38836d014a99edda4,ACTION_P,"[5018, 4109, 794, 58, 5018, 1335, 794, 1, 42995, 1106, 498, 1, 7475, 3220, 794, 1, 16, 14, 18, 9388, 55829, 1335, 794, 1, 42995, 13640, 498, 1, 7475, 3220, 794, 1, 17, 14, 18, 9388, 1145, 1, 12085, 8090, 794, 1, 42995, 13640, 9388, 100257]",f7a368494da338ffe2885077c1cf5bb8cab73ad3bdf7df43395cc94b05c90709,oi_conf_0005.ROLE_B,"{""actions"":[{""action"":""ACTION_P"",""expected_value"":""1/3""},{""action"":""ACTION_Q"",""expected_value"":""2/3""}],""final_action"":""ACTION_Q""}",modified,ACTION_Q,False
ai2_olmo.oi_conf_0006.ROLE_A.correction.original,3.9076099395751953,ai2_olmo.oi_conf_0006.ROLE_A.correction,correction,ai2_olmo,local-tree-eb8c3dce0af34c1de12a6d57f0f4a594e0ab8a707ffe43b38836d014a99edda4,ACTION_Q,"[5018, 4109, 794, 58, 5018, 1335, 794, 1, 42995, 1106, 498, 1, 7475, 3220, 794, 35394, 21, 14682, 5018, 1335, 794, 1, 42995, 13640, 498, 1, 7475, 3220, 794, 1, 20, 14, 17, 9388, 1145, 1, 12085, 8090, 794, 1, 42995, 13640, 9388, 100257]",83ccd8f7596c025d922a2b1e5e60dbea21b6b779ac20b0d50a0a3bf971ecf2e1,oi_conf_0006.ROLE_A,"{""actions"":[{""action"":""ACTION_P"",""expected_value"":""-6""},{""action"":""ACTION_Q"",""expected_value"":""5/2""}],""final_action"":""ACTION_Q""}",original,ACTION_Q,True
ai2_olmo.oi_conf_0006.ROLE_A.correction.modified,4.3495728969573975,ai2_olmo.oi_conf_0006.ROLE_A.correction,correction,ai2_olmo,local-tree-eb8c3dce0af34c1de12a6d57f0f4a594e0ab8a707ffe43b38836d014a99edda4,ACTION_Q,"[5018, 4109, 794, 58, 5018, 1335, 794, 1, 42995, 1106, 498, 1, 7475, 3220, 794, 35394, 845, 14682, 5018, 1335, 794, 1, 42995, 13640, 498, 1, 7475, 3220, 794, 35394, 806, 9388, 1145, 1, 12085, 8090, 794, 1, 42995, 1106, 9388, 100257]",96ccd82eda532839361e89f413602c70f44f0da7b9fac5380a543ef08e6b3c47,oi_conf_0006.ROLE_A,"{""actions"":[{""action"":""ACTION_P"",""expected_value"":""-16""},{""action"":""ACTION_Q"",""expected_value"":""-11""}],""final_action"":""ACTION_P""}",modified,ACTION_P,False
ai2_olmo.oi_conf_0006.ROLE_B.correction.original,3.924816608428955,ai2_olmo.oi_conf_0006.ROLE_B.correction,correction,ai2_olmo,local-tree-eb8c3dce0af34c1de12a6d57f0f4a594e0ab8a707ffe43b38836d014a99edda4,ACTION_P,"[5018, 4109, 794, 58, 5018, 1335, 794, 1, 42995, 1106, 498, 1, 7475, 3220, 794, 35394, 21, 14682, 5018, 1335, 794, 1, 42995, 13640, 498, 1, 7475, 3220, 794, 1, 20, 14, 17, 9388, 1145, 1, 12085, 8090, 794, 1, 42995, 13640, 9388, 100257]",83ccd8f7596c025d922a2b1e5e60dbea21b6b779ac20b0d50a0a3bf971ecf2e1,oi_conf_0006.ROLE_B,"{""actions"":[{""action"":""ACTION_P"",""expected_value"":""-6""},{""action"":""ACTION_Q"",""expected_value"":""5/2""}],""final_action"":""ACTION_Q""}",original,ACTION_Q,False
ai2_olmo.oi_conf_0006.ROLE_B.correction.modified,4.2998974323272705,ai2_olmo.oi_conf_0006.ROLE_B.correction,correction,ai2_olmo,local-tree-eb8c3dce0af34c1de12a6d57f0f4a594e0ab8a707ffe43b38836d014a99edda4,ACTION_P,"[5018, 4109, 794, 58, 5018, 1335, 794, 1, 42995, 1106, 498, 1, 7475, 3220, 3332, 1627, 14682, 5018, 1335, 794, 1, 42995, 13640, 498, 1, 7475, 3220, 3332, 2148, 9388, 1145, 1, 12085, 8090, 794, 1, 42995, 13640, 9388, 100257]",1e77c8433f950ed023afa686344e93905b45612b8c6e5a2ac1483c01cf487d15,oi_conf_0006.ROLE_B,"{""actions"":[{""action"":""ACTION_P"",""expected_value"":""26""},{""action"":""ACTION_Q"",""expected_value"":""31""}],""final_action"":""ACTION_Q""}",modified,ACTION_Q,False
ai2_olmo.oi_conf_0007.ROLE_A.correction.original,3.888148546218872,ai2_olmo.oi_conf_0007.ROLE_A.correction,correction,ai2_olmo,local-tree-eb8c3dce0af34c1de12a6d57f0f4a594e0ab8a707ffe43b38836d014a99edda4,ACTION_P,"[5018, 4109, 794, 58, 5018, 1335, 794, 1, 42995, 1106, 498, 1, 7475, 3220, 794, 1, 24, 14682, 5018, 1335, 794, 1, 42995, 13640, 498, 1, 7475, 3220, 794, 1, 17, 9388, 1145, 1, 12085, 8090, 794, 1, 42995, 13640, 9388, 100257]",e6e943d485ee36774ff5b88ca76ba27f2ef14d3d45706f8ab211b1261a81b3ac,oi_conf_0007.ROLE_A,"{""actions"":[{""action"":""ACTION_P"",""expected_value"":""9""},{""action"":""ACTION_Q"",""expected_value"":""2""}],""final_action"":""ACTION_Q""}",original,ACTION_Q,False
ai2_olmo.oi_conf_0007.ROLE_A.correction.modified,3.762091636657715,ai2_olmo.oi_conf_0007.ROLE_A.correction,correction,ai2_olmo,local-tree-eb8c3dce0af34c1de12a6d57f0f4a594e0ab8a707ffe43b38836d014a99edda4,ACTION_P,"[5018, 4109, 794, 58, 5018, 1335, 794, 1, 42995, 1106, 498, 1, 7475, 3220, 794, 35394, 17, 14682, 5018, 1335, 794, 1, 42995, 13640, 498, 1, 7475, 3220, 794, 35394, 22, 9388, 1145, 1, 12085, 8090, 794, 1, 42995, 13640, 9388, 100257]",f77143dc7c3890f008bbde13086c67f407b0f02b9e2d7e8677613f8e76cf4517,oi_conf_0007.ROLE_A,"{""actions"":[{""action"":""ACTION_P"",""expected_value"":""-2""},{""action"":""ACTION_Q"",""expected_value"":""-7""}],""final_action"":""ACTION_Q""}",modified,ACTION_Q,False
ai2_olmo.oi_conf_0007.ROLE_B.correction.original,4.604597091674805,ai2_olmo.oi_conf_0007.ROLE_B.correction,correction,ai2_olmo,local-tree-eb8c3dce0af34c1de12a6d57f0f4a594e0ab8a707ffe43b38836d014a99edda4,ACTION_Q,"[5018, 4109, 794, 58, 5018, 1335, 794, 1, 42995, 1106, 498, 1, 7475, 3220, 794, 1, 24, 14682, 5018, 1335, 794, 1, 42995, 13640, 498, 1, 7475, 3220, 794, 1, 1544, 14, 17, 9388, 1145, 1, 12085, 8090, 794, 1, 42995, 13640, 9388, 100257]",5cfeb828061ab7efdbda37c2b00b14aca73c23dbd190a65e662885c5ea31b85f,oi_conf_0007.ROLE_B,"{""actions"":[{""action"":""ACTION_P"",""expected_value"":""9""},{""action"":""ACTION_Q"",""expected_value"":""27/2""}],""final_action"":""ACTION_Q""}",original,ACTION_Q,True
ai2_olmo.oi_conf_0007.ROLE_B.correction.modified,3.774409055709839,ai2_olmo.oi_conf_0007.ROLE_B.correction,correction,ai2_olmo,local-tree-eb8c3dce0af34c1de12a6d57f0f4a594e0ab8a707ffe43b38836d014a99edda4,ACTION_Q,"[5018, 4109, 794, 58, 5018, 1335, 794, 1, 42995, 1106, 498, 1, 7475, 3220, 3332, 868, 14682, 5018, 1335, 794, 1, 42995, 13640, 498, 1, 7475, 3220, 3332, 1544, 9388, 1145, 1, 12085, 8090, 794, 1, 42995, 13640, 9388, 100257]",1184799b24036ffbd3f0162370839fd1d87de30231ff82381885f85899a1ad9b,oi_conf_0007.ROLE_B,"{""actions"":[{""action"":""ACTION_P"",""expected_value"":""15""},{""action"":""ACTION_Q"",""expected_value"":""27""}],""final_action"":""ACTION_Q""}",modified,ACTION_Q,True
ai2_olmo.oi_conf_0008.ROLE_A.correction.original,4.140388488769531,ai2_olmo.oi_conf_0008.ROLE_A.correction,correction,ai2_olmo,local-tree-eb8c3dce0af34c1de12a6d57f0f4a594e0ab8a707ffe43b38836d014a99edda4,ACTION_P,"[5018, 4109, 794, 58, 5018, 1335, 794, 1, 42995, 13640, 498, 1, 7475, 3220, 3332, 20, 14, 21, 37609, 1335, 794, 1, 42995, 1106, 2247, 7475, 3220, 3332, 806, 9388, 1145, 1, 12085, 8090, 794, 1, 42995, 1106, 9388, 100257]",26b2a5887753ddded0f257ef72d234701fc3032359432450e5d89ed2f811e4b9,oi_conf_0008.ROLE_A,"{""actions"":[{""action"":""ACTION_Q"",""expected_value"":""5/6""},{""action"":""ACTION_P"",""expected_value"":""11""}],""final_action"":""ACTION_P""}",original,ACTION_P,True
ai2_olmo.oi_conf_0008.ROLE_A.correction.modified,4.196623086929321,ai2_olmo.oi_conf_0008.ROLE_A.correction,correction,ai2_olmo,local-tree-eb8c3dce0af34c1de12a6d57f0f4a594e0ab8a707ffe43b38836d014a99edda4,ACTION_P,"[5018, 4109, 794, 58, 5018, 1335, 794, 1, 42995, 13640, 498, 1, 7475, 3220, 3332, 914, 14682, 5018, 1335, 794, 1, 42995, 1106, 498, 1, 7475, 3220, 3332, 972, 9388, 1145, 1, 12085, 8090, 794, 1, 42995, 1106, 9388, 100257]",a6843f20d16ddbe30d3fd6ba4dd01db0ff62c8dd9aa952d4643d44e7f0b53cbd,oi_conf_0008.ROLE_A,"{""actions"":[{""action"":""ACTION_Q"",""expected_value"":""25""},{""action"":""ACTION_P"",""expected_value"":""18""}],""final_action"":""ACTION_P""}",modified,ACTION_P,True
ai2_olmo.oi_conf_0008.ROLE_B.correction.original,3.728543281555176,ai2_olmo.oi_conf_0008.ROLE_B.correction,correction,ai2_olmo,local-tree-eb8c3dce0af34c1de12a6d57f0f4a594e0ab8a707ffe43b38836d014a99edda4,ACTION_Q,"[5018, 4109, 794, 58, 5018, 1335, 794, 1, 42995, 13640, 498, 1, 7475, 3220, 3332, 20, 14, 21, 37609, 1335, 794, 1, 42995, 1106, 2247, 7475, 3220, 3332, 806, 9388, 1145, 1, 12085, 8090, 794, 1, 42995, 1106, 9388, 100257]",26b2a5887753ddded0f257ef72d234701fc3032359432450e5d89ed2f811e4b9,oi_conf_0008.ROLE_B,"{""actions"":[{""action"":""ACTION_Q"",""expected_value"":""5/6""},{""action"":""ACTION_P"",""expected_value"":""11""}],""final_action"":""ACTION_P""}",original,ACTION_P,False
ai2_olmo.oi_conf_0008.ROLE_B.correction.modified,4.628315448760986,ai2_olmo.oi_conf_0008.ROLE_B.correction,correction,ai2_olmo,local-tree-eb8c3dce0af34c1de12a6d57f0f4a594e0ab8a707ffe43b38836d014a99edda4,ACTION_Q,"[5018, 4109, 794, 58, 5018, 1335, 794, 1, 42995, 13640, 498, 1, 7475, 3220, 3332, 16, 14, 21, 14682, 5018, 1335, 794, 1, 42995, 1106, 498, 1, 7475, 3220, 3332, 20, 14, 21, 9388, 1145, 1, 12085, 8090, 794, 1, 42995, 1106, 9388, 100257]",1c4cbb42224cb7f9cc007e8101b93aa41fd495e99068015bbd1254300d332269,oi_conf_0008.ROLE_B,"{""actions"":[{""action"":""ACTION_Q"",""expected_value"":""1/6""},{""action"":""ACTION_P"",""expected_value"":""5/6""}],""final_action"":""ACTION_P""}",modified,ACTION_P,False
ai2_olmo.oi_conf_0009.ROLE_A.correction.original,3.778317928314209,ai2_olmo.oi_conf_0009.ROLE_A.correction,correction,ai2_olmo,local-tree-eb8c3dce0af34c1de12a6d57f0f4a594e0ab8a707ffe43b38836d014a99edda4,ACTION_Q,"[5018, 4109, 794, 58, 5018, 1335, 794, 1, 42995, 13640, 498, 1, 7475, 3220, 3332, 23, 14682, 5018, 1335, 794, 1, 42995, 1106, 498, 1, 7475, 3220, 3332, 21, 9388, 1145, 1, 12085, 8090, 794, 1, 42995, 1106, 9388, 100257]",cf512f026e337d5a2d86fdc804a5a67890efad425ff7b0bcc110b6c6a5ac5895,oi_conf_0009.ROLE_A,"{""actions"":[{""action"":""ACTION_Q"",""expected_value"":""8""},{""action"":""ACTION_P"",""expected_value"":""6""}],""final_action"":""ACTION_P""}",original,ACTION_P,False
ai2_olmo.oi_conf_0009.ROLE_A.correction.modified,4.133960485458374,ai2_olmo.oi_conf_0009.ROLE_A.correction,correction,ai2_olmo,local-tree-eb8c3dce0af34c1de12a6d57f0f4a594e0ab8a707ffe43b38836d014a99edda4,ACTION_Q,"[5018, 4109, 794, 58, 5018, 1335, 794, 1, 42995, 13640, 498, 1, 7475, 3220, 3332, 23, 14682, 5018, 1335, 794, 1, 42995, 1106, 498, 1, 7475, 3220, 3332, 21, 9388, 1145, 1, 12085, 8090, 794, 1, 42995, 1106, 9388, 100257]",c088c42da2d34201bd281ac50343937e962ca321c1cc70b360fe38da833dda96,oi_conf_0009.ROLE_A,"{""actions"":[{""action"":""ACTION_Q"",""expected_value"":""8""},{""action"":""ACTION_P"",""expected_value"":""6""}],""final_action"":""ACTION_P""}",modified,ACTION_P,False
ai2_olmo.oi_conf_0009.ROLE_B.correction.original,4.198434352874756,ai2_olmo.oi_conf_0009.ROLE_B.correction,correction,ai2_olmo,local-tree-eb8c3dce0af34c1de12a6d57f0f4a594e0ab8a707ffe43b38836d014a99edda4,ACTION_P,"[5018, 4109, 794, 58, 5018, 1335, 794, 1, 42995, 13640, 498, 1, 7475, 3220, 3332, 23, 14682, 5018, 1335, 794, 1, 42995, 1106, 498, 1, 7475, 3220, 3332, 21, 9388, 1145, 1, 12085, 8090, 794, 1, 42995, 1106, 9388, 100257]",cf512f026e337d5a2d86fdc804a5a67890efad425ff7b0bcc110b6c6a5ac5895,oi_conf_0009.ROLE_B,"{""actions"":[{""action"":""ACTION_Q"",""expected_value"":""8""},{""action"":""ACTION_P"",""expected_value"":""6""}],""final_action"":""ACTION_P""}",original,ACTION_P,True
ai2_olmo.oi_conf_0009.ROLE_B.correction.modified,3.722874641418457,ai2_olmo.oi_conf_0009.ROLE_B.correction,correction,ai2_olmo,local-tree-eb8c3dce0af34c1de12a6d57f0f4a594e0ab8a707ffe43b38836d014a99edda4,ACTION_P,"[5018, 4109, 794, 58, 5018, 1335, 794, 1, 42995, 13640, 498, 1, 7475, 3220, 3332, 15, 14682, 5018, 1335, 794, 1, 42995, 1106, 498, 1, 7475, 3220, 3332, 15, 9388, 1145, 1, 12085, 8090, 794, 1, 42995, 13640, 9388, 100257]",4beb1d53e2eefe78f41a67f0326ee8b4bb0bc3ee2a0eab8d8c41e0012e14178e,oi_conf_0009.ROLE_B,"{""actions"":[{""action"":""ACTION_Q"",""expected_value"":""0""},{""action"":""ACTION_P"",""expected_value"":""0""}],""final_action"":""ACTION_Q""}",modified,ACTION_Q,False
ai2_olmo.oi_conf_0010.ROLE_A.correction.original,4.694407224655151,ai2_olmo.oi_conf_0010.ROLE_A.correction,correction,ai2_olmo,local-tree-eb8c3dce0af34c1de12a6d57f0f4a594e0ab8a707ffe43b38836d014a99edda4,ACTION_Q,"[5018, 4109, 794, 58, 5018, 1335, 794, 1, 42995, 13640, 498, 1, 7475, 3220, 3332, 22, 20, 14, 17, 9388, 55829, 1335, 794, 1, 42995, 1106, 498, 1, 7475, 3220, 3332, 914, 14, 17, 9388, 1145, 1, 12085, 8090, 794, 1, 42995, 1106, 9388, 100257]",fe7f037c3417995e887320a407f37888fc5cc8a90b53b7ee9c31089f6bddab51,oi_conf_0010.ROLE_A,"{""actions"":[{""action"":""ACTION_Q"",""expected_value"":""75/2""},{""action"":""ACTION_P"",""expected_value"":""25/2""}],""final_action"":""ACTION_P""}",original,ACTION_P,False
ai2_olmo.oi_conf_0010.ROLE_A.correction.modified,3.856036424636841,ai2_olmo.oi_conf_0010.ROLE_A.correction,correction,ai2_olmo,local-tree-eb8c3dce0af34c1de12a6d57f0f4a594e0ab8a707ffe43b38836d014a99edda4,ACTION_Q,"[5018, 4109, 794, 58, 5018, 1335, 794, 1, 42995, 13640, 498, 1, 7475, 3220, 3332, 22, 14682, 5018, 1335, 794, 1, 42995, 1106, 498, 1, 7475, 3220, 3332, 15, 9388, 1145, 1, 12085, 8090, 794, 1, 42995, 1106, 9388, 100257]",3becf86b954cc5890fa21de669d4cc713fff33b6b3375a209372c7b72859a127,oi_conf_0010.ROLE_A,"{""actions"":[{""action"":""ACTION_Q"",""expected_value"":""7""},{""action"":""ACTION_P"",""expected_value"":""0""}],""final_action"":""ACTION_P""}",modified,ACTION_P,False
ai2_olmo.oi_conf_0010.ROLE_B.correction.original,4.466772556304932,ai2_olmo.oi_conf_0010.ROLE_B.correction,correction,ai2_olmo,local-tree-eb8c3dce0af34c1de12a6d57f0f4a594e0ab8a707ffe43b38836d014a99edda4,ACTION_P,"[5018, 4109, 794, 58, 5018, 1335, 794, 1, 42995, 13640, 498, 1, 7475, 3220, 3332, 22, 20, 14, 17, 9388, 55829, 1335, 794, 1, 42995, 1106, 498, 1, 7475, 3220, 3332, 914, 14, 17, 9388, 1145, 1, 12085, 8090, 794, 1, 42995, 1106, 9388, 100257]",fe7f037c3417995e887320a407f37888fc5cc8a90b53b7ee9c31089f6bddab51,oi_conf_0010.ROLE_B,"{""actions"":[{""action"":""ACTION_Q"",""expected_value"":""75/2""},{""action"":""ACTION_P"",""expected_value"":""25/2""}],""final_action"":""ACTION_P""}",original,ACTION_P,True
ai2_olmo.oi_conf_0010.ROLE_B.correction.modified,3.870445489883423,ai2_olmo.oi_conf_0010.ROLE_B.correction,correction,ai2_olmo,local-tree-eb8c3dce0af34c1de12a6d57f0f4a594e0ab8a707ffe43b38836d014a99edda4,ACTION_P,"[5018, 4109, 794, 58, 5018, 1335, 794, 1, 42995, 13640, 498, 1, 7475, 3220, 3332, 1114, 14682, 5018, 1335, 794, 1, 42995, 1106, 498, 1, 7475, 3220, 3332, 1927, 9388, 1145, 1, 12085, 8090, 794, 1, 42995, 1106, 9388, 100257]",3f3700a98a5d92e7facf55a10ed76d17285478785b9f3cfc75be5d04c9fe86c5,oi_conf_0010.ROLE_B,"{""actions"":[{""action"":""ACTION_Q"",""expected_value"":""17""},{""action"":""ACTION_P"",""expected_value"":""36""}],""final_action"":""ACTION_P""}",modified,ACTION_P,True
ai2_olmo.oi_conf_0011.ROLE_A.correction.original,4.339604139328003,ai2_olmo.oi_conf_0011.ROLE_A.correction,correction,ai2_olmo,local-tree-eb8c3dce0af34c1de12a6d57f0f4a594e0ab8a707ffe43b38836d014a99edda4,ACTION_P,"[5018, 4109, 794, 58, 5018, 1335, 794, 1, 42995, 13640, 498, 1, 7475, 3220, 794, 35394, 17, 14682, 5018, 1335, 794, 1, 42995, 1106, 498, 1, 7475, 3220, 794, 1, 16, 9388, 1145, 1, 12085, 8090, 794, 1, 42995, 1106, 9388, 100257]",a046822f9c0d889a4e4f259eaef0ca421824936a42797c2295fcd0c34d000b99,oi_conf_0011.ROLE_A,"{""actions"":[{""action"":""ACTION_Q"",""expected_value"":""-2""},{""action"":""ACTION_P"",""expected_value"":""1""}],""final_action"":""ACTION_P""}",original,ACTION_P,True
ai2_olmo.oi_conf_0011.ROLE_A.correction.modified,3.865231990814209,ai2_olmo.oi_conf_0011.ROLE_A.correction,correction,ai2_olmo,local-tree-eb8c3dce0af34c1de12a6d57f0f4a594e0ab8a707ffe43b38836d014a99edda4,ACTION_P,"[5018, 4109, 794, 58, 5018, 1335, 794, 1, 42995, 13640, 498, 1, 7475, 3220, 3332, 15, 14682, 5018, 1335, 794, 1, 42995, 1106, 498, 1, 7475, 3220, 3332, 15, 9388, 1145, 1, 12085, 8090, 794, 1, 42995, 1106, 9388, 100257]",3ecb9c4988cce2b97b088e4aede68825b30e27cb9e7440738b9a638c7f572cdb,oi_conf_0011.ROLE_A,"{""actions"":[{""action"":""ACTION_Q"",""expected_value"":""0""},{""action"":""ACTION_P"",""expected_value"":""0""}],""final_action"":""ACTION_P""}",modified,ACTION_P,True
ai2_olmo.oi_conf_0011.ROLE_B.correction.original,4.3566741943359375,ai2_olmo.oi_conf_0011.ROLE_B.correction,correction,ai2_olmo,local-tree-eb8c3dce0af34c1de12a6d57f0f4a594e0ab8a707ffe43b38836d014a99edda4,ACTION_Q,"[5018, 4109, 794, 58, 5018, 1335, 794, 1, 42995, 13640, 498, 1, 7475, 3220, 794, 35394, 17, 14682, 5018, 1335, 794, 1, 42995, 1106, 498, 1, 7475, 3220, 794, 1, 16, 9388, 1145, 1, 12085, 8090, 794, 1, 42995, 1106, 9388, 100257]",a046822f9c0d889a4e4f259eaef0ca421824936a42797c2295fcd0c34d000b99,oi_conf_0011.ROLE_B,"{""actions"":[{""action"":""ACTION_Q"",""expected_value"":""-2""},{""action"":""ACTION_P"",""expected_value"":""1""}],""final_action"":""ACTION_P""}",original,ACTION_P,False
ai2_olmo.oi_conf_0011.ROLE_B.correction.modified,3.865414619445801,ai2_olmo.oi_conf_0011.ROLE_B.correction,correction,ai2_olmo,local-tree-eb8c3dce0af34c1de12a6d57f0f4a594e0ab8a707ffe43b38836d014a99edda4,ACTION_Q,"[5018, 4109, 794, 58, 5018, 1335, 794, 1, 42995, 13640, 498, 1, 7475, 3220, 3332, 21, 14682, 5018, 1335, 794, 1, 42995, 1106, 498, 1, 7475, 3220, 3332, 605, 9388, 1145, 1, 12085, 8090, 794, 1, 42995, 1106, 9388, 100257]",d895fd27f1a441ef8b634aebe604bd6334c268bf517236495c8daa08a106a3e4,oi_conf_0011.ROLE_B,"{""actions"":[{""action"":""ACTION_Q"",""expected_value"":""6""},{""action"":""ACTION_P"",""expected_value"":""10""}],""final_action"":""ACTION_P""}",modified,ACTION_P,False
ai2_olmo.oi_conf_0012.ROLE_A.correction.original,3.7875773906707764,ai2_olmo.oi_conf_0012.ROLE_A.correction,correction,ai2_olmo,local-tree-eb8c3dce0af34c1de12a6d57f0f4a594e0ab8a707ffe43b38836d014a99edda4,ACTION_P,"[5018, 4109, 794, 58, 5018, 1335, 794, 1, 42995, 13640, 498, 1, 7475, 3220, 3332, 1135, 14, 18, 14682, 5018, 1335, 794, 1, 42995, 1106, 498, 1, 7475, 3220, 3332, 17, 9388, 1145, 1, 12085, 8090, 794, 1, 42995, 1106, 9388, 100257]",156cdbf836ba78a32655556407d96fa9458a5bdc6d37e76f8460f5f00e7f241b,oi_conf_0012.ROLE_A,"{""actions"":[{""action"":""ACTION_Q"",""expected_value"":""50/3""},{""action"":""ACTION_P"",""expected_value"":""2""}],""final_action"":""ACTION_P""}",original,ACTION_P,True
ai2_olmo.oi_conf_0012.ROLE_A.correction.modified,4.61957311630249,ai2_olmo.oi_conf_0012.ROLE_A.correction,correction,ai2_olmo,local-tree-eb8c3dce0af34c1de12a6d57f0f4a594e0ab8a707ffe43b38836d014a99edda4,ACTION_P,"[5018, 4109, 794, 58, 5018, 1335, 794, 1, 42995, 13640, 498, 1, 7475, 3220, 3332, 1135, 14, 18, 14682, 5018, 1335, 794, 1, 42995, 1106, 498, 1, 7475, 3220, 3332, 1135, 9388, 1145, 1, 12085, 8090, 794, 1, 42995, 1106, 9388, 100257]",74939755f3cf8054c77078abb52b5934b041770f91318c4ae4e507c15fa5784d,oi_conf_0012.ROLE_A,"{""actions"":[{""action"":""ACTION_Q"",""expected_value"":""50/3""},{""action"":""ACTION_P"",""expected_value"":""50""}],""final_action"":""ACTION_P""}",modified,ACTION_P,True
ai2_olmo.oi_conf_0012.ROLE_B.correction.original,3.898496627807617,ai2_olmo.oi_conf_0012.ROLE_B.correction,correction,ai2_olmo,local-tree-eb8c3dce0af34c1de12a6d57f0f4a594e0ab8a707ffe43b38836d014a99edda4,ACTION_Q,"[5018, 4109, 794, 58, 5018, 1335, 794, 1, 42995, 13640, 498, 1, 7475, 3220, 3332, 1135, 14, 18, 14682, 5018, 1335, 794, 1, 42995, 1106, 498, 1, 7475, 3220, 3332, 17, 9388, 1145, 1, 12085, 8090, 794, 1, 42995, 1106, 9388, 100257]",156cdbf836ba78a32655556407d96fa9458a5bdc6d37e76f8460f5f00e7f241b,oi_conf_0012.ROLE_B,"{""actions"":[{""action"":""ACTION_Q"",""expected_value"":""50/3""},{""action"":""ACTION_P"",""expected_value"":""2""}],""final_action"":""ACTION_P""}",original,ACTION_P,False
ai2_olmo.oi_conf_0012.ROLE_B.correction.modified,4.294888734817505,ai2_olmo.oi_conf_0012.ROLE_B.correction,correction,ai2_olmo,local-tree-eb8c3dce0af34c1de12a6d57f0f4a594e0ab8a707ffe43b38836d014a99edda4,ACTION_Q,"[5018, 4109, 794, 58, 5018, 1335, 794, 1, 42995, 13640, 498, 1, 7475, 3220, 3332, 15, 14682, 5018, 1335, 794, 1, 42995, 1106, 498, 1, 7475, 3220, 3332, 12, 18, 9388, 1145, 1, 12085, 8090, 794, 1, 42995, 1106, 9388, 100257]",0256cbe9bce21b04559a3a99e1b41db0ecfdccbbfe116ac195b78c9e7d956bf0,oi_conf_0012.ROLE_B,"{""actions"":[{""action"":""ACTION_Q"",""expected_value"":""0""},{""action"":""ACTION_P"",""expected_value"":""-3""}],""final_action"":""ACTION_P""}",modified,ACTION_P,False
ai2_olmo.oi_conf_0013.ROLE_A.correction.original,3.9002034664154053,ai2_olmo.oi_conf_0013.ROLE_A.correction,correction,ai2_olmo,local-tree-eb8c3dce0af34c1de12a6d57f0f4a594e0ab8a707ffe43b38836d014a99edda4,ACTION_Q,"[5018, 4109, 794, 58, 5018, 1335, 794, 1, 42995, 13640, 498, 1, 7475, 3220, 794, 35394, 24, 14682, 5018, 1335, 794, 1, 42995, 1106, 498, 1, 7475, 3220, 794, 1, 17, 9388, 1145, 1, 12085, 8090, 794, 1, 42995, 1106, 9388, 100257]",285256578953b960ab1b1f286b38978b18de04bdd4c20a095a56257b89927499,oi_conf_0013.ROLE_A,"{""actions"":[{""action"":""ACTION_Q"",""expected_value"":""-9""},{""action"":""ACTION_P"",""expected_value"":""2""}],""final_action"":""ACTION_P""}",original,ACTION_P,False
ai2_olmo.oi_conf_0013.ROLE_A.correction.modified,4.239359140396118,ai2_olmo.oi_conf_0013.ROLE_A.correction,correction,ai2_olmo,local-tree-eb8c3dce0af34c1de12a6d57f0f4a594e0ab8a707ffe43b38836d014a99edda4,ACTION_Q,"[5018, 4109, 794, 58, 5018, 1335, 794, 1, 42995, 13640, 2247, 7475, 3220, 3332, 15, 37609, 1335, 794, 1, 42995, 1106, 2247, 7475, 3220, 3332, 19, 9388, 1145, 1, 12085, 8090, 794, 1, 42995, 1106, 9388, 100257]",30462f870bc20ac9e0c7b50248a21ec72a599d108020e4881e74f9c38321f2c7,oi_conf_0013.ROLE_A,"{""actions"":[{""action"":""ACTION_Q"",""expected_value"":""0""},{""action"":""ACTION_P"",""expected_value"":""4""}],""final_action"":""ACTION_P""}",modified,ACTION_P,False
ai2_olmo.oi_conf_0013.ROLE_B.correction.original,3.905820608139038,ai2_olmo.oi_conf_0013.ROLE_B.correction,correction,ai2_olmo,local-tree-eb8c3dce0af34c1de12a6d57f0f4a594e0ab8a707ffe43b38836d014a99edda4,ACTION_P,"[5018, 4109, 794, 58, 5018, 1335, 794, 1, 42995, 13640, 498, 1, 7475, 3220, 794, 35394, 24, 14682, 5018, 1335, 794, 1, 42995, 1106, 498, 1, 7475, 3220, 794, 1, 17, 9388, 1145, 1, 12085, 8090, 794, 1, 42995, 1106, 9388, 100257]",6192fc1bd7ce78e6162a45680cf0090c979aaa51d54d808588e9f339406dcba4,oi_conf_0013.ROLE_B,"{""actions"":[{""action"":""ACTION_Q"",""expected_value"":""-9""},{""action"":""ACTION_P"",""expected_value"":""2""}],""final_action"":""ACTION_P""}",original,ACTION_P,True
ai2_olmo.oi_conf_0013.ROLE_B.correction.modified,3.7936668395996094,ai2_olmo.oi_conf_0013.ROLE_B.correction,correction,ai2_olmo,local-tree-eb8c3dce0af34c1de12a6d57f0f4a594e0ab8a707ffe43b38836d014a99edda4,ACTION_P,"[5018, 4109, 794, 58, 5018, 1335, 794, 1, 42995, 13640, 498, 1, 7475, 3220, 794, 35394, 24, 14682, 5018, 1335, 794, 1, 42995, 1106, 498, 1, 7475, 3220, 794, 1, 17, 9388, 1145, 1, 12085, 8090, 794, 1, 42995, 1106, 9388, 100257]",b0fba8c74ade424a0dc5d3bc5a90f3cfdc61526ea57b5d8bc0952f416f3daffa,oi_conf_0013.ROLE_B,"{""actions"":[{""action"":""ACTION_Q"",""expected_value"":""-9""},{""action"":""ACTION_P"",""expected_value"":""2""}],""final_action"":""ACTION_P""}",modified,ACTION_P,True
ai2_olmo.oi_conf_0014.ROLE_A.correction.original,4.576486349105835,ai2_olmo.oi_conf_0014.ROLE_A.correction,correction,ai2_olmo,local-tree-eb8c3dce0af34c1de12a6d57f0f4a594e0ab8a707ffe43b38836d014a99edda4,ACTION_Q,"[5018, 4109, 794, 58, 5018, 1335, 794, 1, 42995, 13640, 498, 1, 7475, 3220, 794, 35394, 15, 9388, 55829, 1335, 794, 1, 42995, 1106, 498, 1, 7475, 3220, 794, 1, 975, 9388, 1145, 1, 12085, 8090, 794, 1, 42995, 1106, 9388, 100257]",0c857e7bc1125dad5f883d5108c5e55de4e0f0b65e282dbf54857b096568a079,oi_conf_0014.ROLE_A,"{""actions"":[{""action"":""ACTION_Q"",""expected_value"":""-0""},{""action"":""ACTION_P"",""expected_value"":""14""}],""final_action"":""ACTION_P""}",original,ACTION_P,False
ai2_olmo.oi_conf_0014.ROLE_A.correction.modified,3.8428843021392822,ai2_olmo.oi_conf_0014.ROLE_A.correction,correction,ai2_olmo,local-tree-eb8c3dce0af34c1de12a6d57f0f4a594e0ab8a707ffe43b38836d014a99edda4,ACTION_Q,"[5018, 4109, 794, 58, 5018, 1335, 794, 1, 42995, 13640, 498, 1, 7475, 3220, 794, 35394, 24, 14682, 5018, 1335, 794, 1, 42995, 1106, 498, 1, 7475, 3220, 794, 1, 17, 9388, 1145, 1, 12085, 8090, 794, 1, 42995, 1106, 9388, 100257]",2d26d9381923c4bda46ee40517ff852534280953763f16ef40ea17dfe4828327,oi_conf_0014.ROLE_A,"{""actions"":[{""action"":""ACTION_Q"",""expected_value"":""-9""},{""action"":""ACTION_P"",""expected_value"":""2""}],""final_action"":""ACTION_P""}",modified,ACTION_P,False
ai2_olmo.oi_conf_0014.ROLE_B.correction.original,4.2070088386535645,ai2_olmo.oi_conf_0014.ROLE_B.correction,correction,ai2_olmo,local-tree-eb8c3dce0af34c1de12a6d57f0f4a594e0ab8a707ffe43b38836d014a99edda4,ACTION_P,"[5018, 4109, 794, 58, 5018, 1335, 794, 1, 42995, 13640, 498, 1, 7475, 3220, 794, 35394, 15, 9388, 55829, 1335, 794, 1, 42995, 1106, 498, 1, 7475, 3220, 794, 1, 975, 9388, 1145, 1, 12085, 8090, 794, 1, 42995, 1106, 9388, 100257]",0c857e7bc1125dad5f883d5108c5e55de4e0f0b65e282dbf54857b096568a079,oi_conf_0014.ROLE_B,"{""actions"":[{""action"":""ACTION_Q"",""expected_value"":""-0""},{""action"":""ACTION_P"",""expected_value"":""14""}],""final_action"":""ACTION_P""}",original,ACTION_P,True
ai2_olmo.oi_conf_0014.ROLE_B.correction.modified,4.170814037322998,ai2_olmo.oi_conf_0014.ROLE_B.correction,correction,ai2_olmo,local-tree-eb8c3dce0af34c1de12a6d57f0f4a594e0ab8a707ffe43b38836d014a99edda4,ACTION_P,"[5018, 4109, 794, 58, 5018, 1335, 794, 1, 42995, 13640, 2247, 7475, 3220, 3332, 16, 14682, 5018, 1335, 794, 1, 42995, 1106, 2247, 7475, 3220, 3332, 1114, 9388, 1145, 1, 12085, 8090, 794, 1, 42995, 1106, 9388, 100257]",f5a95330b8b0e3f16fca595c6a013999fd543a210451837c5cd08e314066a98b,oi_conf_0014.ROLE_B,"{""actions"":[{""action"":""ACTION_Q"",""expected_value"":""1""},{""action"":""ACTION_P"",""expected_value"":""17""}],""final_action"":""ACTION_P""}",modified,ACTION_P,True
ai2_olmo.oi_conf_0015.ROLE_A.correction.original,3.7786896228790283,ai2_olmo.oi_conf_0015.ROLE_A.correction,correction,ai2_olmo,local-tree-eb8c3dce0af34c1de12a6d57f0f4a594e0ab8a707ffe43b38836d014a99edda4,ACTION_P,"[5018, 4109, 794, 58, 5018, 1335, 794, 1, 42995, 13640, 498, 1, 7475, 3220, 794, 1, 717, 14682, 5018, 1335, 794, 1, 42995, 1106, 498, 1, 7475, 3220, 794, 1, 1114, 9388, 1145, 1, 12085, 8090, 794, 1, 42995, 1106, 9388, 100257]",1e8869567c19e5f0e7d7b103ccbf29336594db00a00dbe12cf17c6ce7db916f0,oi_conf_0015.ROLE_A,"{""actions"":[{""action"":""ACTION_Q"",""expected_value"":""12""},{""action"":""ACTION_P"",""expected_value"":""17""}],""final_action"":""ACTION_P""}",original,ACTION_P,True
ai2_olmo.oi_conf_0015.ROLE_A.correction.modified,4.670236825942993,ai2_olmo.oi_conf_0015.ROLE_A.correction,correction,ai2_olmo,local-tree-eb8c3dce0af34c1de12a6d57f0f4a594e0ab8a707ffe43b38836d014a99edda4,ACTION_P,"[5018, 4109, 794, 58, 5018, 1335, 794, 1, 42995, 13640, 498, 1, 7475, 3220, 794, 35394, 20, 14682, 5018, 1335, 794, 1, 42995, 1106, 498, 1, 7475, 3220, 794, 1, 16, 14, 17, 9388, 1145, 1, 12085, 8090, 794, 1, 42995, 1106, 9388, 100257]",28b8d0daa2336a14cfd079a36207317ee1ecc7d9d87560b98270285dc97ab1ff,oi_conf_0015.ROLE_A,"{""actions"":[{""action"":""ACTION_Q"",""expected_value"":""-5""},{""action"":""ACTION_P"",""expected_value"":""1/2""}],""final_action"":""ACTION_P""}",modified,ACTION_P,True
ai2_olmo.oi_conf_0015.ROLE_B.correction.original,3.9714815616607666,ai2_olmo.oi_conf_0015.ROLE_B.correction,correction,ai2_olmo,local-tree-eb8c3dce0af34c1de12a6d57f0f4a594e0ab8a707ffe43b38836d014a99edda4,ACTION_Q,"[5018, 4109, 794, 58, 5018, 1335, 794, 1, 42995, 13640, 498, 1, 7475, 3220, 3332, 17, 14, 20, 9388, 55829, 1335, 794, 1, 42995, 1106, 498, 1, 7475, 3220, 3332, 18, 14, 20, 9388, 1145, 1, 12085, 8090, 794, 1, 42995, 1106, 9388, 100257]",153911fa6f9f63d96692a021f690b616dfbfb854b1cd954b9d9cadd3e8370db9,oi_conf_0015.ROLE_B,"{""actions"":[{""action"":""ACTION_Q"",""expected_value"":""2/5""},{""action"":""ACTION_P"",""expected_value"":""3/5""}],""final_action"":""ACTION_P""}",original,ACTION_P,False
ai2_olmo.oi_conf_0015.ROLE_B.correction.modified,4.361542701721191,ai2_olmo.oi_conf_0015.ROLE_B.correction,correction,ai2_olmo,local-tree-eb8c3dce0af34c1de12a6d57f0f4a594e0ab8a707ffe43b38836d014a99edda4,ACTION_Q,"[5018, 4109, 794, 58, 5018, 1335, 794, 1, 42995, 13640, 498, 1, 7475, 3220, 3332, 777, 14682, 5018, 1335, 794, 1, 42995, 1106, 498, 1, 7475, 3220, 3332, 1187, 9388, 1145, 1, 12085, 8090, 794, 1, 42995, 1106, 9388, 100257]",6702b8b33cf14e41eac6a7406b71eccd3240957fbf587f9e5df63d57939764a6,oi_conf_0015.ROLE_B,"{""actions"":[{""action"":""ACTION_Q"",""expected_value"":""19""},{""action"":""ACTION_P"",""expected_value"":""24""}],""final_action"":""ACTION_P""}",modified,ACTION_P,False
ai2_olmo.oi_conf_0016.ROLE_A.correction.original,3.9754979610443115,ai2_olmo.oi_conf_0016.ROLE_A.correction,correction,ai2_olmo,local-tree-eb8c3dce0af34c1de12a6d57f0f4a594e0ab8a707ffe43b38836d014a99edda4,ACTION_P,"[5018, 4109, 794, 58, 5018, 1335, 794, 1, 42995, 1106, 498, 1, 7475, 3220, 3332, 1135, 14, 20, 14682, 5018, 1335, 794, 1, 42995, 13640, 498, 1, 7475, 3220, 3332, 1114, 14, 17, 9388, 1145, 1, 12085, 8090, 794, 1, 42995, 13640, 9388, 100257]",801f1ccaf1012d2811e9b3189d78454d45a741c7303ced685b81fe0b8552ebf1,oi_conf_0016.ROLE_A,"{""actions"":[{""action"":""ACTION_P"",""expected_value"":""50/5""},{""action"":""ACTION_Q"",""expected_value"":""17/2""}],""final_action"":""ACTION_Q""}",original,ACTION_Q,False
ai2_olmo.oi_conf_0016.ROLE_A.correction.modified,4.283320903778076,ai2_olmo.oi_conf_0016.ROLE_A.correction,correction,ai2_olmo,local-tree-eb8c3dce0af34c1de12a6d57f0f4a594e0ab8a707ffe43b38836d014a99edda4,ACTION_P,"[5018, 4109, 794, 58, 5018, 1335, 794, 1, 42995, 1106, 498, 1, 7475, 3220, 3332, 1135, 37609, 1335, 794, 1, 42995, 13640, 498, 1, 7475, 3220, 3332, 508, 9388, 1145, 1, 12085, 8090, 794, 1, 42995, 1106, 9388, 100257]",b57f9e26bf8b1e5357639119d712c19bf76fa75f4d6a88881b9256f4dba40667,oi_conf_0016.ROLE_A,"{""actions"":[{""action"":""ACTION_P"",""expected_value"":""50""},{""action"":""ACTION_Q"",""expected_value"":""20""}],""final_action"":""ACTION_P""}",modified,ACTION_P,True
ai2_olmo.oi_conf_0016.ROLE_B.correction.original,3.946665048599243,ai2_olmo.oi_conf_0016.ROLE_B.correction,correction,ai2_olmo,local-tree-eb8c3dce0af34c1de12a6d57f0f4a594e0ab8a707ffe43b38836d014a99edda4,ACTION_Q,"[5018, 4109, 794, 58, 5018, 1335, 794, 1, 42995, 1106, 498, 1, 7475, 3220, 3332, 1135, 14, 20, 14682, 5018, 1335, 794, 1, 42995, 13640, 498, 1, 7475, 3220, 3332, 1114, 14, 17, 9388, 1145, 1, 12085, 8090, 794, 1, 42995, 13640, 9388, 100257]",801f1ccaf1012d2811e9b3189d78454d45a741c7303ced685b81fe0b8552ebf1,oi_conf_0016.ROLE_B,"{""actions"":[{""action"":""ACTION_P"",""expected_value"":""50/5""},{""action"":""ACTION_Q"",""expected_value"":""17/2""}],""final_action"":""ACTION_Q""}",original,ACTION_Q,True
ai2_olmo.oi_conf_0016.ROLE_B.correction.modified,4.358932256698608,ai2_olmo.oi_conf_0016.ROLE_B.correction,correction,ai2_olmo,local-tree-eb8c3dce0af34c1de12a6d57f0f4a594e0ab8a707ffe43b38836d014a99edda4,ACTION_Q,"[5018, 4109, 794, 58, 5018, 1335, 794, 1, 42995, 1106, 498, 1, 7475, 3220, 794, 1, 975, 14682, 5018, 1335, 794, 1, 42995, 13640, 498, 1, 7475, 3220, 794, 1, 21, 9388, 1145, 1, 12085, 8090, 794, 1, 42995, 13640, 9388, 100257]",ec07074b4e8990e987da95ae7ff6d889c6f54eeda95127e0ad93dc1890817bf3,oi_conf_0016.ROLE_B,"{""actions"":[{""action"":""ACTION_P"",""expected_value"":""14""},{""action"":""ACTION_Q"",""expected_value"":""6""}],""final_action"":""ACTION_Q""}",modified,ACTION_Q,True
ai2_olmo.oi_conf_0017.ROLE_A.correction.original,3.937934637069702,ai2_olmo.oi_conf_0017.ROLE_A.correction,correction,ai2_olmo,local-tree-eb8c3dce0af34c1de12a6d57f0f4a594e0ab8a707ffe43b38836d014a99edda4,ACTION_Q,"[5018, 4109, 794, 58, 5018, 1335, 794, 1, 42995, 1106, 498, 1, 7475, 3220, 794, 1, 2148, 14682, 5018, 1335, 794, 1, 42995, 13640, 498, 1, 7475, 3220, 794, 1, 1591, 9388, 1145, 1, 12085, 8090, 794, 1, 42995, 13640, 9388, 100257]",72810e52721983d8da06c60f648a28482479cec8f880982c045914707dbd3009,oi_conf_0017.ROLE_A,"{""actions"":[{""action"":""ACTION_P"",""expected_value"":""31""},{""action"":""ACTION_Q"",""expected_value"":""28""}],""final_action"":""ACTION_Q""}",original,ACTION_Q,True
ai2_olmo.oi_conf_0017.ROLE_A.correction.modified,3.7837271690368652,ai2_olmo.oi_conf_0017.ROLE_A.correction,correction,ai2_olmo,local-tree-eb8c3dce0af34c1de12a6d57f0f4a594e0ab8a707ffe43b38836d014a99edda4,ACTION_Q,"[5018, 4109, 794, 58, 5018, 1335, 794, 1, 42995, 1106, 498, 1, 7475, 3220, 3332, 2148, 14, 18, 14682, 5018, 1335, 794, 1, 42995, 13640, 498, 1, 7475, 3220, 3332, 1399, 9388, 1145, 1, 12085, 8090, 794, 1, 42995, 13640, 9388, 100257]",e5d3104c4b6483163fe0457b3ddf520cedafd73de83110bcaa7260d7212f9536,oi_conf_0017.ROLE_A,"{""actions"":[{""action"":""ACTION_P"",""expected_value"":""31/3""},{""action"":""ACTION_Q"",""expected_value"":""60""}],""final_action"":""ACTION_Q""}",modified,ACTION_Q,True
ai2_olmo.oi_conf_0017.ROLE_B.correction.original,4.627898693084717,ai2_olmo.oi_conf_0017.ROLE_B.correction,correction,ai2_olmo,local-tree-eb8c3dce0af34c1de12a6d57f0f4a594e0ab8a707ffe43b38836d014a99edda4,ACTION_P,"[5018, 4109, 794, 58, 5018, 1335, 794, 1, 42995, 1106, 498, 1, 7475, 3220, 794, 1, 2148, 14682, 5018, 1335, 794, 1, 42995, 13640, 498, 1, 7475, 3220, 794, 1, 1591, 9388, 1145, 1, 12085, 8090, 794, 1, 42995, 13640, 9388, 100257]",8ea2f33f15b4cbef299f08de9cbc23a6d718890d015d30c333b4d092f7d4ce0c,oi_conf_0017.ROLE_B,"{""actions"":[{""action"":""ACTION_P"",""expected_value"":""31""},{""action"":""ACTION_Q"",""expected_value"":""28""}],""final_action"":""ACTION_Q""}",original,ACTION_Q,False
ai2_olmo.oi_conf_0017.ROLE_B.correction.modified,3.933016061782837,ai2_olmo.oi_conf_0017.ROLE_B.correction,correction,ai2_olmo,local-tree-eb8c3dce0af34c1de12a6d57f0f4a594e0ab8a707ffe43b38836d014a99edda4,ACTION_P,"[5018, 4109, 794, 58, 5018, 1335, 794, 1, 42995, 1106, 498, 1, 7475, 3220, 794, 35394, 24, 14, 19, 14682, 5018, 1335, 794, 1, 42995, 13640, 498, 1, 7475, 3220, 794, 35394, 605, 9388, 1145, 1, 12085, 8090, 794, 1, 42995, 13640, 9388, 100257]",9270c120888c350fc2946f07e360704fdaaee08a9c9fa1d93faa923fae422bc0,oi_conf_0017.ROLE_B,"{""actions"":[{""action"":""ACTION_P"",""expected_value"":""-9/4""},{""action"":""ACTION_Q"",""expected_value"":""-10""}],""final_action"":""ACTION_Q""}",modified,ACTION_Q,False
ai2_olmo.oi_conf_0018.ROLE_A.correction.original,4.359455347061157,ai2_olmo.oi_conf_0018.ROLE_A.correction,correction,ai2_olmo,local-tree-eb8c3dce0af34c1de12a6d57f0f4a594e0ab8a707ffe43b38836d014a99edda4,ACTION_Q,"[5018, 4109, 794, 58, 5018, 1335, 794, 1, 42995, 1106, 498, 1, 7475, 3220, 794, 35394, 16, 14682, 5018, 1335, 794, 1, 42995, 13640, 498, 1, 7475, 3220, 794, 1, 16, 9388, 1145, 1, 12085, 8090, 794, 1, 42995, 13640, 9388, 100257]",efffdbe48e1db81c3bb79b6f88185578be0eb28b554090574703869c9c8df0c7,oi_conf_0018.ROLE_A,"{""actions"":[{""action"":""ACTION_P"",""expected_value"":""-1""},{""action"":""ACTION_Q"",""expected_value"":""1""}],""final_action"":""ACTION_Q""}",original,ACTION_Q,True
ai2_olmo.oi_conf_0018.ROLE_A.correction.modified,3.905109405517578,ai2_olmo.oi_conf_0018.ROLE_A.correction,correction,ai2_olmo,local-tree-eb8c3dce0af34c1de12a6d57f0f4a594e0ab8a707ffe43b38836d014a99edda4,ACTION_Q,"[5018, 4109, 794, 58, 5018, 1335, 794, 1, 42995, 1106, 498, 1, 7475, 3220, 794, 35394, 17, 14682, 5018, 1335, 794, 1, 42995, 13640, 498, 1, 7475, 3220, 794, 1, 17, 9388, 1145, 1, 12085, 8090, 794, 1, 42995, 13640, 9388, 100257]",ffd278d32915f1092eda8b14f5f7db9642ce9457369c44c888900e1af884e452,oi_conf_0018.ROLE_A,"{""actions"":[{""action"":""ACTION_P"",""expected_value"":""-2""},{""action"":""ACTION_Q"",""expected_value"":""2""}],""final_action"":""ACTION_Q""}",modified,ACTION_Q,True
ai2_olmo.oi_conf_0018.ROLE_B.correction.original,4.333189249038696,ai2_olmo.oi_conf_0018.ROLE_B.correction,correction,ai2_olmo,local-tree-eb8c3dce0af34c1de12a6d57f0f4a594e0ab8a707ffe43b38836d014a99edda4,ACTION_P,"[5018, 4109, 794, 58, 5018, 1335, 794, 1, 42995, 1106, 498, 1, 7475, 3220, 794, 35394, 16, 14682, 5018, 1335, 794, 1, 42995, 13640, 498, 1, 7475, 3220, 794, 1, 16, 9388, 1145, 1, 12085, 8090, 794, 1, 42995, 13640, 9388, 100257]",efffdbe48e1db81c3bb79b6f88185578be0eb28b554090574703869c9c8df0c7,oi_conf_0018.ROLE_B,"{""actions"":[{""action"":""ACTION_P"",""expected_value"":""-1""},{""action"":""ACTION_Q"",""expected_value"":""1""}],""final_action"":""ACTION_Q""}",original,ACTION_Q,False
ai2_olmo.oi_conf_0018.ROLE_B.correction.modified,3.9302732944488525,ai2_olmo.oi_conf_0018.ROLE_B.correction,correction,ai2_olmo,local-tree-eb8c3dce0af34c1de12a6d57f0f4a594e0ab8a707ffe43b38836d014a99edda4,ACTION_P,"[5018, 4109, 794, 58, 5018, 1335, 794, 1, 42995, 1106, 498, 1, 7475, 3220, 794, 1, 19, 14682, 5018, 1335, 794, 1, 42995, 13640, 498, 1, 7475, 3220, 794, 1, 24, 9388, 1145, 1, 12085, 8090, 794, 1, 42995, 13640, 9388, 100257]",5bd869c1369caf5868a7661fc21d9ce652f6aeab05dd7f44fd649796d6980417,oi_conf_0018.ROLE_B,"{""actions"":[{""action"":""ACTION_P"",""expected_value"":""4""},{""action"":""ACTION_Q"",""expected_value"":""9""}],""final_action"":""ACTION_Q""}",modified,ACTION_Q,False
ai2_olmo.oi_conf_0019.ROLE_A.correction.original,3.7564544677734375,ai2_olmo.oi_conf_0019.ROLE_A.correction,correction,ai2_olmo,local-tree-eb8c3dce0af34c1de12a6d57f0f4a594e0ab8a707ffe43b38836d014a99edda4,ACTION_P,"[5018, 4109, 794, 58, 5018, 1335, 794, 1, 42995, 1106, 498, 1, 7475, 3220, 794, 1, 23, 14682, 5018, 1335, 794, 1, 42995, 13640, 498, 1, 7475, 3220, 794, 1, 1114, 9388, 1145, 1, 12085, 8090, 794, 1, 42995, 13640, 9388, 100257]",66688fea0d9dd75621959a25b3f276d0f8a04ef14b0aa4a0a39978340fe703ca,oi_conf_0019.ROLE_A,"{""actions"":[{""action"":""ACTION_P"",""expected_value"":""8""},{""action"":""ACTION_Q"",""expected_value"":""17""}],""final_action"":""ACTION_Q""}",original,ACTION_Q,False
ai2_olmo.oi_conf_0019.ROLE_A.correction.modified,4.622673273086548,ai2_olmo.oi_conf_0019.ROLE_A.correction,correction,ai2_olmo,local-tree-eb8c3dce0af34c1de12a6d57f0f4a594e0ab8a707ffe43b38836d014a99edda4,ACTION_P,"[5018, 4109, 794, 58, 5018, 1335, 794, 1, 42995, 1106, 498, 1, 7475, 3220, 794, 1, 23, 14682, 5018, 1335, 794, 1, 42995, 13640, 498, 1, 7475, 3220, 794, 1, 15, 9388, 1145, 1, 12085, 8090, 794, 1, 42995, 1106, 9388, 100257]",b3c875a31535cc3b03df8dccc309b24f2576857cda1b4ab4b23bd94f620a07c6,oi_conf_0019.ROLE_A,"{""actions"":[{""action"":""ACTION_P"",""expected_value"":""8""},{""action"":""ACTION_Q"",""expected_value"":""0""}],""final_action"":""ACTION_P""}",modified,ACTION_P,True
ai2_olmo.oi_conf_0019.ROLE_B.correction.original,3.8285634517669678,ai2_olmo.oi_conf_0019.ROLE_B.correction,correction,ai2_olmo,local-tree-eb8c3dce0af34c1de12a6d57f0f4a594e0ab8a707ffe43b38836d014a99edda4,ACTION_Q,"[5018, 4109, 794, 58, 5018, 1335, 794, 1, 42995, 1106, 498, 1, 7475, 3220, 794, 1, 23, 14682, 5018, 1335, 794, 1, 42995, 13640, 498, 1, 7475, 3220, 794, 1, 1114, 9388, 1145, 1, 12085, 8090, 794, 1, 42995, 13640, 9388, 100257]",66688fea0d9dd75621959a25b3f276d0f8a04ef14b0aa4a0a39978340fe703ca,oi_conf_0019.ROLE_B,"{""actions"":[{""action"":""ACTION_P"",""expected_value"":""8""},{""action"":""ACTION_Q"",""expected_value"":""17""}],""final_action"":""ACTION_Q""}",original,ACTION_Q,True
ai2_olmo.oi_conf_0019.ROLE_B.correction.modified,4.184378385543823,ai2_olmo.oi_conf_0019.ROLE_B.correction,correction,ai2_olmo,local-tree-eb8c3dce0af34c1de12a6d57f0f4a594e0ab8a707ffe43b38836d014a99edda4,ACTION_Q,"[5018, 4109, 794, 58, 5018, 1335, 794, 1, 42995, 1106, 498, 1, 7475, 3220, 794, 1, 24, 14682, 5018, 1335, 794, 1, 42995, 13640, 498, 1, 7475, 3220, 794, 1, 1032, 9388, 1145, 1, 12085, 8090, 794, 1, 42995, 13640, 9388, 100257]",a07ec8aad9e7003281ccc9675f4c92978701f3ed546ac85cba2b904336000949,oi_conf_0019.ROLE_B,"{""actions"":[{""action"":""ACTION_P"",""expected_value"":""9""},{""action"":""ACTION_Q"",""expected_value"":""13""}],""final_action"":""ACTION_Q""}",modified,ACTION_Q,True
ai2_olmo.oi_conf_0020.ROLE_A.correction.original,4.247799634933472,ai2_olmo.oi_conf_0020.ROLE_A.correction,correction,ai2_olmo,local-tree-eb8c3dce0af34c1de12a6d57f0f4a594e0ab8a707ffe43b38836d014a99edda4,ACTION_P,"[5018, 4109, 794, 58, 5018, 1335, 794, 1, 42995, 1106, 498, 1, 7475, 3220, 794, 1, 22, 14682, 5018, 1335, 794, 1, 42995, 13640, 498, 1, 7475, 3220, 794, 1, 23, 9388, 1145, 1, 12085, 8090, 794, 1, 42995, 13640, 9388, 100257]",223a141a3be50e9ddf6c7fc043e5ef1f15e4879dca4ccc860aff2de36dbe14d8,oi_conf_0020.ROLE_A,"{""actions"":[{""action"":""ACTION_P"",""expected_value"":""7""},{""action"":""ACTION_Q"",""expected_value"":""8""}],""final_action"":""ACTION_Q""}",original,ACTION_Q,False
ai2_olmo.oi_conf_0020.ROLE_A.correction.modified,3.72733736038208,ai2_olmo.oi_conf_0020.ROLE_A.correction,correction,ai2_olmo,local-tree-eb8c3dce0af34c1de12a6d57f0f4a594e0ab8a707ffe43b38836d014a99edda4,ACTION_P,"[5018, 4109, 794, 58, 5018, 1335, 794, 1, 42995, 1106, 498, 1, 7475, 3220, 3332, 975, 14682, 5018, 1335, 794, 1, 42995, 13640, 498, 1, 7475, 3220, 3332, 868, 9388, 1145, 1, 12085, 8090, 794, 1, 42995, 13640, 9388, 100257]",e72f5540ef6de5d68b1a2cf6c2e39d0c55da48dcfb1a50c759d247e94c63f5b2,oi_conf_0020.ROLE_A,"{""actions"":[{""action"":""ACTION_P"",""expected_value"":""14""},{""action"":""ACTION_Q"",""expected_value"":""15""}],""final_action"":""ACTION_Q""}",modified,ACTION_Q,False
ai2_olmo.oi_conf_0020.ROLE_B.correction.original,4.646986961364746,ai2_olmo.oi_conf_0020.ROLE_B.correction,correction,ai2_olmo,local-tree-eb8c3dce0af34c1de12a6d57f0f4a594e0ab8a707ffe43b38836d014a99edda4,ACTION_Q,"[5018, 4109, 794, 58, 5018, 1335, 794, 1, 42995, 1106, 498, 1, 7475, 3220, 794, 1, 22, 14682, 5018, 1335, 794, 1, 42995, 13640, 498, 1, 7475, 3220, 794, 1, 23, 9388, 1145, 1, 12085, 8090, 794, 1, 42995, 13640, 9388, 100257]",223a141a3be50e9ddf6c7fc043e5ef1f15e4879dca4ccc860aff2de36dbe14d8,oi_conf_0020.ROLE_B,"{""actions"":[{""action"":""ACTION_P"",""expected_value"":""7""},{""action"":""ACTION_Q"",""expected_value"":""8""}],""final_action"":""ACTION_Q""}",original,ACTION_Q,True
ai2_olmo.oi_conf_0020.ROLE_B.correction.modified,3.882174491882324,ai2_olmo.oi_conf_0020.ROLE_B.correction,correction,ai2_olmo,local-tree-eb8c3dce0af34c1de12a6d57f0f4a594e0ab8a707ffe43b38836d014a99edda4,ACTION_Q,"[5018, 4109, 794, 58, 5018, 1335, 794, 1, 42995, 1106, 498, 1, 7475, 3220, 794, 35394, 22, 14682, 5018, 1335, 794, 1, 42995, 13640, 498, 1, 7475, 3220, 794, 35394, 16, 9388, 1145, 1, 12085, 8090, 794, 1, 42995, 13640, 9388, 100257]",e93f3f4c510013c294730ac7554b3839805dd338f332894ff4eecbf17ff0540a,oi_conf_0020.ROLE_B,"{""actions"":[{""action"":""ACTION_P"",""expected_value"":""-7""},{""action"":""ACTION_Q"",""expected_value"":""-1""}],""final_action"":""ACTION_Q""}",modified,ACTION_Q,True
ai2_olmo.oi_conf_0021.ROLE_A.correction.original,4.525999546051025,ai2_olmo.oi_conf_0021.ROLE_A.correction,correction,ai2_olmo,local-tree-eb8c3dce0af34c1de12a6d57f0f4a594e0ab8a707ffe43b38836d014a99edda4,ACTION_Q,"[5018, 4109, 794, 58, 5018, 1335, 794, 1, 42995, 1106, 498, 1, 7475, 3220, 794, 1, 1114, 14, 19, 14682, 5018, 1335, 794, 1, 42995, 13640, 498, 1, 7475, 3220, 794, 1, 1114, 14, 19, 9388, 1145, 1, 12085, 8090, 794, 1, 42995, 13640, 9388, 100257]",6756cd316ac060bb3f46f09bddaa535eff26cad560e1b5d814dab13e65cd2fb8,oi_conf_0021.ROLE_A,"{""actions"":[{""action"":""ACTION_P"",""expected_value"":""17/4""},{""action"":""ACTION_Q"",""expected_value"":""17/4""}],""final_action"":""ACTION_Q""}",original,ACTION_Q,True
ai2_olmo.oi_conf_0021.ROLE_A.correction.modified,3.9826369285583496,ai2_olmo.oi_conf_0021.ROLE_A.correction,correction,ai2_olmo,local-tree-eb8c3dce0af34c1de12a6d57f0f4a594e0ab8a707ffe43b38836d014a99edda4,ACTION_Q,"[5018, 4109, 794, 58, 5018, 1335, 794, 1, 42995, 1106, 498, 1, 7475, 3220, 794, 1, 1114, 14, 19, 14682, 5018, 1335, 794, 1, 42995, 13640, 498, 1, 7475, 3220, 794, 1, 1114, 14, 19, 9388, 1145, 1, 12085, 8090, 794, 1, 42995, 13640, 9388, 100257]",0126a06b7794f3dd416f4fda4d198f6b4c86c352749b0731235342efe50a623a,oi_conf_0021.ROLE_A,"{""actions"":[{""action"":""ACTION_P"",""expected_value"":""17/4""},{""action"":""ACTION_Q"",""expected_value"":""17/4""}],""final_action"":""ACTION_Q""}",modified,ACTION_Q,True
ai2_olmo.oi_conf_0021.ROLE_B.correction.original,4.453238487243652,ai2_olmo.oi_conf_0021.ROLE_B.correction,correction,ai2_olmo,local-tree-eb8c3dce0af34c1de12a6d57f0f4a594e0ab8a707ffe43b38836d014a99edda4,ACTION_P,"[5018, 4109, 794, 58, 5018, 1335, 794, 1, 42995, 1106, 498, 1, 7475, 3220, 794, 1, 1114, 14, 19, 14682, 5018, 1335, 794, 1, 42995, 13640, 498, 1, 7475, 3220, 794, 35394, 22, 14, 19, 9388, 1145, 1, 12085, 8090, 794, 1, 42995, 1106, 9388, 100257]",75c881512cd6f7b982dccf7b1795714ab1d1eabd27548c2737912aecfc2ae871,oi_conf_0021.ROLE_B,"{""actions"":[{""action"":""ACTION_P"",""expected_value"":""17/4""},{""action"":""ACTION_Q"",""expected_value"":""-7/4""}],""final_action"":""ACTION_P""}",original,ACTION_P,True
ai2_olmo.oi_conf_0021.ROLE_B.correction.modified,3.8858115673065186,ai2_olmo.oi_conf_0021.ROLE_B.correction,correction,ai2_olmo,local-tree-eb8c3dce0af34c1de12a6d57f0f4a594e0ab8a707ffe43b38836d014a99edda4,ACTION_P,"[5018, 4109, 794, 58, 5018, 1335, 794, 1, 42995, 1106, 498, 1, 7475, 3220, 794, 35394, 16, 37609, 1335, 794, 1, 42995, 13640, 498, 1, 7475, 3220, 794, 1, 15, 9388, 1145, 1, 12085, 8090, 794, 1, 42995, 13640, 9388, 100257]",3faac3ec1a0a357e64dc90936e387299d2d5508a6dc75fac6db5ba850699f46f,oi_conf_0021.ROLE_B,"{""actions"":[{""action"":""ACTION_P"",""expected_value"":""-1""},{""action"":""ACTION_Q"",""expected_value"":""0""}],""final_action"":""ACTION_Q""}",modified,ACTION_Q,False
ai2_olmo.oi_conf_0022.ROLE_A.correction.original,4.365391731262207,ai2_olmo.oi_conf_0022.ROLE_A.correction,correction,ai2_olmo,local-tree-eb8c3dce0af34c1de12a6d57f0f4a594e0ab8a707ffe43b38836d014a99edda4,ACTION_Q,"[5018, 4109, 794, 58, 5018, 1335, 794, 1, 42995, 1106, 498, 1, 7475, 3220, 794, 35394, 15, 9388, 55829, 1335, 794, 1, 42995, 13640, 498, 1, 7475, 3220, 794, 1, 21, 9388, 1145, 1, 12085, 8090, 794, 1, 42995, 13640, 9388, 100257]",e17a6c672342fcfdeff838de5c8ddd5fe13d2ba55b8e028ea21fa8d06061db6d,oi_conf_0022.ROLE_A,"{""actions"":[{""action"":""ACTION_P"",""expected_value"":""-0""},{""action"":""ACTION_Q"",""expected_value"":""6""}],""final_action"":""ACTION_Q""}",original,ACTION_Q,True
ai2_olmo.oi_conf_0022.ROLE_A.correction.modified,3.960907459259033,ai2_olmo.oi_conf_0022.ROLE_A.correction,correction,ai2_olmo,local-tree-eb8c3dce0af34c1de12a6d57f0f4a594e0ab8a707ffe43b38836d014a99edda4,ACTION_Q,"[5018, 4109, 794, 58, 5018, 1335, 794, 1, 42995, 1106, 498, 1, 7475, 3220, 794, 35394, 24, 14682, 5018, 1335, 794, 1, 42995, 13640, 498, 1, 7475, 3220, 794, 1, 17, 9388, 1145, 1, 12085, 8090, 794, 1, 42995, 13640, 9388, 100257]",89fa6b9a90e181a9c31c72ba2cd0cad764dcca46bba1eeda34233f7c8bf29ae9,oi_conf_0022.ROLE_A,"{""actions"":[{""action"":""ACTION_P"",""expected_value"":""-9""},{""action"":""ACTION_Q"",""expected_value"":""2""}],""final_action"":""ACTION_Q""}",modified,ACTION_Q,True
ai2_olmo.oi_conf_0022.ROLE_B.correction.original,3.855534553527832,ai2_olmo.oi_conf_0022.ROLE_B.correction,correction,ai2_olmo,local-tree-eb8c3dce0af34c1de12a6d57f0f4a594e0ab8a707ffe43b38836d014a99edda4,ACTION_P,"[5018, 4109, 794, 58, 5018, 1335, 794, 1, 42995, 1106, 498, 1, 7475, 3220, 794, 35394, 15, 9388, 55829, 1335, 794, 1, 42995, 13640, 498, 1, 7475, 3220, 794, 1, 16, 9388, 1145, 1, 12085, 8090, 794, 1, 42995, 13640, 9388, 100257]",4ac0d458c6e29c0a80cb626105e8d9310c0a2a18f18918581411db9030645c8a,oi_conf_0022.ROLE_B,"{""actions"":[{""action"":""ACTION_P"",""expected_value"":""-0""},{""action"":""ACTION_Q"",""expected_value"":""1""}],""final_action"":""ACTION_Q""}",original,ACTION_Q,False
ai2_olmo.oi_conf_0022.ROLE_B.correction.modified,4.852538347244263,ai2_olmo.oi_conf_0022.ROLE_B.correction,correction,ai2_olmo,local-tree-eb8c3dce0af34c1de12a6d57f0f4a594e0ab8a707ffe43b38836d014a99edda4,ACTION_P,"[5018, 4109, 794, 58, 5018, 1335, 794, 1, 42995, 1106, 498, 1, 7475, 3220, 794, 1, 717, 14682, 5018, 1335, 794, 1, 42995, 13640, 498, 1, 7475, 3220, 794, 1, 23, 9388, 1145, 1, 12085, 8090, 794, 1, 42995, 13640, 9388, 100257]",3be5b55b9075dd1b46a63d4853eb323cde6eea0af2c411122e5fd2b6f89ad5db,oi_conf_0022.ROLE_B,"{""actions"":[{""action"":""ACTION_P"",""expected_value"":""12""},{""action"":""ACTION_Q"",""expected_value"":""8""}],""final_action"":""ACTION_Q""}",modified,ACTION_Q,False
ai2_olmo.oi_conf_0023.ROLE_A.correction.original,5.0942816734313965,ai2_olmo.oi_conf_0023.ROLE_A.correction,correction,ai2_olmo,local-tree-eb8c3dce0af34c1de12a6d57f0f4a594e0ab8a707ffe43b38836d014a99edda4,ACTION_P,"[5018, 4109, 794, 58, 5018, 1335, 794, 1, 42995, 1106, 498, 1, 7475, 3220, 794, 1, 18, 14682, 5018, 1335, 794, 1, 42995, 13640, 498, 1, 7475, 3220, 794, 1, 806, 9388, 1145, 1, 12085, 8090, 794, 1, 42995, 13640, 9388, 100257]",06c8fd561dad8e361c606e862496a002f1f73dd5a6c0199977885be009cb01af,oi_conf_0023.ROLE_A,"{""actions"":[{""action"":""ACTION_P"",""expected_value"":""3""},{""action"":""ACTION_Q"",""expected_value"":""11""}],""final_action"":""ACTION_Q""}",original,ACTION_Q,False
ai2_olmo.oi_conf_0023.ROLE_A.correction.modified,6.008299827575684,ai2_olmo.oi_conf_0023.ROLE_A.correction,correction,ai2_olmo,local-tree-eb8c3dce0af34c1de12a6d57f0f4a594e0ab8a707ffe43b38836d014a99edda4,ACTION_P,"[5018, 4109, 794, 58, 5018, 1335, 794, 1, 42995, 1106, 498, 1, 7475, 3220, 794, 1, 24, 14682, 5018, 1335, 794, 1, 42995, 13640, 498, 1, 7475, 3220, 794, 35394, 16, 9388, 1145, 1, 12085, 8090, 794, 1, 42995, 1106, 9388, 100257]",e1b54dab7ff186f711ff419924b74386c21eb9388ccaa081604ea9d13ec609aa,oi_conf_0023.ROLE_A,"{""actions"":[{""action"":""ACTION_P"",""expected_value"":""9""},{""action"":""ACTION_Q"",""expected_value"":""-1""}],""final_action"":""ACTION_P""}",modified,ACTION_P,True
ai2_olmo.oi_conf_0023.ROLE_B.correction.original,5.073911905288696,ai2_olmo.oi_conf_0023.ROLE_B.correction,correction,ai2_olmo,local-tree-eb8c3dce0af34c1de12a6d57f0f4a594e0ab8a707ffe43b38836d014a99edda4,ACTION_Q,"[5018, 4109, 794, 58, 5018, 1335, 794, 1, 42995, 1106, 498, 1, 7475, 3220, 794, 1, 18, 14682, 5018, 1335, 794, 1, 42995, 13640, 498, 1, 7475, 3220, 794, 1, 806, 9388, 1145, 1, 12085, 8090, 794, 1, 42995, 13640, 9388, 100257]",06c8fd561dad8e361c606e862496a002f1f73dd5a6c0199977885be009cb01af,oi_conf_0023.ROLE_B,"{""actions"":[{""action"":""ACTION_P"",""expected_value"":""3""},{""action"":""ACTION_Q"",""expected_value"":""11""}],""final_action"":""ACTION_Q""}",original,ACTION_Q,True
ai2_olmo.oi_conf_0023.ROLE_B.correction.modified,6.163849353790283,ai2_olmo.oi_conf_0023.ROLE_B.correction,correction,ai2_olmo,local-tree-eb8c3dce0af34c1de12a6d57f0f4a594e0ab8a707ffe43b38836d014a99edda4,ACTION_Q,"[5018, 4109, 794, 58, 5018, 1335, 794, 1, 42995, 1106, 498, 1, 7475, 3220, 794, 1, 845, 14, 18, 14682, 5018, 1335, 794, 1, 42995, 13640, 498, 1, 7475, 3220, 794, 1, 806, 14, 18, 9388, 1145, 1, 12085, 8090, 794, 1, 42995, 13640, 9388, 100257]",206bd185252ca83bd29d700d25ff9a4a2cd78c6198a6dd2933b6e092d51cd012,oi_conf_0023.ROLE_B,"{""actions"":[{""action"":""ACTION_P"",""expected_value"":""16/3""},{""action"":""ACTION_Q"",""expected_value"":""11/3""}],""final_action"":""ACTION_Q""}",modified,ACTION_Q,True
ai2_olmo.oi_conf_0024.ROLE_A.correction.original,5.174327373504639,ai2_olmo.oi_conf_0024.ROLE_A.correction,correction,ai2_olmo,local-tree-eb8c3dce0af34c1de12a6d57f0f4a594e0ab8a707ffe43b38836d014a99edda4,ACTION_P,"[5018, 4109, 794, 58, 5018, 1335, 794, 1, 42995, 13640, 498, 1, 7475, 3220, 3332, 18, 14, 23, 9388, 55829, 1335, 794, 1, 42995, 1106, 498, 1, 7475, 3220, 3332, 20, 14, 23, 9388, 1145, 1, 12085, 8090, 794, 1, 42995, 1106, 9388, 100257]",cb99496b1fd28e82d4852f4ebee2ed95624ae04bd056ad58637ebde94b5d3408,oi_conf_0024.ROLE_A,"{""actions"":[{""action"":""ACTION_Q"",""expected_value"":""3/8""},{""action"":""ACTION_P"",""expected_value"":""5/8""}],""final_action"":""ACTION_P""}",original,ACTION_P,True
ai2_olmo.oi_conf_0024.ROLE_A.correction.modified,4.835001468658447,ai2_olmo.oi_conf_0024.ROLE_A.correction,correction,ai2_olmo,local-tree-eb8c3dce0af34c1de12a6d57f0f4a594e0ab8a707ffe43b38836d014a99edda4,ACTION_P,"[5018, 4109, 794, 58, 5018, 1335, 794, 1, 42995, 13640, 2247, 7475, 3220, 3332, 806, 14682, 5018, 1335, 794, 1, 42995, 1106, 2247, 7475, 3220, 3332, 1682, 9388, 1145, 1, 12085, 8090, 794, 1, 42995, 1106, 9388, 100257]",3b73e32f792edfe43d19884e45f6d8e27ea08cf89c1d79dbb81aa6650c797255,oi_conf_0024.ROLE_A,"{""actions"":[{""action"":""ACTION_Q"",""expected_value"":""11""},{""action"":""ACTION_P"",""expected_value"":""29""}],""final_action"":""ACTION_P""}",modified,ACTION_P,True
ai2_olmo.oi_conf_0024.ROLE_B.correction.original,6.4087114334106445,ai2_olmo.oi_conf_0024.ROLE_B.correction,correction,ai2_olmo,local-tree-eb8c3dce0af34c1de12a6d57f0f4a594e0ab8a707ffe43b38836d014a99edda4,ACTION_Q,"[5018, 4109, 794, 58, 5018, 1335, 794, 1, 42995, 13640, 498, 1, 7475, 3220, 3332, 18, 14, 23, 9388, 55829, 1335, 794, 1, 42995, 1106, 498, 1, 7475, 3220, 3332, 20, 14, 23, 9388, 1145, 1, 12085, 8090, 794, 1, 42995, 1106, 9388, 100257]",cb99496b1fd28e82d4852f4ebee2ed95624ae04bd056ad58637ebde94b5d3408,oi_conf_0024.ROLE_B,"{""actions"":[{""action"":""ACTION_Q"",""expected_value"":""3/8""},{""action"":""ACTION_P"",""expected_value"":""5/8""}],""final_action"":""ACTION_P""}",original,ACTION_P,False
ai2_olmo.oi_conf_0024.ROLE_B.correction.modified,5.225707769393921,ai2_olmo.oi_conf_0024.ROLE_B.correction,correction,ai2_olmo,local-tree-eb8c3dce0af34c1de12a6d57f0f4a594e0ab8a707ffe43b38836d014a99edda4,ACTION_Q,"[5018, 4109, 794, 58, 5018, 1335, 794, 1, 42995, 13640, 498, 1, 7475, 3220, 3332, 18, 14, 23, 14682, 5018, 1335, 794, 1, 42995, 1106, 498, 1, 7475, 3220, 3332, 20, 14, 23, 9388, 1145, 1, 12085, 8090, 794, 1, 42995, 1106, 9388, 100257]",f8e29e14c13fffee7855161d2fb0480a6ba5809463ca275a9ea90c6e46ac3505,oi_conf_0024.ROLE_B,"{""actions"":[{""action"":""ACTION_Q"",""expected_value"":""3/8""},{""action"":""ACTION_P"",""expected_value"":""5/8""}],""final_action"":""ACTION_P""}",modified,ACTION_P,False
ai2_olmo.oi_conf_0025.ROLE_A.correction.original,5.402769565582275,ai2_olmo.oi_conf_0025.ROLE_A.correction,correction,ai2_olmo,local-tree-eb8c3dce0af34c1de12a6d57f0f4a594e0ab8a707ffe43b38836d014a99edda4,ACTION_Q,"[5018, 4109, 794, 58, 5018, 1335, 794, 1, 42995, 13640, 498, 1, 7475, 3220, 3332, 1313, 14682, 5018, 1335, 794, 1, 42995, 1106, 498, 1, 7475, 3220, 794, 35394, 19, 9388, 1145, 1, 12085, 8090, 794, 1, 42995, 13640, 9388, 100257]",72befd7f5a97eca11bedbd082529a69ef2820d791e8703c9da6dd247ef40dd9b,oi_conf_0025.ROLE_A,"{""actions"":[{""action"":""ACTION_Q"",""expected_value"":""22""},{""action"":""ACTION_P"",""expected_value"":""-4""}],""final_action"":""ACTION_Q""}",original,ACTION_Q,True
ai2_olmo.oi_conf_0025.ROLE_A.correction.modified,5.816677570343018,ai2_olmo.oi_conf_0025.ROLE_A.correction,correction,ai2_olmo,local-tree-eb8c3dce0af34c1de12a6d57f0f4a594e0ab8a707ffe43b38836d014a99edda4,ACTION_Q,"[5018, 4109, 794, 58, 5018, 1335, 794, 1, 42995, 13640, 498, 1, 7475, 3220, 3332, 1313, 14682, 5018, 1335, 794, 1, 42995, 1106, 498, 1, 7475, 3220, 3332, 868, 9388, 1145, 1, 12085, 8090, 794, 1, 42995, 1106, 9388, 100257]",fdb5d80e98fbb6d65b372fb7bd2d4f2a24b8dedd898e450c6fbc55c1a14dbe4b,oi_conf_0025.ROLE_A,"{""actions"":[{""action"":""ACTION_Q"",""expected_value"":""22""},{""action"":""ACTION_P"",""expected_value"":""15""}],""final_action"":""ACTION_P""}",modified,ACTION_P,False
ai2_olmo.oi_conf_0025.ROLE_B.correction.original,3.935884952545166,ai2_olmo.oi_conf_0025.ROLE_B.correction,correction,ai2_olmo,local-tree-eb8c3dce0af34c1de12a6d57f0f4a594e0ab8a707ffe43b38836d014a99edda4,ACTION_P,"[5018, 4109, 794, 58, 5018, 1335, 794, 1, 42995, 13640, 498, 1, 7475, 3220, 3332, 1313, 14682, 5018, 1335, 794, 1, 42995, 1106, 498, 1, 7475, 3220, 3332, 605, 9388, 1145, 1, 12085, 8090, 794, 1, 42995, 1106, 9388, 100257]",a5c7f18484cde22a47dfed251a0e5e6a4a3a52e11a3c0b10909e7d4adef43e2f,oi_conf_0025.ROLE_B,"{""actions"":[{""action"":""ACTION_Q"",""expected_value"":""22""},{""action"":""ACTION_P"",""expected_value"":""10""}],""final_action"":""ACTION_P""}",original,ACTION_P,True
ai2_olmo.oi_conf_0025.ROLE_B.correction.modified,4.677356004714966,ai2_olmo.oi_conf_0025.ROLE_B.correction,correction,ai2_olmo,local-tree-eb8c3dce0af34c1de12a6d57f0f4a594e0ab8a707ffe43b38836d014a99edda4,ACTION_P,"[5018, 4109, 794, 58, 5018, 1335, 794, 1, 42995, 13640, 498, 1, 7475, 3220, 3332, 12, 1032, 14682, 5018, 1335, 794, 1, 42995, 1106, 498, 1, 7475, 3220, 3332, 12, 21, 9388, 1145, 1, 12085, 8090, 794, 1, 42995, 1106, 9388, 100257]",c3e88c18529a6985f099f7031f3d4ca634c878fde67e5afc27d178783bfb72ea,oi_conf_0025.ROLE_B,"{""actions"":[{""action"":""ACTION_Q"",""expected_value"":""-13""},{""action"":""ACTION_P"",""expected_value"":""-6""}],""final_action"":""ACTION_P""}",modified,ACTION_P,True
ai2_olmo.oi_conf_0026.ROLE_A.correction.original,3.881249189376831,ai2_olmo.oi_conf_0026.ROLE_A.correction,correction,ai2_olmo,local-tree-eb8c3dce0af34c1de12a6d57f0f4a594e0ab8a707ffe43b38836d014a99edda4,ACTION_Q,"[5018, 4109, 794, 58, 5018, 1335, 794, 1, 42995, 13640, 498, 1, 7475, 3220, 3332, 17, 9388, 55829, 1335, 794, 1, 42995, 1106, 498, 1, 7475, 3220, 3332, 22, 9388, 1145, 1, 12085, 8090, 794, 1, 42995, 1106, 9388, 100257]",d0670c90c3a6c3476a71334e4725abea087574e6935229e59df598e014f2b4bf,oi_conf_0026.ROLE_A,"{""actions"":[{""action"":""ACTION_Q"",""expected_value"":""2""},{""action"":""ACTION_P"",""expected_value"":""7""}],""final_action"":""ACTION_P""}",original,ACTION_P,False
ai2_olmo.oi_conf_0026.ROLE_A.correction.modified,4.3529815673828125,ai2_olmo.oi_conf_0026.ROLE_A.correction,correction,ai2_olmo,local-tree-eb8c3dce0af34c1de12a6d57f0f4a594e0ab8a707ffe43b38836d014a99edda4,ACTION_Q,"[5018, 4109, 794, 58, 5018, 1335, 794, 1, 42995, 13640, 2247, 7475, 3220, 3332, 17, 37609, 1335, 794, 1, 42995, 1106, 2247, 7475, 3220, 3332, 12, 806, 9388, 1145, 1, 12085, 8090, 794, 1, 42995, 1106, 9388, 100257]",3211a54acc8fcf76191da36e0e9ef0e3e35a783c89ac7267c6bdf5ccb67ba597,oi_conf_0026.ROLE_A,"{""actions"":[{""action"":""ACTION_Q"",""expected_value"":""2""},{""action"":""ACTION_P"",""expected_value"":""-11""}],""final_action"":""ACTION_P""}",modified,ACTION_P,False
ai2_olmo.oi_conf_0026.ROLE_B.correction.original,3.884584426879883,ai2_olmo.oi_conf_0026.ROLE_B.correction,correction,ai2_olmo,local-tree-eb8c3dce0af34c1de12a6d57f0f4a594e0ab8a707ffe43b38836d014a99edda4,ACTION_P,"[5018, 4109, 794, 58, 5018, 1335, 794, 1, 42995, 13640, 498, 1, 7475, 3220, 3332, 17, 9388, 55829, 1335, 794, 1, 42995, 1106, 498, 1, 7475, 3220, 3332, 22, 9388, 1145, 1, 12085, 8090, 794, 1, 42995, 1106, 9388, 100257]",d0670c90c3a6c3476a71334e4725abea087574e6935229e59df598e014f2b4bf,oi_conf_0026.ROLE_B,"{""actions"":[{""action"":""ACTION_Q"",""expected_value"":""2""},{""action"":""ACTION_P"",""expected_value"":""7""}],""final_action"":""ACTION_P""}",original,ACTION_P,True
ai2_olmo.oi_conf_0026.ROLE_B.correction.modified,4.440393686294556,ai2_olmo.oi_conf_0026.ROLE_B.correction,correction,ai2_olmo,local-tree-eb8c3dce0af34c1de12a6d57f0f4a594e0ab8a707ffe43b38836d014a99edda4,ACTION_P,"[5018, 4109, 794, 58, 5018, 1335, 794, 1, 42995, 13640, 498, 1, 7475, 3220, 3332, 777, 14, 21, 14682, 5018, 1335, 794, 1, 42995, 1106, 498, 1, 7475, 3220, 3332, 777, 14, 21, 9388, 1145, 1, 12085, 8090, 794, 1, 42995, 1106, 9388, 100257]",05cd6cfce1401a52ef2c803d5941f3e93ac094bbbd8246bad5985798ba292beb,oi_conf_0026.ROLE_B,"{""actions"":[{""action"":""ACTION_Q"",""expected_value"":""19/6""},{""action"":""ACTION_P"",""expected_value"":""19/6""}],""final_action"":""ACTION_P""}",modified,ACTION_P,True
ai2_olmo.oi_conf_0027.ROLE_A.correction.original,3.9226272106170654,ai2_olmo.oi_conf_0027.ROLE_A.correction,correction,ai2_olmo,local-tree-eb8c3dce0af34c1de12a6d57f0f4a594e0ab8a707ffe43b38836d014a99edda4,ACTION_P,"[5018, 4109, 794, 58, 5018, 1335, 794, 1, 42995, 13640, 498, 1, 7475, 3220, 794, 35394, 17, 14682, 5018, 1335, 794, 1, 42995, 1106, 498, 1, 7475, 3220, 794, 1, 16, 9388, 1145, 1, 12085, 8090, 794, 1, 42995, 1106, 9388, 100257]",e5e38ea21d4f17cc6310bc7938c84e9bd3e55dd2ea775566ac63e8bb6edb2f15,oi_conf_0027.ROLE_A,"{""actions"":[{""action"":""ACTION_Q"",""expected_value"":""-2""},{""action"":""ACTION_P"",""expected_value"":""1""}],""final_action"":""ACTION_P""}",original,ACTION_P,True
ai2_olmo.oi_conf_0027.ROLE_A.correction.modified,4.389882326126099,ai2_olmo.oi_conf_0027.ROLE_A.correction,correction,ai2_olmo,local-tree-eb8c3dce0af34c1de12a6d57f0f4a594e0ab8a707ffe43b38836d014a99edda4,ACTION_P,"[5018, 4109, 794, 58, 5018, 1335, 794, 1, 42995, 13640, 498, 1, 7475, 3220, 794, 35394, 19, 14682, 5018, 1335, 794, 1, 42995, 1106, 498, 1, 7475, 3220, 794, 1, 22, 9388, 1145, 1, 12085, 8090, 794, 1, 42995, 1106, 9388, 100257]",98d139a0fb00815da625be036ee3bc494c5bb90585413fe0ca5bf2279fd0d858,oi_conf_0027.ROLE_A,"{""actions"":[{""action"":""ACTION_Q"",""expected_value"":""-4""},{""action"":""ACTION_P"",""expected_value"":""7""}],""final_action"":""ACTION_P""}",modified,ACTION_P,True
ai2_olmo.oi_conf_0027.ROLE_B.correction.original,3.95713210105896,ai2_olmo.oi_conf_0027.ROLE_B.correction,correction,ai2_olmo,local-tree-eb8c3dce0af34c1de12a6d57f0f4a594e0ab8a707ffe43b38836d014a99edda4,ACTION_Q,"[5018, 4109, 794, 58, 5018, 1335, 794, 1, 42995, 13640, 498, 1, 7475, 3220, 794, 35394, 17, 14682, 5018, 1335, 794, 1, 42995, 1106, 498, 1, 7475, 3220, 794, 1, 16, 9388, 1145, 1, 12085, 8090, 794, 1, 42995, 1106, 9388, 100257]",e5e38ea21d4f17cc6310bc7938c84e9bd3e55dd2ea775566ac63e8bb6edb2f15,oi_conf_0027.ROLE_B,"{""actions"":[{""action"":""ACTION_Q"",""expected_value"":""-2""},{""action"":""ACTION_P"",""expected_value"":""1""}],""final_action"":""ACTION_P""}",original,ACTION_P,False
ai2_olmo.oi_conf_0027.ROLE_B.correction.modified,3.7669973373413086,ai2_olmo.oi_conf_0027.ROLE_B.correction,correction,ai2_olmo,local-tree-eb8c3dce0af34c1de12a6d57f0f4a594e0ab8a707ffe43b38836d014a99edda4,ACTION_Q,"[5018, 4109, 794, 58, 5018, 1335, 794, 1, 42995, 13640, 498, 1, 7475, 3220, 3332, 24, 14682, 5018, 1335, 794, 1, 42995, 1106, 498, 1, 7475, 3220, 3332, 22, 9388, 1145, 1, 12085, 8090, 794, 1, 42995, 1106, 9388, 100257]",41240058f1cc168e542ae10667fc296ec01001e637c4e121b4c1c2ddd0f1a04c,oi_conf_0027.ROLE_B,"{""actions"":[{""action"":""ACTION_Q"",""expected_value"":""9""},{""action"":""ACTION_P"",""expected_value"":""7""}],""final_action"":""ACTION_P""}",modified,ACTION_P,False
ai2_olmo.oi_conf_0028.ROLE_A.correction.original,4.632442951202393,ai2_olmo.oi_conf_0028.ROLE_A.correction,correction,ai2_olmo,local-tree-eb8c3dce0af34c1de12a6d57f0f4a594e0ab8a707ffe43b38836d014a99edda4,ACTION_P,"[5018, 4109, 794, 58, 5018, 1335, 794, 1, 42995, 13640, 498, 1, 7475, 3220, 3332, 22, 14682, 5018, 1335, 794, 1, 42995, 1106, 498, 1, 7475, 3220, 3332, 24, 9388, 1145, 1, 12085, 8090, 794, 1, 42995, 1106, 9388, 100257]",8e7fc1fd3ae764e1d05b2ca2fa906015ca0d73ae37d065f3d37fca51f42d2bda,oi_conf_0028.ROLE_A,"{""actions"":[{""action"":""ACTION_Q"",""expected_value"":""7""},{""action"":""ACTION_P"",""expected_value"":""9""}],""final_action"":""ACTION_P""}",original,ACTION_P,True
ai2_olmo.oi_conf_0028.ROLE_A.correction.modified,3.8711085319519043,ai2_olmo.oi_conf_0028.ROLE_A.correction,correction,ai2_olmo,local-tree-eb8c3dce0af34c1de12a6d57f0f4a594e0ab8a707ffe43b38836d014a99edda4,ACTION_P,"[5018, 4109, 794, 58, 5018, 1335, 794, 1, 42995, 13640, 498, 1, 7475, 3220, 3332, 22, 14682, 5018, 1335, 794, 1, 42995, 1106, 498, 1, 7475, 3220, 3332, 1544, 9388, 1145, 1, 12085, 8090, 794, 1, 42995, 1106, 9388, 100257]",2178f4deb39ddbd676ab5bcbc8b893fe484168ebf36b126a606672ea1b45d07d,oi_conf_0028.ROLE_A,"{""actions"":[{""action"":""ACTION_Q"",""expected_value"":""7""},{""action"":""ACTION_P"",""expected_value"":""27""}],""final_action"":""ACTION_P""}",modified,ACTION_P,True
ai2_olmo.oi_conf_0028.ROLE_B.correction.original,4.314474582672119,ai2_olmo.oi_conf_0028.ROLE_B.correction,correction,ai2_olmo,local-tree-eb8c3dce0af34c1de12a6d57f0f4a594e0ab8a707ffe43b38836d014a99edda4,ACTION_Q,"[5018, 4109, 794, 58, 5018, 1335, 794, 1, 42995, 13640, 498, 1, 7475, 3220, 3332, 22, 14682, 5018, 1335, 794, 1, 42995, 1106, 498, 1, 7475, 3220, 3332, 24, 9388, 1145, 1, 12085, 8090, 794, 1, 42995, 1106, 9388, 100257]",8e7fc1fd3ae764e1d05b2ca2fa906015ca0d73ae37d065f3d37fca51f42d2bda,oi_conf_0028.ROLE_B,"{""actions"":[{""action"":""ACTION_Q"",""expected_value"":""7""},{""action"":""ACTION_P"",""expected_value"":""9""}],""final_action"":""ACTION_P""}",original,ACTION_P,False
ai2_olmo.oi_conf_0028.ROLE_B.correction.modified,3.872101068496704,ai2_olmo.oi_conf_0028.ROLE_B.correction,correction,ai2_olmo,local-tree-eb8c3dce0af34c1de12a6d57f0f4a594e0ab8a707ffe43b38836d014a99edda4,ACTION_Q,"[5018, 4109, 794, 58, 5018, 1335, 794, 1, 42995, 13640, 498, 1, 7475, 3220, 3332, 17, 14682, 5018, 1335, 794, 1, 42995, 1106, 498, 1, 7475, 3220, 3332, 15, 9388, 1145, 1, 12085, 8090, 794, 1, 42995, 1106, 9388, 100257]",9796d79941a58ceda9112949ab33c10a50ec8b24e877bac6aa0364469405f436,oi_conf_0028.ROLE_B,"{""actions"":[{""action"":""ACTION_Q"",""expected_value"":""2""},{""action"":""ACTION_P"",""expected_value"":""0""}],""final_action"":""ACTION_P""}",modified,ACTION_P,False
ai2_olmo.oi_conf_0029.ROLE_A.correction.original,4.334406137466431,ai2_olmo.oi_conf_0029.ROLE_A.correction,correction,ai2_olmo,local-tree-eb8c3dce0af34c1de12a6d57f0f4a594e0ab8a707ffe43b38836d014a99edda4,ACTION_Q,"[5018, 4109, 794, 58, 5018, 1335, 794, 1, 42995, 13640, 498, 1, 7475, 3220, 3332, 23, 14682, 5018, 1335, 794, 1, 42995, 1106, 498, 1, 7475, 3220, 3332, 21, 9388, 1145, 1, 12085, 8090, 794, 1, 42995, 1106, 9388, 100257]",db7f4dc51667e14c06fd419fef0c4443ca13cdbd499b4d544b68ec9b32fad284,oi_conf_0029.ROLE_A,"{""actions"":[{""action"":""ACTION_Q"",""expected_value"":""8""},{""action"":""ACTION_P"",""expected_value"":""6""}],""final_action"":""ACTION_P""}",original,ACTION_P,False
ai2_olmo.oi_conf_0029.ROLE_A.correction.modified,3.9353976249694824,ai2_olmo.oi_conf_0029.ROLE_A.correction,correction,ai2_olmo,local-tree-eb8c3dce0af34c1de12a6d57f0f4a594e0ab8a707ffe43b38836d014a99edda4,ACTION_Q,"[5018, 4109, 794, 58, 5018, 1335, 794, 1, 42995, 13640, 498, 1, 7475, 3220, 3332, 1114, 14682, 5018, 1335, 794, 1, 42995, 1106, 498, 1, 7475, 3220, 3332, 605, 9388, 1145, 1, 12085, 8090, 794, 1, 42995, 1106, 9388, 100257]",a693d208912699d8d75316880d9beb767db3beb425122d122c48447e8d798e13,oi_conf_0029.ROLE_A,"{""actions"":[{""action"":""ACTION_Q"",""expected_value"":""17""},{""action"":""ACTION_P"",""expected_value"":""10""}],""final_action"":""ACTION_P""}",modified,ACTION_P,False
ai2_olmo.oi_conf_0029.ROLE_B.correction.original,3.740060329437256,ai2_olmo.oi_conf_0029.ROLE_B.correction,correction,ai2_olmo,local-tree-eb8c3dce0af34c1de12a6d57f0f4a594e0ab8a707ffe43b38836d014a99edda4,ACTION_P,"[5018, 4109, 794, 58, 5018, 1335, 794, 1, 42995, 13640, 498, 1, 7475, 3220, 3332, 23, 14682, 5018, 1335, 794, 1, 42995, 1106, 498, 1, 7475, 3220, 3332, 21, 9388, 1145, 1, 12085, 8090, 794, 1, 42995, 1106, 9388, 100257]",db7f4dc51667e14c06fd419fef0c4443ca13cdbd499b4d544b68ec9b32fad284,oi_conf_0029.ROLE_B,"{""actions"":[{""action"":""ACTION_Q"",""expected_value"":""8""},{""action"":""ACTION_P"",""expected_value"":""6""}],""final_action"":""ACTION_P""}",original,ACTION_P,True
ai2_olmo.oi_conf_0029.ROLE_B.correction.modified,4.625073671340942,ai2_olmo.oi_conf_0029.ROLE_B.correction,correction,ai2_olmo,local-tree-eb8c3dce0af34c1de12a6d57f0f4a594e0ab8a707ffe43b38836d014a99edda4,ACTION_P,"[5018, 4109, 794, 58, 5018, 1335, 794, 1, 42995, 13640, 498, 1, 7475, 3220, 794, 1, 15, 14682, 5018, 1335, 794, 1, 42995, 1106, 498, 1, 7475, 3220, 794, 1, 21, 9388, 1145, 1, 12085, 8090, 794, 1, 42995, 1106, 9388, 100257]",e6d13b773a6d3f5e0d9a4a2ded852d7a6fc13330db4a7eca20fc2d4650308f76,oi_conf_0029.ROLE_B,"{""actions"":[{""action"":""ACTION_Q"",""expected_value"":""0""},{""action"":""ACTION_P"",""expected_value"":""6""}],""final_action"":""ACTION_P""}",modified,ACTION_P,True
ai2_olmo.oi_conf_0030.ROLE_A.correction.original,3.9616777896881104,ai2_olmo.oi_conf_0030.ROLE_A.correction,correction,ai2_olmo,local-tree-eb8c3dce0af34c1de12a6d57f0f4a594e0ab8a707ffe43b38836d014a99edda4,ACTION_Q,"[5018, 4109, 794, 58, 5018, 1335, 794, 1, 42995, 13640, 498, 1, 7475, 3220, 794, 1, 21, 14, 18, 9388, 55829, 1335, 794, 1, 42995, 1106, 498, 1, 7475, 3220, 794, 1, 22, 14, 18, 9388, 1145, 1, 12085, 8090, 794, 1, 42995, 1106, 9388, 100257]",411f22aec560cf073ea435c8090bae58241a8513570336fc551fde955ca12617,oi_conf_0030.ROLE_A,"{""actions"":[{""action"":""ACTION_Q"",""expected_value"":""6/3""},{""action"":""ACTION_P"",""expected_value"":""7/3""}],""final_action"":""ACTION_P""}",original,ACTION_P,False
ai2_olmo.oi_conf_0030.ROLE_A.correction.modified,4.304549932479858,ai2_olmo.oi_conf_0030.ROLE_A.correction,correction,ai2_olmo,local-tree-eb8c3dce0af34c1de12a6d57f0f4a594e0ab8a707ffe43b38836d014a99edda4,ACTION_Q,"[5018, 4109, 794, 58, 5018, 1335, 794, 1, 42995, 13640, 498, 1, 7475, 3220, 794, 1, 16, 14, 18, 9388, 55829, 1335, 794, 1, 42995, 1106, 498, 1, 7475, 3220, 794, 1, 17, 14, 18, 9388, 1145, 1, 12085, 8090, 794, 1, 42995, 1106, 9388, 100257]",5106abfe40b10d5cf6ffb405fd5dd5d5915bbb298e875e3cf02f4b97f49435be,oi_conf_0030.ROLE_A,"{""actions"":[{""action"":""ACTION_Q"",""expected_value"":""1/3""},{""action"":""ACTION_P"",""expected_value"":""2/3""}],""final_action"":""ACTION_P""}",modified,ACTION_P,False
ai2_olmo.oi_conf_0030.ROLE_B.correction.original,4.398895978927612,ai2_olmo.oi_conf_0030.ROLE_B.correction,correction,ai2_olmo,local-tree-eb8c3dce0af34c1de12a6d57f0f4a594e0ab8a707ffe43b38836d014a99edda4,ACTION_P,"[5018, 4109, 794, 58, 5018, 1335, 794, 1, 42995, 13640, 498, 1, 7475, 3220, 794, 1, 21, 14, 18, 9388, 55829, 1335, 794, 1, 42995, 1106, 498, 1, 7475, 3220, 794, 1, 22, 14, 18, 9388, 1145, 1, 12085, 8090, 794, 1, 42995, 1106, 9388, 100257]",411f22aec560cf073ea435c8090bae58241a8513570336fc551fde955ca12617,oi_conf_0030.ROLE_B,"{""actions"":[{""action"":""ACTION_Q"",""expected_value"":""6/3""},{""action"":""ACTION_P"",""expected_value"":""7/3""}],""final_action"":""ACTION_P""}",original,ACTION_P,True
ai2_olmo.oi_conf_0030.ROLE_B.correction.modified,3.7454957962036133,ai2_olmo.oi_conf_0030.ROLE_B.correction,correction,ai2_olmo,local-tree-eb8c3dce0af34c1de12a6d57f0f4a594e0ab8a707ffe43b38836d014a99edda4,ACTION_P,"[5018, 4109, 794, 58, 5018, 1335, 794, 1, 42995, 13640, 498, 1, 7475, 3220, 3332, 18, 14682, 5018, 1335, 794, 1, 42995, 1106, 498, 1, 7475, 3220, 3332, 717, 9388, 1145, 1, 12085, 8090, 794, 1, 42995, 1106, 9388, 100257]",f80234477cd5d25211fcdbe665ce64452773701777f89c2592b5fc0795896840,oi_conf_0030.ROLE_B,"{""actions"":[{""action"":""ACTION_Q"",""expected_value"":""3""},{""action"":""ACTION_P"",""expected_value"":""12""}],""final_action"":""ACTION_P""}",modified,ACTION_P,True
ai2_olmo.oi_conf_0031.ROLE_A.correction.original,4.712701797485352,ai2_olmo.oi_conf_0031.ROLE_A.correction,correction,ai2_olmo,local-tree-eb8c3dce0af34c1de12a6d57f0f4a594e0ab8a707ffe43b38836d014a99edda4,ACTION_P,"[5018, 4109, 794, 58, 5018, 1335, 794, 1, 42995, 13640, 498, 1, 7475, 3220, 794, 1, 21, 14, 18, 9388, 55829, 1335, 794, 1, 42995, 1106, 498, 1, 7475, 3220, 794, 1, 845, 14, 18, 9388, 1145, 1, 12085, 8090, 794, 1, 42995, 1106, 9388, 100257]",bef4df88bc5286d8d90edbea5208712cafc203c87d518cd54cac73f68b343b2c,oi_conf_0031.ROLE_A,"{""actions"":[{""action"":""ACTION_Q"",""expected_value"":""6/3""},{""action"":""ACTION_P"",""expected_value"":""16/3""}],""final_action"":""ACTION_P""}",original,ACTION_P,True
ai2_olmo.oi_conf_0031.ROLE_A.correction.modified,3.846682071685791,ai2_olmo.oi_conf_0031.ROLE_A.correction,correction,ai2_olmo,local-tree-eb8c3dce0af34c1de12a6d57f0f4a594e0ab8a707ffe43b38836d014a99edda4,ACTION_P,"[5018, 4109, 794, 58, 5018, 1335, 794, 1, 42995, 13640, 498, 1, 7475, 3220, 794, 35394, 20, 14682, 5018, 1335, 794, 1, 42995, 1106, 498, 1, 7475, 3220, 794, 1, 21, 9388, 1145, 1, 12085, 8090, 794, 1, 42995, 1106, 9388, 100257]",c348d7c6b2266803f64d44ad9158a195cec694a75f9c3c9cc968561e80340482,oi_conf_0031.ROLE_A,"{""actions"":[{""action"":""ACTION_Q"",""expected_value"":""-5""},{""action"":""ACTION_P"",""expected_value"":""6""}],""final_action"":""ACTION_P""}",modified,ACTION_P,True
ai2_olmo.oi_conf_0031.ROLE_B.correction.original,4.184810638427734,ai2_olmo.oi_conf_0031.ROLE_B.correction,correction,ai2_olmo,local-tree-eb8c3dce0af34c1de12a6d57f0f4a594e0ab8a707ffe43b38836d014a99edda4,ACTION_Q,"[5018, 4109, 794, 58, 5018, 1335, 794, 1, 42995, 13640, 498, 1, 7475, 3220, 3332, 21, 14682, 5018, 1335, 794, 1, 42995, 1106, 498, 1, 7475, 3220, 3332, 845, 9388, 1145, 1, 12085, 8090, 794, 1, 42995, 1106, 9388, 100257]",6e0b9f4410084a7a3a4c441e316a70888b113edd83f7d1815bf566c4b4d9c736,oi_conf_0031.ROLE_B,"{""actions"":[{""action"":""ACTION_Q"",""expected_value"":""6""},{""action"":""ACTION_P"",""expected_value"":""16""}],""final_action"":""ACTION_P""}",original,ACTION_P,False
ai2_olmo.oi_conf_0031.ROLE_B.correction.modified,4.244138240814209,ai2_olmo.oi_conf_0031.ROLE_B.correction,correction,ai2_olmo,local-tree-eb8c3dce0af34c1de12a6d57f0f4a594e0ab8a707ffe43b38836d014a99edda4,ACTION_Q,"[5018, 4109, 794, 58, 5018, 1335, 794, 1, 42995, 13640, 498, 1, 7475, 3220, 3332, 605, 14682, 5018, 1335, 794, 1, 42995, 1106, 498, 1, 7475, 3220, 3332, 845, 9388, 1145, 1, 12085, 8090, 794, 1, 42995, 1106, 9388, 100257]",6b90a766bd337aa9d9cc2f385d4afc55bead6e8d61a74a60c2d0a0a0ae1d2c40,oi_conf_0031.ROLE_B,"{""actions"":[{""action"":""ACTION_Q"",""expected_value"":""10""},{""action"":""ACTION_P"",""expected_value"":""16""}],""final_action"":""ACTION_P""}",modified,ACTION_P,False
ai2_olmo.oi_conf_0032.ROLE_A.correction.original,3.8872246742248535,ai2_olmo.oi_conf_0032.ROLE_A.correction,correction,ai2_olmo,local-tree-eb8c3dce0af34c1de12a6d57f0f4a594e0ab8a707ffe43b38836d014a99edda4,ACTION_P,"[5018, 4109, 794, 58, 5018, 1335, 794, 1, 42995, 1106, 498, 1, 7475, 3220, 794, 1, 1114, 14, 18, 14682, 5018, 1335, 794, 1, 42995, 13640, 498, 1, 7475, 3220, 794, 1, 1032, 14, 18, 9388, 1145, 1, 12085, 8090, 794, 1, 42995, 13640, 9388, 100257]",0df1742833a442ab3f9a1ae93559d721f2bc95481765cf03427cef6c69819941,oi_conf_0032.ROLE_A,"{""actions"":[{""action"":""ACTION_P"",""expected_value"":""17/3""},{""action"":""ACTION_Q"",""expected_value"":""13/3""}],""final_action"":""ACTION_Q""}",original,ACTION_Q,False
ai2_olmo.oi_conf_0032.ROLE_A.correction.modified,4.658798933029175,ai2_olmo.oi_conf_0032.ROLE_A.correction,correction,ai2_olmo,local-tree-eb8c3dce0af34c1de12a6d57f0f4a594e0ab8a707ffe43b38836d014a99edda4,ACTION_P,"[5018, 4109, 794, 58, 5018, 1335, 794, 1, 42995, 1106, 498, 1, 7475, 3220, 794, 1, 1114, 14682, 5018, 1335, 794, 1, 42995, 13640, 498, 1, 7475, 3220, 794, 1, 975, 9388, 1145, 1, 12085, 8090, 794, 1, 42995, 13640, 9388, 100257]",076af07bca4f13c9cf1bb523411641a0bd02085eb13d79863d6872a68d8aa371,oi_conf_0032.ROLE_A,"{""actions"":[{""action"":""ACTION_P"",""expected_value"":""17""},{""action"":""ACTION_Q"",""expected_value"":""14""}],""final_action"":""ACTION_Q""}",modified,ACTION_Q,False
ai2_olmo.oi_conf_0032.ROLE_B.correction.original,4.006885766983032,ai2_olmo.oi_conf_0032.ROLE_B.correction,correction,ai2_olmo,local-tree-eb8c3dce0af34c1de12a6d57f0f4a594e0ab8a707ffe43b38836d014a99edda4,ACTION_Q,"[5018, 4109, 794, 58, 5018, 1335, 794, 1, 42995, 1106, 498, 1, 7475, 3220, 794, 1, 1114, 14, 18, 14682, 5018, 1335, 794, 1, 42995, 13640, 498, 1, 7475, 3220, 794, 1, 1032, 14, 18, 9388, 1145, 1, 12085, 8090, 794, 1, 42995, 13640, 9388, 100257]",0df1742833a442ab3f9a1ae93559d721f2bc95481765cf03427cef6c69819941,oi_conf_0032.ROLE_B,"{""actions"":[{""action"":""ACTION_P"",""expected_value"":""17/3""},{""action"":""ACTION_Q"",""expected_value"":""13/3""}],""final_action"":""ACTION_Q""}",original,ACTION_Q,True
ai2_olmo.oi_conf_0032.ROLE_B.correction.modified,4.521814584732056,ai2_olmo.oi_conf_0032.ROLE_B.correction,correction,ai2_olmo,local-tree-eb8c3dce0af34c1de12a6d57f0f4a594e0ab8a707ffe43b38836d014a99edda4,ACTION_Q,"[5018, 4109, 794, 58, 5018, 1335, 794, 1, 42995, 1106, 498, 1, 7475, 3220, 794, 35394, 20, 14, 18, 14682, 5018, 1335, 794, 1, 42995, 13640, 498, 1, 7475, 3220, 794, 1, 22, 14, 18, 9388, 1145, 1, 12085, 8090, 794, 1, 42995, 13640, 9388, 100257]",d94b95de5a29bef26f32ff738690e128dde5b4f2dfb7dc0cfa92ccf92d8885a7,oi_conf_0032.ROLE_B,"{""actions"":[{""action"":""ACTION_P"",""expected_value"":""-5/3""},{""action"":""ACTION_Q"",""expected_value"":""7/3""}],""final_action"":""ACTION_Q""}",modified,ACTION_Q,True
ai2_olmo.oi_conf_0033.ROLE_A.correction.original,3.877424716949463,ai2_olmo.oi_conf_0033.ROLE_A.correction,correction,ai2_olmo,local-tree-eb8c3dce0af34c1de12a6d57f0f4a594e0ab8a707ffe43b38836d014a99edda4,ACTION_Q,"[5018, 4109, 794, 58, 5018, 1335, 794, 1, 42995, 1106, 498, 1, 7475, 3220, 3332, 966, 14682, 5018, 1335, 794, 1, 42995, 13640, 498, 1, 7475, 3220, 3332, 1114, 9388, 1145, 1, 12085, 8090, 794, 1, 42995, 13640, 9388, 100257]",17325b5897289128b282ea14e60a5953cda25bca7cfb70b7e6b6dcbaeace15ed,oi_conf_0033.ROLE_A,"{""actions"":[{""action"":""ACTION_P"",""expected_value"":""30""},{""action"":""ACTION_Q"",""expected_value"":""17""}],""final_action"":""ACTION_Q""}",original,ACTION_Q,True
ai2_olmo.oi_conf_0033.ROLE_A.correction.modified,4.417212247848511,ai2_olmo.oi_conf_0033.ROLE_A.correction,correction,ai2_olmo,local-tree-eb8c3dce0af34c1de12a6d57f0f4a594e0ab8a707ffe43b38836d014a99edda4,ACTION_Q,"[5018, 4109, 794, 58, 5018, 1335, 794, 1, 42995, 1106, 498, 1, 7475, 3220, 794, 1, 1682, 14, 17, 14682, 5018, 1335, 794, 1, 42995, 13640, 498, 1, 7475, 3220, 794, 1, 1682, 9388, 1145, 1, 12085, 8090, 794, 1, 42995, 13640, 9388, 100257]",b2023fee4e764d88eeb2fcecb271c649e13b97ab662196ee6fc3c09dc69305fb,oi_conf_0033.ROLE_A,"{""actions"":[{""action"":""ACTION_P"",""expected_value"":""29/2""},{""action"":""ACTION_Q"",""expected_value"":""29""}],""final_action"":""ACTION_Q""}",modified,ACTION_Q,True
ai2_olmo.oi_conf_0033.ROLE_B.correction.original,3.873997211456299,ai2_olmo.oi_conf_0033.ROLE_B.correction,correction,ai2_olmo,local-tree-eb8c3dce0af34c1de12a6d57f0f4a594e0ab8a707ffe43b38836d014a99edda4,ACTION_P,"[5018, 4109, 794, 58, 5018, 1335, 794, 1, 42995, 1106, 498, 1, 7475, 3220, 3332, 966, 14682, 5018, 1335, 794, 1, 42995, 13640, 498, 1, 7475, 3220, 3332, 975, 9388, 1145, 1, 12085, 8090, 794, 1, 42995, 1106, 9388, 100257]",23cb113e296a0051088a34758bfea67d007707d874eeb4575cdfcfdf5ecb9050,oi_conf_0033.ROLE_B,"{""actions"":[{""action"":""ACTION_P"",""expected_value"":""30""},{""action"":""ACTION_Q"",""expected_value"":""14""}],""final_action"":""ACTION_P""}",original,ACTION_P,True
ai2_olmo.oi_conf_0033.ROLE_B.correction.modified,4.372456789016724,ai2_olmo.oi_conf_0033.ROLE_B.correction,correction,ai2_olmo,local-tree-eb8c3dce0af34c1de12a6d57f0f4a594e0ab8a707ffe43b38836d014a99edda4,ACTION_P,"[5018, 4109, 794, 58, 5018, 1335, 794, 1, 42995, 1106, 498, 1, 7475, 3220, 794, 35394, 23, 37609, 1335, 794, 1, 42995, 13640, 498, 1, 7475, 3220, 794, 35394, 21, 9388, 1145, 1, 12085, 8090, 794, 1, 42995, 13640, 9388, 100257]",a18c895295af9f53e589984abedf9ecb25e8e46ed554435d4697a086250e94f5,oi_conf_0033.ROLE_B,"{""actions"":[{""action"":""ACTION_P"",""expected_value"":""-8""},{""action"":""ACTION_Q"",""expected_value"":""-6""}],""final_action"":""ACTION_Q""}",modified,ACTION_Q,False
ai2_olmo.oi_conf_0034.ROLE_A.correction.original,4.023763179779053,ai2_olmo.oi_conf_0034.ROLE_A.correction,correction,ai2_olmo,local-tree-eb8c3dce0af34c1de12a6d57f0f4a594e0ab8a707ffe43b38836d014a99edda4,ACTION_Q,"[5018, 4109, 794, 58, 5018, 1335, 794, 1, 42995, 1106, 498, 1, 7475, 3220, 3332, 16, 14, 21, 9388, 55829, 1335, 794, 1, 42995, 13640, 498, 1, 7475, 3220, 3332, 20, 14, 21, 9388, 1145, 1, 12085, 8090, 794, 1, 42995, 13640, 9388, 100257]",e3262201100c148633f1ed3d42e921d4ec12533342ef74f98fa64bebf1a9d593,oi_conf_0034.ROLE_A,"{""actions"":[{""action"":""ACTION_P"",""expected_value"":""1/6""},{""action"":""ACTION_Q"",""expected_value"":""5/6""}],""final_action"":""ACTION_Q""}",original,ACTION_Q,True
ai2_olmo.oi_conf_0034.ROLE_A.correction.modified,3.902811050415039,ai2_olmo.oi_conf_0034.ROLE_A.correction,correction,ai2_olmo,local-tree-eb8c3dce0af34c1de12a6d57f0f4a594e0ab8a707ffe43b38836d014a99edda4,ACTION_Q,"[5018, 4109, 794, 58, 5018, 1335, 794, 1, 42995, 1106, 498, 1, 7475, 3220, 794, 35394, 17, 14, 21, 14682, 5018, 1335, 794, 1, 42995, 13640, 498, 1, 7475, 3220, 794, 1, 19, 14, 21, 9388, 1145, 1, 12085, 8090, 794, 1, 42995, 13640, 9388, 100257]",ef588a4e20b96c6851700271cf3e0683045dc05ec7602ebb57f37e2734fdea2e,oi_conf_0034.ROLE_A,"{""actions"":[{""action"":""ACTION_P"",""expected_value"":""-2/6""},{""action"":""ACTION_Q"",""expected_value"":""4/6""}],""final_action"":""ACTION_Q""}",modified,ACTION_Q,True
ai2_olmo.oi_conf_0034.ROLE_B.correction.original,4.712550640106201,ai2_olmo.oi_conf_0034.ROLE_B.correction,correction,ai2_olmo,local-tree-eb8c3dce0af34c1de12a6d57f0f4a594e0ab8a707ffe43b38836d014a99edda4,ACTION_P,"[5018, 4109, 794, 58, 5018, 1335, 794, 1, 42995, 1106, 498, 1, 7475, 3220, 3332, 16, 14, 21, 9388, 55829, 1335, 794, 1, 42995, 13640, 498, 1, 7475, 3220, 3332, 20, 14, 21, 9388, 1145, 1, 12085, 8090, 794, 1, 42995, 13640, 9388, 100257]",e3262201100c148633f1ed3d42e921d4ec12533342ef74f98fa64bebf1a9d593,oi_conf_0034.ROLE_B,"{""actions"":[{""action"":""ACTION_P"",""expected_value"":""1/6""},{""action"":""ACTION_Q"",""expected_value"":""5/6""}],""final_action"":""ACTION_Q""}",original,ACTION_Q,False
ai2_olmo.oi_conf_0034.ROLE_B.correction.modified,3.945614814758301,ai2_olmo.oi_conf_0034.ROLE_B.correction,correction,ai2_olmo,local-tree-eb8c3dce0af34c1de12a6d57f0f4a594e0ab8a707ffe43b38836d014a99edda4,ACTION_P,"[5018, 4109, 794, 58, 5018, 1335, 794, 1, 42995, 1106, 498, 1, 7475, 3220, 3332, 2148, 14, 21, 14682, 5018, 1335, 794, 1, 42995, 13640, 498, 1, 7475, 3220, 3332, 1958, 9388, 1145, 1, 12085, 8090, 794, 1, 42995, 13640, 9388, 100257]",ee80484ce37d6ecafdbe99429b6bfd48f00dd80e420a79e84f3541b8b10a4d85,oi_conf_0034.ROLE_B,"{""actions"":[{""action"":""ACTION_P"",""expected_value"":""31/6""},{""action"":""ACTION_Q"",""expected_value"":""34""}],""final_action"":""ACTION_Q""}",modified,ACTION_Q,False
ai2_olmo.oi_conf_0035.ROLE_A.correction.original,4.361992120742798,ai2_olmo.oi_conf_0035.ROLE_A.correction,correction,ai2_olmo,local-tree-eb8c3dce0af34c1de12a6d57f0f4a594e0ab8a707ffe43b38836d014a99edda4,ACTION_P,"[5018, 4109, 794, 58, 5018, 1335, 794, 1, 42995, 1106, 498, 1, 7475, 3220, 794, 1, 23, 14682, 5018, 1335, 794, 1, 42995, 13640, 498, 1, 7475, 3220, 794, 1, 605, 9388, 1145, 1, 12085, 8090, 794, 1, 42995, 13640, 9388, 100257]",79d3459408fde31208acb8a38270afa451e4348eb2843a6c22fe88514f504450,oi_conf_0035.ROLE_A,"{""actions"":[{""action"":""ACTION_P"",""expected_value"":""8""},{""action"":""ACTION_Q"",""expected_value"":""10""}],""final_action"":""ACTION_Q""}",original,ACTION_Q,False
ai2_olmo.oi_conf_0035.ROLE_A.correction.modified,3.992748975753784,ai2_olmo.oi_conf_0035.ROLE_A.correction,correction,ai2_olmo,local-tree-eb8c3dce0af34c1de12a6d57f0f4a594e0ab8a707ffe43b38836d014a99edda4,ACTION_P,"[5018, 4109, 794, 58, 5018, 1335, 794, 1, 42995, 1106, 498, 1, 7475, 3220, 794, 35394, 16, 14, 17, 14682, 5018, 1335, 794, 1, 42995, 13640, 498, 1, 7475, 3220, 794, 35394, 21, 9388, 1145, 1, 12085, 8090, 794, 1, 42995, 13640, 9388, 100257]",f02ce4e354f1566d1c23626b3243feecf1df9eec8602212397ba5bde4bf892d7,oi_conf_0035.ROLE_A,"{""actions"":[{""action"":""ACTION_P"",""expected_value"":""-1/2""},{""action"":""ACTION_Q"",""expected_value"":""-6""}],""final_action"":""ACTION_Q""}",modified,ACTION_Q,False
ai2_olmo.oi_conf_0035.ROLE_B.correction.original,4.38625431060791,ai2_olmo.oi_conf_0035.ROLE_B.correction,correction,ai2_olmo,local-tree-eb8c3dce0af34c1de12a6d57f0f4a594e0ab8a707ffe43b38836d014a99edda4,ACTION_Q,"[5018, 4109, 794, 58, 5018, 1335, 794, 1, 42995, 1106, 498, 1, 7475, 3220, 794, 1, 23, 14682, 5018, 1335, 794, 1, 42995, 13640, 498, 1, 7475, 3220, 794, 1, 605, 9388, 1145, 1, 12085, 8090, 794, 1, 42995, 13640, 9388, 100257]",79d3459408fde31208acb8a38270afa451e4348eb2843a6c22fe88514f504450,oi_conf_0035.ROLE_B,"{""actions"":[{""action"":""ACTION_P"",""expected_value"":""8""},{""action"":""ACTION_Q"",""expected_value"":""10""}],""final_action"":""ACTION_Q""}",original,ACTION_Q,True
ai2_olmo.oi_conf_0035.ROLE_B.correction.modified,3.9041192531585693,ai2_olmo.oi_conf_0035.ROLE_B.correction,correction,ai2_olmo,local-tree-eb8c3dce0af34c1de12a6d57f0f4a594e0ab8a707ffe43b38836d014a99edda4,ACTION_Q,"[5018, 4109, 794, 58, 5018, 1335, 794, 1, 42995, 1106, 498, 1, 7475, 3220, 3332, 605, 14682, 5018, 1335, 794, 1, 42995, 13640, 498, 1, 7475, 3220, 3332, 1644, 9388, 1145, 1, 12085, 8090, 794, 1, 42995, 13640, 9388, 100257]",0cca5e3fa17768194699de1d5c9437bbeb7074bb54ea194610994c24d7b20f02,oi_conf_0035.ROLE_B,"{""actions"":[{""action"":""ACTION_P"",""expected_value"":""10""},{""action"":""ACTION_Q"",""expected_value"":""33""}],""final_action"":""ACTION_Q""}",modified,ACTION_Q,True
ai2_olmo.oi_conf_0036.ROLE_A.correction.original,3.7870473861694336,ai2_olmo.oi_conf_0036.ROLE_A.correction,correction,ai2_olmo,local-tree-eb8c3dce0af34c1de12a6d57f0f4a594e0ab8a707ffe43b38836d014a99edda4,ACTION_P,"[5018, 4109, 794, 58, 5018, 1335, 794, 1, 42995, 1106, 498, 1, 7475, 3220, 794, 1, 22, 14682, 5018, 1335, 794, 1, 42995, 13640, 498, 1, 7475, 3220, 794, 1, 21, 9388, 1145, 1, 12085, 8090, 794, 1, 42995, 13640, 9388, 100257]",ff9ff269352b88a395cd750fcf8276abb9f18507474b277226973f43083c3121,oi_conf_0036.ROLE_A,"{""actions"":[{""action"":""ACTION_P"",""expected_value"":""7""},{""action"":""ACTION_Q"",""expected_value"":""6""}],""final_action"":""ACTION_Q""}",original,ACTION_Q,False
ai2_olmo.oi_conf_0036.ROLE_A.correction.modified,4.62493109703064,ai2_olmo.oi_conf_0036.ROLE_A.correction,correction,ai2_olmo,local-tree-eb8c3dce0af34c1de12a6d57f0f4a594e0ab8a707ffe43b38836d014a99edda4,ACTION_P,"[5018, 4109, 794, 58, 5018, 1335, 794, 1, 42995, 1106, 498, 1, 7475, 3220, 794, 1, 975, 14682, 5018, 1335, 794, 1, 42995, 13640, 498, 1, 7475, 3220, 794, 1, 22, 9388, 1145, 1, 12085, 8090, 794, 1, 42995, 13640, 9388, 100257]",d30c4af1cf078cd2b7197c8df337578b30049326051ab179e3eda5903668307c,oi_conf_0036.ROLE_A,"{""actions"":[{""action"":""ACTION_P"",""expected_value"":""14""},{""action"":""ACTION_Q"",""expected_value"":""7""}],""final_action"":""ACTION_Q""}",modified,ACTION_Q,False
ai2_olmo.oi_conf_0036.ROLE_B.correction.original,3.872253656387329,ai2_olmo.oi_conf_0036.ROLE_B.correction,correction,ai2_olmo,local-tree-eb8c3dce0af34c1de12a6d57f0f4a594e0ab8a707ffe43b38836d014a99edda4,ACTION_Q,"[5018, 4109, 794, 58, 5018, 1335, 794, 1, 42995, 1106, 498, 1, 7475, 3220, 794, 1, 22, 14682, 5018, 1335, 794, 1, 42995, 13640, 498, 1, 7475, 3220, 794, 1, 21, 9388, 1145, 1, 12085, 8090, 794, 1, 42995, 13640, 9388, 100257]",56cae0fd0f0ec2d012212818abfce62517567e46a8777103de11d9583e555053,oi_conf_0036.ROLE_B,"{""actions"":[{""action"":""ACTION_P"",""expected_value"":""7""},{""action"":""ACTION_Q"",""expected_value"":""6""}],""final_action"":""ACTION_Q""}",original,ACTION_Q,True
ai2_olmo.oi_conf_0036.ROLE_B.correction.modified,4.185959815979004,ai2_olmo.oi_conf_0036.ROLE_B.correction,correction,ai2_olmo,local-tree-eb8c3dce0af34c1de12a6d57f0f4a594e0ab8a707ffe43b38836d014a99edda4,ACTION_Q,"[5018, 4109, 794, 58, 5018, 1335, 794, 1, 42995, 1106, 498, 1, 7475, 3220, 794, 1, 15, 14682, 5018, 1335, 794, 1, 42995, 13640, 498, 1, 7475, 3220, 794, 1, 22, 9388, 1145, 1, 12085, 8090, 794, 1, 42995, 13640, 9388, 100257]",45981836d5ca7f0fa206dd029d980d8bce24619bc57f85c4054658f95fb83c3c,oi_conf_0036.ROLE_B,"{""actions"":[{""action"":""ACTION_P"",""expected_value"":""0""},{""action"":""ACTION_Q"",""expected_value"":""7""}],""final_action"":""ACTION_Q""}",modified,ACTION_Q,True
ai2_olmo.oi_conf_0037.ROLE_A.correction.original,4.275102615356445,ai2_olmo.oi_conf_0037.ROLE_A.correction,correction,ai2_olmo,local-tree-eb8c3dce0af34c1de12a6d57f0f4a594e0ab8a707ffe43b38836d014a99edda4,ACTION_Q,"[5018, 4109, 794, 58, 5018, 1335, 794, 1, 42995, 1106, 498, 1, 7475, 3220, 794, 1, 17, 14682, 5018, 1335, 794, 1, 42995, 13640, 498, 1, 7475, 3220, 794, 1, 17, 9388, 1145, 1, 12085, 8090, 794, 1, 42995, 13640, 9388, 100257]",22f9082bcbb64aa475ea82c8cfc0b2aa6c995305af64fdcf3b202a64e4a33bad,oi_conf_0037.ROLE_A,"{""actions"":[{""action"":""ACTION_P"",""expected_value"":""2""},{""action"":""ACTION_Q"",""expected_value"":""2""}],""final_action"":""ACTION_Q""}",original,ACTION_Q,True
ai2_olmo.oi_conf_0037.ROLE_A.correction.modified,3.7580068111419678,ai2_olmo.oi_conf_0037.ROLE_A.correction,correction,ai2_olmo,local-tree-eb8c3dce0af34c1de12a6d57f0f4a594e0ab8a707ffe43b38836d014a99edda4,ACTION_Q,"[5018, 4109, 794, 58, 5018, 1335, 794, 1, 42995, 1106, 498, 1, 7475, 3220, 794, 1, 17, 14682, 5018, 1335, 794, 1, 42995, 13640, 498, 1, 7475, 3220, 794, 1, 605, 9388, 1145, 1, 12085, 8090, 794, 1, 42995, 13640, 9388, 100257]",b956e91dc9e554959a400de322dbe0e17ffb4a0d9fa7890b2886b3a45b94c504,oi_conf_0037.ROLE_A,"{""actions"":[{""action"":""ACTION_P"",""expected_value"":""2""},{""action"":""ACTION_Q"",""expected_value"":""10""}],""final_action"":""ACTION_Q""}",modified,ACTION_Q,True
ai2_olmo.oi_conf_0037.ROLE_B.correction.original,4.616833925247192,ai2_olmo.oi_conf_0037.ROLE_B.correction,correction,ai2_olmo,local-tree-eb8c3dce0af34c1de12a6d57f0f4a594e0ab8a707ffe43b38836d014a99edda4,ACTION_P,"[5018, 4109, 794, 58, 5018, 1335, 794, 1, 42995, 1106, 498, 1, 7475, 3220, 794, 1, 17, 14682, 5018, 1335, 794, 1, 42995, 13640, 498, 1, 7475, 3220, 794, 1, 17, 9388, 1145, 1, 12085, 8090, 794, 1, 42995, 13640, 9388, 100257]",22f9082bcbb64aa475ea82c8cfc0b2aa6c995305af64fdcf3b202a64e4a33bad,oi_conf_0037.ROLE_B,"{""actions"":[{""action"":""ACTION_P"",""expected_value"":""2""},{""action"":""ACTION_Q"",""expected_value"":""2""}],""final_action"":""ACTION_Q""}",original,ACTION_Q,False
ai2_olmo.oi_conf_0037.ROLE_B.correction.modified,3.867180585861206,ai2_olmo.oi_conf_0037.ROLE_B.correction,correction,ai2_olmo,local-tree-eb8c3dce0af34c1de12a6d57f0f4a594e0ab8a707ffe43b38836d014a99edda4,ACTION_P,"[5018, 4109, 794, 58, 5018, 1335, 794, 1, 42995, 1106, 498, 1, 7475, 3220, 794, 35394, 17, 37609, 1335, 794, 1, 42995, 13640, 498, 1, 7475, 3220, 794, 35394, 21, 9388, 1145, 1, 12085, 8090, 794, 1, 42995, 13640, 9388, 100257]",82019af29a2cb825c4f111775ec90587d74135339db3b9ed07e1458355f65cff,oi_conf_0037.ROLE_B,"{""actions"":[{""action"":""ACTION_P"",""expected_value"":""-2""},{""action"":""ACTION_Q"",""expected_value"":""-6""}],""final_action"":""ACTION_Q""}",modified,ACTION_Q,False
ai2_olmo.oi_conf_0038.ROLE_A.correction.original,4.494165420532227,ai2_olmo.oi_conf_0038.ROLE_A.correction,correction,ai2_olmo,local-tree-eb8c3dce0af34c1de12a6d57f0f4a594e0ab8a707ffe43b38836d014a99edda4,ACTION_Q,"[5018, 4109, 794, 58, 5018, 1335, 794, 1, 42995, 1106, 498, 1, 7475, 3220, 794, 1, 20, 14, 17, 9388, 55829, 1335, 794, 1, 42995, 13640, 498, 1, 7475, 3220, 794, 1, 16, 14, 17, 9388, 1145, 1, 12085, 8090, 794, 1, 42995, 1106, 9388, 100257]",45185f7b1140d996fce1d024d8e9f405a7e247ce9c458104b30030798fe19492,oi_conf_0038.ROLE_A,"{""actions"":[{""action"":""ACTION_P"",""expected_value"":""5/2""},{""action"":""ACTION_Q"",""expected_value"":""1/2""}],""final_action"":""ACTION_P""}",original,ACTION_P,False
ai2_olmo.oi_conf_0038.ROLE_A.correction.modified,3.985443115234375,ai2_olmo.oi_conf_0038.ROLE_A.correction,correction,ai2_olmo,local-tree-eb8c3dce0af34c1de12a6d57f0f4a594e0ab8a707ffe43b38836d014a99edda4,ACTION_Q,"[5018, 4109, 794, 58, 5018, 1335, 794, 1, 42995, 1106, 498, 1, 7475, 3220, 794, 1, 20, 14, 17, 9388, 55829, 1335, 794, 1, 42995, 13640, 498, 1, 7475, 3220, 794, 1, 24, 14, 17, 9388, 1145, 1, 12085, 8090, 794, 1, 42995, 13640, 9388, 100257]",7225b41966e84efaa7f3d7de3a4848e34518727fe8dd2174a18151233022ba71,oi_conf_0038.ROLE_A,"{""actions"":[{""action"":""ACTION_P"",""expected_value"":""5/2""},{""action"":""ACTION_Q"",""expected_value"":""9/2""}],""final_action"":""ACTION_Q""}",modified,ACTION_Q,True
ai2_olmo.oi_conf_0038.ROLE_B.correction.original,4.430241584777832,ai2_olmo.oi_conf_0038.ROLE_B.correction,correction,ai2_olmo,local-tree-eb8c3dce0af34c1de12a6d57f0f4a594e0ab8a707ffe43b38836d014a99edda4,ACTION_P,"[5018, 4109, 794, 58, 5018, 1335, 794, 1, 42995, 1106, 498, 1, 7475, 3220, 794, 1, 20, 14, 17, 9388, 55829, 1335, 794, 1, 42995, 13640, 498, 1, 7475, 3220, 794, 1, 16, 14, 17, 9388, 1145, 1, 12085, 8090, 794, 1, 42995, 1106, 9388, 100257]",45185f7b1140d996fce1d024d8e9f405a7e247ce9c458104b30030798fe19492,oi_conf_0038.ROLE_B,"{""actions"":[{""action"":""ACTION_P"",""expected_value"":""5/2""},{""action"":""ACTION_Q"",""expected_value"":""1/2""}],""final_action"":""ACTION_P""}",original,ACTION_P,True
ai2_olmo.oi_conf_0038.ROLE_B.correction.modified,3.903203248977661,ai2_olmo.oi_conf_0038.ROLE_B.correction,correction,ai2_olmo,local-tree-eb8c3dce0af34c1de12a6d57f0f4a594e0ab8a707ffe43b38836d014a99edda4,ACTION_P,"[5018, 4109, 794, 58, 5018, 1335, 794, 1, 42995, 1106, 498, 1, 7475, 3220, 794, 1, 24, 14682, 5018, 1335, 794, 1, 42995, 13640, 498, 1, 7475, 3220, 794, 1, 1114, 9388, 1145, 1, 12085, 8090, 794, 1, 42995, 13640, 9388, 100257]",39efb143805bd1fea2f58b6267684105a9471a727b8efcd785f8a24dddd15613,oi_conf_0038.ROLE_B,"{""actions"":[{""action"":""ACTION_P"",""expected_value"":""9""},{""action"":""ACTION_Q"",""expected_value"":""17""}],""final_action"":""ACTION_Q""}",modified,ACTION_Q,False
ai2_olmo.oi_conf_0039.ROLE_A.correction.original,4.448882102966309,ai2_olmo.oi_conf_0039.ROLE_A.correction,correction,ai2_olmo,local-tree-eb8c3dce0af34c1de12a6d57f0f4a594e0ab8a707ffe43b38836d014a99edda4,ACTION_P,"[5018, 4109, 794, 58, 5018, 1335, 794, 1, 42995, 1106, 498, 1, 7475, 3220, 794, 1, 16, 14, 19, 9388, 55829, 1335, 794, 1, 42995, 13640, 498, 1, 7475, 3220, 794, 1, 18, 14, 19, 9388, 1145, 1, 12085, 8090, 794, 1, 42995, 13640, 9388, 100257]",f2cc79179953e11cf799b62b6c978785b14a570896f6cf74990675a7ebc94714,oi_conf_0039.ROLE_A,"{""actions"":[{""action"":""ACTION_P"",""expected_value"":""1/4""},{""action"":""ACTION_Q"",""expected_value"":""3/4""}],""final_action"":""ACTION_Q""}",original,ACTION_Q,False
ai2_olmo.oi_conf_0039.ROLE_A.correction.modified,3.8916306495666504,ai2_olmo.oi_conf_0039.ROLE_A.correction,correction,ai2_olmo,local-tree-eb8c3dce0af34c1de12a6d57f0f4a594e0ab8a707ffe43b38836d014a99edda4,ACTION_P,"[5018, 4109, 794, 58, 5018, 1335, 794, 1, 42995, 1106, 498, 1, 7475, 3220, 794, 35394, 16, 37609, 1335, 794, 1, 42995, 13640, 498, 1, 7475, 3220, 794, 1, 17, 9388, 1145, 1, 12085, 8090, 794, 1, 42995, 13640, 9388, 100257]",bfed2f2dc7df40eabaa6099216105d5d14a4c0423b135c765ead21c0af96df8e,oi_conf_0039.ROLE_A,"{""actions"":[{""action"":""ACTION_P"",""expected_value"":""-1""},{""action"":""ACTION_Q"",""expected_value"":""2""}],""final_action"":""ACTION_Q""}",modified,ACTION_Q,False
ai2_olmo.oi_conf_0039.ROLE_B.correction.original,3.896989107131958,ai2_olmo.oi_conf_0039.ROLE_B.correction,correction,ai2_olmo,local-tree-eb8c3dce0af34c1de12a6d57f0f4a594e0ab8a707ffe43b38836d014a99edda4,ACTION_Q,"[5018, 4109, 794, 58, 5018, 1335, 794, 1, 42995, 1106, 498, 1, 7475, 3220, 794, 1, 16, 14, 19, 9388, 55829, 1335, 794, 1, 42995, 13640, 498, 1, 7475, 3220, 794, 1, 18, 14, 19, 9388, 1145, 1, 12085, 8090, 794, 1, 42995, 13640, 9388, 100257]",f2cc79179953e11cf799b62b6c978785b14a570896f6cf74990675a7ebc94714,oi_conf_0039.ROLE_B,"{""actions"":[{""action"":""ACTION_P"",""expected_value"":""1/4""},{""action"":""ACTION_Q"",""expected_value"":""3/4""}],""final_action"":""ACTION_Q""}",original,ACTION_Q,True
ai2_olmo.oi_conf_0039.ROLE_B.correction.modified,4.631177186965942,ai2_olmo.oi_conf_0039.ROLE_B.correction,correction,ai2_olmo,local-tree-eb8c3dce0af34c1de12a6d57f0f4a594e0ab8a707ffe43b38836d014a99edda4,ACTION_Q,"[5018, 4109, 794, 58, 5018, 1335, 794, 1, 42995, 1106, 498, 1, 7475, 3220, 794, 1, 21, 14682, 5018, 1335, 794, 1, 42995, 13640, 498, 1, 7475, 3220, 794, 1, 845, 9388, 1145, 1, 12085, 8090, 794, 1, 42995, 13640, 9388, 100257]",67c4d57de0ee63e64de8453b87be6b793e619015f6b956d6de026486081074b2,oi_conf_0039.ROLE_B,"{""actions"":[{""action"":""ACTION_P"",""expected_value"":""6""},{""action"":""ACTION_Q"",""expected_value"":""16""}],""final_action"":""ACTION_Q""}",modified,ACTION_Q,True
ai2_olmo.oi_conf_0040.ROLE_A.correction.original,3.864609718322754,ai2_olmo.oi_conf_0040.ROLE_A.correction,correction,ai2_olmo,local-tree-eb8c3dce0af34c1de12a6d57f0f4a594e0ab8a707ffe43b38836d014a99edda4,ACTION_P,"[5018, 4109, 794, 58, 5018, 1335, 794, 1, 42995, 13640, 498, 1, 7475, 3220, 3332, 21, 14682, 5018, 1335, 794, 1, 42995, 1106, 498, 1, 7475, 3220, 3332, 605, 9388, 1145, 1, 12085, 8090, 794, 1, 42995, 1106, 9388, 100257]",549f8570377c76cf4b83673dbfef30a8a449465e640c686d2d961d2cc4712664,oi_conf_0040.ROLE_A,"{""actions"":[{""action"":""ACTION_Q"",""expected_value"":""6""},{""action"":""ACTION_P"",""expected_value"":""10""}],""final_action"":""ACTION_P""}",original,ACTION_P,True
ai2_olmo.oi_conf_0040.ROLE_A.correction.modified,4.27564549446106,ai2_olmo.oi_conf_0040.ROLE_A.correction,correction,ai2_olmo,local-tree-eb8c3dce0af34c1de12a6d57f0f4a594e0ab8a707ffe43b38836d014a99edda4,ACTION_P,"[5018, 4109, 794, 58, 5018, 1335, 794, 1, 42995, 13640, 498, 1, 7475, 3220, 3332, 21, 14682, 5018, 1335, 794, 1, 42995, 1106, 498, 1, 7475, 3220, 3332, 845, 9388, 1145, 1, 12085, 8090, 794, 1, 42995, 1106, 9388, 100257]",b08b0c0136591729057baadb238cfaed3b8d76f28ca1d00cef0ea0c8ccb380bb,oi_conf_0040.ROLE_A,"{""actions"":[{""action"":""ACTION_Q"",""expected_value"":""6""},{""action"":""ACTION_P"",""expected_value"":""16""}],""final_action"":""ACTION_P""}",modified,ACTION_P,True
ai2_olmo.oi_conf_0040.ROLE_B.correction.original,3.893892526626587,ai2_olmo.oi_conf_0040.ROLE_B.correction,correction,ai2_olmo,local-tree-eb8c3dce0af34c1de12a6d57f0f4a594e0ab8a707ffe43b38836d014a99edda4,ACTION_Q,"[5018, 4109, 794, 58, 5018, 1335, 794, 1, 42995, 13640, 498, 1, 7475, 3220, 794, 35394, 18, 14682, 5018, 1335, 794, 1, 42995, 1106, 498, 1, 7475, 3220, 794, 1, 605, 9388, 1145, 1, 12085, 8090, 794, 1, 42995, 1106, 9388, 100257]",df2c1b615e371e210c82a6793aa8dbffec0bc4198b50784ab6ba256532a36822,oi_conf_0040.ROLE_B,"{""actions"":[{""action"":""ACTION_Q"",""expected_value"":""-3""},{""action"":""ACTION_P"",""expected_value"":""10""}],""final_action"":""ACTION_P""}",original,ACTION_P,False
ai2_olmo.oi_conf_0040.ROLE_B.correction.modified,4.3517961502075195,ai2_olmo.oi_conf_0040.ROLE_B.correction,correction,ai2_olmo,local-tree-eb8c3dce0af34c1de12a6d57f0f4a594e0ab8a707ffe43b38836d014a99edda4,ACTION_Q,"[5018, 4109, 794, 58, 5018, 1335, 794, 1, 42995, 13640, 498, 1, 7475, 3220, 794, 35394, 18, 14682, 5018, 1335, 794, 1, 42995, 1106, 498, 1, 7475, 3220, 794, 35394, 22, 9388, 1145, 1, 12085, 8090, 794, 1, 42995, 1106, 9388, 100257]",df15ccd4e83928712f23117632d6b56dbf8987977c5f9234ef3efb1ecc1028a6,oi_conf_0040.ROLE_B,"{""actions"":[{""action"":""ACTION_Q"",""expected_value"":""-3""},{""action"":""ACTION_P"",""expected_value"":""-7""}],""final_action"":""ACTION_P""}",modified,ACTION_P,False
ai2_olmo.oi_conf_0041.ROLE_A.correction.original,3.8695483207702637,ai2_olmo.oi_conf_0041.ROLE_A.correction,correction,ai2_olmo,local-tree-eb8c3dce0af34c1de12a6d57f0f4a594e0ab8a707ffe43b38836d014a99edda4,ACTION_Q,"[5018, 4109, 794, 58, 5018, 1335, 794, 1, 42995, 13640, 498, 1, 7475, 3220, 3332, 605, 14682, 5018, 1335, 794, 1, 42995, 1106, 498, 1, 7475, 3220, 3332, 21, 9388, 1145, 1, 12085, 8090, 794, 1, 42995, 1106, 9388, 100257]",c8c4d2ac0d4b68bf7a501018970937d2ce559c7a525b677795401d247ef89bb0,oi_conf_0041.ROLE_A,"{""actions"":[{""action"":""ACTION_Q"",""expected_value"":""10""},{""action"":""ACTION_P"",""expected_value"":""6""}],""final_action"":""ACTION_P""}",original,ACTION_P,False
ai2_olmo.oi_conf_0041.ROLE_A.correction.modified,3.764063596725464,ai2_olmo.oi_conf_0041.ROLE_A.correction,correction,ai2_olmo,local-tree-eb8c3dce0af34c1de12a6d57f0f4a594e0ab8a707ffe43b38836d014a99edda4,ACTION_Q,"[5018, 4109, 794, 58, 5018, 1335, 794, 1, 42995, 13640, 498, 1, 7475, 3220, 3332, 605, 14682, 5018, 1335, 794, 1, 42995, 1106, 498, 1, 7475, 3220, 3332, 1032, 9388, 1145, 1, 12085, 8090, 794, 1, 42995, 1106, 9388, 100257]",e3c405fb53a1d40bf05fc60493a9215414f0cff7803817d9ec6a78dde2013618,oi_conf_0041.ROLE_A,"{""actions"":[{""action"":""ACTION_Q"",""expected_value"":""10""},{""action"":""ACTION_P"",""expected_value"":""13""}],""final_action"":""ACTION_P""}",modified,ACTION_P,False
ai2_olmo.oi_conf_0041.ROLE_B.correction.original,4.517204999923706,ai2_olmo.oi_conf_0041.ROLE_B.correction,correction,ai2_olmo,local-tree-eb8c3dce0af34c1de12a6d57f0f4a594e0ab8a707ffe43b38836d014a99edda4,ACTION_P,"[5018, 4109, 794, 58, 5018, 1335, 794, 1, 42995, 13640, 498, 1, 7475, 3220, 3332, 605, 14682, 5018, 1335, 794, 1, 42995, 1106, 498, 1, 7475, 3220, 3332, 20, 9388, 1145, 1, 12085, 8090, 794, 1, 42995, 1106, 9388, 100257]",ae1ab243cfcddcf04717f0bd87f0be604f2f0400edbc9ff8165352e99af8e623,oi_conf_0041.ROLE_B,"{""actions"":[{""action"":""ACTION_Q"",""expected_value"":""10""},{""action"":""ACTION_P"",""expected_value"":""5""}],""final_action"":""ACTION_P""}",original,ACTION_P,True
ai2_olmo.oi_conf_0041.ROLE_B.correction.modified,3.822789430618286,ai2_olmo.oi_conf_0041.ROLE_B.correction,correction,ai2_olmo,local-tree-eb8c3dce0af34c1de12a6d57f0f4a594e0ab8a707ffe43b38836d014a99edda4,ACTION_P,"[5018, 4109, 794, 58, 5018, 1335, 794, 1, 42995, 13640, 498, 1, 7475, 3220, 3332, 12, 20, 14682, 5018, 1335, 794, 1, 42995, 1106, 498, 1, 7475, 3220, 3332, 12, 16, 9388, 1145, 1, 12085, 8090, 794, 1, 42995, 1106, 9388, 100257]",9c2e4b3bfd7b004fca53d61703f700e063da75eb6a7cc1f1292fcb53665ae3f6,oi_conf_0041.ROLE_B,"{""actions"":[{""action"":""ACTION_Q"",""expected_value"":""-5""},{""action"":""ACTION_P"",""expected_value"":""-1""}],""final_action"":""ACTION_P""}",modified,ACTION_P,True
ai2_olmo.oi_conf_0042.ROLE_A.correction.original,4.2450478076934814,ai2_olmo.oi_conf_0042.ROLE_A.correction,correction,ai2_olmo,local-tree-eb8c3dce0af34c1de12a6d57f0f4a594e0ab8a707ffe43b38836d014a99edda4,ACTION_Q,"[5018, 4109, 794, 58, 5018, 1335, 794, 1, 42995, 13640, 498, 1, 7475, 3220, 3332, 18, 14, 23, 14682, 5018, 1335, 794, 1, 42995, 1106, 498, 1, 7475, 3220, 3332, 20, 14, 23, 9388, 1145, 1, 12085, 8090, 794, 1, 42995, 1106, 9388, 100257]",a90759f51951bc885c56590c8da0d9fd09738a11b3839d7f8ce90426731f5579,oi_conf_0042.ROLE_A,"{""actions"":[{""action"":""ACTION_Q"",""expected_value"":""3/8""},{""action"":""ACTION_P"",""expected_value"":""5/8""}],""final_action"":""ACTION_P""}",original,ACTION_P,False
ai2_olmo.oi_conf_0042.ROLE_A.correction.modified,4.245152711868286,ai2_olmo.oi_conf_0042.ROLE_A.correction,correction,ai2_olmo,local-tree-eb8c3dce0af34c1de12a6d57f0f4a594e0ab8a707ffe43b38836d014a99edda4,ACTION_Q,"[5018, 4109, 794, 58, 5018, 1335, 794, 1, 42995, 13640, 498, 1, 7475, 3220, 3332, 12, 1032, 14682, 5018, 1335, 794, 1, 42995, 1106, 498, 1, 7475, 3220, 3332, 12, 605, 9388, 1145, 1, 12085, 8090, 794, 1, 42995, 1106, 9388, 100257]",9c6f62db5fd768852fddf324922e08cf919363d183683e14f47d6bf709ba3040,oi_conf_0042.ROLE_A,"{""actions"":[{""action"":""ACTION_Q"",""expected_value"":""-13""},{""action"":""ACTION_P"",""expected_value"":""-10""}],""final_action"":""ACTION_P""}",modified,ACTION_P,False
ai2_olmo.oi_conf_0042.ROLE_B.correction.original,3.7959465980529785,ai2_olmo.oi_conf_0042.ROLE_B.correction,correction,ai2_olmo,local-tree-eb8c3dce0af34c1de12a6d57f0f4a594e0ab8a707ffe43b38836d014a99edda4,ACTION_P,"[5018, 4109, 794, 58, 5018, 1335, 794, 1, 42995, 13640, 498, 1, 7475, 3220, 3332, 18, 14, 23, 14682, 5018, 1335, 794, 1, 42995, 1106, 498, 1, 7475, 3220, 3332, 20, 14, 23, 9388, 1145, 1, 12085, 8090, 794, 1, 42995, 1106, 9388, 100257]",a90759f51951bc885c56590c8da0d9fd09738a11b3839d7f8ce90426731f5579,oi_conf_0042.ROLE_B,"{""actions"":[{""action"":""ACTION_Q"",""expected_value"":""3/8""},{""action"":""ACTION_P"",""expected_value"":""5/8""}],""final_action"":""ACTION_P""}",original,ACTION_P,True
ai2_olmo.oi_conf_0042.ROLE_B.correction.modified,4.623531103134155,ai2_olmo.oi_conf_0042.ROLE_B.correction,correction,ai2_olmo,local-tree-eb8c3dce0af34c1de12a6d57f0f4a594e0ab8a707ffe43b38836d014a99edda4,ACTION_P,"[5018, 4109, 794, 58, 5018, 1335, 794, 1, 42995, 13640, 498, 1, 7475, 3220, 3332, 18, 14, 23, 9388, 55829, 1335, 794, 1, 42995, 1106, 498, 1, 7475, 3220, 3332, 1419, 14, 17, 9388, 1145, 1, 12085, 8090, 794, 1, 42995, 1106, 9388, 100257]",04f6459e0b1948b0b4b813a5dbbac0031dd56c748f88e4c5d455b3cfe58b6e70,oi_conf_0042.ROLE_B,"{""actions"":[{""action"":""ACTION_Q"",""expected_value"":""3/8""},{""action"":""ACTION_P"",""expected_value"":""23/2""}],""final_action"":""ACTION_P""}",modified,ACTION_P,True
ai2_olmo.oi_conf_0043.ROLE_A.correction.original,3.8745760917663574,ai2_olmo.oi_conf_0043.ROLE_A.correction,correction,ai2_olmo,local-tree-eb8c3dce0af34c1de12a6d57f0f4a594e0ab8a707ffe43b38836d014a99edda4,ACTION_P,"[5018, 4109, 794, 58, 5018, 1335, 794, 1, 42995, 13640, 498, 1, 7475, 3220, 3332, 20, 14, 21, 9388, 55829, 1335, 794, 1, 42995, 1106, 498, 1, 7475, 3220, 3332, 1544, 14, 17, 9388, 1145, 1, 12085, 8090, 794, 1, 42995, 1106, 9388, 100257]",f096a85aa06167151dc929ea070f21c9e79b20a9141f073227ac43ec01da07b9,oi_conf_0043.ROLE_A,"{""actions"":[{""action"":""ACTION_Q"",""expected_value"":""5/6""},{""action"":""ACTION_P"",""expected_value"":""27/2""}],""final_action"":""ACTION_P""}",original,ACTION_P,True
ai2_olmo.oi_conf_0043.ROLE_A.correction.modified,4.183279275894165,ai2_olmo.oi_conf_0043.ROLE_A.correction,correction,ai2_olmo,local-tree-eb8c3dce0af34c1de12a6d57f0f4a594e0ab8a707ffe43b38836d014a99edda4,ACTION_P,"[5018, 4109, 794, 58, 5018, 1335, 794, 1, 42995, 13640, 498, 1, 7475, 3220, 3332, 12, 23, 14682, 5018, 1335, 794, 1, 42995, 1106, 498, 1, 7475, 3220, 3332, 12, 17, 9388, 1145, 1, 12085, 8090, 794, 1, 42995, 1106, 9388, 100257]",4f36102f0305c4a671779f481a9286b77189d81e135a2cdd36912bcfff858cbf,oi_conf_0043.ROLE_A,"{""actions"":[{""action"":""ACTION_Q"",""expected_value"":""-8""},{""action"":""ACTION_P"",""expected_value"":""-2""}],""final_action"":""ACTION_P""}",modified,ACTION_P,True
ai2_olmo.oi_conf_0043.ROLE_B.correction.original,4.277438163757324,ai2_olmo.oi_conf_0043.ROLE_B.correction,correction,ai2_olmo,local-tree-eb8c3dce0af34c1de12a6d57f0f4a594e0ab8a707ffe43b38836d014a99edda4,ACTION_Q,"[5018, 4109, 794, 58, 5018, 1335, 794, 1, 42995, 13640, 498, 1, 7475, 3220, 3332, 20, 14, 21, 9388, 55829, 1335, 794, 1, 42995, 1106, 498, 1, 7475, 3220, 3332, 1544, 14, 17, 9388, 1145, 1, 12085, 8090, 794, 1, 42995, 1106, 9388, 100257]",f096a85aa06167151dc929ea070f21c9e79b20a9141f073227ac43ec01da07b9,oi_conf_0043.ROLE_B,"{""actions"":[{""action"":""ACTION_Q"",""expected_value"":""5/6""},{""action"":""ACTION_P"",""expected_value"":""27/2""}],""final_action"":""ACTION_P""}",original,ACTION_P,False
ai2_olmo.oi_conf_0043.ROLE_B.correction.modified,3.826941967010498,ai2_olmo.oi_conf_0043.ROLE_B.correction,correction,ai2_olmo,local-tree-eb8c3dce0af34c1de12a6d57f0f4a594e0ab8a707ffe43b38836d014a99edda4,ACTION_Q,"[5018, 4109, 794, 58, 5018, 1335, 794, 1, 42995, 13640, 498, 1, 7475, 3220, 3332, 914, 14, 17, 14682, 5018, 1335, 794, 1, 42995, 1106, 498, 1, 7475, 3220, 3332, 2148, 14, 17, 9388, 1145, 1, 12085, 8090, 794, 1, 42995, 1106, 9388, 100257]",012edbb282c86d011d4d6abaa4fa09a58d8063b45738bc62461332192544779d,oi_conf_0043.ROLE_B,"{""actions"":[{""action"":""ACTION_Q"",""expected_value"":""25/2""},{""action"":""ACTION_P"",""expected_value"":""31/2""}],""final_action"":""ACTION_P""}",modified,ACTION_P,False
ai2_olmo.oi_conf_0044.ROLE_A.correction.original,4.551810026168823,ai2_olmo.oi_conf_0044.ROLE_A.correction,correction,ai2_olmo,local-tree-eb8c3dce0af34c1de12a6d57f0f4a594e0ab8a707ffe43b38836d014a99edda4,ACTION_P,"[5018, 4109, 794, 58, 5018, 1335, 794, 1, 42995, 13640, 498, 1, 7475, 3220, 3332, 717, 14682, 5018, 1335, 794, 1, 42995, 1106, 498, 1, 7475, 3220, 3332, 868, 9388, 1145, 1, 12085, 8090, 794, 1, 42995, 1106, 9388, 100257]",d36c8607b76d05ab8d8ebe1401b39be70c401d9d8ad11a84471eb863d7afe70f,oi_conf_0044.ROLE_A,"{""actions"":[{""action"":""ACTION_Q"",""expected_value"":""12""},{""action"":""ACTION_P"",""expected_value"":""15""}],""final_action"":""ACTION_P""}",original,ACTION_P,True
ai2_olmo.oi_conf_0044.ROLE_A.correction.modified,3.8297855854034424,ai2_olmo.oi_conf_0044.ROLE_A.correction,correction,ai2_olmo,local-tree-eb8c3dce0af34c1de12a6d57f0f4a594e0ab8a707ffe43b38836d014a99edda4,ACTION_P,"[5018, 4109, 794, 58, 5018, 1335, 794, 1, 42995, 13640, 498, 1, 7475, 3220, 3332, 717, 37609, 1335, 794, 1, 42995, 1106, 498, 1, 7475, 3220, 3332, 914, 9388, 1145, 1, 12085, 8090, 794, 1, 42995, 1106, 9388, 100257]",4325c75c8ed75cd8fe1d0764a216fcd7a5f2492c896422c355865c95ecafc070,oi_conf_0044.ROLE_A,"{""actions"":[{""action"":""ACTION_Q"",""expected_value"":""12""},{""action"":""ACTION_P"",""expected_value"":""25""}],""final_action"":""ACTION_P""}",modified,ACTION_P,True
ai2_olmo.oi_conf_0044.ROLE_B.correction.original,4.323945999145508,ai2_olmo.oi_conf_0044.ROLE_B.correction,correction,ai2_olmo,local-tree-eb8c3dce0af34c1de12a6d57f0f4a594e0ab8a707ffe43b38836d014a99edda4,ACTION_Q,"[5018, 4109, 794, 58, 5018, 1335, 794, 1, 42995, 13640, 498, 1, 7475, 3220, 3332, 605, 14682, 5018, 1335, 794, 1, 42995, 1106, 498, 1, 7475, 3220, 3332, 1419, 9388, 1145, 1, 12085, 8090, 794, 1, 42995, 1106, 9388, 100257]",00231a1a26d0ddf467b6aed430e5b3956f4f8c37ddc0f54839b6c170f0cc63d6,oi_conf_0044.ROLE_B,"{""actions"":[{""action"":""ACTION_Q"",""expected_value"":""10""},{""action"":""ACTION_P"",""expected_value"":""23""}],""final_action"":""ACTION_P""}",original,ACTION_P,False
ai2_olmo.oi_conf_0044.ROLE_B.correction.modified,3.8748703002929688,ai2_olmo.oi_conf_0044.ROLE_B.correction,correction,ai2_olmo,local-tree-eb8c3dce0af34c1de12a6d57f0f4a594e0ab8a707ffe43b38836d014a99edda4,ACTION_Q,"[5018, 4109, 794, 58, 5018, 1335, 794, 1, 42995, 13640, 498, 1, 7475, 3220, 3332, 12, 717, 14682, 5018, 1335, 794, 1, 42995, 1106, 498, 1, 7475, 3220, 3332, 12, 605, 9388, 1145, 1, 12085, 8090, 794, 1, 42995, 1106, 9388, 100257]",850f89e9e2ff6c329f8ed2295971530d64dc9da2919d90948602ec352a6ad454,oi_conf_0044.ROLE_B,"{""actions"":[{""action"":""ACTION_Q"",""expected_value"":""-12""},{""action"":""ACTION_P"",""expected_value"":""-10""}],""final_action"":""ACTION_P""}",modified,ACTION_P,False
ai2_olmo.oi_conf_0045.ROLE_A.correction.original,4.300224781036377,ai2_olmo.oi_conf_0045.ROLE_A.correction,correction,ai2_olmo,local-tree-eb8c3dce0af34c1de12a6d57f0f4a594e0ab8a707ffe43b38836d014a99edda4,ACTION_Q,"[5018, 4109, 794, 58, 5018, 1335, 794, 1, 42995, 13640, 498, 1, 7475, 3220, 3332, 23, 14682, 5018, 1335, 794, 1, 42995, 1106, 498, 1, 7475, 3220, 3332, 16, 9388, 1145, 1, 12085, 8090, 794, 1, 42995, 1106, 9388, 100257]",a0ee6cc4ee9cf4bb84d31b46abe5a2e911036e2833929f183bf8f2e81353b508,oi_conf_0045.ROLE_A,"{""actions"":[{""action"":""ACTION_Q"",""expected_value"":""8""},{""action"":""ACTION_P"",""expected_value"":""1""}],""final_action"":""ACTION_P""}",original,ACTION_P,False
ai2_olmo.oi_conf_0045.ROLE_A.correction.modified,3.858968496322632,ai2_olmo.oi_conf_0045.ROLE_A.correction,correction,ai2_olmo,local-tree-eb8c3dce0af34c1de12a6d57f0f4a594e0ab8a707ffe43b38836d014a99edda4,ACTION_Q,"[5018, 4109, 794, 58, 5018, 1335, 794, 1, 42995, 13640, 498, 1, 7475, 3220, 3332, 1114, 14682, 5018, 1335, 794, 1, 42995, 1106, 498, 1, 7475, 3220, 3332, 975, 9388, 1145, 1, 12085, 8090, 794, 1, 42995, 1106, 9388, 100257]",a1df6c6668c79e0b543d7f11cd39e772b685abc8a621dc37d8d07014177c2044,oi_conf_0045.ROLE_A,"{""actions"":[{""action"":""ACTION_Q"",""expected_value"":""17""},{""action"":""ACTION_P"",""expected_value"":""14""}],""final_action"":""ACTION_P""}",modified,ACTION_P,False
ai2_olmo.oi_conf_0045.ROLE_B.correction.original,4.317912578582764,ai2_olmo.oi_conf_0045.ROLE_B.correction,correction,ai2_olmo,local-tree-eb8c3dce0af34c1de12a6d57f0f4a594e0ab8a707ffe43b38836d014a99edda4,ACTION_P,"[5018, 4109, 794, 58, 5018, 1335, 794, 1, 42995, 13640, 498, 1, 7475, 3220, 3332, 23, 14682, 5018, 1335, 794, 1, 42995, 1106, 498, 1, 7475, 3220, 794, 35394, 16, 9388, 1145, 1, 12085, 8090, 794, 1, 42995, 1106, 9388, 100257]",27ddd2c4ee6eefe3162140777871a65fdff23978a268ceef35d83ce22174f1eb,oi_conf_0045.ROLE_B,"{""actions"":[{""action"":""ACTION_Q"",""expected_value"":""8""},{""action"":""ACTION_P"",""expected_value"":""-1""}],""final_action"":""ACTION_P""}",original,ACTION_P,True
ai2_olmo.oi_conf_0045.ROLE_B.correction.modified,3.911543846130371,ai2_olmo.oi_conf_0045.ROLE_B.correction,correction,ai2_olmo,local-tree-eb8c3dce0af34c1de12a6d57f0f4a594e0ab8a707ffe43b38836d014a99edda4,ACTION_P,"[5018, 4109, 794, 58, 5018, 1335, 794, 1, 42995, 13640, 498, 1, 7475, 3220, 794, 35394, 19, 14682, 5018, 1335, 794, 1, 42995, 1106, 498, 1, 7475, 3220, 794, 1, 16, 9388, 1145, 1, 12085, 8090, 794, 1, 42995, 1106, 9388, 100257]",d4a4b9e6cb17de5d53fd28de57476396e312010cc6c3a0016c4fdbc29a228d12,oi_conf_0045.ROLE_B,"{""actions"":[{""action"":""ACTION_Q"",""expected_value"":""-4""},{""action"":""ACTION_P"",""expected_value"":""1""}],""final_action"":""ACTION_P""}",modified,ACTION_P,True
ai2_olmo.oi_conf_0046.ROLE_A.correction.original,3.7254436016082764,ai2_olmo.oi_conf_0046.ROLE_A.correction,correction,ai2_olmo,local-tree-eb8c3dce0af34c1de12a6d57f0f4a594e0ab8a707ffe43b38836d014a99edda4,ACTION_Q,"[5018, 4109, 794, 58, 5018, 1335, 794, 1, 42995, 13640, 498, 1, 7475, 3220, 3332, 18, 14682, 5018, 1335, 794, 1, 42995, 1106, 498, 1, 7475, 3220, 3332, 972, 9388, 1145, 1, 12085, 8090, 794, 1, 42995, 1106, 9388, 100257]",33806a7ebc89a6252dde11a79e2947cde572037993e4a05fb7b0477e37d9dbe6,oi_conf_0046.ROLE_A,"{""actions"":[{""action"":""ACTION_Q"",""expected_value"":""3""},{""action"":""ACTION_P"",""expected_value"":""18""}],""final_action"":""ACTION_P""}",original,ACTION_P,False
ai2_olmo.oi_conf_0046.ROLE_A.correction.modified,4.607002258300781,ai2_olmo.oi_conf_0046.ROLE_A.correction,correction,ai2_olmo,local-tree-eb8c3dce0af34c1de12a6d57f0f4a594e0ab8a707ffe43b38836d014a99edda4,ACTION_Q,"[5018, 4109, 794, 58, 5018, 1335, 794, 1, 42995, 13640, 498, 1, 7475, 3220, 3332, 17, 14682, 5018, 1335, 794, 1, 42995, 1106, 498, 1, 7475, 3220, 3332, 12, 21, 9388, 1145, 1, 12085, 8090, 794, 1, 42995, 1106, 9388, 100257]",f79b46bf9131b510711f28e2acd2cc28ce329350d9d33e75e3d18bd9bd88423a,oi_conf_0046.ROLE_A,"{""actions"":[{""action"":""ACTION_Q"",""expected_value"":""2""},{""action"":""ACTION_P"",""expected_value"":""-6""}],""final_action"":""ACTION_P""}",modified,ACTION_P,False
ai2_olmo.oi_conf_0046.ROLE_B.correction.original,3.8357131481170654,ai2_olmo.oi_conf_0046.ROLE_B.correction,correction,ai2_olmo,local-tree-eb8c3dce0af34c1de12a6d57f0f4a594e0ab8a707ffe43b38836d014a99edda4,ACTION_P,"[5018, 4109, 794, 58, 5018, 1335, 794, 1, 42995, 13640, 498, 1, 7475, 3220, 3332, 18, 14682, 5018, 1335, 794, 1, 42995, 1106, 498, 1, 7475, 3220, 3332, 972, 9388, 1145, 1, 12085, 8090, 794, 1, 42995, 1106, 9388, 100257]",33806a7ebc89a6252dde11a79e2947cde572037993e4a05fb7b0477e37d9dbe6,oi_conf_0046.ROLE_B,"{""actions"":[{""action"":""ACTION_Q"",""expected_value"":""3""},{""action"":""ACTION_P"",""expected_value"":""18""}],""final_action"":""ACTION_P""}",original,ACTION_P,True
ai2_olmo.oi_conf_0046.ROLE_B.correction.modified,4.316482305526733,ai2_olmo.oi_conf_0046.ROLE_B.correction,correction,ai2_olmo,local-tree-eb8c3dce0af34c1de12a6d57f0f4a594e0ab8a707ffe43b38836d014a99edda4,ACTION_P,"[5018, 4109, 794, 58, 5018, 1335, 794, 1, 42995, 13640, 498, 1, 7475, 3220, 3332, 22, 14682, 5018, 1335, 794, 1, 42995, 1106, 498, 1, 7475, 3220, 3332, 1958, 9388, 1145, 1, 12085, 8090, 794, 1, 42995, 1106, 9388, 100257]",9f552e7058de3d01978f510f487b6ecb566d391c682fac2e92238581b9912b77,oi_conf_0046.ROLE_B,"{""actions"":[{""action"":""ACTION_Q"",""expected_value"":""7""},{""action"":""ACTION_P"",""expected_value"":""34""}],""final_action"":""ACTION_P""}",modified,ACTION_P,True
ai2_olmo.oi_conf_0047.ROLE_A.correction.original,3.8957223892211914,ai2_olmo.oi_conf_0047.ROLE_A.correction,correction,ai2_olmo,local-tree-eb8c3dce0af34c1de12a6d57f0f4a594e0ab8a707ffe43b38836d014a99edda4,ACTION_P,"[5018, 4109, 794, 58, 5018, 1335, 794, 1, 42995, 13640, 498, 1, 7475, 3220, 794, 35394, 17, 14682, 5018, 1335, 794, 1, 42995, 1106, 498, 1, 7475, 3220, 794, 35394, 18, 9388, 1145, 1, 12085, 8090, 794, 1, 42995, 1106, 9388, 100257]",79e55089a49445ae81ca748b56e0babffa2f0882714b13c1840f06b7e5ca50c1,oi_conf_0047.ROLE_A,"{""actions"":[{""action"":""ACTION_Q"",""expected_value"":""-2""},{""action"":""ACTION_P"",""expected_value"":""-3""}],""final_action"":""ACTION_P""}",original,ACTION_P,True
ai2_olmo.oi_conf_0047.ROLE_A.correction.modified,4.34873104095459,ai2_olmo.oi_conf_0047.ROLE_A.correction,correction,ai2_olmo,local-tree-eb8c3dce0af34c1de12a6d57f0f4a594e0ab8a707ffe43b38836d014a99edda4,ACTION_P,"[5018, 4109, 794, 58, 5018, 1335, 794, 1, 42995, 13640, 498, 1, 7475, 3220, 794, 35394, 19, 14682, 5018, 1335, 794, 1, 42995, 1106, 498, 1, 7475, 3220, 794, 1, 17, 9388, 1145, 1, 12085, 8090, 794, 1, 42995, 1106, 9388, 100257]",0eb13b31255c4e12c329ce0fc4942f38304edc045d83ba2fe1e2acd6b5ce7222,oi_conf_0047.ROLE_A,"{""actions"":[{""action"":""ACTION_Q"",""expected_value"":""-4""},{""action"":""ACTION_P"",""expected_value"":""2""}],""final_action"":""ACTION_P""}",modified,ACTION_P,True
ai2_olmo.oi_conf_0047.ROLE_B.correction.original,3.9146933555603027,ai2_olmo.oi_conf_0047.ROLE_B.correction,correction,ai2_olmo,local-tree-eb8c3dce0af34c1de12a6d57f0f4a594e0ab8a707ffe43b38836d014a99edda4,ACTION_Q,"[5018, 4109, 794, 58, 5018, 1335, 794, 1, 42995, 13640, 498, 1, 7475, 3220, 794, 35394, 17, 14682, 5018, 1335, 794, 1, 42995, 1106, 498, 1, 7475, 3220, 794, 35394, 18, 9388, 1145, 1, 12085, 8090, 794, 1, 42995, 1106, 9388, 100257]",79e55089a49445ae81ca748b56e0babffa2f0882714b13c1840f06b7e5ca50c1,oi_conf_0047.ROLE_B,"{""actions"":[{""action"":""ACTION_Q"",""expected_value"":""-2""},{""action"":""ACTION_P"",""expected_value"":""-3""}],""final_action"":""ACTION_P""}",original,ACTION_P,False
ai2_olmo.oi_conf_0047.ROLE_B.correction.modified,3.7327444553375244,ai2_olmo.oi_conf_0047.ROLE_B.correction,correction,ai2_olmo,local-tree-eb8c3dce0af34c1de12a6d57f0f4a594e0ab8a707ffe43b38836d014a99edda4,ACTION_Q,"[5018, 4109, 794, 58, 5018, 1335, 794, 1, 42995, 13640, 498, 1, 7475, 3220, 3332, 23, 14682, 5018, 1335, 794, 1, 42995, 1106, 498, 1, 7475, 3220, 3332, 18, 9388, 1145, 1, 12085, 8090, 794, 1, 42995, 1106, 9388, 100257]",d8765e41901eb45583f5c08ee25144108ca802f1e8c381e29d9b936eff683ae3,oi_conf_0047.ROLE_B,"{""actions"":[{""action"":""ACTION_Q"",""expected_value"":""8""},{""action"":""ACTION_P"",""expected_value"":""3""}],""final_action"":""ACTION_P""}",modified,ACTION_P,False
ai2_olmo.oi_conf_0048.ROLE_A.correction.original,4.6012818813323975,ai2_olmo.oi_conf_0048.ROLE_A.correction,correction,ai2_olmo,local-tree-eb8c3dce0af34c1de12a6d57f0f4a594e0ab8a707ffe43b38836d014a99edda4,ACTION_P,"[5018, 4109, 794, 58, 5018, 1335, 794, 1, 42995, 1106, 498, 1, 7475, 3220, 794, 1, 21, 14682, 5018, 1335, 794, 1, 42995, 13640, 498, 1, 7475, 3220, 794, 1, 21, 9388, 1145, 1, 12085, 8090, 794, 1, 42995, 13640, 9388, 100257]",7952e8f6e5fabcee7812a2d031a0444d0920b948a242572e22b502ea056a9aee,oi_conf_0048.ROLE_A,"{""actions"":[{""action"":""ACTION_P"",""expected_value"":""6""},{""action"":""ACTION_Q"",""expected_value"":""6""}],""final_action"":""ACTION_Q""}",original,ACTION_Q,False
ai2_olmo.oi_conf_0048.ROLE_A.correction.modified,3.826707601547241,ai2_olmo.oi_conf_0048.ROLE_A.correction,correction,ai2_olmo,local-tree-eb8c3dce0af34c1de12a6d57f0f4a594e0ab8a707ffe43b38836d014a99edda4,ACTION_P,"[5018, 4109, 794, 58, 5018, 1335, 794, 1, 42995, 1106, 498, 1, 7475, 3220, 794, 1, 21, 14682, 5018, 1335, 794, 1, 42995, 13640, 498, 1, 7475, 3220, 794, 1, 777, 9388, 1145, 1, 12085, 8090, 794, 1, 42995, 13640, 9388, 100257]",5035270da9b52716552cefa284dfcec9d8a794fe98fbda8f821ef02e110ce1ed,oi_conf_0048.ROLE_A,"{""actions"":[{""action"":""ACTION_P"",""expected_value"":""6""},{""action"":""ACTION_Q"",""expected_value"":""19""}],""final_action"":""ACTION_Q""}",modified,ACTION_Q,False
ai2_olmo.oi_conf_0048.ROLE_B.correction.original,4.208014488220215,ai2_olmo.oi_conf_0048.ROLE_B.correction,correction,ai2_olmo,local-tree-eb8c3dce0af34c1de12a6d57f0f4a594e0ab8a707ffe43b38836d014a99edda4,ACTION_Q,"[5018, 4109, 794, 58, 5018, 1335, 794, 1, 42995, 1106, 498, 1, 7475, 3220, 794, 1, 21, 14682, 5018, 1335, 794, 1, 42995, 13640, 498, 1, 7475, 3220, 794, 1, 21, 9388, 1145, 1, 12085, 8090, 794, 1, 42995, 13640, 9388, 100257]",7952e8f6e5fabcee7812a2d031a0444d0920b948a242572e22b502ea056a9aee,oi_conf_0048.ROLE_B,"{""actions"":[{""action"":""ACTION_P"",""expected_value"":""6""},{""action"":""ACTION_Q"",""expected_value"":""6""}],""final_action"":""ACTION_Q""}",original,ACTION_Q,True
ai2_olmo.oi_conf_0048.ROLE_B.correction.modified,4.26149320602417,ai2_olmo.oi_conf_0048.ROLE_B.correction,correction,ai2_olmo,local-tree-eb8c3dce0af34c1de12a6d57f0f4a594e0ab8a707ffe43b38836d014a99edda4,ACTION_Q,"[5018, 4109, 794, 58, 5018, 1335, 794, 1, 42995, 1106, 498, 1, 7475, 3220, 794, 35394, 24, 14682, 5018, 1335, 794, 1, 42995, 13640, 498, 1, 7475, 3220, 3332, 12, 18, 9388, 1145, 1, 12085, 8090, 794, 1, 42995, 13640, 9388, 100257]",963e782a13a41f0abfaf20f84dbd64a86dafa8c44def8f6e0f3e99ab89e03518,oi_conf_0048.ROLE_B,"{""actions"":[{""action"":""ACTION_P"",""expected_value"":""-9""},{""action"":""ACTION_Q"",""expected_value"":""-3""}],""final_action"":""ACTION_Q""}",modified,ACTION_Q,True
ai2_olmo.oi_conf_0049.ROLE_A.correction.original,3.818511724472046,ai2_olmo.oi_conf_0049.ROLE_A.correction,correction,ai2_olmo,local-tree-eb8c3dce0af34c1de12a6d57f0f4a594e0ab8a707ffe43b38836d014a99edda4,ACTION_Q,"[5018, 4109, 794, 58, 5018, 1335, 794, 1, 42995, 1106, 498, 1, 7475, 3220, 794, 1, 20, 14, 18, 37609, 1335, 794, 1, 42995, 13640, 2247, 7475, 3220, 794, 1, 806, 14, 18, 9388, 1145, 1, 12085, 8090, 794, 1, 42995, 13640, 9388, 100257]",17239903ff24f3eb17fd8c45cdac5cf9cd5fa36945232069b66570ad7b216fa0,oi_conf_0049.ROLE_A,"{""actions"":[{""action"":""ACTION_P"",""expected_value"":""5/3""},{""action"":""ACTION_Q"",""expected_value"":""11/3""}],""final_action"":""ACTION_Q""}",original,ACTION_Q,True
ai2_olmo.oi_conf_0049.ROLE_A.correction.modified,4.721038818359375,ai2_olmo.oi_conf_0049.ROLE_A.correction,correction,ai2_olmo,local-tree-eb8c3dce0af34c1de12a6d57f0f4a594e0ab8a707ffe43b38836d014a99edda4,ACTION_Q,"[5018, 4109, 794, 58, 5018, 1335, 794, 1, 42995, 1106, 498, 1, 7475, 3220, 794, 1, 20, 14, 18, 14682, 5018, 1335, 794, 1, 42995, 13640, 498, 1, 7475, 3220, 794, 1, 20, 14, 18, 9388, 1145, 1, 12085, 8090, 794, 1, 42995, 13640, 9388, 100257]",d36e219a49f2a187ca22064d841c43647f5d918cc6e9ad419ba1866414a3c5ef,oi_conf_0049.ROLE_A,"{""actions"":[{""action"":""ACTION_P"",""expected_value"":""5/3""},{""action"":""ACTION_Q"",""expected_value"":""5/3""}],""final_action"":""ACTION_Q""}",modified,ACTION_Q,True
ai2_olmo.oi_conf_0049.ROLE_B.correction.original,3.9451096057891846,ai2_olmo.oi_conf_0049.ROLE_B.correction,correction,ai2_olmo,local-tree-eb8c3dce0af34c1de12a6d57f0f4a594e0ab8a707ffe43b38836d014a99edda4,ACTION_P,"[5018, 4109, 794, 58, 5018, 1335, 794, 1, 42995, 1106, 498, 1, 7475, 3220, 794, 1, 20, 14, 18, 37609, 1335, 794, 1, 42995, 13640, 2247, 7475, 3220, 794, 1, 806, 14, 18, 9388, 1145, 1, 12085, 8090, 794, 1, 42995, 13640, 9388, 100257]",17239903ff24f3eb17fd8c45cdac5cf9cd5fa36945232069b66570ad7b216fa0,oi_conf_0049.ROLE_B,"{""actions"":[{""action"":""ACTION_P"",""expected_value"":""5/3""},{""action"":""ACTION_Q"",""expected_value"":""11/3""}],""final_action"":""ACTION_Q""}",original,ACTION_Q,False
ai2_olmo.oi_conf_0049.ROLE_B.correction.modified,4.5067994594573975,ai2_olmo.oi_conf_0049.ROLE_B.correction,correction,ai2_olmo,local-tree-eb8c3dce0af34c1de12a6d57f0f4a594e0ab8a707ffe43b38836d014a99edda4,ACTION_P,"[5018, 4109, 794, 58, 5018, 1335, 794, 1, 42995, 1106, 498, 1, 7475, 3220, 794, 1, 16, 14, 18, 9388, 55829, 1335, 794, 1, 42995, 13640, 498, 1, 7475, 3220, 794, 1, 16, 14, 18, 9388, 1145, 1, 12085, 8090, 794, 1, 42995, 13640, 9388, 100257]",68a3e76438422fb51e1989868b9107f38b1180bc732850e30f32b6189b273e22,oi_conf_0049.ROLE_B,"{""actions"":[{""action"":""ACTION_P"",""expected_value"":""1/3""},{""action"":""ACTION_Q"",""expected_value"":""1/3""}],""final_action"":""ACTION_Q""}",modified,ACTION_Q,False
ai2_olmo.oi_conf_0050.ROLE_A.correction.original,3.9871199131011963,ai2_olmo.oi_conf_0050.ROLE_A.correction,correction,ai2_olmo,local-tree-eb8c3dce0af34c1de12a6d57f0f4a594e0ab8a707ffe43b38836d014a99edda4,ACTION_Q,"[5018, 4109, 794, 58, 5018, 1335, 794, 1, 42995, 1106, 498, 1, 7475, 3220, 794, 1, 18, 14, 19, 14682, 5018, 1335, 794, 1, 42995, 13640, 498, 1, 7475, 3220, 794, 1, 20, 14, 19, 9388, 1145, 1, 12085, 8090, 794, 1, 42995, 13640, 9388, 100257]",12858bf6a3f96b8d78c1e172484838f7b9137eba2f521a9ddea87c3be23fb328,oi_conf_0050.ROLE_A,"{""actions"":[{""action"":""ACTION_P"",""expected_value"":""3/4""},{""action"":""ACTION_Q"",""expected_value"":""5/4""}],""final_action"":""ACTION_Q""}",original,ACTION_Q,True
ai2_olmo.oi_conf_0050.ROLE_A.correction.modified,4.297274351119995,ai2_olmo.oi_conf_0050.ROLE_A.correction,correction,ai2_olmo,local-tree-eb8c3dce0af34c1de12a6d57f0f4a594e0ab8a707ffe43b38836d014a99edda4,ACTION_Q,"[5018, 4109, 794, 58, 5018, 1335, 794, 1, 42995, 1106, 498, 1, 7475, 3220, 794, 35394, 15, 37609, 1335, 794, 1, 42995, 13640, 498, 1, 7475, 3220, 3332, 868, 9388, 1145, 1, 12085, 8090, 794, 1, 42995, 13640, 9388, 100257]",c88ffe10db1be9e27d64e4701df4f894dcd3c27ddb4d965d43efa5af433060ac,oi_conf_0050.ROLE_A,"{""actions"":[{""action"":""ACTION_P"",""expected_value"":""-0""},{""action"":""ACTION_Q"",""expected_value"":""15""}],""final_action"":""ACTION_Q""}",modified,ACTION_Q,True
ai2_olmo.oi_conf_0050.ROLE_B.correction.original,3.983607530593872,ai2_olmo.oi_conf_0050.ROLE_B.correction,correction,ai2_olmo,local-tree-eb8c3dce0af34c1de12a6d57f0f4a594e0ab8a707ffe43b38836d014a99edda4,ACTION_P,"[5018, 4109, 794, 58, 5018, 1335, 794, 1, 42995, 1106, 498, 1, 7475, 3220, 794, 1, 18, 14, 19, 14682, 5018, 1335, 794, 1, 42995, 13640, 498, 1, 7475, 3220, 794, 1, 20, 14, 19, 9388, 1145, 1, 12085, 8090, 794, 1, 42995, 13640, 9388, 100257]",12858bf6a3f96b8d78c1e172484838f7b9137eba2f521a9ddea87c3be23fb328,oi_conf_0050.ROLE_B,"{""actions"":[{""action"":""ACTION_P"",""expected_value"":""3/4""},{""action"":""ACTION_Q"",""expected_value"":""5/4""}],""final_action"":""ACTION_Q""}",original,ACTION_Q,False
ai2_olmo.oi_conf_0050.ROLE_B.correction.modified,4.3035829067230225,ai2_olmo.oi_conf_0050.ROLE_B.correction,correction,ai2_olmo,local-tree-eb8c3dce0af34c1de12a6d57f0f4a594e0ab8a707ffe43b38836d014a99edda4,ACTION_P,"[5018, 4109, 794, 58, 5018, 1335, 794, 1, 42995, 1106, 498, 1, 7475, 3220, 3332, 19, 14682, 5018, 1335, 794, 1, 42995, 13640, 498, 1, 7475, 3220, 3332, 845, 9388, 1145, 1, 12085, 8090, 794, 1, 42995, 13640, 9388, 100257]",43f15fed969361ce623d4581d3432162737f349da92fa330ea151022fd920f49,oi_conf_0050.ROLE_B,"{""actions"":[{""action"":""ACTION_P"",""expected_value"":""4""},{""action"":""ACTION_Q"",""expected_value"":""16""}],""final_action"":""ACTION_Q""}",modified,ACTION_Q,False
ai2_olmo.oi_conf_0051.ROLE_A.correction.original,3.9343760013580322,ai2_olmo.oi_conf_0051.ROLE_A.correction,correction,ai2_olmo,local-tree-eb8c3dce0af34c1de12a6d57f0f4a594e0ab8a707ffe43b38836d014a99edda4,ACTION_P,"[5018, 4109, 794, 58, 5018, 1335, 794, 1, 42995, 1106, 498, 1, 7475, 3220, 794, 1, 605, 14682, 5018, 1335, 794, 1, 42995, 13640, 498, 1, 7475, 3220, 794, 1, 914, 9388, 1145, 1, 12085, 8090, 794, 1, 42995, 13640, 9388, 100257]",66f6bd3c2ca91a9c507f09c7a28e6a0909cfeac2724b272229a42752c423317a,oi_conf_0051.ROLE_A,"{""actions"":[{""action"":""ACTION_P"",""expected_value"":""10""},{""action"":""ACTION_Q"",""expected_value"":""25""}],""final_action"":""ACTION_Q""}",original,ACTION_Q,False
ai2_olmo.oi_conf_0051.ROLE_A.correction.modified,3.8157589435577393,ai2_olmo.oi_conf_0051.ROLE_A.correction,correction,ai2_olmo,local-tree-eb8c3dce0af34c1de12a6d57f0f4a594e0ab8a707ffe43b38836d014a99edda4,ACTION_P,"[5018, 4109, 794, 58, 5018, 1335, 794, 1, 42995, 1106, 498, 1, 7475, 3220, 794, 1, 777, 14, 17, 14682, 5018, 1335, 794, 1, 42995, 13640, 498, 1, 7475, 3220, 794, 35394, 19, 9388, 1145, 1, 12085, 8090, 794, 1, 42995, 13640, 9388, 100257]",4c64971da7e01a48617307b88a159398c8fd57d79299684c9d696197a30ec365,oi_conf_0051.ROLE_A,"{""actions"":[{""action"":""ACTION_P"",""expected_value"":""19/2""},{""action"":""ACTION_Q"",""expected_value"":""-4""}],""final_action"":""ACTION_Q""}",modified,ACTION_Q,False
ai2_olmo.oi_conf_0051.ROLE_B.correction.original,4.640537261962891,ai2_olmo.oi_conf_0051.ROLE_B.correction,correction,ai2_olmo,local-tree-eb8c3dce0af34c1de12a6d57f0f4a594e0ab8a707ffe43b38836d014a99edda4,ACTION_Q,"[5018, 4109, 794, 58, 5018, 1335, 794, 1, 42995, 1106, 498, 1, 7475, 3220, 794, 1, 605, 14682, 5018, 1335, 794, 1, 42995, 13640, 498, 1, 7475, 3220, 794, 1, 972, 9388, 1145, 1, 12085, 8090, 794, 1, 42995, 13640, 9388, 100257]",2677148c643a92bb4b9f9607acebc25c62811ce197cff6dd451fb176cd4ad3a1,oi_conf_0051.ROLE_B,"{""actions"":[{""action"":""ACTION_P"",""expected_value"":""10""},{""action"":""ACTION_Q"",""expected_value"":""18""}],""final_action"":""ACTION_Q""}",original,ACTION_Q,True
ai2_olmo.oi_conf_0051.ROLE_B.correction.modified,3.902243137359619,ai2_olmo.oi_conf_0051.ROLE_B.correction,correction,ai2_olmo,local-tree-eb8c3dce0af34c1de12a6d57f0f4a594e0ab8a707ffe43b38836d014a99edda4,ACTION_Q,"[5018, 4109, 794, 58, 5018, 1335, 794, 1, 42995, 1106, 498, 1, 7475, 3220, 794, 1, 845, 14682, 5018, 1335, 794, 1, 42995, 13640, 498, 1, 7475, 3220, 794, 1, 843, 9388, 1145, 1, 12085, 8090, 794, 1, 42995, 13640, 9388, 100257]",21bac620b9782794aa04e52dde11b37552e53450905e0bd28f73091a604492e4,oi_conf_0051.ROLE_B,"{""actions"":[{""action"":""ACTION_P"",""expected_value"":""16""},{""action"":""ACTION_Q"",""expected_value"":""32""}],""final_action"":""ACTION_Q""}",modified,ACTION_Q,True
ai2_olmo.oi_conf_0052.ROLE_A.correction.original,4.392192602157593,ai2_olmo.oi_conf_0052.ROLE_A.correction,correction,ai2_olmo,local-tree-eb8c3dce0af34c1de12a6d57f0f4a594e0ab8a707ffe43b38836d014a99edda4,ACTION_P,"[5018, 4109, 794, 58, 5018, 1335, 794, 1, 42995, 1106, 498, 1, 7475, 3220, 794, 1, 1591, 14, 17, 14682, 5018, 1335, 794, 1, 42995, 13640, 498, 1, 7475, 3220, 794, 1, 914, 9388, 1145, 1, 12085, 8090, 794, 1, 42995, 13640, 9388, 100257]",42a79b81e4f2be353de7a7a98a38a049dba3489c6dff6f2f0c689d29d9feb6a4,oi_conf_0052.ROLE_A,"{""actions"":[{""action"":""ACTION_P"",""expected_value"":""28/2""},{""action"":""ACTION_Q"",""expected_value"":""25""}],""final_action"":""ACTION_Q""}",original,ACTION_Q,False
ai2_olmo.oi_conf_0052.ROLE_A.correction.modified,3.906560182571411,ai2_olmo.oi_conf_0052.ROLE_A.correction,correction,ai2_olmo,local-tree-eb8c3dce0af34c1de12a6d57f0f4a594e0ab8a707ffe43b38836d014a99edda4,ACTION_P,"[5018, 4109, 794, 58, 5018, 1335, 794, 1, 42995, 1106, 498, 1, 7475, 3220, 794, 1, 717, 14682, 5018, 1335, 794, 1, 42995, 13640, 498, 1, 7475, 3220, 794, 1, 1032, 9388, 1145, 1, 12085, 8090, 794, 1, 42995, 13640, 9388, 100257]",e9d1e1c076c72fdb6c23b73673568e332dd1832fefaf4f88c7b7e82ed887101d,oi_conf_0052.ROLE_A,"{""actions"":[{""action"":""ACTION_P"",""expected_value"":""12""},{""action"":""ACTION_Q"",""expected_value"":""13""}],""final_action"":""ACTION_Q""}",modified,ACTION_Q,False
ai2_olmo.oi_conf_0052.ROLE_B.correction.original,4.404815196990967,ai2_olmo.oi_conf_0052.ROLE_B.correction,correction,ai2_olmo,local-tree-eb8c3dce0af34c1de12a6d57f0f4a594e0ab8a707ffe43b38836d014a99edda4,ACTION_Q,"[5018, 4109, 794, 58, 5018, 1335, 794, 1, 42995, 1106, 498, 1, 7475, 3220, 794, 1, 1591, 14, 17, 14682, 5018, 1335, 794, 1, 42995, 13640, 498, 1, 7475, 3220, 794, 1, 914, 9388, 1145, 1, 12085, 8090, 794, 1, 42995, 13640, 9388, 100257]",42a79b81e4f2be353de7a7a98a38a049dba3489c6dff6f2f0c689d29d9feb6a4,oi_conf_0052.ROLE_B,"{""actions"":[{""action"":""ACTION_P"",""expected_value"":""28/2""},{""action"":""ACTION_Q"",""expected_value"":""25""}],""final_action"":""ACTION_Q""}",original,ACTION_Q,True
ai2_olmo.oi_conf_0052.ROLE_B.correction.modified,3.9169487953186035,ai2_olmo.oi_conf_0052.ROLE_B.correction,correction,ai2_olmo,local-tree-eb8c3dce0af34c1de12a6d57f0f4a594e0ab8a707ffe43b38836d014a99edda4,ACTION_Q,"[5018, 4109, 794, 58, 5018, 1335, 794, 1, 42995, 1106, 498, 1, 7475, 3220, 794, 35394, 975, 14682, 5018, 1335, 794, 1, 42995, 13640, 498, 1, 7475, 3220, 794, 35394, 20, 9388, 1145, 1, 12085, 8090, 794, 1, 42995, 1106, 9388, 100257]",07807d777c1d44924915c96e52f254c4a9b0455901e3718548944aecc0f9654c,oi_conf_0052.ROLE_B,"{""actions"":[{""action"":""ACTION_P"",""expected_value"":""-14""},{""action"":""ACTION_Q"",""expected_value"":""-5""}],""final_action"":""ACTION_P""}",modified,ACTION_P,False
ai2_olmo.oi_conf_0053.ROLE_A.correction.original,3.7275137901306152,ai2_olmo.oi_conf_0053.ROLE_A.correction,correction,ai2_olmo,local-tree-eb8c3dce0af34c1de12a6d57f0f4a594e0ab8a707ffe43b38836d014a99edda4,ACTION_Q,"[5018, 4109, 794, 58, 5018, 1335, 794, 1, 42995, 1106, 498, 1, 7475, 3220, 3332, 975, 14682, 5018, 1335, 794, 1, 42995, 13640, 498, 1, 7475, 3220, 3332, 1032, 9388, 1145, 1, 12085, 8090, 794, 1, 42995, 13640, 9388, 100257]",14fa2a3d16ed0d753df7d8df65aacd6793ffc5167f3fe82673f01daeb77ce710,oi_conf_0053.ROLE_A,"{""actions"":[{""action"":""ACTION_P"",""expected_value"":""14""},{""action"":""ACTION_Q"",""expected_value"":""13""}],""final_action"":""ACTION_Q""}",original,ACTION_Q,True
ai2_olmo.oi_conf_0053.ROLE_A.correction.modified,4.56247353553772,ai2_olmo.oi_conf_0053.ROLE_A.correction,correction,ai2_olmo,local-tree-eb8c3dce0af34c1de12a6d57f0f4a594e0ab8a707ffe43b38836d014a99edda4,ACTION_Q,"[5018, 4109, 794, 58, 5018, 1335, 794, 1, 42995, 1106, 498, 1, 7475, 3220, 3332, 975, 14682, 5018, 1335, 794, 1, 42995, 13640, 498, 1, 7475, 3220, 3332, 914, 9388, 1145, 1, 12085, 8090, 794, 1, 42995, 13640, 9388, 100257]",0daabaa7bc269203101e72a292bac6cc171abcbece4d403805d2b4e819d33aea,oi_conf_0053.ROLE_A,"{""actions"":[{""action"":""ACTION_P"",""expected_value"":""14""},{""action"":""ACTION_Q"",""expected_value"":""25""}],""final_action"":""ACTION_Q""}",modified,ACTION_Q,True
ai2_olmo.oi_conf_0053.ROLE_B.correction.original,3.7892143726348877,ai2_olmo.oi_conf_0053.ROLE_B.correction,correction,ai2_olmo,local-tree-eb8c3dce0af34c1de12a6d57f0f4a594e0ab8a707ffe43b38836d014a99edda4,ACTION_P,"[5018, 4109, 794, 58, 5018, 1335, 794, 1, 42995, 1106, 498, 1, 7475, 3220, 3332, 975, 14682, 5018, 1335, 794, 1, 42995, 13640, 498, 1, 7475, 3220, 3332, 1032, 9388, 1145, 1, 12085, 8090, 794, 1, 42995, 13640, 9388, 100257]",14fa2a3d16ed0d753df7d8df65aacd6793ffc5167f3fe82673f01daeb77ce710,oi_conf_0053.ROLE_B,"{""actions"":[{""action"":""ACTION_P"",""expected_value"":""14""},{""action"":""ACTION_Q"",""expected_value"":""13""}],""final_action"":""ACTION_Q""}",original,ACTION_Q,False
ai2_olmo.oi_conf_0053.ROLE_B.correction.modified,4.176521301269531,ai2_olmo.oi_conf_0053.ROLE_B.correction,correction,ai2_olmo,local-tree-eb8c3dce0af34c1de12a6d57f0f4a594e0ab8a707ffe43b38836d014a99edda4,ACTION_P,"[5018, 4109, 794, 58, 5018, 1335, 794, 1, 42995, 1106, 498, 1, 7475, 3220, 794, 35394, 1591, 14682, 5018, 1335, 794, 1, 42995, 13640, 498, 1, 7475, 3220, 794, 35394, 1114, 9388, 1145, 1, 12085, 8090, 794, 1, 42995, 13640, 9388, 100257]",9c40c3056b51b7f4bb8254a7db67e92988c89f904941f17db2f1d41c81c6be44,oi_conf_0053.ROLE_B,"{""actions"":[{""action"":""ACTION_P"",""expected_value"":""-28""},{""action"":""ACTION_Q"",""expected_value"":""-17""}],""final_action"":""ACTION_Q""}",modified,ACTION_Q,False
qwen_positive_control.oi_conf_0012.ROLE_A.correction.original,10.749128818511963,qwen_positive_control.oi_conf_0012.ROLE_A.correction,correction,qwen_positive_control,local-tree-5faa92c3fe3ae13ee44c37a594e616179a8468b00aa76592408956c215d8c658,ACTION_P,"[90, 1, 3885, 763, 58, 4754, 1265, 3147, 40514, 12952, 2129, 7095, 3042, 3147, 16, 18, 13933, 4754, 1265, 3147, 40514, 1053, 2129, 7095, 3042, 3147, 12, 16, 8934, 27573, 11483, 7681, 3147, 40514, 12952, 8934, 248046]",973b8803297ddc8f03b3309c52db4bf77455ded567e6c651716e63b466a729fe,oi_conf_0012.ROLE_A,"{""actions"":[{""action"":""ACTION_Q"",""expected_value"":""13""},{""action"":""ACTION_P"",""expected_value"":""-1""}],""final_action"":""ACTION_Q""}",original,ACTION_Q,False
qwen_positive_control.oi_conf_0012.ROLE_A.correction.modified,8.811340570449829,qwen_positive_control.oi_conf_0012.ROLE_A.correction,correction,qwen_positive_control,local-tree-5faa92c3fe3ae13ee44c37a594e616179a8468b00aa76592408956c215d8c658,ACTION_P,"[90, 1, 3885, 763, 58, 4754, 1265, 3147, 40514, 12952, 2129, 7095, 3042, 3147, 16, 18, 13933, 4754, 1265, 3147, 40514, 1053, 2129, 7095, 3042, 3147, 16, 20, 8934, 27573, 11483, 7681, 3147, 40514, 1053, 8934, 248046]",c52c1bb2438931380557b64d420381d829a51349ef9a626d8347cfa056b46bf5,oi_conf_0012.ROLE_A,"{""actions"":[{""action"":""ACTION_Q"",""expected_value"":""13""},{""action"":""ACTION_P"",""expected_value"":""15""}],""final_action"":""ACTION_P""}",modified,ACTION_P,True
qwen_positive_control.oi_conf_0026.ROLE_A.correction.original,9.390095710754395,qwen_positive_control.oi_conf_0026.ROLE_A.correction,correction,qwen_positive_control,local-tree-5faa92c3fe3ae13ee44c37a594e616179a8468b00aa76592408956c215d8c658,ACTION_Q,"[90, 1, 3885, 763, 58, 4754, 1265, 3147, 40514, 12952, 2129, 7095, 3042, 3147, 16, 16, 14, 21, 35303, 1265, 3147, 40514, 1053, 2129, 7095, 3042, 3147, 16, 15, 14, 21, 8934, 27573, 11483, 7681, 3147, 40514, 12952, 8934, 248046]",b06d0fd8ee998dcba6243a6e1507d4e6b5e52c238fda4c723a6b195f0f16593c,oi_conf_0026.ROLE_A,"{""actions"":[{""action"":""ACTION_Q"",""expected_value"":""11/6""},{""action"":""ACTION_P"",""expected_value"":""10/6""}],""final_action"":""ACTION_Q""}",original,ACTION_Q,True
qwen_positive_control.oi_conf_0026.ROLE_A.correction.modified,9.393136262893677,qwen_positive_control.oi_conf_0026.ROLE_A.correction,correction,qwen_positive_control,local-tree-5faa92c3fe3ae13ee44c37a594e616179a8468b00aa76592408956c215d8c658,ACTION_Q,"[90, 1, 3885, 763, 58, 4754, 1265, 3147, 40514, 12952, 2129, 7095, 3042, 3147, 12, 16, 14, 21, 35303, 1265, 3147, 40514, 1053, 2129, 7095, 3042, 3147, 12, 16, 16, 14, 21, 8934, 27573, 11483, 7681, 3147, 40514, 12952, 8934, 248046]",0a21ef30fb21aa07f723aafd445c60aeef243c8b20619d8589db41ccd39c579b,oi_conf_0026.ROLE_A,"{""actions"":[{""action"":""ACTION_Q"",""expected_value"":""-1/6""},{""action"":""ACTION_P"",""expected_value"":""-11/6""}],""final_action"":""ACTION_Q""}",modified,ACTION_Q,True
qwen_positive_control.oi_conf_0027.ROLE_A.correction.original,9.227020263671875,qwen_positive_control.oi_conf_0027.ROLE_A.correction,correction,qwen_positive_control,local-tree-5faa92c3fe3ae13ee44c37a594e616179a8468b00aa76592408956c215d8c658,ACTION_P,"[90, 1, 3885, 763, 58, 4754, 1265, 3147, 40514, 12952, 2129, 7095, 3042, 3147, 12, 21, 35303, 1265, 3147, 40514, 1053, 2129, 7095, 3042, 3147, 18, 8934, 27573, 11483, 7681, 3147, 40514, 1053, 8934, 248046]",06553214dfe54ecaa308113d4a2c4ce5614d02376dd38288ecb8110f49fabbeb,oi_conf_0027.ROLE_A,"{""actions"":[{""action"":""ACTION_Q"",""expected_value"":""-6""},{""action"":""ACTION_P"",""expected_value"":""3""}],""final_action"":""ACTION_P""}",original,ACTION_P,True
qwen_positive_control.oi_conf_0027.ROLE_A.correction.modified,9.136160373687744,qwen_positive_control.oi_conf_0027.ROLE_A.correction,correction,qwen_positive_control,local-tree-5faa92c3fe3ae13ee44c37a594e616179a8468b00aa76592408956c215d8c658,ACTION_P,"[90, 1, 3885, 763, 58, 4754, 1265, 3147, 40514, 12952, 2129, 7095, 3042, 3147, 12, 21, 35303, 1265, 3147, 40514, 1053, 2129, 7095, 3042, 3147, 15, 8934, 27573, 11483, 7681, 3147, 40514, 1053, 8934, 248046]",afb503d4f408fd0122c0964a4b6362691a2fd8d2180c5e0f29a91ad279ddda16,oi_conf_0027.ROLE_A,"{""actions"":[{""action"":""ACTION_Q"",""expected_value"":""-6""},{""action"":""ACTION_P"",""expected_value"":""0""}],""final_action"":""ACTION_P""}",modified,ACTION_P,True
qwen_positive_control.oi_conf_0028.ROLE_A.correction.original,8.93794322013855,qwen_positive_control.oi_conf_0028.ROLE_A.correction,correction,qwen_positive_control,local-tree-5faa92c3fe3ae13ee44c37a594e616179a8468b00aa76592408956c215d8c658,ACTION_P,"[90, 1, 3885, 763, 58, 4754, 1265, 3147, 40514, 12952, 2129, 7095, 3042, 3147, 22, 35303, 1265, 3147, 40514, 1053, 2129, 7095, 3042, 3147, 12, 15, 8934, 27573, 11483, 7681, 3147, 40514, 12952, 8934, 248046]",45e728d8b2e804f2be49eae1075864e5aed0caf0703d5a14d895d6a6cf673f5e,oi_conf_0028.ROLE_A,"{""actions"":[{""action"":""ACTION_Q"",""expected_value"":""7""},{""action"":""ACTION_P"",""expected_value"":""-0""}],""final_action"":""ACTION_Q""}",original,ACTION_Q,False
qwen_positive_control.oi_conf_0028.ROLE_A.correction.modified,9.326115846633911,qwen_positive_control.oi_conf_0028.ROLE_A.correction,correction,qwen_positive_control,local-tree-5faa92c3fe3ae13ee44c37a594e616179a8468b00aa76592408956c215d8c658,ACTION_P,"[90, 1, 3885, 763, 58, 4754, 1265, 3147, 40514, 12952, 2129, 7095, 3042, 3147, 22, 35303, 1265, 3147, 40514, 1053, 2129, 7095, 3042, 3147, 16, 18, 8934, 27573, 11483, 7681, 3147, 40514, 1053, 8934, 248046]",32e8d94b6d8c652beab1a1f1a69950b384018f8af12ddf705b4cf8ecadd9826d,oi_conf_0028.ROLE_A,"{""actions"":[{""action"":""ACTION_Q"",""expected_value"":""7""},{""action"":""ACTION_P"",""expected_value"":""13""}],""final_action"":""ACTION_P""}",modified,ACTION_P,True
qwen_positive_control.oi_conf_0029.ROLE_A.correction.original,10.257909536361694,qwen_positive_control.oi_conf_0029.ROLE_A.correction,correction,qwen_positive_control,local-tree-5faa92c3fe3ae13ee44c37a594e616179a8468b00aa76592408956c215d8c658,ACTION_Q,"[90, 1, 3885, 763, 58, 4754, 1265, 3147, 40514, 12952, 2129, 7095, 3042, 3147, 16, 20, 35303, 1265, 3147, 40514, 1053, 2129, 7095, 3042, 3147, 18, 8934, 27573, 11483, 7681, 3147, 40514, 12952, 8934, 248046]",2d7a1b03502719fc4374492b57e773ecc044276f240b022cbf309ef0b58334f2,oi_conf_0029.ROLE_A,"{""actions"":[{""action"":""ACTION_Q"",""expected_value"":""15""},{""action"":""ACTION_P"",""expected_value"":""3""}],""final_action"":""ACTION_Q""}",original,ACTION_Q,True
qwen_positive_control.oi_conf_0029.ROLE_A.correction.modified,8.545591831207275,qwen_positive_control.oi_conf_0029.ROLE_A.correction,correction,qwen_positive_control,local-tree-5faa92c3fe3ae13ee44c37a594e616179a8468b00aa76592408956c215d8c658,ACTION_Q,"[90, 1, 3885, 763, 58, 4754, 1265, 3147, 40514, 12952, 2129, 7095, 3042, 3147, 16, 20, 35303, 1265, 3147, 40514, 1053, 2129, 7095, 3042, 3147, 20, 8934, 27573, 11483, 7681, 3147, 40514, 12952, 8934, 248046]",cc2dca3d43374abc83aea73c82abdc20a67180bc6015cd80985443f480aa826f,oi_conf_0029.ROLE_A,"{""actions"":[{""action"":""ACTION_Q"",""expected_value"":""15""},{""action"":""ACTION_P"",""expected_value"":""5""}],""final_action"":""ACTION_Q""}",modified,ACTION_Q,True
qwen_positive_control.oi_conf_0045.ROLE_A.correction.original,9.590234518051147,qwen_positive_control.oi_conf_0045.ROLE_A.correction,correction,qwen_positive_control,local-tree-5faa92c3fe3ae13ee44c37a594e616179a8468b00aa76592408956c215d8c658,ACTION_Q,"[90, 1, 3885, 763, 58, 4754, 1265, 3147, 40514, 12952, 2129, 7095, 3042, 3147, 16, 19, 35303, 1265, 3147, 40514, 1053, 2129, 7095, 3042, 3147, 12, 15, 8934, 27573, 11483, 7681, 3147, 40514, 12952, 8934, 248046]",60138fec1cfeacf62358a9ce1cc3b01e8305cd23a4d619c8ca0f9907f5c46f58,oi_conf_0045.ROLE_A,"{""actions"":[{""action"":""ACTION_Q"",""expected_value"":""14""},{""action"":""ACTION_P"",""expected_value"":""-0""}],""final_action"":""ACTION_Q""}",original,ACTION_Q,True
qwen_positive_control.oi_conf_0045.ROLE_A.correction.modified,8.913716793060303,qwen_positive_control.oi_conf_0045.ROLE_A.correction,correction,qwen_positive_control,local-tree-5faa92c3fe3ae13ee44c37a594e616179a8468b00aa76592408956c215d8c658,ACTION_Q,"[90, 1, 3885, 763, 58, 4754, 1265, 3147, 40514, 12952, 2129, 7095, 3042, 3147, 16, 19, 35303, 1265, 3147, 40514, 1053, 2129, 7095, 3042, 3147, 22, 8934, 27573, 11483, 7681, 3147, 40514, 12952, 8934, 248046]",6a5667bf769d9cb39dd5a134e27bbdc885866fc085c06e1299ca3aa76de2c071,oi_conf_0045.ROLE_A,"{""actions"":[{""action"":""ACTION_Q"",""expected_value"":""14""},{""action"":""ACTION_P"",""expected_value"":""7""}],""final_action"":""ACTION_Q""}",modified,ACTION_Q,True
qwen_positive_control.oi_conf_0000.ROLE_A.injection.original,10.118791341781616,qwen_positive_control.oi_conf_0000.ROLE_A.injection,injection,qwen_positive_control,local-tree-5faa92c3fe3ae13ee44c37a594e616179a8468b00aa76592408956c215d8c658,ACTION_P,"[90, 1, 3885, 763, 58, 4754, 1265, 3147, 40514, 1053, 2129, 7095, 3042, 3147, 24, 35303, 1265, 3147, 40514, 12952, 2129, 7095, 3042, 3147, 22, 8934, 27573, 11483, 7681, 3147, 40514, 1053, 8934, 248046]",dd0dd897883128dee98f06f42346c711950b92268a4c3dab04fdbc31de27d69e,oi_conf_0000.ROLE_A,"{""actions"":[{""action"":""ACTION_P"",""expected_value"":""9""},{""action"":""ACTION_Q"",""expected_value"":""7""}],""final_action"":""ACTION_P""}",original,ACTION_P,True
qwen_positive_control.oi_conf_0000.ROLE_A.injection.modified,9.516489028930664,qwen_positive_control.oi_conf_0000.ROLE_A.injection,injection,qwen_positive_control,local-tree-5faa92c3fe3ae13ee44c37a594e616179a8468b00aa76592408956c215d8c658,ACTION_P,"[90, 1, 3885, 763, 58, 4754, 1265, 3147, 40514, 1053, 2129, 7095, 3042, 3147, 16, 17, 35303, 1265, 3147, 40514, 12952, 2129, 7095, 3042, 3147, 22, 8934, 27573, 11483, 7681, 3147, 40514, 1053, 8934, 248046]",9ff78f5aac4022de9aef761af4ca091194def87537d365ce7b0bb78b3786c4f9,oi_conf_0000.ROLE_A,"{""actions"":[{""action"":""ACTION_P"",""expected_value"":""12""},{""action"":""ACTION_Q"",""expected_value"":""7""}],""final_action"":""ACTION_P""}",modified,ACTION_P,True
qwen_positive_control.oi_conf_0000.ROLE_B.injection.original,8.707590579986572,qwen_positive_control.oi_conf_0000.ROLE_B.injection,injection,qwen_positive_control,local-tree-5faa92c3fe3ae13ee44c37a594e616179a8468b00aa76592408956c215d8c658,ACTION_Q,"[90, 1, 3885, 763, 58, 4754, 1265, 3147, 40514, 1053, 2129, 7095, 3042, 3147, 12, 18, 35303, 1265, 3147, 40514, 12952, 2129, 7095, 3042, 3147, 18, 8934, 27573, 11483, 7681, 3147, 40514, 12952, 8934, 248046]",cf630a32702fb5f1954452cdbc36c726f4775be8e296c3ad879c50b5893fd892,oi_conf_0000.ROLE_B,"{""actions"":[{""action"":""ACTION_P"",""expected_value"":""-3""},{""action"":""ACTION_Q"",""expected_value"":""3""}],""final_action"":""ACTION_Q""}",original,ACTION_Q,True
qwen_positive_control.oi_conf_0000.ROLE_B.injection.modified,8.958907127380371,qwen_positive_control.oi_conf_0000.ROLE_B.injection,injection,qwen_positive_control,local-tree-5faa92c3fe3ae13ee44c37a594e616179a8468b00aa76592408956c215d8c658,ACTION_Q,"[90, 1, 3885, 763, 58, 4754, 1265, 3147, 40514, 1053, 2129, 7095, 3042, 3147, 20, 35303, 1265, 3147, 40514, 12952, 2129, 7095, 3042, 3147, 18, 8934, 27573, 11483, 7681, 3147, 40514, 1053, 8934, 248046]",28f6e751e9f001ef7263b301dd1a5daed62cc3f6dac89260af76f7891c101553,oi_conf_0000.ROLE_B,"{""actions"":[{""action"":""ACTION_P"",""expected_value"":""5""},{""action"":""ACTION_Q"",""expected_value"":""3""}],""final_action"":""ACTION_P""}",modified,ACTION_P,False
qwen_positive_control.oi_conf_0001.ROLE_A.injection.original,10.299807786941528,qwen_positive_control.oi_conf_0001.ROLE_A.injection,injection,qwen_positive_control,local-tree-5faa92c3fe3ae13ee44c37a594e616179a8468b00aa76592408956c215d8c658,ACTION_Q,"[90, 1, 3885, 763, 58, 4754, 1265, 3147, 40514, 1053, 2129, 7095, 3042, 3147, 16, 18, 35303, 1265, 3147, 40514, 12952, 2129, 7095, 3042, 3147, 16, 21, 8934, 27573, 11483, 7681, 3147, 40514, 12952, 8934, 248046]",4a398c0100450edcab422ec2f388acb4154521fb0d9a24ee242150c3337e0ee9,oi_conf_0001.ROLE_A,"{""actions"":[{""action"":""ACTION_P"",""expected_value"":""13""},{""action"":""ACTION_Q"",""expected_value"":""16""}],""final_action"":""ACTION_Q""}",original,ACTION_Q,True
qwen_positive_control.oi_conf_0001.ROLE_A.injection.modified,8.592454671859741,qwen_positive_control.oi_conf_0001.ROLE_A.injection,injection,qwen_positive_control,local-tree-5faa92c3fe3ae13ee44c37a594e616179a8468b00aa76592408956c215d8c658,ACTION_Q,"[90, 1, 3885, 763, 58, 4754, 1265, 3147, 40514, 1053, 2129, 7095, 3042, 3147, 16, 16, 35303, 1265, 3147, 40514, 12952, 2129, 7095, 3042, 3147, 16, 21, 8934, 27573, 11483, 7681, 3147, 40514, 12952, 8934, 248046]",ec5140787c9e90f3a772b52060261f22a31d385cab7063c34424abf68f02fdd4,oi_conf_0001.ROLE_A,"{""actions"":[{""action"":""ACTION_P"",""expected_value"":""11""},{""action"":""ACTION_Q"",""expected_value"":""16""}],""final_action"":""ACTION_Q""}",modified,ACTION_Q,True
qwen_positive_control.oi_conf_0001.ROLE_B.injection.original,9.516233205795288,qwen_positive_control.oi_conf_0001.ROLE_B.injection,injection,qwen_positive_control,local-tree-5faa92c3fe3ae13ee44c37a594e616179a8468b00aa76592408956c215d8c658,ACTION_P,"[90, 1, 3885, 763, 58, 4754, 1265, 3147, 40514, 1053, 2129, 7095, 3042, 3147, 21, 35303, 1265, 3147, 40514, 12952, 2129, 7095, 3042, 3147, 16, 8934, 27573, 11483, 7681, 3147, 40514, 1053, 8934, 248046]",b08d3257e881e96c54aba1aec42e66c8b97b02a332e2a0951be4beea4b6f5d48,oi_conf_0001.ROLE_B,"{""actions"":[{""action"":""ACTION_P"",""expected_value"":""6""},{""action"":""ACTION_Q"",""expected_value"":""1""}],""final_action"":""ACTION_P""}",original,ACTION_P,True
qwen_positive_control.oi_conf_0001.ROLE_B.injection.modified,9.90862512588501,qwen_positive_control.oi_conf_0001.ROLE_B.injection,injection,qwen_positive_control,local-tree-5faa92c3fe3ae13ee44c37a594e616179a8468b00aa76592408956c215d8c658,ACTION_P,"[90, 1, 3885, 763, 58, 4754, 1265, 3147, 40514, 1053, 2129, 7095, 3042, 3147, 24, 35303, 1265, 3147, 40514, 12952, 2129, 7095, 3042, 3147, 16, 8934, 27573, 11483, 7681, 3147, 40514, 1053, 8934, 248046]",e6045d7084cfac36f60cd4b731114045272f9ad77fe8c3beaae1c2f32c025092,oi_conf_0001.ROLE_B,"{""actions"":[{""action"":""ACTION_P"",""expected_value"":""9""},{""action"":""ACTION_Q"",""expected_value"":""1""}],""final_action"":""ACTION_P""}",modified,ACTION_P,True
qwen_positive_control.oi_conf_0002.ROLE_A.injection.original,8.556575059890747,qwen_positive_control.oi_conf_0002.ROLE_A.injection,injection,qwen_positive_control,local-tree-5faa92c3fe3ae13ee44c37a594e616179a8468b00aa76592408956c215d8c658,ACTION_Q,"[90, 1, 3885, 763, 58, 4754, 1265, 3147, 40514, 1053, 2129, 7095, 3042, 3147, 12, 22, 35303, 1265, 3147, 40514, 12952, 2129, 7095, 3042, 3147, 19, 8934, 27573, 11483, 7681, 3147, 40514, 12952, 8934, 248046]",0eba97a566aa525e4e5b1358c2833f90f7eec751674599474f1d6fa7a0e583a3,oi_conf_0002.ROLE_A,"{""actions"":[{""action"":""ACTION_P"",""expected_value"":""-7""},{""action"":""ACTION_Q"",""expected_value"":""4""}],""final_action"":""ACTION_Q""}",original,ACTION_Q,True
qwen_positive_control.oi_conf_0002.ROLE_A.injection.modified,9.451686382293701,qwen_positive_control.oi_conf_0002.ROLE_A.injection,injection,qwen_positive_control,local-tree-5faa92c3fe3ae13ee44c37a594e616179a8468b00aa76592408956c215d8c658,ACTION_Q,"[90, 1, 3885, 763, 58, 4754, 1265, 3147, 40514, 1053, 2129, 7095, 3042, 3147, 19, 35303, 1265, 3147, 40514, 12952, 2129, 7095, 3042, 3147, 19, 8934, 27573, 11483, 7681, 3147, 40514, 1053, 8934, 248046]",483ae0f624240864e275fa8af9ff13ce407e2435c4b963dcbe7a23662be62a0d,oi_conf_0002.ROLE_A,"{""actions"":[{""action"":""ACTION_P"",""expected_value"":""4""},{""action"":""ACTION_Q"",""expected_value"":""4""}],""final_action"":""ACTION_P""}",modified,ACTION_P,False
qwen_positive_control.oi_conf_0002.ROLE_B.injection.original,9.870237112045288,qwen_positive_control.oi_conf_0002.ROLE_B.injection,injection,qwen_positive_control,local-tree-5faa92c3fe3ae13ee44c37a594e616179a8468b00aa76592408956c215d8c658,ACTION_P,"[90, 1, 3885, 763, 58, 4754, 1265, 3147, 40514, 1053, 2129, 7095, 3042, 3147, 16, 17, 35303, 1265, 3147, 40514, 12952, 2129, 7095, 3042, 3147, 24, 8934, 27573, 11483, 7681, 3147, 40514, 1053, 8934, 248046]",9310d5bfed7c66ed2a39fbe3b3faa751ae2697832e51493717551d63f8f36f99,oi_conf_0002.ROLE_B,"{""actions"":[{""action"":""ACTION_P"",""expected_value"":""12""},{""action"":""ACTION_Q"",""expected_value"":""9""}],""final_action"":""ACTION_P""}",original,ACTION_P,True
qwen_positive_control.oi_conf_0002.ROLE_B.injection.modified,9.576107263565063,qwen_positive_control.oi_conf_0002.ROLE_B.injection,injection,qwen_positive_control,local-tree-5faa92c3fe3ae13ee44c37a594e616179a8468b00aa76592408956c215d8c658,ACTION_P,"[90, 1, 3885, 763, 58, 4754, 1265, 3147, 40514, 1053, 2129, 7095, 3042, 3147, 16, 35303, 1265, 3147, 40514, 12952, 2129, 7095, 3042, 3147, 24, 8934, 27573, 11483, 7681, 3147, 40514, 12952, 8934, 248046]",d57af6186f0c7a8b526a0087b91f7e3364b148f1363754ef0e6e919ac6adbe38,oi_conf_0002.ROLE_B,"{""actions"":[{""action"":""ACTION_P"",""expected_value"":""1""},{""action"":""ACTION_Q"",""expected_value"":""9""}],""final_action"":""ACTION_Q""}",modified,ACTION_Q,False
ibm_granite.oi_conf_0000.ROLE_B.correction.original,4.0875084400177,ibm_granite.oi_conf_0000.ROLE_B.correction,correction,ibm_granite,local-tree-9f747c20cdefdffbd5c06688a43c76a90b4fe23b7a06653b47aa8729baa9c2cc,ACTION_Q,"[109, 20, 3543, 563, 7739, 1141, 2510, 8750, 81, 66, 1461, 3140, 81, 853, 563, 24168, 38, 22094, 1141, 2510, 8750, 81, 67, 1461, 3140, 81, 853, 563, 20, 39, 10828, 20, 3220, 81, 1141, 2510, 8750, 81, 67, 3612, 0]",c6792f1c67a7b50870b452564fd2c36996f2f49ee734563a8986fba4c0690e7d,oi_conf_0000.ROLE_B,"{""actions"":[{""action"":""ACTION_P"",""expected_value"":""-4""},{""action"":""ACTION_Q"",""expected_value"":""5""}],""final_action"":""ACTION_Q""}",original,ACTION_Q,True
ibm_granite.oi_conf_0000.ROLE_B.correction.modified,3.341487169265747,ibm_granite.oi_conf_0000.ROLE_B.correction,correction,ibm_granite,local-tree-9f747c20cdefdffbd5c06688a43c76a90b4fe23b7a06653b47aa8729baa9c2cc,ACTION_Q,"[109, 20, 3543, 563, 7739, 1141, 2510, 8750, 81, 66, 1461, 3140, 81, 853, 563, 24168, 38, 22094, 1141, 2510, 8750, 81, 67, 1461, 3140, 81, 853, 563, 20, 41, 10828, 20, 3220, 81, 1141, 2510, 8750, 81, 67, 3612, 0]",bfa021d116d3d019a2acb7cd3daec1430c4593810969f628bcf9c4bced9123bc,oi_conf_0000.ROLE_B,"{""actions"":[{""action"":""ACTION_P"",""expected_value"":""-4""},{""action"":""ACTION_Q"",""expected_value"":""7""}],""final_action"":""ACTION_Q""}",modified,ACTION_Q,True
ibm_granite.oi_conf_0001.ROLE_B.correction.original,2.7256357669830322,ibm_granite.oi_conf_0001.ROLE_B.correction,correction,ibm_granite,local-tree-9f747c20cdefdffbd5c06688a43c76a90b4fe23b7a06653b47aa8729baa9c2cc,ACTION_P,"[109, 20, 3543, 563, 7739, 1141, 2510, 8750, 81, 66, 1461, 3140, 81, 853, 563, 20, 43, 22094, 1141, 2510, 8750, 81, 67, 1461, 3140, 81, 853, 2510, 35, 40, 10828, 20, 3220, 81, 1141, 2510, 8750, 81, 67, 3612, 0]",2846e31ff913d7a4c930ce582398c726c282b7ae36cde26325dc4ee3d0703d02,oi_conf_0001.ROLE_B,"{""actions"":[{""action"":""ACTION_P"",""expected_value"":""9""},{""action"":""ACTION_Q"",""expected_value"":""16""}],""final_action"":""ACTION_Q""}",original,ACTION_Q,False
ibm_granite.oi_conf_0001.ROLE_B.correction.modified,3.472388744354248,ibm_granite.oi_conf_0001.ROLE_B.correction,correction,ibm_granite,local-tree-9f747c20cdefdffbd5c06688a43c76a90b4fe23b7a06653b47aa8729baa9c2cc,ACTION_P,"[109, 20, 3543, 563, 7739, 1141, 2510, 8750, 81, 66, 1461, 3140, 81, 853, 563, 20, 38, 22094, 1141, 2510, 8750, 81, 67, 1461, 3140, 81, 853, 563, 24168, 36, 10828, 20, 3220, 81, 1141, 2510, 8750, 81, 66, 3612, 0]",54c1060706edc703435eca37a478d83ee7c168d395f676eab229f32339b74dfa,oi_conf_0001.ROLE_B,"{""actions"":[{""action"":""ACTION_P"",""expected_value"":""4""},{""action"":""ACTION_Q"",""expected_value"":""-2""}],""final_action"":""ACTION_P""}",modified,ACTION_P,True
ibm_granite.oi_conf_0004.ROLE_B.correction.original,2.5523085594177246,ibm_granite.oi_conf_0004.ROLE_B.correction,correction,ibm_granite,local-tree-9f747c20cdefdffbd5c06688a43c76a90b4fe23b7a06653b47aa8729baa9c2cc,ACTION_Q,"[109, 20, 3543, 563, 7739, 1141, 2510, 8750, 81, 66, 1461, 3140, 81, 853, 563, 24168, 35, 22094, 1141, 2510, 8750, 81, 67, 1461, 3140, 81, 853, 563, 24168, 36, 10828, 20, 3220, 81, 1141, 2510, 8750, 81, 67, 3612, 0]",c241a876edded06f38b7d2f41268a46cd40dd9205041e83ecc6ab250ee8fee9f,oi_conf_0004.ROLE_B,"{""actions"":[{""action"":""ACTION_P"",""expected_value"":""-1""},{""action"":""ACTION_Q"",""expected_value"":""-2""}],""final_action"":""ACTION_Q""}",original,ACTION_Q,True
ibm_granite.oi_conf_0004.ROLE_B.correction.modified,2.5371103286743164,ibm_granite.oi_conf_0004.ROLE_B.correction,correction,ibm_granite,local-tree-9f747c20cdefdffbd5c06688a43c76a90b4fe23b7a06653b47aa8729baa9c2cc,ACTION_Q,"[109, 20, 3543, 563, 7739, 1141, 2510, 8750, 81, 66, 1461, 3140, 81, 853, 563, 24168, 35, 22094, 1141, 2510, 8750, 81, 67, 1461, 3140, 81, 853, 563, 24168, 36, 10828, 20, 3220, 81, 1141, 2510, 8750, 81, 67, 3612, 0]",b69400100491f2ce9ea7dc0709d157e0ff39f4c65bf9bb6f176ce1eabc7bfd71,oi_conf_0004.ROLE_B,"{""actions"":[{""action"":""ACTION_P"",""expected_value"":""-1""},{""action"":""ACTION_Q"",""expected_value"":""-2""}],""final_action"":""ACTION_Q""}",modified,ACTION_Q,True
ibm_granite.oi_conf_0005.ROLE_B.correction.original,2.9276363849639893,ibm_granite.oi_conf_0005.ROLE_B.correction,correction,ibm_granite,local-tree-9f747c20cdefdffbd5c06688a43c76a90b4fe23b7a06653b47aa8729baa9c2cc,ACTION_P,"[109, 20, 3543, 563, 7739, 1141, 2510, 8750, 81, 66, 1461, 3140, 81, 853, 2510, 35, 39, 22094, 1141, 2510, 8750, 81, 67, 1461, 3140, 81, 853, 2510, 31, 38, 10828, 20, 3220, 81, 1141, 2510, 8750, 81, 66, 3612, 0]",5cb8628896710762418df936e3346101956a40365e45d9daa98b04063c735d2e,oi_conf_0005.ROLE_B,"{""actions"":[{""action"":""ACTION_P"",""expected_value"":""15""},{""action"":""ACTION_Q"",""expected_value"":""-4""}],""final_action"":""ACTION_P""}",original,ACTION_P,True
ibm_granite.oi_conf_0005.ROLE_B.correction.modified,2.60009503364563,ibm_granite.oi_conf_0005.ROLE_B.correction,correction,ibm_granite,local-tree-9f747c20cdefdffbd5c06688a43c76a90b4fe23b7a06653b47aa8729baa9c2cc,ACTION_P,"[109, 20, 3543, 563, 7739, 1141, 2510, 8750, 81, 66, 1461, 3140, 81, 853, 563, 20, 39, 22094, 1141, 2510, 8750, 81, 67, 1461, 3140, 81, 853, 563, 24168, 40, 10828, 20, 3220, 81, 1141, 2510, 8750, 81, 66, 3612, 0]",ccdd1ae2dccf271bb81a58ba3360ad4ad8731007e6de4e05afffd659b299ccb5,oi_conf_0005.ROLE_B,"{""actions"":[{""action"":""ACTION_P"",""expected_value"":""5""},{""action"":""ACTION_Q"",""expected_value"":""-6""}],""final_action"":""ACTION_P""}",modified,ACTION_P,True
ibm_granite.oi_conf_0008.ROLE_B.correction.original,2.7883615493774414,ibm_granite.oi_conf_0008.ROLE_B.correction,correction,ibm_granite,local-tree-9f747c20cdefdffbd5c06688a43c76a90b4fe23b7a06653b47aa8729baa9c2cc,ACTION_Q,"[109, 20, 3543, 563, 7739, 1141, 563, 20, 8750, 81, 67, 392, 20, 3140, 81, 853, 563, 24168, 38, 39, 33, 36, 22094, 1141, 563, 20, 8750, 81, 66, 392, 20, 3140, 81, 853, 2510, 35, 38, 43, 33, 36, 10828, 20, 3220, 81, 1141, 2510, 8750, 81, 66, 3612, 0]",f9a72cbe9131bfddfe0c65f9bb03d02bb129437f688d8fa97d90bed7699f9509,oi_conf_0008.ROLE_B,"{""actions"":[{""action"":""ACTION_Q"",""expected_value"":""-45/2""},{""action"":""ACTION_P"",""expected_value"":""149/2""}],""final_action"":""ACTION_P""}",original,ACTION_P,False
ibm_granite.oi_conf_0008.ROLE_B.correction.modified,2.711167335510254,ibm_granite.oi_conf_0008.ROLE_B.correction,correction,ibm_granite,local-tree-9f747c20cdefdffbd5c06688a43c76a90b4fe23b7a06653b47aa8729baa9c2cc,ACTION_Q,"[109, 20, 3543, 563, 7739, 1141, 563, 20, 8750, 81, 67, 392, 20, 3140, 81, 853, 563, 24168, 35, 39, 33, 36, 22094, 1141, 563, 20, 8750, 81, 66, 392, 20, 3140, 81, 853, 563, 24168, 35, 33, 36, 10828, 20, 3220, 81, 1141, 2510, 8750, 81, 66, 3612, 0]",621005d3ac306719476e2279976b4255c7e5bbf63d1397762e912ca82e71a73b,oi_conf_0008.ROLE_B,"{""actions"":[{""action"":""ACTION_Q"",""expected_value"":""-15/2""},{""action"":""ACTION_P"",""expected_value"":""-1/2""}],""final_action"":""ACTION_P""}",modified,ACTION_P,False
ibm_granite.oi_conf_0009.ROLE_B.correction.original,3.03828763961792,ibm_granite.oi_conf_0009.ROLE_B.correction,correction,ibm_granite,local-tree-9f747c20cdefdffbd5c06688a43c76a90b4fe23b7a06653b47aa8729baa9c2cc,ACTION_P,"[109, 20, 3543, 563, 7739, 1141, 563, 20, 8750, 81, 67, 392, 20, 3140, 81, 853, 563, 24168, 42, 22094, 1141, 563, 20, 8750, 81, 66, 392, 20, 3140, 81, 853, 563, 20, 40, 10828, 20, 3220, 81, 1141, 2510, 8750, 81, 66, 3612, 0]",45b18d8da4533cf1d41664f03f9cbe3b56925d7afd229abde713706620f87feb,oi_conf_0009.ROLE_B,"{""actions"":[{""action"":""ACTION_Q"",""expected_value"":""-8""},{""action"":""ACTION_P"",""expected_value"":""6""}],""final_action"":""ACTION_P""}",original,ACTION_P,True
ibm_granite.oi_conf_0009.ROLE_B.correction.modified,2.5947957038879395,ibm_granite.oi_conf_0009.ROLE_B.correction,correction,ibm_granite,local-tree-9f747c20cdefdffbd5c06688a43c76a90b4fe23b7a06653b47aa8729baa9c2cc,ACTION_P,"[109, 20, 3543, 563, 7739, 1141, 2510, 8750, 81, 67, 1461, 3140, 81, 853, 563, 24168, 38, 22094, 1141, 2510, 8750, 81, 66, 1461, 3140, 81, 853, 563, 24168, 35, 10828, 20, 3220, 81, 1141, 2510, 8750, 81, 66, 3612, 0]",20a4ba369016c7ec6eae8b98147c35a42ee7fa5325f42c07fed6c54b89ba5440,oi_conf_0009.ROLE_B,"{""actions"":[{""action"":""ACTION_Q"",""expected_value"":""-4""},{""action"":""ACTION_P"",""expected_value"":""-1""}],""final_action"":""ACTION_P""}",modified,ACTION_P,True
ibm_granite.oi_conf_0011.ROLE_B.correction.original,2.5498077869415283,ibm_granite.oi_conf_0011.ROLE_B.correction,correction,ibm_granite,local-tree-9f747c20cdefdffbd5c06688a43c76a90b4fe23b7a06653b47aa8729baa9c2cc,ACTION_Q,"[109, 20, 3543, 563, 7739, 1141, 2510, 8750, 81, 67, 1461, 3140, 81, 853, 563, 20, 37, 22094, 1141, 2510, 8750, 81, 66, 1461, 3140, 81, 853, 563, 24168, 38, 10828, 20, 3220, 81, 1141, 2510, 8750, 81, 67, 3612, 0]",1b39d3ad0712d7e6fb310789c369f88eacbfd4932eacf0f2d4f981a4d6aa2ec3,oi_conf_0011.ROLE_B,"{""actions"":[{""action"":""ACTION_Q"",""expected_value"":""3""},{""action"":""ACTION_P"",""expected_value"":""-4""}],""final_action"":""ACTION_Q""}",original,ACTION_Q,True
ibm_granite.oi_conf_0011.ROLE_B.correction.modified,2.538544178009033,ibm_granite.oi_conf_0011.ROLE_B.correction,correction,ibm_granite,local-tree-9f747c20cdefdffbd5c06688a43c76a90b4fe23b7a06653b47aa8729baa9c2cc,ACTION_Q,"[109, 20, 3543, 563, 7739, 1141, 2510, 8750, 81, 67, 1461, 3140, 81, 853, 563, 20, 40, 22094, 1141, 2510, 8750, 81, 66, 1461, 3140, 81, 853, 563, 20, 35, 10828, 20, 3220, 81, 1141, 2510, 8750, 81, 67, 3612, 0]",f051c9b0f0c4eec15e4f0dde80e0bf6f95602e1462bd7a423ff2a1171a8da584,oi_conf_0011.ROLE_B,"{""actions"":[{""action"":""ACTION_Q"",""expected_value"":""6""},{""action"":""ACTION_P"",""expected_value"":""1""}],""final_action"":""ACTION_Q""}",modified,ACTION_Q,True
ibm_granite.oi_conf_0012.ROLE_B.correction.original,3.0228302478790283,ibm_granite.oi_conf_0012.ROLE_B.correction,correction,ibm_granite,local-tree-9f747c20cdefdffbd5c06688a43c76a90b4fe23b7a06653b47aa8729baa9c2cc,ACTION_Q,"[109, 20, 3543, 563, 7739, 1141, 563, 20, 8750, 81, 67, 392, 20, 3140, 81, 853, 563, 20, 35, 22094, 1141, 563, 20, 8750, 81, 66, 392, 20, 3140, 81, 853, 563, 24168, 40, 10828, 20, 3220, 81, 1141, 2510, 8750, 81, 66, 3612, 0]",919cf42d872013c20017ecefb304812c4a983b36e01a558ea6c1a6a6035bb6a2,oi_conf_0012.ROLE_B,"{""actions"":[{""action"":""ACTION_Q"",""expected_value"":""1""},{""action"":""ACTION_P"",""expected_value"":""-6""}],""final_action"":""ACTION_P""}",original,ACTION_P,False
ibm_granite.oi_conf_0012.ROLE_B.correction.modified,2.5896120071411133,ibm_granite.oi_conf_0012.ROLE_B.correction,correction,ibm_granite,local-tree-9f747c20cdefdffbd5c06688a43c76a90b4fe23b7a06653b47aa8729baa9c2cc,ACTION_Q,"[109, 20, 3543, 563, 7739, 1141, 2510, 8750, 81, 67, 1461, 3140, 81, 853, 563, 20, 35, 22094, 1141, 2510, 8750, 81, 66, 1461, 3140, 81, 853, 563, 24168, 39, 10828, 20, 3220, 81, 1141, 2510, 8750, 81, 67, 3612, 0]",e49c660d192ad12d8f019fb034e2e8734b7fe0fda6fbaebd05b24bef73f6ef47,oi_conf_0012.ROLE_B,"{""actions"":[{""action"":""ACTION_Q"",""expected_value"":""1""},{""action"":""ACTION_P"",""expected_value"":""-5""}],""final_action"":""ACTION_Q""}",modified,ACTION_Q,True
ibm_granite.oi_conf_0013.ROLE_B.correction.original,2.6274948120117188,ibm_granite.oi_conf_0013.ROLE_B.correction,correction,ibm_granite,local-tree-9f747c20cdefdffbd5c06688a43c76a90b4fe23b7a06653b47aa8729baa9c2cc,ACTION_P,"[109, 20, 3543, 563, 7739, 1141, 563, 20, 8750, 81, 67, 392, 20, 3140, 81, 853, 563, 24168, 43, 22094, 1141, 563, 20, 8750, 81, 66, 392, 20, 3140, 81, 853, 563, 24168, 37, 10828, 20, 3220, 81, 1141, 2510, 8750, 81, 67, 3612, 0]",a564b020c3953e05cc552a478dbd1442c16720ed01f0998c0d1b0be11218c30e,oi_conf_0013.ROLE_B,"{""actions"":[{""action"":""ACTION_Q"",""expected_value"":""-9""},{""action"":""ACTION_P"",""expected_value"":""-3""}],""final_action"":""ACTION_Q""}",original,ACTION_Q,False
ibm_granite.oi_conf_0013.ROLE_B.correction.modified,2.640848159790039,ibm_granite.oi_conf_0013.ROLE_B.correction,correction,ibm_granite,local-tree-9f747c20cdefdffbd5c06688a43c76a90b4fe23b7a06653b47aa8729baa9c2cc,ACTION_P,"[109, 20, 3543, 563, 7739, 1141, 563, 20, 8750, 81, 67, 392, 20, 3140, 81, 853, 563, 24168, 43, 22094, 1141, 563, 20, 8750, 81, 66, 392, 20, 3140, 81, 853, 563, 24168, 37, 10828, 20, 3220, 81, 1141, 2510, 8750, 81, 66, 3612, 0]",c6cb8a87cf6d150670582e778d9ef58c9b3eb8fef557596d8287f59ac751a127,oi_conf_0013.ROLE_B,"{""actions"":[{""action"":""ACTION_Q"",""expected_value"":""-9""},{""action"":""ACTION_P"",""expected_value"":""-3""}],""final_action"":""ACTION_P""}",modified,ACTION_P,True
ibm_granite.oi_conf_0015.ROLE_B.correction.original,3.0869569778442383,ibm_granite.oi_conf_0015.ROLE_B.correction,correction,ibm_granite,local-tree-9f747c20cdefdffbd5c06688a43c76a90b4fe23b7a06653b47aa8729baa9c2cc,ACTION_Q,"[109, 20, 3543, 563, 7739, 1141, 563, 20, 8750, 81, 67, 392, 20, 3140, 81, 853, 563, 20, 35, 43, 22094, 1141, 563, 20, 8750, 81, 66, 392, 20, 3140, 81, 853, 563, 20, 36, 38, 10828, 20, 3220, 81, 1141, 2510, 8750, 81, 66, 3612, 0]",402c92be8d10769005392eddd9f21f0c8b82ea119c02a01b624a8a4448c27387,oi_conf_0015.ROLE_B,"{""actions"":[{""action"":""ACTION_Q"",""expected_value"":""19""},{""action"":""ACTION_P"",""expected_value"":""24""}],""final_action"":""ACTION_P""}",original,ACTION_P,False
ibm_granite.oi_conf_0015.ROLE_B.correction.modified,2.7471940517425537,ibm_granite.oi_conf_0015.ROLE_B.correction,correction,ibm_granite,local-tree-9f747c20cdefdffbd5c06688a43c76a90b4fe23b7a06653b47aa8729baa9c2cc,ACTION_Q,"[109, 20, 3543, 563, 7739, 1141, 563, 20, 8750, 81, 67, 392, 20, 3140, 81, 853, 563, 20, 35, 43, 22094, 1141, 563, 20, 8750, 81, 66, 392, 20, 3140, 81, 853, 563, 20, 36, 38, 10828, 20, 3220, 81, 1141, 2510, 8750, 81, 66, 3612, 0]",095bff6b2cf8a1fbbbf1cef1f85dd87d838f870af938669df82b1f87020b19bb,oi_conf_0015.ROLE_B,"{""actions"":[{""action"":""ACTION_Q"",""expected_value"":""19""},{""action"":""ACTION_P"",""expected_value"":""24""}],""final_action"":""ACTION_P""}",modified,ACTION_P,False
ibm_granite.oi_conf_0016.ROLE_B.correction.original,2.6512959003448486,ibm_granite.oi_conf_0016.ROLE_B.correction,correction,ibm_granite,local-tree-9f747c20cdefdffbd5c06688a43c76a90b4fe23b7a06653b47aa8729baa9c2cc,ACTION_Q,"[109, 20, 3543, 563, 7739, 1141, 2510, 8750, 81, 66, 1461, 3140, 81, 853, 563, 24168, 38, 22094, 1141, 2510, 8750, 81, 67, 1461, 3140, 81, 853, 563, 24168, 35, 37, 33, 36, 10828, 20, 3220, 81, 1141, 2510, 8750, 81, 66, 3612, 0]",79985d750d820e90df01cd981c9fb496bf5dcd425ab330da7a6d2541d0ca3a36,oi_conf_0016.ROLE_B,"{""actions"":[{""action"":""ACTION_P"",""expected_value"":""-4""},{""action"":""ACTION_Q"",""expected_value"":""-13/2""}],""final_action"":""ACTION_P""}",original,ACTION_P,False
ibm_granite.oi_conf_0016.ROLE_B.correction.modified,2.5697174072265625,ibm_granite.oi_conf_0016.ROLE_B.correction,correction,ibm_granite,local-tree-9f747c20cdefdffbd5c06688a43c76a90b4fe23b7a06653b47aa8729baa9c2cc,ACTION_Q,"[109, 20, 3543, 563, 7739, 1141, 2510, 8750, 81, 66, 1461, 3140, 81, 853, 563, 20, 41, 22094, 1141, 2510, 8750, 81, 67, 1461, 3140, 81, 853, 563, 24168, 34, 10828, 20, 3220, 81, 1141, 2510, 8750, 81, 66, 3612, 0]",7d7605281c7638af24ec05f97d4f73b514005a078d684f1c86d6d40e37414e2b,oi_conf_0016.ROLE_B,"{""actions"":[{""action"":""ACTION_P"",""expected_value"":""7""},{""action"":""ACTION_Q"",""expected_value"":""-0""}],""final_action"":""ACTION_P""}",modified,ACTION_P,False
ibm_granite.oi_conf_0017.ROLE_B.correction.original,3.7020978927612305,ibm_granite.oi_conf_0017.ROLE_B.correction,correction,ibm_granite,local-tree-9f747c20cdefdffbd5c06688a43c76a90b4fe23b7a06653b47aa8729baa9c2cc,ACTION_P,"[109, 20, 3543, 563, 7739, 1141, 563, 20, 8750, 81, 66, 392, 20, 3140, 81, 853, 563, 24168, 37, 39, 33, 36, 22094, 1141, 563, 20, 8750, 81, 67, 392, 20, 3140, 81, 853, 563, 20, 39, 36, 10828, 20, 3220, 81, 1141, 2510, 8750, 81, 67, 3612, 0]",707c220ff43fb4bca9dac810b0df6d4b415e1a92960e1d8b24208d51f18be53b,oi_conf_0017.ROLE_B,"{""actions"":[{""action"":""ACTION_P"",""expected_value"":""-35/2""},{""action"":""ACTION_Q"",""expected_value"":""52""}],""final_action"":""ACTION_Q""}",original,ACTION_Q,False
ibm_granite.oi_conf_0017.ROLE_B.correction.modified,2.9831809997558594,ibm_granite.oi_conf_0017.ROLE_B.correction,correction,ibm_granite,local-tree-9f747c20cdefdffbd5c06688a43c76a90b4fe23b7a06653b47aa8729baa9c2cc,ACTION_P,"[109, 20, 3543, 563, 7739, 1141, 563, 20, 8750, 81, 66, 392, 20, 3140, 81, 853, 563, 24168, 35, 34, 39, 33, 42, 22094, 1141, 563, 20, 8750, 81, 67, 392, 20, 3140, 81, 853, 563, 24168, 35, 34, 39, 33, 42, 10828, 20, 3220, 81, 1141, 2510, 8750, 81, 66, 3612, 0]",624315d3bb26016b43a65bfec764dc0bb96e6edf811e95caba6a41c86417bd15,oi_conf_0017.ROLE_B,"{""actions"":[{""action"":""ACTION_P"",""expected_value"":""-105/8""},{""action"":""ACTION_Q"",""expected_value"":""-105/8""}],""final_action"":""ACTION_P""}",modified,ACTION_P,True
ibm_granite.oi_conf_0020.ROLE_B.correction.original,2.642468214035034,ibm_granite.oi_conf_0020.ROLE_B.correction,correction,ibm_granite,local-tree-9f747c20cdefdffbd5c06688a43c76a90b4fe23b7a06653b47aa8729baa9c2cc,ACTION_Q,"[109, 20, 3543, 563, 7739, 1141, 2510, 8750, 81, 66, 1461, 3140, 81, 853, 563, 24168, 37, 22094, 1141, 2510, 8750, 81, 67, 1461, 3140, 81, 853, 563, 20, 35, 37, 10828, 20, 3220, 81, 1141, 2510, 8750, 81, 67, 3612, 0]",780b666c40ed358ec3ab53e044be0ba34e8b220ef467cbc037d1108bb1740991,oi_conf_0020.ROLE_B,"{""actions"":[{""action"":""ACTION_P"",""expected_value"":""-3""},{""action"":""ACTION_Q"",""expected_value"":""13""}],""final_action"":""ACTION_Q""}",original,ACTION_Q,True
ibm_granite.oi_conf_0020.ROLE_B.correction.modified,2.6791858673095703,ibm_granite.oi_conf_0020.ROLE_B.correction,correction,ibm_granite,local-tree-9f747c20cdefdffbd5c06688a43c76a90b4fe23b7a06653b47aa8729baa9c2cc,ACTION_Q,"[109, 20, 3543, 563, 7739, 1141, 563, 20, 8750, 81, 66, 392, 20, 3140, 81, 853, 563, 24168, 41, 22094, 1141, 563, 20, 8750, 81, 67, 392, 20, 3140, 81, 853, 563, 20, 35, 37, 10828, 20, 3220, 81, 1141, 2510, 8750, 81, 67, 3612, 0]",f9efe17baab636c27c407e10bc270664dc42c9b6e2b77ce602d6e90d5f0e2412,oi_conf_0020.ROLE_B,"{""actions"":[{""action"":""ACTION_P"",""expected_value"":""-7""},{""action"":""ACTION_Q"",""expected_value"":""13""}],""final_action"":""ACTION_Q""}",modified,ACTION_Q,True
ibm_granite.oi_conf_0021.ROLE_B.correction.original,3.435321807861328,ibm_granite.oi_conf_0021.ROLE_B.correction,correction,ibm_granite,local-tree-9f747c20cdefdffbd5c06688a43c76a90b4fe23b7a06653b47aa8729baa9c2cc,ACTION_P,"[109, 20, 3543, 563, 7739, 1141, 563, 20, 8750, 81, 66, 392, 20, 3140, 81, 853, 563, 24168, 38, 22094, 1141, 563, 20, 8750, 81, 67, 392, 20, 3140, 81, 853, 563, 24168, 35, 37, 10828, 20, 3220, 81, 1141, 2510, 8750, 81, 67, 3612, 0]",f7081ba1251e6deae57ba237f1a77de21a5ba0aad4a28f0c55f88a229b83f628,oi_conf_0021.ROLE_B,"{""actions"":[{""action"":""ACTION_P"",""expected_value"":""-4""},{""action"":""ACTION_Q"",""expected_value"":""-13""}],""final_action"":""ACTION_Q""}",original,ACTION_Q,False
ibm_granite.oi_conf_0021.ROLE_B.correction.modified,2.7766284942626953,ibm_granite.oi_conf_0021.ROLE_B.correction,correction,ibm_granite,local-tree-9f747c20cdefdffbd5c06688a43c76a90b4fe23b7a06653b47aa8729baa9c2cc,ACTION_P,"[109, 20, 3543, 563, 7739, 1141, 563, 20, 8750, 81, 66, 392, 20, 3140, 81, 853, 563, 24168, 38, 22094, 1141, 563, 20, 8750, 81, 67, 392, 20, 3140, 81, 853, 563, 24168, 35, 10828, 20, 3220, 81, 1141, 2510, 8750, 81, 66, 3612, 0]",8caaf57330f7443bdf306272156a832a44de823c414b34ddee76214a8d8aeebe,oi_conf_0021.ROLE_B,"{""actions"":[{""action"":""ACTION_P"",""expected_value"":""-4""},{""action"":""ACTION_Q"",""expected_value"":""-1""}],""final_action"":""ACTION_P""}",modified,ACTION_P,True
ibm_granite.oi_conf_0023.ROLE_B.correction.original,3.2016239166259766,ibm_granite.oi_conf_0023.ROLE_B.correction,correction,ibm_granite,local-tree-9f747c20cdefdffbd5c06688a43c76a90b4fe23b7a06653b47aa8729baa9c2cc,ACTION_Q,"[109, 20, 3543, 563, 8653, 20, 1141, 2510, 8750, 81, 66, 1461, 3140, 81, 853, 563, 20, 35, 40, 22094, 1141, 2510, 8750, 81, 67, 1461, 3140, 81, 853, 2510, 31, 35, 10828, 20, 3220, 81, 1141, 2510, 8750, 81, 66, 3612, 0]",ce4bd47b184df06a1b50eef0ba7bf941b56bac8971bc234f6836d60306ef0770,oi_conf_0023.ROLE_B,"{""actions"":[{""action"":""ACTION_P"",""expected_value"":""16""},{""action"":""ACTION_Q"",""expected_value"":""-1""}],""final_action"":""ACTION_P""}",original,ACTION_P,False
ibm_granite.oi_conf_0023.ROLE_B.correction.modified,2.9638149738311768,ibm_granite.oi_conf_0023.ROLE_B.correction,correction,ibm_granite,local-tree-9f747c20cdefdffbd5c06688a43c76a90b4fe23b7a06653b47aa8729baa9c2cc,ACTION_Q,"[109, 20, 3543, 563, 7739, 1141, 563, 20, 8750, 81, 66, 1461, 3140, 81, 853, 563, 20, 36, 36, 22094, 1141, 563, 20, 8750, 81, 67, 1461, 3140, 81, 853, 563, 20, 36, 40, 10828, 20, 3220, 81, 1141, 2510, 8750, 81, 67, 3612, 0]",4663f18b56028fec86ff642199cbfd5be55855fab2544d77d53a14541c785fe9,oi_conf_0023.ROLE_B,"{""actions"":[{""action"":""ACTION_P"",""expected_value"":""22""},{""action"":""ACTION_Q"",""expected_value"":""26""}],""final_action"":""ACTION_Q""}",modified,ACTION_Q,True
ibm_granite.oi_conf_0024.ROLE_B.correction.original,3.196417808532715,ibm_granite.oi_conf_0024.ROLE_B.correction,correction,ibm_granite,local-tree-9f747c20cdefdffbd5c06688a43c76a90b4fe23b7a06653b47aa8729baa9c2cc,ACTION_Q,"[109, 20, 3543, 563, 7739, 1141, 563, 20, 8750, 81, 67, 392, 20, 3140, 81, 853, 563, 24168, 35, 35, 33, 36, 22094, 1141, 563, 20, 8750, 81, 66, 392, 20, 3140, 81, 853, 2510, 36, 38, 10828, 20, 3220, 81, 1141, 2510, 8750, 81, 66, 3612, 0]",abade23a3b822440386be30b9456a6b3eda0b16312634a0622639b659729d511,oi_conf_0024.ROLE_B,"{""actions"":[{""action"":""ACTION_Q"",""expected_value"":""-11/2""},{""action"":""ACTION_P"",""expected_value"":""24""}],""final_action"":""ACTION_P""}",original,ACTION_P,False
ibm_granite.oi_conf_0024.ROLE_B.correction.modified,3.113382339477539,ibm_granite.oi_conf_0024.ROLE_B.correction,correction,ibm_granite,local-tree-9f747c20cdefdffbd5c06688a43c76a90b4fe23b7a06653b47aa8729baa9c2cc,ACTION_Q,"[109, 20, 3543, 563, 7739, 1141, 563, 20, 8750, 81, 67, 392, 20, 3140, 81, 853, 563, 24168, 35, 35, 33, 36, 22094, 1141, 563, 20, 8750, 81, 66, 392, 20, 3140, 81, 853, 563, 24168, 35, 38, 10828, 20, 3220, 81, 1141, 2510, 8750, 81, 66, 3612, 0]",4f8f431b9967f2338d4dc217d50e88adbaa07cac0f173b6df8b4253f9fcf5f5f,oi_conf_0024.ROLE_B,"{""actions"":[{""action"":""ACTION_Q"",""expected_value"":""-11/2""},{""action"":""ACTION_P"",""expected_value"":""-14""}],""final_action"":""ACTION_P""}",modified,ACTION_P,False
ibm_granite.oi_conf_0025.ROLE_B.correction.original,2.7180490493774414,ibm_granite.oi_conf_0025.ROLE_B.correction,correction,ibm_granite,local-tree-9f747c20cdefdffbd5c06688a43c76a90b4fe23b7a06653b47aa8729baa9c2cc,ACTION_P,"[109, 20, 3543, 563, 7739, 1141, 563, 20, 8750, 81, 67, 392, 20, 3140, 81, 853, 563, 24168, 35, 37, 22094, 1141, 563, 20, 8750, 81, 66, 392, 20, 3140, 81, 853, 563, 24168, 35, 37, 10828, 20, 3220, 81, 1141, 2510, 8750, 81, 67, 3612, 0]",ea68d1e518cb95097ead5825a4239e7a52af3ce75096c4338cde81593aaf8a56,oi_conf_0025.ROLE_B,"{""actions"":[{""action"":""ACTION_Q"",""expected_value"":""-13""},{""action"":""ACTION_P"",""expected_value"":""-13""}],""final_action"":""ACTION_Q""}",original,ACTION_Q,False
ibm_granite.oi_conf_0025.ROLE_B.correction.modified,2.732896327972412,ibm_granite.oi_conf_0025.ROLE_B.correction,correction,ibm_granite,local-tree-9f747c20cdefdffbd5c06688a43c76a90b4fe23b7a06653b47aa8729baa9c2cc,ACTION_P,"[109, 20, 3543, 563, 7739, 1141, 563, 20, 8750, 81, 67, 392, 20, 3140, 81, 853, 563, 24168, 35, 37, 22094, 1141, 563, 20, 8750, 81, 66, 392, 20, 3140, 81, 853, 563, 24168, 35, 37, 33, 36, 10828, 20, 3220, 81, 1141, 2510, 8750, 81, 66, 3612, 0]",7b0fe7488500c0742499ea353318a96a84cf503cf65f15b436a3be4654f58b7b,oi_conf_0025.ROLE_B,"{""actions"":[{""action"":""ACTION_Q"",""expected_value"":""-13""},{""action"":""ACTION_P"",""expected_value"":""-13/2""}],""final_action"":""ACTION_P""}",modified,ACTION_P,True
ibm_granite.oi_conf_0026.ROLE_B.correction.original,3.0365705490112305,ibm_granite.oi_conf_0026.ROLE_B.correction,correction,ibm_granite,local-tree-9f747c20cdefdffbd5c06688a43c76a90b4fe23b7a06653b47aa8729baa9c2cc,ACTION_P,"[109, 20, 3543, 563, 7739, 1141, 563, 20, 8750, 81, 67, 392, 20, 3140, 81, 853, 563, 20, 35, 43, 22094, 1141, 563, 20, 8750, 81, 66, 392, 20, 3140, 81, 853, 563, 24168, 40, 10828, 20, 3220, 81, 1141, 2510, 8750, 81, 67, 3612, 0]",3e1a0e83eeb190a8a1236eece3fc669974047bde2a18ad44ce1020a04bb5c5d3,oi_conf_0026.ROLE_B,"{""actions"":[{""action"":""ACTION_Q"",""expected_value"":""19""},{""action"":""ACTION_P"",""expected_value"":""-6""}],""final_action"":""ACTION_Q""}",original,ACTION_Q,False
ibm_granite.oi_conf_0026.ROLE_B.correction.modified,2.751250982284546,ibm_granite.oi_conf_0026.ROLE_B.correction,correction,ibm_granite,local-tree-9f747c20cdefdffbd5c06688a43c76a90b4fe23b7a06653b47aa8729baa9c2cc,ACTION_P,"[109, 20, 3543, 563, 7739, 1141, 563, 20, 8750, 81, 67, 392, 20, 3140, 81, 853, 563, 20, 35, 43, 22094, 1141, 563, 20, 8750, 81, 66, 392, 20, 3140, 81, 853, 563, 20, 35, 43, 10828, 20, 3220, 81, 1141, 2510, 8750, 81, 66, 3612, 0]",b7e97a71d17ba8fb122ace997544b773998f29c6ad8023a82714e9b4e8a75994,oi_conf_0026.ROLE_B,"{""actions"":[{""action"":""ACTION_Q"",""expected_value"":""19""},{""action"":""ACTION_P"",""expected_value"":""19""}],""final_action"":""ACTION_P""}",modified,ACTION_P,True
ibm_granite.oi_conf_0027.ROLE_B.correction.original,2.601806163787842,ibm_granite.oi_conf_0027.ROLE_B.correction,correction,ibm_granite,local-tree-9f747c20cdefdffbd5c06688a43c76a90b4fe23b7a06653b47aa8729baa9c2cc,ACTION_Q,"[109, 20, 3543, 563, 7739, 1141, 2510, 8750, 81, 67, 1461, 3140, 81, 853, 563, 20, 35, 42, 22094, 1141, 2510, 8750, 81, 66, 1461, 3140, 81, 853, 563, 24168, 41, 10828, 20, 3220, 81, 1141, 2510, 8750, 81, 67, 3612, 0]",15fccb5c63ad2b267a02160173ef1dede8a69ac8b1730ae447859ca5b0a35949,oi_conf_0027.ROLE_B,"{""actions"":[{""action"":""ACTION_Q"",""expected_value"":""18""},{""action"":""ACTION_P"",""expected_value"":""-7""}],""final_action"":""ACTION_Q""}",original,ACTION_Q,True
ibm_granite.oi_conf_0027.ROLE_B.correction.modified,2.557232618331909,ibm_granite.oi_conf_0027.ROLE_B.correction,correction,ibm_granite,local-tree-9f747c20cdefdffbd5c06688a43c76a90b4fe23b7a06653b47aa8729baa9c2cc,ACTION_Q,"[109, 20, 3543, 563, 7739, 1141, 2510, 8750, 81, 67, 1461, 3140, 81, 853, 563, 20, 35, 42, 22094, 1141, 2510, 8750, 81, 66, 1461, 3140, 81, 853, 563, 24168, 35, 10828, 20, 3220, 81, 1141, 2510, 8750, 81, 67, 3612, 0]",1575954ba612f56c53ada805c2422c8a13aa392d18c8714de3498f51a5034d00,oi_conf_0027.ROLE_B,"{""actions"":[{""action"":""ACTION_Q"",""expected_value"":""18""},{""action"":""ACTION_P"",""expected_value"":""-1""}],""final_action"":""ACTION_Q""}",modified,ACTION_Q,True
ibm_granite.oi_conf_0028.ROLE_B.correction.original,3.001894235610962,ibm_granite.oi_conf_0028.ROLE_B.correction,correction,ibm_granite,local-tree-9f747c20cdefdffbd5c06688a43c76a90b4fe23b7a06653b47aa8729baa9c2cc,ACTION_Q,"[109, 20, 3543, 563, 7739, 1141, 2510, 8750, 81, 67, 1461, 3140, 81, 853, 563, 20, 35, 38, 22094, 1141, 2510, 8750, 81, 66, 1461, 3140, 81, 853, 563, 20, 35, 42, 10828, 20, 3220, 81, 1141, 2510, 8750, 81, 66, 3612, 0]",3e786c01f6d65e7745d7ef6dd5c50d663a4ec3dadf123409784a7d8707099f14,oi_conf_0028.ROLE_B,"{""actions"":[{""action"":""ACTION_Q"",""expected_value"":""14""},{""action"":""ACTION_P"",""expected_value"":""18""}],""final_action"":""ACTION_P""}",original,ACTION_P,False
ibm_granite.oi_conf_0028.ROLE_B.correction.modified,2.5793962478637695,ibm_granite.oi_conf_0028.ROLE_B.correction,correction,ibm_granite,local-tree-9f747c20cdefdffbd5c06688a43c76a90b4fe23b7a06653b47aa8729baa9c2cc,ACTION_Q,"[109, 20, 3543, 563, 7739, 1141, 2510, 8750, 81, 67, 1461, 3140, 81, 853, 563, 20, 36, 22094, 1141, 2510, 8750, 81, 66, 1461, 3140, 81, 853, 563, 24168, 34, 10828, 20, 3220, 81, 1141, 2510, 8750, 81, 67, 3612, 0]",3749231f09f832e9b67f69175df54efc964cd8c6c424439d897b43bbe96f9b76,oi_conf_0028.ROLE_B,"{""actions"":[{""action"":""ACTION_Q"",""expected_value"":""2""},{""action"":""ACTION_P"",""expected_value"":""-0""}],""final_action"":""ACTION_Q""}",modified,ACTION_Q,True
ibm_granite.oi_conf_0029.ROLE_B.correction.original,2.592228889465332,ibm_granite.oi_conf_0029.ROLE_B.correction,correction,ibm_granite,local-tree-9f747c20cdefdffbd5c06688a43c76a90b4fe23b7a06653b47aa8729baa9c2cc,ACTION_P,"[109, 20, 3543, 563, 7739, 1141, 2510, 8750, 81, 67, 1461, 3140, 81, 853, 563, 24168, 37, 22094, 1141, 2510, 8750, 81, 66, 1461, 3140, 81, 853, 563, 20, 41, 10828, 20, 3220, 81, 1141, 2510, 8750, 81, 66, 3612, 0]",d98d0b4bc1d3130166ef4a4742c3b57c6bbe921e3b3e0a9ee7f5240ca44003a3,oi_conf_0029.ROLE_B,"{""actions"":[{""action"":""ACTION_Q"",""expected_value"":""-3""},{""action"":""ACTION_P"",""expected_value"":""7""}],""final_action"":""ACTION_P""}",original,ACTION_P,True
ibm_granite.oi_conf_0029.ROLE_B.correction.modified,2.5563268661499023,ibm_granite.oi_conf_0029.ROLE_B.correction,correction,ibm_granite,local-tree-9f747c20cdefdffbd5c06688a43c76a90b4fe23b7a06653b47aa8729baa9c2cc,ACTION_P,"[109, 20, 3543, 563, 7739, 1141, 2510, 8750, 81, 67, 1461, 3140, 81, 853, 563, 24168, 41, 22094, 1141, 2510, 8750, 81, 66, 1461, 3140, 81, 853, 563, 24168, 37, 10828, 20, 3220, 81, 1141, 2510, 8750, 81, 66, 3612, 0]",e8a093551d4eb355f04b9b101e18f696bb18f1f1b8d4b2f672bd220a9c8db745,oi_conf_0029.ROLE_B,"{""actions"":[{""action"":""ACTION_Q"",""expected_value"":""-7""},{""action"":""ACTION_P"",""expected_value"":""-3""}],""final_action"":""ACTION_P""}",modified,ACTION_P,True
ibm_granite.oi_conf_0030.ROLE_B.correction.original,2.942716598510742,ibm_granite.oi_conf_0030.ROLE_B.correction,correction,ibm_granite,local-tree-9f747c20cdefdffbd5c06688a43c76a90b4fe23b7a06653b47aa8729baa9c2cc,ACTION_P,"[109, 20, 3543, 563, 7739, 1141, 2510, 8750, 81, 67, 1461, 3140, 81, 853, 563, 20, 43, 22094, 1141, 2510, 8750, 81, 66, 1461, 3140, 81, 853, 563, 24168, 35, 10828, 20, 3220, 81, 1141, 2510, 8750, 81, 67, 3612, 0]",789180801b2f580a9643b10acb547ceff56e782a7ae8f48e974daef9ba3386dc,oi_conf_0030.ROLE_B,"{""actions"":[{""action"":""ACTION_Q"",""expected_value"":""9""},{""action"":""ACTION_P"",""expected_value"":""-1""}],""final_action"":""ACTION_Q""}",original,ACTION_Q,False
ibm_granite.oi_conf_0030.ROLE_B.correction.modified,2.72466778755188,ibm_granite.oi_conf_0030.ROLE_B.correction,correction,ibm_granite,local-tree-9f747c20cdefdffbd5c06688a43c76a90b4fe23b7a06653b47aa8729baa9c2cc,ACTION_P,"[109, 20, 3543, 563, 7739, 1141, 2510, 8750, 81, 67, 1461, 3140, 81, 853, 563, 20, 43, 22094, 1141, 2510, 8750, 81, 66, 1461, 3140, 81, 853, 563, 20, 41, 10828, 20, 3220, 81, 1141, 2510, 8750, 81, 66, 3612, 0]",3175e8001417b6bf65369edb2ea33d2382877d5d8a5965e85ff2e0be5b0322c3,oi_conf_0030.ROLE_B,"{""actions"":[{""action"":""ACTION_Q"",""expected_value"":""9""},{""action"":""ACTION_P"",""expected_value"":""7""}],""final_action"":""ACTION_P""}",modified,ACTION_P,True
ibm_granite.oi_conf_0031.ROLE_B.correction.original,3.397209405899048,ibm_granite.oi_conf_0031.ROLE_B.correction,correction,ibm_granite,local-tree-9f747c20cdefdffbd5c06688a43c76a90b4fe23b7a06653b47aa8729baa9c2cc,ACTION_Q,"[109, 20, 3543, 563, 7739, 1141, 563, 20, 8750, 81, 67, 392, 20, 3140, 81, 853, 563, 20, 35, 37, 22094, 1141, 563, 20, 8750, 81, 66, 392, 20, 3140, 81, 853, 563, 20, 35, 40, 10828, 20, 3220, 81, 1141, 2510, 8750, 81, 66, 3612, 0]",3e346b93d53d3575c4e83a4b6f033f69cb50aa4a6179acf0c23814cc0a643c9a,oi_conf_0031.ROLE_B,"{""actions"":[{""action"":""ACTION_Q"",""expected_value"":""13""},{""action"":""ACTION_P"",""expected_value"":""16""}],""final_action"":""ACTION_P""}",original,ACTION_P,False
ibm_granite.oi_conf_0031.ROLE_B.correction.modified,3.314924955368042,ibm_granite.oi_conf_0031.ROLE_B.correction,correction,ibm_granite,local-tree-9f747c20cdefdffbd5c06688a43c76a90b4fe23b7a06653b47aa8729baa9c2cc,ACTION_Q,"[109, 20, 3543, 563, 7739, 1141, 563, 20, 8750, 81, 67, 392, 20, 3140, 81, 853, 563, 20, 35, 37, 22094, 1141, 563, 20, 8750, 81, 66, 392, 20, 3140, 81, 853, 563, 20, 35, 40, 10828, 20, 3220, 81, 1141, 2510, 8750, 81, 66, 3612, 0]",24eac459f21719cbbc7b86e67804169e0cea2b1ab5c59d38de2b938e4f386454,oi_conf_0031.ROLE_B,"{""actions"":[{""action"":""ACTION_Q"",""expected_value"":""13""},{""action"":""ACTION_P"",""expected_value"":""16""}],""final_action"":""ACTION_P""}",modified,ACTION_P,False
ibm_granite.oi_conf_0032.ROLE_B.correction.original,3.62788462638855,ibm_granite.oi_conf_0032.ROLE_B.correction,correction,ibm_granite,local-tree-9f747c20cdefdffbd5c06688a43c76a90b4fe23b7a06653b47aa8729baa9c2cc,ACTION_Q,"[109, 20, 3543, 563, 7739, 1141, 563, 20, 8750, 81, 66, 392, 20, 3140, 81, 853, 563, 24168, 39, 22094, 1141, 563, 20, 8750, 81, 67, 392, 20, 3140, 81, 853, 563, 20, 35, 38, 10828, 20, 3220, 81, 1141, 2510, 8750, 81, 67, 3612, 0]",f906d563ed21ac068500868f7f172fb8b9a21dd9f1fdff53f92845365619b4e7,oi_conf_0032.ROLE_B,"{""actions"":[{""action"":""ACTION_P"",""expected_value"":""-5""},{""action"":""ACTION_Q"",""expected_value"":""14""}],""final_action"":""ACTION_Q""}",original,ACTION_Q,True
ibm_granite.oi_conf_0032.ROLE_B.correction.modified,2.6721086502075195,ibm_granite.oi_conf_0032.ROLE_B.correction,correction,ibm_granite,local-tree-9f747c20cdefdffbd5c06688a43c76a90b4fe23b7a06653b47aa8729baa9c2cc,ACTION_Q,"[109, 20, 3543, 563, 7739, 1141, 563, 20, 8750, 81, 66, 392, 20, 3140, 81, 853, 563, 24168, 39, 22094, 1141, 563, 20, 8750, 81, 67, 392, 20, 3140, 81, 853, 563, 24168, 35, 10828, 20, 3220, 81, 1141, 2510, 8750, 81, 67, 3612, 0]",3dacf9300b024772581ac987b0ad21c428ae3dfdeddff4839c3aa5ae0d08c7eb,oi_conf_0032.ROLE_B,"{""actions"":[{""action"":""ACTION_P"",""expected_value"":""-5""},{""action"":""ACTION_Q"",""expected_value"":""-1""}],""final_action"":""ACTION_Q""}",modified,ACTION_Q,True
ibm_granite.oi_conf_0033.ROLE_B.correction.original,2.6733360290527344,ibm_granite.oi_conf_0033.ROLE_B.correction,correction,ibm_granite,local-tree-9f747c20cdefdffbd5c06688a43c76a90b4fe23b7a06653b47aa8729baa9c2cc,ACTION_P,"[109, 20, 3543, 563, 7739, 1141, 563, 20, 8750, 81, 66, 392, 20, 3140, 81, 853, 563, 24168, 38, 22094, 1141, 563, 20, 8750, 81, 67, 392, 20, 3140, 81, 853, 563, 24168, 35, 10828, 20, 3220, 81, 1141, 2510, 8750, 81, 67, 3612, 0]",fbddd019541975dbd020e8d0b7ae9ee507bee3363e2607d6191dc696215ba19f,oi_conf_0033.ROLE_B,"{""actions"":[{""action"":""ACTION_P"",""expected_value"":""-4""},{""action"":""ACTION_Q"",""expected_value"":""-1""}],""final_action"":""ACTION_Q""}",original,ACTION_Q,False
ibm_granite.oi_conf_0033.ROLE_B.correction.modified,2.6551287174224854,ibm_granite.oi_conf_0033.ROLE_B.correction,correction,ibm_granite,local-tree-9f747c20cdefdffbd5c06688a43c76a90b4fe23b7a06653b47aa8729baa9c2cc,ACTION_P,"[109, 20, 3543, 563, 7739, 1141, 563, 20, 8750, 81, 66, 392, 20, 3140, 81, 853, 563, 24168, 36, 22094, 1141, 563, 20, 8750, 81, 67, 392, 20, 3140, 81, 853, 563, 24168, 37, 10828, 20, 3220, 81, 1141, 2510, 8750, 81, 67, 3612, 0]",191a03f7eb5e645e5530db0294c4098b99215fe92d9c3c74c3c90a7510419831,oi_conf_0033.ROLE_B,"{""actions"":[{""action"":""ACTION_P"",""expected_value"":""-2""},{""action"":""ACTION_Q"",""expected_value"":""-3""}],""final_action"":""ACTION_Q""}",modified,ACTION_Q,False
ibm_granite.oi_conf_0034.ROLE_B.correction.original,3.1269588470458984,ibm_granite.oi_conf_0034.ROLE_B.correction,correction,ibm_granite,local-tree-9f747c20cdefdffbd5c06688a43c76a90b4fe23b7a06653b47aa8729baa9c2cc,ACTION_P,"[109, 20, 3543, 563, 7739, 1141, 563, 20, 8750, 81, 66, 392, 20, 3140, 81, 853, 563, 20, 37, 35, 22094, 1141, 563, 20, 8750, 81, 67, 392, 20, 3140, 81, 853, 2510, 31, 37, 39, 33, 36, 10828, 20, 3220, 81, 1141, 2510, 8750, 81, 66, 3612, 0]",2d4fb81c4d6a5429c5427f40142e13b96d4349a4f209f5c2552f8b69b605904d,oi_conf_0034.ROLE_B,"{""actions"":[{""action"":""ACTION_P"",""expected_value"":""31""},{""action"":""ACTION_Q"",""expected_value"":""-35/2""}],""final_action"":""ACTION_P""}",original,ACTION_P,True
ibm_granite.oi_conf_0034.ROLE_B.correction.modified,2.672534942626953,ibm_granite.oi_conf_0034.ROLE_B.correction,correction,ibm_granite,local-tree-9f747c20cdefdffbd5c06688a43c76a90b4fe23b7a06653b47aa8729baa9c2cc,ACTION_P,"[109, 20, 3543, 563, 7739, 1141, 2510, 8750, 81, 66, 1461, 3140, 81, 853, 563, 20, 37, 35, 22094, 1141, 2510, 8750, 81, 67, 1461, 3140, 81, 853, 2510, 36, 35, 33, 36, 10828, 20, 3220, 81, 1141, 2510, 8750, 81, 67, 3612, 0]",629b859720e4cd149415dcc9e1a14c341576641886d6d10debe5b5d893780fe2,oi_conf_0034.ROLE_B,"{""actions"":[{""action"":""ACTION_P"",""expected_value"":""31""},{""action"":""ACTION_Q"",""expected_value"":""21/2""}],""final_action"":""ACTION_Q""}",modified,ACTION_Q,False
ibm_granite.oi_conf_0035.ROLE_B.correction.original,2.5785043239593506,ibm_granite.oi_conf_0035.ROLE_B.correction,correction,ibm_granite,local-tree-9f747c20cdefdffbd5c06688a43c76a90b4fe23b7a06653b47aa8729baa9c2cc,ACTION_Q,"[109, 20, 3543, 563, 7739, 1141, 2510, 8750, 81, 66, 1461, 3140, 81, 853, 563, 20, 40, 22094, 1141, 2510, 8750, 81, 67, 1461, 3140, 81, 853, 2510, 31, 40, 10828, 20, 3220, 81, 1141, 2510, 8750, 81, 67, 3612, 0]",d4b8e9b3115b807ca6fb4f9b3f8b8e46287e57bfe72f12b7d2ee49b98554d4c4,oi_conf_0035.ROLE_B,"{""actions"":[{""action"":""ACTION_P"",""expected_value"":""6""},{""action"":""ACTION_Q"",""expected_value"":""-6""}],""final_action"":""ACTION_Q""}",original,ACTION_Q,True
ibm_granite.oi_conf_0035.ROLE_B.correction.modified,2.6121559143066406,ibm_granite.oi_conf_0035.ROLE_B.correction,correction,ibm_granite,local-tree-9f747c20cdefdffbd5c06688a43c76a90b4fe23b7a06653b47aa8729baa9c2cc,ACTION_Q,"[109, 20, 3543, 563, 7739, 1141, 563, 20, 8750, 81, 66, 1461, 3140, 81, 853, 563, 20, 35, 36, 22094, 1141, 563, 20, 8750, 81, 67, 1461, 3140, 81, 853, 563, 20, 35, 39, 10828, 20, 3220, 81, 1141, 2510, 8750, 81, 67, 3612, 0]",8dc69e1bda88ab4c5520c966244497dddc48e12085c1b6da89d40e9151e3379c,oi_conf_0035.ROLE_B,"{""actions"":[{""action"":""ACTION_P"",""expected_value"":""12""},{""action"":""ACTION_Q"",""expected_value"":""15""}],""final_action"":""ACTION_Q""}",modified,ACTION_Q,True
ibm_granite.oi_conf_0036.ROLE_B.correction.original,2.9412946701049805,ibm_granite.oi_conf_0036.ROLE_B.correction,correction,ibm_granite,local-tree-9f747c20cdefdffbd5c06688a43c76a90b4fe23b7a06653b47aa8729baa9c2cc,ACTION_Q,"[109, 20, 3543, 563, 7739, 1141, 2510, 8750, 81, 66, 1461, 3140, 81, 853, 563, 24168, 37, 22094, 1141, 2510, 8750, 81, 67, 1461, 3140, 81, 853, 563, 20, 35, 38, 10828, 20, 3220, 81, 1141, 2510, 8750, 81, 67, 3612, 0]",126417f76bb8cc1626f886db241e244d6cd4d88a3b5ae21da5cc7433654cb24c,oi_conf_0036.ROLE_B,"{""actions"":[{""action"":""ACTION_P"",""expected_value"":""-3""},{""action"":""ACTION_Q"",""expected_value"":""14""}],""final_action"":""ACTION_Q""}",original,ACTION_Q,True
ibm_granite.oi_conf_0036.ROLE_B.correction.modified,2.5425751209259033,ibm_granite.oi_conf_0036.ROLE_B.correction,correction,ibm_granite,local-tree-9f747c20cdefdffbd5c06688a43c76a90b4fe23b7a06653b47aa8729baa9c2cc,ACTION_Q,"[109, 20, 3543, 563, 7739, 1141, 2510, 8750, 81, 66, 1461, 3140, 81, 853, 563, 24168, 37, 22094, 1141, 2510, 8750, 81, 67, 1461, 3140, 81, 853, 563, 20, 39, 10828, 20, 3220, 81, 1141, 2510, 8750, 81, 67, 3612, 0]",931c6139d2fb7997a1c508b66b21df45c0653e8ce3c79593775aa68c4db1092e,oi_conf_0036.ROLE_B,"{""actions"":[{""action"":""ACTION_P"",""expected_value"":""-3""},{""action"":""ACTION_Q"",""expected_value"":""5""}],""final_action"":""ACTION_Q""}",modified,ACTION_Q,True
ibm_granite.oi_conf_0037.ROLE_B.correction.original,2.525301456451416,ibm_granite.oi_conf_0037.ROLE_B.correction,correction,ibm_granite,local-tree-9f747c20cdefdffbd5c06688a43c76a90b4fe23b7a06653b47aa8729baa9c2cc,ACTION_P,"[109, 20, 3543, 563, 7739, 1141, 2510, 8750, 81, 66, 1461, 3140, 81, 853, 563, 24168, 36, 22094, 1141, 2510, 8750, 81, 67, 1461, 3140, 81, 853, 563, 20, 40, 10828, 20, 3220, 81, 1141, 2510, 8750, 81, 67, 3612, 0]",bbc979208122ee563dea452c043cea43f7827e4a95b43815bccb83a8afb11e89,oi_conf_0037.ROLE_B,"{""actions"":[{""action"":""ACTION_P"",""expected_value"":""-2""},{""action"":""ACTION_Q"",""expected_value"":""6""}],""final_action"":""ACTION_Q""}",original,ACTION_Q,False
ibm_granite.oi_conf_0037.ROLE_B.correction.modified,2.9175493717193604,ibm_granite.oi_conf_0037.ROLE_B.correction,correction,ibm_granite,local-tree-9f747c20cdefdffbd5c06688a43c76a90b4fe23b7a06653b47aa8729baa9c2cc,ACTION_P,"[109, 20, 3543, 563, 7739, 1141, 2510, 8750, 81, 66, 1461, 3140, 81, 853, 563, 24168, 38, 22094, 1141, 2510, 8750, 81, 67, 1461, 3140, 81, 853, 563, 24168, 43, 10828, 20, 3220, 81, 1141, 2510, 8750, 81, 67, 3612, 0]",7f3c4983fd974237de83d7615053e0bd0f4ddb1315063c9d3c8cf3ac3afb9348,oi_conf_0037.ROLE_B,"{""actions"":[{""action"":""ACTION_P"",""expected_value"":""-4""},{""action"":""ACTION_Q"",""expected_value"":""-9""}],""final_action"":""ACTION_Q""}",modified,ACTION_Q,False
ibm_granite.oi_conf_0040.ROLE_B.correction.original,2.693108320236206,ibm_granite.oi_conf_0040.ROLE_B.correction,correction,ibm_granite,local-tree-9f747c20cdefdffbd5c06688a43c76a90b4fe23b7a06653b47aa8729baa9c2cc,ACTION_Q,"[109, 20, 3543, 563, 7739, 1141, 563, 20, 8750, 81, 67, 392, 20, 3140, 81, 853, 563, 24168, 37, 22094, 1141, 563, 20, 8750, 81, 66, 392, 20, 3140, 81, 853, 563, 20, 35, 42, 10828, 20, 3220, 81, 1141, 2510, 8750, 81, 66, 3612, 0]",340334513be4b0226a047b5d27a4ad99b21967a20b460ff590901754d1c9bb4e,oi_conf_0040.ROLE_B,"{""actions"":[{""action"":""ACTION_Q"",""expected_value"":""-3""},{""action"":""ACTION_P"",""expected_value"":""18""}],""final_action"":""ACTION_P""}",original,ACTION_P,False
ibm_granite.oi_conf_0040.ROLE_B.correction.modified,2.6271262168884277,ibm_granite.oi_conf_0040.ROLE_B.correction,correction,ibm_granite,local-tree-9f747c20cdefdffbd5c06688a43c76a90b4fe23b7a06653b47aa8729baa9c2cc,ACTION_Q,"[109, 20, 3543, 563, 7739, 1141, 563, 20, 8750, 81, 67, 392, 20, 3140, 81, 853, 563, 24168, 37, 22094, 1141, 563, 20, 8750, 81, 66, 392, 20, 3140, 81, 853, 563, 24168, 41, 10828, 20, 3220, 81, 1141, 2510, 8750, 81, 66, 3612, 0]",804883551b80a321e9afd43dcab916b4620ba79fedbde63216def09b17052e70,oi_conf_0040.ROLE_B,"{""actions"":[{""action"":""ACTION_Q"",""expected_value"":""-3""},{""action"":""ACTION_P"",""expected_value"":""-7""}],""final_action"":""ACTION_P""}",modified,ACTION_P,False
ibm_granite.oi_conf_0041.ROLE_B.correction.original,3.0263113975524902,ibm_granite.oi_conf_0041.ROLE_B.correction,correction,ibm_granite,local-tree-9f747c20cdefdffbd5c06688a43c76a90b4fe23b7a06653b47aa8729baa9c2cc,ACTION_P,"[109, 20, 3543, 563, 7739, 1141, 563, 20, 8750, 81, 67, 392, 20, 3140, 81, 853, 563, 24168, 39, 22094, 1141, 563, 20, 8750, 81, 66, 392, 20, 3140, 81, 853, 563, 24168, 41, 10828, 20, 3220, 81, 1141, 2510, 8750, 81, 66, 3612, 0]",5a1d4365b26b2443aa1dd249c20ba96420d9550875c51956ce633b6ab2f23c65,oi_conf_0041.ROLE_B,"{""actions"":[{""action"":""ACTION_Q"",""expected_value"":""-5""},{""action"":""ACTION_P"",""expected_value"":""-7""}],""final_action"":""ACTION_P""}",original,ACTION_P,True
ibm_granite.oi_conf_0041.ROLE_B.correction.modified,2.709595203399658,ibm_granite.oi_conf_0041.ROLE_B.correction,correction,ibm_granite,local-tree-9f747c20cdefdffbd5c06688a43c76a90b4fe23b7a06653b47aa8729baa9c2cc,ACTION_P,"[109, 20, 3543, 563, 7739, 1141, 563, 20, 8750, 81, 67, 392, 20, 3140, 81, 853, 563, 24168, 39, 22094, 1141, 563, 20, 8750, 81, 66, 392, 20, 3140, 81, 853, 563, 24168, 41, 10828, 20, 3220, 81, 1141, 2510, 8750, 81, 66, 3612, 0]",6cfd65e3c65450489c55b8f4c4a902e9d5ce011a8210ca4c2c1b73f37a68a9cd,oi_conf_0041.ROLE_B,"{""actions"":[{""action"":""ACTION_Q"",""expected_value"":""-5""},{""action"":""ACTION_P"",""expected_value"":""-7""}],""final_action"":""ACTION_P""}",modified,ACTION_P,True
ibm_granite.oi_conf_0042.ROLE_B.correction.original,2.7414767742156982,ibm_granite.oi_conf_0042.ROLE_B.correction,correction,ibm_granite,local-tree-9f747c20cdefdffbd5c06688a43c76a90b4fe23b7a06653b47aa8729baa9c2cc,ACTION_P,"[109, 20, 3543, 563, 7739, 1141, 563, 20, 8750, 81, 67, 392, 20, 3140, 81, 853, 563, 24168, 35, 37, 22094, 1141, 563, 20, 8750, 81, 66, 392, 20, 3140, 81, 853, 563, 24168, 35, 34, 10828, 20, 3220, 81, 1141, 2510, 8750, 81, 67, 3612, 0]",36d331e234ece1dba14ce2309f05ed3100aaacb061877c99523506b0a1781987,oi_conf_0042.ROLE_B,"{""actions"":[{""action"":""ACTION_Q"",""expected_value"":""-13""},{""action"":""ACTION_P"",""expected_value"":""-10""}],""final_action"":""ACTION_Q""}",original,ACTION_Q,False
ibm_granite.oi_conf_0042.ROLE_B.correction.modified,2.7128684520721436,ibm_granite.oi_conf_0042.ROLE_B.correction,correction,ibm_granite,local-tree-9f747c20cdefdffbd5c06688a43c76a90b4fe23b7a06653b47aa8729baa9c2cc,ACTION_P,"[109, 20, 3543, 563, 7739, 1141, 563, 20, 8750, 81, 67, 392, 20, 3140, 81, 853, 563, 20, 34, 3918, 2367, 1141, 563, 20, 8750, 81, 66, 392, 20, 3140, 81, 853, 563, 20, 35, 35, 10828, 20, 3220, 81, 1141, 2510, 8750, 81, 66, 3612, 0]",4504310edd00053c2099c3f4765c571ce7f1f23f2b23a05c2fc13f816a09e685,oi_conf_0042.ROLE_B,"{""actions"":[{""action"":""ACTION_Q"",""expected_value"":""0""},{""action"":""ACTION_P"",""expected_value"":""11""}],""final_action"":""ACTION_P""}",modified,ACTION_P,True
ibm_granite.oi_conf_0043.ROLE_B.correction.original,3.141552448272705,ibm_granite.oi_conf_0043.ROLE_B.correction,correction,ibm_granite,local-tree-9f747c20cdefdffbd5c06688a43c76a90b4fe23b7a06653b47aa8729baa9c2cc,ACTION_Q,"[109, 20, 3543, 563, 7739, 1141, 563, 20, 8750, 81, 67, 392, 20, 3140, 81, 853, 563, 24168, 35, 36, 39, 33, 36, 22094, 1141, 563, 20, 8750, 81, 66, 392, 20, 3140, 81, 853, 563, 24168, 36, 10828, 20, 3220, 81, 1141, 2510, 8750, 81, 67, 3612, 0]",9766fee3ed43e1b2125978a03b5ac36f8a16fc986f23966c33c81640e675da2a,oi_conf_0043.ROLE_B,"{""actions"":[{""action"":""ACTION_Q"",""expected_value"":""-125/2""},{""action"":""ACTION_P"",""expected_value"":""-2""}],""final_action"":""ACTION_Q""}",original,ACTION_Q,True
ibm_granite.oi_conf_0043.ROLE_B.correction.modified,2.889223575592041,ibm_granite.oi_conf_0043.ROLE_B.correction,correction,ibm_granite,local-tree-9f747c20cdefdffbd5c06688a43c76a90b4fe23b7a06653b47aa8729baa9c2cc,ACTION_Q,"[109, 20, 3543, 563, 7739, 1141, 563, 20, 8750, 81, 67, 392, 20, 3140, 81, 853, 563, 24168, 35, 36, 39, 33, 38, 22094, 1141, 563, 20, 8750, 81, 66, 392, 20, 3140, 81, 853, 563, 24168, 35, 36, 37, 33, 38, 10828, 20, 3220, 81, 1141, 2510, 8750, 81, 66, 3612, 0]",123f7fc05d88ceace0429353dd8b7fed4f3dcc341c0be57a8ad1519cd09d5e54,oi_conf_0043.ROLE_B,"{""actions"":[{""action"":""ACTION_Q"",""expected_value"":""-125/4""},{""action"":""ACTION_P"",""expected_value"":""-123/4""}],""final_action"":""ACTION_P""}",modified,ACTION_P,False
ibm_granite.oi_conf_0044.ROLE_B.correction.original,2.7015254497528076,ibm_granite.oi_conf_0044.ROLE_B.correction,correction,ibm_granite,local-tree-9f747c20cdefdffbd5c06688a43c76a90b4fe23b7a06653b47aa8729baa9c2cc,ACTION_Q,"[109, 20, 3543, 563, 7739, 1141, 563, 20, 8750, 81, 67, 392, 20, 3140, 81, 853, 563, 24168, 38, 22094, 1141, 563, 20, 8750, 81, 66, 392, 20, 3140, 81, 853, 563, 24168, 36, 10828, 20, 3220, 81, 1141, 2510, 8750, 81, 66, 3612, 0]",933934980bebb8531c8609e647af209bdd98e9aa491ad4df5922b8e2a0d19f17,oi_conf_0044.ROLE_B,"{""actions"":[{""action"":""ACTION_Q"",""expected_value"":""-4""},{""action"":""ACTION_P"",""expected_value"":""-2""}],""final_action"":""ACTION_P""}",original,ACTION_P,False
ibm_granite.oi_conf_0044.ROLE_B.correction.modified,2.710466146469116,ibm_granite.oi_conf_0044.ROLE_B.correction,correction,ibm_granite,local-tree-9f747c20cdefdffbd5c06688a43c76a90b4fe23b7a06653b47aa8729baa9c2cc,ACTION_Q,"[109, 20, 3543, 563, 7739, 1141, 563, 20, 8750, 81, 67, 392, 20, 3140, 81, 853, 563, 24168, 35, 36, 22094, 1141, 563, 20, 8750, 81, 66, 392, 20, 3140, 81, 853, 563, 24168, 35, 38, 10828, 20, 3220, 81, 1141, 2510, 8750, 81, 67, 3612, 0]",e19c1a996ff1b9bb9c0fdf8624076fb4502f12f755855a73e31b23c9adc7dbd4,oi_conf_0044.ROLE_B,"{""actions"":[{""action"":""ACTION_Q"",""expected_value"":""-12""},{""action"":""ACTION_P"",""expected_value"":""-14""}],""final_action"":""ACTION_Q""}",modified,ACTION_Q,True
ibm_granite.oi_conf_0045.ROLE_B.correction.original,3.072136163711548,ibm_granite.oi_conf_0045.ROLE_B.correction,correction,ibm_granite,local-tree-9f747c20cdefdffbd5c06688a43c76a90b4fe23b7a06653b47aa8729baa9c2cc,ACTION_P,"[109, 20, 3543, 563, 7739, 1141, 563, 20, 8750, 81, 67, 392, 20, 3140, 81, 853, 563, 20, 35, 41, 22094, 1141, 563, 20, 8750, 81, 66, 392, 20, 3140, 81, 853, 563, 24168, 43, 10828, 20, 3220, 81, 1141, 2510, 8750, 81, 67, 3612, 0]",f586116872cca8fac54833a679ecbdc1177111eb999ed2e44ad0cef32df3192b,oi_conf_0045.ROLE_B,"{""actions"":[{""action"":""ACTION_Q"",""expected_value"":""17""},{""action"":""ACTION_P"",""expected_value"":""-9""}],""final_action"":""ACTION_Q""}",original,ACTION_Q,False
ibm_granite.oi_conf_0045.ROLE_B.correction.modified,2.5968167781829834,ibm_granite.oi_conf_0045.ROLE_B.correction,correction,ibm_granite,local-tree-9f747c20cdefdffbd5c06688a43c76a90b4fe23b7a06653b47aa8729baa9c2cc,ACTION_P,"[109, 20, 3543, 563, 7739, 1141, 2510, 8750, 81, 67, 1461, 3140, 81, 853, 563, 24168, 43, 22094, 1141, 2510, 8750, 81, 66, 1461, 3140, 81, 853, 563, 24168, 43, 10828, 20, 3220, 81, 1141, 2510, 8750, 81, 67, 3612, 0]",8a44c27f55a8ebe2c5248d8501af7df844c34d00b25e3275d34236f4825963fd,oi_conf_0045.ROLE_B,"{""actions"":[{""action"":""ACTION_Q"",""expected_value"":""-9""},{""action"":""ACTION_P"",""expected_value"":""-9""}],""final_action"":""ACTION_Q""}",modified,ACTION_Q,False
ibm_granite.oi_conf_0048.ROLE_B.correction.original,2.6616599559783936,ibm_granite.oi_conf_0048.ROLE_B.correction,correction,ibm_granite,local-tree-9f747c20cdefdffbd5c06688a43c76a90b4fe23b7a06653b47aa8729baa9c2cc,ACTION_Q,"[109, 20, 3543, 563, 7739, 1141, 563, 20, 8750, 81, 66, 392, 20, 3140, 81, 853, 563, 24168, 43, 22094, 1141, 563, 20, 8750, 81, 67, 392, 20, 3140, 81, 853, 563, 24168, 37, 10828, 20, 3220, 81, 1141, 2510, 8750, 81, 67, 3612, 0]",78ce414aeac0fa1b63b9c34a4368918ff6bf6f51275bb91c82cb64716072d89f,oi_conf_0048.ROLE_B,"{""actions"":[{""action"":""ACTION_P"",""expected_value"":""-9""},{""action"":""ACTION_Q"",""expected_value"":""-3""}],""final_action"":""ACTION_Q""}",original,ACTION_Q,True
ibm_granite.oi_conf_0048.ROLE_B.correction.modified,2.574371814727783,ibm_granite.oi_conf_0048.ROLE_B.correction,correction,ibm_granite,local-tree-9f747c20cdefdffbd5c06688a43c76a90b4fe23b7a06653b47aa8729baa9c2cc,ACTION_Q,"[109, 20, 3543, 563, 7739, 1141, 2510, 8750, 81, 66, 1461, 3140, 81, 853, 563, 24168, 43, 22094, 1141, 2510, 8750, 81, 67, 1461, 3140, 81, 853, 563, 24168, 37, 10828, 20, 3220, 81, 1141, 2510, 8750, 81, 66, 3612, 0]",9b02eb01dc731ef30bd5bbb6a32fd7bf863dd66b8a0c621b477664882925b5d2,oi_conf_0048.ROLE_B,"{""actions"":[{""action"":""ACTION_P"",""expected_value"":""-9""},{""action"":""ACTION_Q"",""expected_value"":""-3""}],""final_action"":""ACTION_P""}",modified,ACTION_P,False
ibm_granite.oi_conf_0049.ROLE_B.correction.original,2.9337897300720215,ibm_granite.oi_conf_0049.ROLE_B.correction,correction,ibm_granite,local-tree-9f747c20cdefdffbd5c06688a43c76a90b4fe23b7a06653b47aa8729baa9c2cc,ACTION_P,"[109, 20, 3543, 563, 7739, 1141, 2510, 8750, 81, 66, 1461, 3140, 81, 853, 563, 20, 35, 22094, 1141, 2510, 8750, 81, 67, 1461, 3140, 81, 853, 2510, 35, 37, 10828, 20, 3220, 81, 1141, 2510, 8750, 81, 67, 3612, 0]",53bfbb8b7a1e2bb9a94f3f4e0759582870dab09563aeb78a00c386a993cbbaf2,oi_conf_0049.ROLE_B,"{""actions"":[{""action"":""ACTION_P"",""expected_value"":""1""},{""action"":""ACTION_Q"",""expected_value"":""13""}],""final_action"":""ACTION_Q""}",original,ACTION_Q,False
ibm_granite.oi_conf_0049.ROLE_B.correction.modified,2.6162993907928467,ibm_granite.oi_conf_0049.ROLE_B.correction,correction,ibm_granite,local-tree-9f747c20cdefdffbd5c06688a43c76a90b4fe23b7a06653b47aa8729baa9c2cc,ACTION_P,"[109, 20, 3543, 563, 7739, 1141, 2510, 8750, 81, 66, 1461, 3140, 81, 853, 563, 20, 35, 22094, 1141, 2510, 8750, 81, 67, 1461, 3140, 81, 853, 563, 24168, 39, 10828, 20, 3220, 81, 1141, 2510, 8750, 81, 66, 3612, 0]",8edf51534618b2d4701d46b08ede230faa51fd460c4140657e765f7bee23c734,oi_conf_0049.ROLE_B,"{""actions"":[{""action"":""ACTION_P"",""expected_value"":""1""},{""action"":""ACTION_Q"",""expected_value"":""-5""}],""final_action"":""ACTION_P""}",modified,ACTION_P,True
ibm_granite.oi_conf_0052.ROLE_B.correction.original,2.7300665378570557,ibm_granite.oi_conf_0052.ROLE_B.correction,correction,ibm_granite,local-tree-9f747c20cdefdffbd5c06688a43c76a90b4fe23b7a06653b47aa8729baa9c2cc,ACTION_Q,"[109, 20, 3543, 563, 7739, 1141, 563, 20, 8750, 81, 66, 392, 20, 3140, 81, 853, 563, 24168, 35, 35, 22094, 1141, 563, 20, 8750, 81, 67, 392, 20, 3140, 81, 853, 2510, 39, 33, 36, 10828, 20, 3220, 81, 1141, 2510, 8750, 81, 67, 3612, 0]",165d145d139c69a85181a1fa65af34bae5d54006042f0675e68a8e032e92e86b,oi_conf_0052.ROLE_B,"{""actions"":[{""action"":""ACTION_P"",""expected_value"":""-11""},{""action"":""ACTION_Q"",""expected_value"":""5/2""}],""final_action"":""ACTION_Q""}",original,ACTION_Q,True
ibm_granite.oi_conf_0052.ROLE_B.correction.modified,2.6395263671875,ibm_granite.oi_conf_0052.ROLE_B.correction,correction,ibm_granite,local-tree-9f747c20cdefdffbd5c06688a43c76a90b4fe23b7a06653b47aa8729baa9c2cc,ACTION_Q,"[109, 20, 3543, 563, 7739, 1141, 563, 20, 8750, 81, 66, 1461, 3140, 81, 853, 563, 24168, 35, 35, 22094, 1141, 563, 20, 8750, 81, 67, 1461, 3140, 81, 853, 563, 24168, 40, 10828, 20, 3220, 81, 1141, 2510, 8750, 81, 67, 3612, 0]",29b12625d445f47aa03a882658413088ce72f1175843956c60ac2dca33669465,oi_conf_0052.ROLE_B,"{""actions"":[{""action"":""ACTION_P"",""expected_value"":""-11""},{""action"":""ACTION_Q"",""expected_value"":""-6""}],""final_action"":""ACTION_Q""}",modified,ACTION_Q,True
ibm_granite.oi_conf_0053.ROLE_B.correction.original,3.0806686878204346,ibm_granite.oi_conf_0053.ROLE_B.correction,correction,ibm_granite,local-tree-9f747c20cdefdffbd5c06688a43c76a90b4fe23b7a06653b47aa8729baa9c2cc,ACTION_P,"[109, 20, 3543, 563, 7739, 1141, 563, 20, 8750, 81, 66, 392, 20, 3140, 81, 853, 563, 24168, 41, 22094, 1141, 563, 20, 8750, 81, 67, 392, 20, 3140, 81, 853, 563, 24168, 35, 35, 10828, 20, 3220, 81, 1141, 2510, 8750, 81, 67, 3612, 0]",6ae8d9d6e38fb87dae1b235774491d622ca8d79cfd72561e67a9ee3112a3acef,oi_conf_0053.ROLE_B,"{""actions"":[{""action"":""ACTION_P"",""expected_value"":""-7""},{""action"":""ACTION_Q"",""expected_value"":""-11""}],""final_action"":""ACTION_Q""}",original,ACTION_Q,False
ibm_granite.oi_conf_0053.ROLE_B.correction.modified,2.7685365676879883,ibm_granite.oi_conf_0053.ROLE_B.correction,correction,ibm_granite,local-tree-9f747c20cdefdffbd5c06688a43c76a90b4fe23b7a06653b47aa8729baa9c2cc,ACTION_P,"[109, 20, 3543, 563, 7739, 1141, 2510, 8750, 81, 66, 1461, 3140, 81, 853, 563, 24168, 36, 35, 33, 42, 22094, 1141, 2510, 8750, 81, 67, 1461, 3140, 81, 853, 563, 24168, 35, 41, 33, 38, 10828, 20, 3220, 81, 1141, 2510, 8750, 81, 67, 3612, 0]",50d709db2918c83e1e4a6177482cf36e01231da7eb449c7c10a70504e44e3d68,oi_conf_0053.ROLE_B,"{""actions"":[{""action"":""ACTION_P"",""expected_value"":""-21/8""},{""action"":""ACTION_Q"",""expected_value"":""-17/4""}],""final_action"":""ACTION_Q""}",modified,ACTION_Q,False
ibm_granite.oi_conf_0001.ROLE_A.injection.original,2.6425397396087646,ibm_granite.oi_conf_0001.ROLE_A.injection,injection,ibm_granite,local-tree-9f747c20cdefdffbd5c06688a43c76a90b4fe23b7a06653b47aa8729baa9c2cc,ACTION_Q,"[109, 20, 3543, 563, 7739, 1141, 2510, 8750, 81, 66, 1461, 3140, 81, 853, 563, 20, 35, 38, 22094, 1141, 2510, 8750, 81, 67, 1461, 3140, 81, 853, 563, 20, 35, 39, 10828, 20, 3220, 81, 1141, 2510, 8750, 81, 67, 3612, 0]",e99977de02b6ecd4e80b35486ffa8051a5910e0977b5f7a3320213b80ffc428f,oi_conf_0001.ROLE_A,"{""actions"":[{""action"":""ACTION_P"",""expected_value"":""14""},{""action"":""ACTION_Q"",""expected_value"":""15""}],""final_action"":""ACTION_Q""}",original,ACTION_Q,True
ibm_granite.oi_conf_0001.ROLE_A.injection.modified,2.544438600540161,ibm_granite.oi_conf_0001.ROLE_A.injection,injection,ibm_granite,local-tree-9f747c20cdefdffbd5c06688a43c76a90b4fe23b7a06653b47aa8729baa9c2cc,ACTION_Q,"[109, 20, 3543, 563, 7739, 1141, 2510, 8750, 81, 66, 1461, 3140, 81, 853, 563, 20, 43, 22094, 1141, 2510, 8750, 81, 67, 1461, 3140, 81, 853, 2510, 35, 39, 10828, 20, 3220, 81, 1141, 2510, 8750, 81, 67, 3612, 0]",598400fb298aa8ca8145d99108a4f2b4f1b2a52ed501c1663b5396a36f44866b,oi_conf_0001.ROLE_A,"{""actions"":[{""action"":""ACTION_P"",""expected_value"":""9""},{""action"":""ACTION_Q"",""expected_value"":""15""}],""final_action"":""ACTION_Q""}",modified,ACTION_Q,True
ibm_granite.oi_conf_0003.ROLE_A.injection.original,2.9743294715881348,ibm_granite.oi_conf_0003.ROLE_A.injection,injection,ibm_granite,local-tree-9f747c20cdefdffbd5c06688a43c76a90b4fe23b7a06653b47aa8729baa9c2cc,ACTION_P,"[109, 20, 3543, 563, 7739, 1141, 2510, 8750, 81, 66, 1461, 3140, 81, 853, 563, 20, 38, 22094, 1141, 2510, 8750, 81, 67, 1461, 3140, 81, 853, 563, 24168, 43, 10828, 20, 3220, 81, 1141, 2510, 8750, 81, 66, 3612, 0]",c566293f39552d8402b5da122d87e3fe8442e63d617b43f36dc674eb257eaccc,oi_conf_0003.ROLE_A,"{""actions"":[{""action"":""ACTION_P"",""expected_value"":""4""},{""action"":""ACTION_Q"",""expected_value"":""-9""}],""final_action"":""ACTION_P""}",original,ACTION_P,True
ibm_granite.oi_conf_0003.ROLE_A.injection.modified,2.599853515625,ibm_granite.oi_conf_0003.ROLE_A.injection,injection,ibm_granite,local-tree-9f747c20cdefdffbd5c06688a43c76a90b4fe23b7a06653b47aa8729baa9c2cc,ACTION_P,"[109, 20, 3543, 563, 7739, 1141, 2510, 8750, 81, 66, 1461, 3140, 81, 853, 563, 24168, 39, 22094, 1141, 2510, 8750, 81, 67, 1461, 3140, 81, 853, 563, 24168, 39, 10828, 20, 3220, 81, 1141, 2510, 8750, 81, 66, 3612, 0]",3b7979f25386fd9d79a7c83ce3eaa82e0914c7e4367ceb2b9e013ebf96bb72b3,oi_conf_0003.ROLE_A,"{""actions"":[{""action"":""ACTION_P"",""expected_value"":""-5""},{""action"":""ACTION_Q"",""expected_value"":""-5""}],""final_action"":""ACTION_P""}",modified,ACTION_P,True
ibm_granite.oi_conf_0003.ROLE_B.injection.original,2.6078672409057617,ibm_granite.oi_conf_0003.ROLE_B.injection,injection,ibm_granite,local-tree-9f747c20cdefdffbd5c06688a43c76a90b4fe23b7a06653b47aa8729baa9c2cc,ACTION_Q,"[109, 20, 3543, 563, 7739, 1141, 2510, 8750, 81, 66, 1461, 3140, 81, 853, 563, 20, 35, 38, 22094, 1141, 2510, 8750, 81, 67, 1461, 3140, 81, 853, 563, 20, 35, 42, 10828, 20, 3220, 81, 1141, 2510, 8750, 81, 67, 3612, 0]",fff47a74bcfc59a64bb01cc64dcc03bd5b73a0a781d194fa9eaa154f88120abf,oi_conf_0003.ROLE_B,"{""actions"":[{""action"":""ACTION_P"",""expected_value"":""14""},{""action"":""ACTION_Q"",""expected_value"":""18""}],""final_action"":""ACTION_Q""}",original,ACTION_Q,True
ibm_granite.oi_conf_0003.ROLE_B.injection.modified,2.6626391410827637,ibm_granite.oi_conf_0003.ROLE_B.injection,injection,ibm_granite,local-tree-9f747c20cdefdffbd5c06688a43c76a90b4fe23b7a06653b47aa8729baa9c2cc,ACTION_Q,"[109, 20, 3543, 563, 7739, 1141, 563, 20, 8750, 81, 66, 392, 20, 3140, 81, 853, 563, 20, 38, 22094, 1141, 563, 20, 8750, 81, 67, 392, 20, 3140, 81, 853, 563, 20, 35, 42, 10828, 20, 3220, 81, 1141, 2510, 8750, 81, 67, 3612, 0]",0bde63a9bf4a48ee7950ebb2f8d66266fd1a3c0c871e5cbf939fc79d994615ca,oi_conf_0003.ROLE_B,"{""actions"":[{""action"":""ACTION_P"",""expected_value"":""4""},{""action"":""ACTION_Q"",""expected_value"":""18""}],""final_action"":""ACTION_Q""}",modified,ACTION_Q,True
ibm_granite.oi_conf_0005.ROLE_A.injection.original,2.974954843521118,ibm_granite.oi_conf_0005.ROLE_A.injection,injection,ibm_granite,local-tree-9f747c20cdefdffbd5c06688a43c76a90b4fe23b7a06653b47aa8729baa9c2cc,ACTION_Q,"[109, 20, 3543, 563, 7739, 1141, 2510, 8750, 81, 66, 1461, 3140, 81, 853, 563, 20, 35, 39, 22094, 1141, 2510, 8750, 81, 67, 1461, 3140, 81, 853, 563, 20, 35, 38, 10828, 20, 3220, 81, 1141, 2510, 8750, 81, 67, 3612, 0]",7c888463b9917dea17818e69577b6e53b1452a88bacffdce70f37cae357a28d8,oi_conf_0005.ROLE_A,"{""actions"":[{""action"":""ACTION_P"",""expected_value"":""15""},{""action"":""ACTION_Q"",""expected_value"":""14""}],""final_action"":""ACTION_Q""}",original,ACTION_Q,True
ibm_granite.oi_conf_0005.ROLE_A.injection.modified,2.6040329933166504,ibm_granite.oi_conf_0005.ROLE_A.injection,injection,ibm_granite,local-tree-9f747c20cdefdffbd5c06688a43c76a90b4fe23b7a06653b47aa8729baa9c2cc,ACTION_Q,"[109, 20, 3543, 563, 7739, 1141, 2510, 8750, 81, 66, 1461, 3140, 81, 853, 563, 20, 39, 22094, 1141, 2510, 8750, 81, 67, 1461, 3140, 81, 853, 2510, 35, 36, 10828, 20, 3220, 81, 1141, 2510, 8750, 81, 67, 3612, 0]",d9084fed1415b6055afd0327f82c0e50a322ed9f54f41e894b370a951a5a47d7,oi_conf_0005.ROLE_A,"{""actions"":[{""action"":""ACTION_P"",""expected_value"":""5""},{""action"":""ACTION_Q"",""expected_value"":""12""}],""final_action"":""ACTION_Q""}",modified,ACTION_Q,True
ibm_granite.oi_conf_0007.ROLE_A.injection.original,2.6789298057556152,ibm_granite.oi_conf_0007.ROLE_A.injection,injection,ibm_granite,local-tree-9f747c20cdefdffbd5c06688a43c76a90b4fe23b7a06653b47aa8729baa9c2cc,ACTION_P,"[109, 20, 3543, 563, 7739, 1141, 563, 20, 8750, 81, 66, 392, 20, 3140, 81, 853, 563, 24168, 39, 33, 36, 22094, 1141, 563, 20, 8750, 81, 67, 392, 20, 3140, 81, 853, 2510, 35, 10828, 20, 3220, 81, 1141, 2510, 8750, 81, 67, 3612, 0]",d2c7545e036abaaf22994f8f022183ab8c2aedbb7c4ee63b807e0b0673711d90,oi_conf_0007.ROLE_A,"{""actions"":[{""action"":""ACTION_P"",""expected_value"":""-5/2""},{""action"":""ACTION_Q"",""expected_value"":""1""}],""final_action"":""ACTION_Q""}",original,ACTION_Q,False
ibm_granite.oi_conf_0007.ROLE_A.injection.modified,2.589367151260376,ibm_granite.oi_conf_0007.ROLE_A.injection,injection,ibm_granite,local-tree-9f747c20cdefdffbd5c06688a43c76a90b4fe23b7a06653b47aa8729baa9c2cc,ACTION_P,"[109, 20, 3543, 563, 7739, 1141, 2510, 8750, 81, 66, 1461, 3140, 81, 853, 563, 24168, 35, 34, 22094, 1141, 2510, 8750, 81, 67, 1461, 3140, 81, 853, 563, 24168, 35, 35, 10828, 20, 3220, 81, 1141, 2510, 8750, 81, 66, 3612, 0]",5bc966252404e24d92c83fe4eee287d4ad62f0b34f4859ddd5a0c5a151aa2731,oi_conf_0007.ROLE_A,"{""actions"":[{""action"":""ACTION_P"",""expected_value"":""-10""},{""action"":""ACTION_Q"",""expected_value"":""-11""}],""final_action"":""ACTION_P""}",modified,ACTION_P,True
ibm_granite.oi_conf_0007.ROLE_B.injection.original,3.123176336288452,ibm_granite.oi_conf_0007.ROLE_B.injection,injection,ibm_granite,local-tree-9f747c20cdefdffbd5c06688a43c76a90b4fe23b7a06653b47aa8729baa9c2cc,ACTION_Q,"[109, 20, 3543, 563, 7739, 1141, 563, 20, 8750, 81, 66, 392, 20, 3140, 81, 853, 563, 24168, 35, 37, 33, 38, 22094, 1141, 563, 20, 8750, 81, 67, 392, 20, 3140, 81, 853, 563, 24168, 35, 33, 36, 10828, 20, 3220, 81, 1141, 2510, 8750, 81, 66, 3612, 0]",f56cb6793666b39a04369622d2dabe6b4e7792fff4d3e17b0072cc44ca7ec0a3,oi_conf_0007.ROLE_B,"{""actions"":[{""action"":""ACTION_P"",""expected_value"":""-13/4""},{""action"":""ACTION_Q"",""expected_value"":""-1/2""}],""final_action"":""ACTION_P""}",original,ACTION_P,False
ibm_granite.oi_conf_0007.ROLE_B.injection.modified,2.7102982997894287,ibm_granite.oi_conf_0007.ROLE_B.injection,injection,ibm_granite,local-tree-9f747c20cdefdffbd5c06688a43c76a90b4fe23b7a06653b47aa8729baa9c2cc,ACTION_Q,"[109, 20, 3543, 563, 7739, 1141, 563, 20, 8750, 81, 66, 392, 20, 3140, 81, 853, 563, 24168, 39, 33, 36, 22094, 1141, 563, 20, 8750, 81, 67, 392, 20, 3140, 81, 853, 563, 24168, 35, 10828, 20, 3220, 81, 1141, 2510, 8750, 81, 67, 3612, 0]",533338738e05865ba4cfdd9af91104e13217492ded21eb0e8bbcaa50be445564,oi_conf_0007.ROLE_B,"{""actions"":[{""action"":""ACTION_P"",""expected_value"":""-5/2""},{""action"":""ACTION_Q"",""expected_value"":""-1""}],""final_action"":""ACTION_Q""}",modified,ACTION_Q,True
ibm_granite.oi_conf_0009.ROLE_A.injection.original,2.4977777004241943,ibm_granite.oi_conf_0009.ROLE_A.injection,injection,ibm_granite,local-tree-9f747c20cdefdffbd5c06688a43c76a90b4fe23b7a06653b47aa8729baa9c2cc,ACTION_Q,"[109, 20, 3543, 563, 7739, 1141, 2510, 8750, 81, 67, 1461, 3140, 81, 853, 2510, 35, 40, 22094, 1141, 2510, 8750, 81, 66, 1461, 3140, 81, 853, 2510, 40, 10828, 20, 3220, 81, 1141, 2510, 8750, 81, 67, 3612, 0]",903e29ed81b089bc42433805d1eb181b255c6faebe1211ab8adf634b7b704427,oi_conf_0009.ROLE_A,"{""actions"":[{""action"":""ACTION_Q"",""expected_value"":""16""},{""action"":""ACTION_P"",""expected_value"":""6""}],""final_action"":""ACTION_Q""}",original,ACTION_Q,True
ibm_granite.oi_conf_0009.ROLE_A.injection.modified,2.9293322563171387,ibm_granite.oi_conf_0009.ROLE_A.injection,injection,ibm_granite,local-tree-9f747c20cdefdffbd5c06688a43c76a90b4fe23b7a06653b47aa8729baa9c2cc,ACTION_Q,"[109, 20, 3543, 563, 7739, 1141, 2510, 8750, 81, 67, 1461, 3140, 81, 853, 563, 24168, 42, 22094, 1141, 2510, 8750, 81, 66, 1461, 3140, 81, 853, 563, 20, 40, 10828, 20, 3220, 81, 1141, 2510, 8750, 81, 66, 3612, 0]",16acf6c5d6f9ebd1e71a60fe0842d080e9477cdb5590f5bd26e99865c4a3424d,oi_conf_0009.ROLE_A,"{""actions"":[{""action"":""ACTION_Q"",""expected_value"":""-8""},{""action"":""ACTION_P"",""expected_value"":""6""}],""final_action"":""ACTION_P""}",modified,ACTION_P,False
ibm_granite.oi_conf_0010.ROLE_A.injection.original,2.583397626876831,ibm_granite.oi_conf_0010.ROLE_A.injection,injection,ibm_granite,local-tree-9f747c20cdefdffbd5c06688a43c76a90b4fe23b7a06653b47aa8729baa9c2cc,ACTION_Q,"[109, 20, 3543, 563, 7739, 1141, 2510, 8750, 81, 67, 1461, 3140, 81, 853, 563, 20, 42, 22094, 1141, 2510, 8750, 81, 66, 1461, 3140, 81, 853, 563, 24168, 35, 10828, 20, 3220, 81, 1141, 2510, 8750, 81, 67, 3612, 0]",40121347f116a3cc69f5133313d79f04379a2f264a5b552b040ef3f9ef9f5581,oi_conf_0010.ROLE_A,"{""actions"":[{""action"":""ACTION_Q"",""expected_value"":""8""},{""action"":""ACTION_P"",""expected_value"":""-1""}],""final_action"":""ACTION_Q""}",original,ACTION_Q,True
ibm_granite.oi_conf_0010.ROLE_A.injection.modified,2.5538151264190674,ibm_granite.oi_conf_0010.ROLE_A.injection,injection,ibm_granite,local-tree-9f747c20cdefdffbd5c06688a43c76a90b4fe23b7a06653b47aa8729baa9c2cc,ACTION_Q,"[109, 20, 3543, 563, 7739, 1141, 2510, 8750, 81, 67, 1461, 3140, 81, 853, 563, 20, 42, 22094, 1141, 2510, 8750, 81, 66, 1461, 3140, 81, 853, 563, 24168, 34, 10828, 20, 3220, 81, 1141, 2510, 8750, 81, 67, 3612, 0]",8aff4c88ae36cea216e0f750b2e917ffae6295a6203b052b1c224143c4dc52ba,oi_conf_0010.ROLE_A,"{""actions"":[{""action"":""ACTION_Q"",""expected_value"":""8""},{""action"":""ACTION_P"",""expected_value"":""-0""}],""final_action"":""ACTION_Q""}",modified,ACTION_Q,True
ibm_granite.oi_conf_0012.ROLE_A.injection.original,3.114041805267334,ibm_granite.oi_conf_0012.ROLE_A.injection,injection,ibm_granite,local-tree-9f747c20cdefdffbd5c06688a43c76a90b4fe23b7a06653b47aa8729baa9c2cc,ACTION_P,"[109, 20, 3543, 563, 7739, 1141, 563, 20, 8750, 81, 67, 392, 20, 3140, 81, 853, 563, 20, 35, 39, 22094, 1141, 563, 20, 8750, 81, 66, 392, 20, 3140, 81, 853, 563, 20, 35, 38, 10828, 20, 3220, 81, 1141, 2510, 8750, 81, 66, 3612, 0]",c57d7cecda6557a1c36a5f06bfc9ed0798174002da4d48804f664acee42861cd,oi_conf_0012.ROLE_A,"{""actions"":[{""action"":""ACTION_Q"",""expected_value"":""15""},{""action"":""ACTION_P"",""expected_value"":""14""}],""final_action"":""ACTION_P""}",original,ACTION_P,True
ibm_granite.oi_conf_0012.ROLE_A.injection.modified,2.753803253173828,ibm_granite.oi_conf_0012.ROLE_A.injection,injection,ibm_granite,local-tree-9f747c20cdefdffbd5c06688a43c76a90b4fe23b7a06653b47aa8729baa9c2cc,ACTION_P,"[109, 20, 3543, 563, 7739, 1141, 563, 20, 8750, 81, 67, 392, 20, 3140, 81, 853, 563, 20, 35, 22094, 1141, 563, 20, 8750, 81, 66, 392, 20, 3140, 81, 853, 563, 20, 35, 37, 10828, 20, 3220, 81, 1141, 2510, 8750, 81, 66, 3612, 0]",13ae15c453f779ac93b14aded7bcd04dbebf07da98d45f1f5c637cf42de49280,oi_conf_0012.ROLE_A,"{""actions"":[{""action"":""ACTION_Q"",""expected_value"":""1""},{""action"":""ACTION_P"",""expected_value"":""13""}],""final_action"":""ACTION_P""}",modified,ACTION_P,True
ibm_granite.oi_conf_0013.ROLE_A.injection.original,2.726776599884033,ibm_granite.oi_conf_0013.ROLE_A.injection,injection,ibm_granite,local-tree-9f747c20cdefdffbd5c06688a43c76a90b4fe23b7a06653b47aa8729baa9c2cc,ACTION_Q,"[109, 20, 3543, 563, 7739, 1141, 563, 20, 8750, 81, 67, 392, 20, 3140, 81, 853, 563, 20, 35, 22094, 1141, 563, 20, 8750, 81, 66, 392, 20, 3140, 81, 853, 563, 20, 38, 10828, 20, 3220, 81, 1141, 2510, 8750, 81, 66, 3612, 0]",fbfcb313ba5e11d76f6687f1c60265ab74b60fc09b347dac1e9ae27e28b83d12,oi_conf_0013.ROLE_A,"{""actions"":[{""action"":""ACTION_Q"",""expected_value"":""1""},{""action"":""ACTION_P"",""expected_value"":""4""}],""final_action"":""ACTION_P""}",original,ACTION_P,False
ibm_granite.oi_conf_0013.ROLE_A.injection.modified,2.7234139442443848,ibm_granite.oi_conf_0013.ROLE_A.injection,injection,ibm_granite,local-tree-9f747c20cdefdffbd5c06688a43c76a90b4fe23b7a06653b47aa8729baa9c2cc,ACTION_Q,"[109, 20, 3543, 563, 7739, 1141, 563, 20, 8750, 81, 67, 392, 20, 3140, 81, 853, 563, 24168, 43, 22094, 1141, 563, 20, 8750, 81, 66, 392, 20, 3140, 81, 853, 563, 20, 38, 10828, 20, 3220, 81, 1141, 2510, 8750, 81, 66, 3612, 0]",a9d610bb4b9a17fca60a4df810b46f4240815df92db99420ab6f4af4b0a6207a,oi_conf_0013.ROLE_A,"{""actions"":[{""action"":""ACTION_Q"",""expected_value"":""-9""},{""action"":""ACTION_P"",""expected_value"":""4""}],""final_action"":""ACTION_P""}",modified,ACTION_P,False
ibm_granite.oi_conf_0014.ROLE_A.injection.original,2.722287178039551,ibm_granite.oi_conf_0014.ROLE_A.injection,injection,ibm_granite,local-tree-9f747c20cdefdffbd5c06688a43c76a90b4fe23b7a06653b47aa8729baa9c2cc,ACTION_Q,"[109, 20, 3543, 563, 7739, 1141, 563, 20, 8750, 81, 67, 392, 20, 3140, 81, 853, 563, 24168, 43, 22094, 1141, 563, 20, 8750, 81, 66, 392, 20, 3140, 81, 853, 563, 20, 41, 10828, 20, 3220, 81, 1141, 2510, 8750, 81, 66, 3612, 0]",f7226523327f116fe215a719ad141a0164eb9712b6c98f98f5fcf538b7a45b38,oi_conf_0014.ROLE_A,"{""actions"":[{""action"":""ACTION_Q"",""expected_value"":""-9""},{""action"":""ACTION_P"",""expected_value"":""7""}],""final_action"":""ACTION_P""}",original,ACTION_P,False
ibm_granite.oi_conf_0014.ROLE_A.injection.modified,2.7162933349609375,ibm_granite.oi_conf_0014.ROLE_A.injection,injection,ibm_granite,local-tree-9f747c20cdefdffbd5c06688a43c76a90b4fe23b7a06653b47aa8729baa9c2cc,ACTION_Q,"[109, 20, 3543, 563, 7739, 1141, 563, 20, 8750, 81, 67, 392, 20, 3140, 81, 853, 563, 20, 35, 22094, 1141, 563, 20, 8750, 81, 66, 392, 20, 3140, 81, 853, 563, 20, 41, 10828, 20, 3220, 81, 1141, 2510, 8750, 81, 66, 3612, 0]",835255bd46dd74bbbd5786ad20ee39c3c70b802880ef967bbdbed203513d987a,oi_conf_0014.ROLE_A,"{""actions"":[{""action"":""ACTION_Q"",""expected_value"":""1""},{""action"":""ACTION_P"",""expected_value"":""7""}],""final_action"":""ACTION_P""}",modified,ACTION_P,False
ibm_granite.oi_conf_0014.ROLE_B.injection.original,2.7087833881378174,ibm_granite.oi_conf_0014.ROLE_B.injection,injection,ibm_granite,local-tree-9f747c20cdefdffbd5c06688a43c76a90b4fe23b7a06653b47aa8729baa9c2cc,ACTION_P,"[109, 20, 3543, 563, 7739, 1141, 563, 20, 8750, 81, 67, 392, 20, 3140, 81, 853, 563, 24168, 36, 22094, 1141, 563, 20, 8750, 81, 66, 392, 20, 3140, 81, 853, 563, 20, 35, 41, 10828, 20, 3220, 81, 1141, 2510, 8750, 81, 66, 3612, 0]",196f9474bff9feff0c8d79e70c840d57c1e92194acda1b524b8dfe23c944a35f,oi_conf_0014.ROLE_B,"{""actions"":[{""action"":""ACTION_Q"",""expected_value"":""-2""},{""action"":""ACTION_P"",""expected_value"":""17""}],""final_action"":""ACTION_P""}",original,ACTION_P,True
ibm_granite.oi_conf_0014.ROLE_B.injection.modified,2.702847719192505,ibm_granite.oi_conf_0014.ROLE_B.injection,injection,ibm_granite,local-tree-9f747c20cdefdffbd5c06688a43c76a90b4fe23b7a06653b47aa8729baa9c2cc,ACTION_P,"[109, 20, 3543, 563, 7739, 1141, 563, 20, 8750, 81, 67, 392, 20, 3140, 81, 853, 563, 24168, 43, 22094, 1141, 563, 20, 8750, 81, 66, 392, 20, 3140, 81, 853, 563, 20, 35, 41, 10828, 20, 3220, 81, 1141, 2510, 8750, 81, 66, 3612, 0]",af54d05d02a627e068d45c018ce66a5ea64d5e4ee56487b522cfcc67ca2de453,oi_conf_0014.ROLE_B,"{""actions"":[{""action"":""ACTION_Q"",""expected_value"":""-9""},{""action"":""ACTION_P"",""expected_value"":""17""}],""final_action"":""ACTION_P""}",modified,ACTION_P,True
ibm_granite.oi_conf_0017.ROLE_A.injection.original,2.6134631633758545,ibm_granite.oi_conf_0017.ROLE_A.injection,injection,ibm_granite,local-tree-9f747c20cdefdffbd5c06688a43c76a90b4fe23b7a06653b47aa8729baa9c2cc,ACTION_Q,"[109, 20, 3543, 563, 7739, 1141, 563, 20, 8750, 81, 66, 1461, 3140, 81, 853, 563, 20, 37, 35, 22094, 1141, 563, 20, 8750, 81, 67, 1461, 3140, 81, 853, 2510, 36, 42, 10828, 20, 3220, 81, 1141, 2510, 8750, 81, 67, 3612, 0]",cab9f0e0dad3e0b4043275c4dcbe6f1abd1c5f14be27878656f3c95f33f9ef25,oi_conf_0017.ROLE_A,"{""actions"":[{""action"":""ACTION_P"",""expected_value"":""31""},{""action"":""ACTION_Q"",""expected_value"":""28""}],""final_action"":""ACTION_Q""}",original,ACTION_Q,True
ibm_granite.oi_conf_0017.ROLE_A.injection.modified,3.104032039642334,ibm_granite.oi_conf_0017.ROLE_A.injection,injection,ibm_granite,local-tree-9f747c20cdefdffbd5c06688a43c76a90b4fe23b7a06653b47aa8729baa9c2cc,ACTION_Q,"[109, 20, 3543, 563, 7739, 1141, 563, 20, 8750, 81, 66, 1461, 3140, 81, 853, 563, 24168, 35, 39, 33, 36, 22094, 1141, 563, 20, 8750, 81, 67, 1461, 3140, 81, 853, 563, 20, 36, 40, 10828, 20, 3220, 81, 1141, 2510, 8750, 81, 67, 3612, 0]",13db73a83c354df3250c4774f945689eecd9a8aee44053000d3096c8a5a6618e,oi_conf_0017.ROLE_A,"{""actions"":[{""action"":""ACTION_P"",""expected_value"":""-15/2""},{""action"":""ACTION_Q"",""expected_value"":""26""}],""final_action"":""ACTION_Q""}",modified,ACTION_Q,True
ibm_granite.oi_conf_0019.ROLE_A.injection.original,2.611982822418213,ibm_granite.oi_conf_0019.ROLE_A.injection,injection,ibm_granite,local-tree-9f747c20cdefdffbd5c06688a43c76a90b4fe23b7a06653b47aa8729baa9c2cc,ACTION_P,"[109, 20, 3543, 563, 7739, 1141, 2510, 8750, 81, 66, 1461, 3140, 81, 853, 563, 20, 42, 22094, 1141, 2510, 8750, 81, 67, 1461, 3140, 81, 853, 563, 20, 37, 10828, 20, 3220, 81, 1141, 2510, 8750, 81, 66, 3612, 0]",c298917f8e6ca3f24d8d2a8b27b5d3306191f5ba8e3705ea73819d9d608271d5,oi_conf_0019.ROLE_A,"{""actions"":[{""action"":""ACTION_P"",""expected_value"":""8""},{""action"":""ACTION_Q"",""expected_value"":""3""}],""final_action"":""ACTION_P""}",original,ACTION_P,True
ibm_granite.oi_conf_0019.ROLE_A.injection.modified,2.5886757373809814,ibm_granite.oi_conf_0019.ROLE_A.injection,injection,ibm_granite,local-tree-9f747c20cdefdffbd5c06688a43c76a90b4fe23b7a06653b47aa8729baa9c2cc,ACTION_P,"[109, 20, 3543, 563, 7739, 1141, 2510, 8750, 81, 66, 1461, 3140, 81, 853, 563, 20, 35, 42, 22094, 1141, 2510, 8750, 81, 67, 1461, 3140, 81, 853, 2510, 40, 10828, 20, 3220, 81, 1141, 2510, 8750, 81, 66, 3612, 0]",a129186c402f081b229b67f63a1ccb38d269be022cb03a428ef35ad600653ca1,oi_conf_0019.ROLE_A,"{""actions"":[{""action"":""ACTION_P"",""expected_value"":""18""},{""action"":""ACTION_Q"",""expected_value"":""6""}],""final_action"":""ACTION_P""}",modified,ACTION_P,True
ibm_granite.oi_conf_0019.ROLE_B.injection.original,2.5951426029205322,ibm_granite.oi_conf_0019.ROLE_B.injection,injection,ibm_granite,local-tree-9f747c20cdefdffbd5c06688a43c76a90b4fe23b7a06653b47aa8729baa9c2cc,ACTION_Q,"[109, 20, 3543, 563, 7739, 1141, 2510, 8750, 81, 66, 1461, 3140, 81, 853, 563, 20, 35, 42, 22094, 1141, 2510, 8750, 81, 67, 1461, 3140, 81, 853, 563, 20, 35, 36, 10828, 20, 3220, 81, 1141, 2510, 8750, 81, 66, 3612, 0]",8e8a2713ca28608d77e532e7112b998a617b9746b16d783749a2a18be8756ed9,oi_conf_0019.ROLE_B,"{""actions"":[{""action"":""ACTION_P"",""expected_value"":""18""},{""action"":""ACTION_Q"",""expected_value"":""12""}],""final_action"":""ACTION_P""}",original,ACTION_P,False
ibm_granite.oi_conf_0019.ROLE_B.injection.modified,3.0567972660064697,ibm_granite.oi_conf_0019.ROLE_B.injection,injection,ibm_granite,local-tree-9f747c20cdefdffbd5c06688a43c76a90b4fe23b7a06653b47aa8729baa9c2cc,ACTION_Q,"[109, 20, 3543, 563, 7739, 1141, 563, 20, 8750, 81, 66, 1461, 3140, 81, 853, 563, 20, 35, 40, 22094, 1141, 563, 20, 8750, 81, 67, 1461, 3140, 81, 853, 563, 20, 35, 37, 10828, 20, 3220, 81, 1141, 2510, 8750, 81, 67, 3612, 0]",bb80945ffac1244ad7e11566c09fd3790707d1de28df3c394f720486e787ac1b,oi_conf_0019.ROLE_B,"{""actions"":[{""action"":""ACTION_P"",""expected_value"":""16""},{""action"":""ACTION_Q"",""expected_value"":""13""}],""final_action"":""ACTION_Q""}",modified,ACTION_Q,True
ibm_granite.oi_conf_0021.ROLE_A.injection.original,2.654027223587036,ibm_granite.oi_conf_0021.ROLE_A.injection,injection,ibm_granite,local-tree-9f747c20cdefdffbd5c06688a43c76a90b4fe23b7a06653b47aa8729baa9c2cc,ACTION_Q,"[109, 20, 3543, 563, 7739, 1141, 2510, 8750, 81, 66, 1461, 3140, 81, 853, 563, 20, 35, 41, 22094, 1141, 2510, 8750, 81, 67, 1461, 3140, 81, 853, 563, 20, 35, 41, 10828, 20, 3220, 81, 1141, 2510, 8750, 81, 67, 3612, 0]",f28f6fec8cc5045fd4ec94d27aa446097d4a5d0dc36043c941e741900253c32d,oi_conf_0021.ROLE_A,"{""actions"":[{""action"":""ACTION_P"",""expected_value"":""17""},{""action"":""ACTION_Q"",""expected_value"":""17""}],""final_action"":""ACTION_Q""}",original,ACTION_Q,True
ibm_granite.oi_conf_0021.ROLE_A.injection.modified,2.70181941986084,ibm_granite.oi_conf_0021.ROLE_A.injection,injection,ibm_granite,local-tree-9f747c20cdefdffbd5c06688a43c76a90b4fe23b7a06653b47aa8729baa9c2cc,ACTION_Q,"[109, 20, 3543, 563, 7739, 1141, 563, 20, 8750, 81, 66, 392, 20, 3140, 81, 853, 563, 24168, 38, 22094, 1141, 563, 20, 8750, 81, 67, 392, 20, 3140, 81, 853, 563, 20, 35, 41, 10828, 20, 3220, 81, 1141, 2510, 8750, 81, 67, 3612, 0]",8db55046445de73ba8dd2f508bbaa0770cad0835b0c69c57566cbb2667f80367,oi_conf_0021.ROLE_A,"{""actions"":[{""action"":""ACTION_P"",""expected_value"":""-4""},{""action"":""ACTION_Q"",""expected_value"":""17""}],""final_action"":""ACTION_Q""}",modified,ACTION_Q,True
ibm_granite.oi_conf_0023.ROLE_A.injection.original,2.544247627258301,ibm_granite.oi_conf_0023.ROLE_A.injection,injection,ibm_granite,local-tree-9f747c20cdefdffbd5c06688a43c76a90b4fe23b7a06653b47aa8729baa9c2cc,ACTION_P,"[109, 20, 3543, 563, 7739, 1141, 2510, 8750, 81, 66, 1461, 3140, 81, 853, 563, 20, 43, 22094, 1141, 2510, 8750, 81, 67, 1461, 3140, 81, 853, 563, 24168, 36, 10828, 20, 3220, 81, 1141, 2510, 8750, 81, 66, 3612, 0]",4bc3008b58064cc26d95d51f7828fe0e393125f5a720b421a82a08baecf764b6,oi_conf_0023.ROLE_A,"{""actions"":[{""action"":""ACTION_P"",""expected_value"":""9""},{""action"":""ACTION_Q"",""expected_value"":""-2""}],""final_action"":""ACTION_P""}",original,ACTION_P,True
ibm_granite.oi_conf_0023.ROLE_A.injection.modified,2.9607977867126465,ibm_granite.oi_conf_0023.ROLE_A.injection,injection,ibm_granite,local-tree-9f747c20cdefdffbd5c06688a43c76a90b4fe23b7a06653b47aa8729baa9c2cc,ACTION_P,"[109, 20, 3543, 563, 7739, 1141, 2510, 8750, 81, 66, 1461, 3140, 81, 853, 563, 24168, 38, 22094, 1141, 2510, 8750, 81, 67, 1461, 3140, 81, 853, 563, 24168, 35, 10828, 20, 3220, 81, 1141, 2510, 8750, 81, 66, 3612, 0]",f7f50d493dc7f95c290d9da7a3a0de7b14b80713eaf002a733c0d937b82e9bc9,oi_conf_0023.ROLE_A,"{""actions"":[{""action"":""ACTION_P"",""expected_value"":""-4""},{""action"":""ACTION_Q"",""expected_value"":""-1""}],""final_action"":""ACTION_P""}",modified,ACTION_P,True
ibm_granite.oi_conf_0024.ROLE_A.injection.original,2.783839225769043,ibm_granite.oi_conf_0024.ROLE_A.injection,injection,ibm_granite,local-tree-9f747c20cdefdffbd5c06688a43c76a90b4fe23b7a06653b47aa8729baa9c2cc,ACTION_P,"[109, 20, 3543, 563, 7739, 1141, 563, 20, 8750, 81, 67, 392, 20, 3140, 81, 853, 563, 20, 35, 35, 22094, 1141, 563, 20, 8750, 81, 66, 392, 20, 3140, 81, 853, 563, 20, 36, 43, 10828, 20, 3220, 81, 1141, 2510, 8750, 81, 66, 3612, 0]",2812fe48f7527ae4134fc552bfe2077f2f642fc3cb90d1f66a71131edcc1ab42,oi_conf_0024.ROLE_A,"{""actions"":[{""action"":""ACTION_Q"",""expected_value"":""11""},{""action"":""ACTION_P"",""expected_value"":""29""}],""final_action"":""ACTION_P""}",original,ACTION_P,True
ibm_granite.oi_conf_0024.ROLE_A.injection.modified,3.3906002044677734,ibm_granite.oi_conf_0024.ROLE_A.injection,injection,ibm_granite,local-tree-9f747c20cdefdffbd5c06688a43c76a90b4fe23b7a06653b47aa8729baa9c2cc,ACTION_P,"[109, 20, 3543, 563, 7739, 1141, 563, 20, 8750, 81, 67, 392, 20, 3140, 81, 853, 563, 24168, 35, 35, 33, 36, 22094, 1141, 563, 20, 8750, 81, 66, 392, 20, 3140, 81, 853, 563, 20, 36, 43, 10828, 20, 3220, 81, 1141, 2510, 8750, 81, 66, 3612, 0]",909ceb18077cb1c098a7a4b3b2327532d28d93bf3f92f97f0c7ebfaf2a0b93b0,oi_conf_0024.ROLE_A,"{""actions"":[{""action"":""ACTION_Q"",""expected_value"":""-11/2""},{""action"":""ACTION_P"",""expected_value"":""29""}],""final_action"":""ACTION_P""}",modified,ACTION_P,True
ibm_granite.oi_conf_0026.ROLE_A.injection.original,3.3562111854553223,ibm_granite.oi_conf_0026.ROLE_A.injection,injection,ibm_granite,local-tree-9f747c20cdefdffbd5c06688a43c76a90b4fe23b7a06653b47aa8729baa9c2cc,ACTION_Q,"[109, 20, 3543, 563, 7739, 1141, 563, 20, 8750, 81, 67, 392, 20, 3140, 81, 853, 2510, 35, 36, 33, 36, 22094, 1141, 563, 20, 8750, 81, 66, 392, 20, 3140, 81, 853, 2510, 31, 35, 33, 36, 10828, 20, 3220, 81, 1141, 2510, 8750, 81, 67, 3612, 0]",2afa9673a7696bed5d2f34182122e3cf5e4440beb36757e28877b3e6835e6d30,oi_conf_0026.ROLE_A,"{""actions"":[{""action"":""ACTION_Q"",""expected_value"":""12/2""},{""action"":""ACTION_P"",""expected_value"":""-1/2""}],""final_action"":""ACTION_Q""}",original,ACTION_Q,True
ibm_granite.oi_conf_0026.ROLE_A.injection.modified,3.761931896209717,ibm_granite.oi_conf_0026.ROLE_A.injection,injection,ibm_granite,local-tree-9f747c20cdefdffbd5c06688a43c76a90b4fe23b7a06653b47aa8729baa9c2cc,ACTION_Q,"[109, 20, 3543, 563, 7739, 1141, 563, 20, 8750, 81, 67, 392, 20, 3140, 81, 853, 563, 20, 35, 43, 22094, 1141, 563, 20, 8750, 81, 66, 392, 20, 3140, 81, 853, 563, 24168, 35, 34, 10828, 20, 3220, 81, 1141, 2510, 8750, 81, 67, 3612, 0]",82a4486a5d56fda1f5e952689d7e3e0c49173ef705b5b64af3688e8d60aa54fc,oi_conf_0026.ROLE_A,"{""actions"":[{""action"":""ACTION_Q"",""expected_value"":""19""},{""action"":""ACTION_P"",""expected_value"":""-10""}],""final_action"":""ACTION_Q""}",modified,ACTION_Q,True
ibm_granite.oi_conf_0027.ROLE_A.injection.original,3.187540054321289,ibm_granite.oi_conf_0027.ROLE_A.injection,injection,ibm_granite,local-tree-9f747c20cdefdffbd5c06688a43c76a90b4fe23b7a06653b47aa8729baa9c2cc,ACTION_P,"[109, 20, 3543, 563, 7739, 1141, 2510, 8750, 81, 67, 1461, 3140, 81, 853, 563, 24168, 38, 22094, 1141, 2510, 8750, 81, 66, 1461, 3140, 81, 853, 563, 24168, 41, 10828, 20, 3220, 81, 1141, 2510, 8750, 81, 67, 3612, 0]",bb71d5999717f48e4a6f3732df8864aa6c7763cb0b0acd50f583a2b45f75d3ce,oi_conf_0027.ROLE_A,"{""actions"":[{""action"":""ACTION_Q"",""expected_value"":""-4""},{""action"":""ACTION_P"",""expected_value"":""-7""}],""final_action"":""ACTION_Q""}",original,ACTION_Q,False
ibm_granite.oi_conf_0027.ROLE_A.injection.modified,3.2143197059631348,ibm_granite.oi_conf_0027.ROLE_A.injection,injection,ibm_granite,local-tree-9f747c20cdefdffbd5c06688a43c76a90b4fe23b7a06653b47aa8729baa9c2cc,ACTION_P,"[109, 20, 3543, 563, 7739, 1141, 2510, 8750, 81, 67, 1461, 3140, 81, 853, 563, 20, 35, 42, 22094, 1141, 2510, 8750, 81, 66, 1461, 3140, 81, 853, 563, 24168, 41, 10828, 20, 3220, 81, 1141, 2510, 8750, 81, 67, 3612, 0]",28920f634c0af32a39bfd73ce48ffbf0bc3fc051946f9706a971d0fa12d3cb2f,oi_conf_0027.ROLE_A,"{""actions"":[{""action"":""ACTION_Q"",""expected_value"":""18""},{""action"":""ACTION_P"",""expected_value"":""-7""}],""final_action"":""ACTION_Q""}",modified,ACTION_Q,False
ibm_granite.oi_conf_0028.ROLE_A.injection.original,3.1323931217193604,ibm_granite.oi_conf_0028.ROLE_A.injection,injection,ibm_granite,local-tree-9f747c20cdefdffbd5c06688a43c76a90b4fe23b7a06653b47aa8729baa9c2cc,ACTION_P,"[109, 20, 3543, 563, 7739, 1141, 2510, 8750, 81, 67, 1461, 3140, 81, 853, 563, 20, 41, 22094, 1141, 2510, 8750, 81, 66, 1461, 3140, 81, 853, 2510, 35, 37, 10828, 20, 3220, 81, 1141, 2510, 8750, 81, 66, 3612, 0]",0b7e56a0bedbae93b3e8739c58792742d94e877dc460ce9eecf4fb873983d4ea,oi_conf_0028.ROLE_A,"{""actions"":[{""action"":""ACTION_Q"",""expected_value"":""7""},{""action"":""ACTION_P"",""expected_value"":""13""}],""final_action"":""ACTION_P""}",original,ACTION_P,True
ibm_granite.oi_conf_0028.ROLE_A.injection.modified,3.6629648208618164,ibm_granite.oi_conf_0028.ROLE_A.injection,injection,ibm_granite,local-tree-9f747c20cdefdffbd5c06688a43c76a90b4fe23b7a06653b47aa8729baa9c2cc,ACTION_P,"[109, 20, 3543, 563, 7739, 1141, 2510, 8750, 81, 67, 1461, 3140, 81, 853, 563, 20, 36, 22094, 1141, 2510, 8750, 81, 66, 1461, 3140, 81, 853, 563, 20, 35, 37, 10828, 20, 3220, 81, 1141, 2510, 8750, 81, 66, 3612, 0]",3706f01df70ea3d160eae8a6d2765efe3c3a45d8ab72d5fc26de8feec08d0986,oi_conf_0028.ROLE_A,"{""actions"":[{""action"":""ACTION_Q"",""expected_value"":""2""},{""action"":""ACTION_P"",""expected_value"":""13""}],""final_action"":""ACTION_P""}",modified,ACTION_P,True
ibm_granite.oi_conf_0029.ROLE_A.injection.original,3.239078998565674,ibm_granite.oi_conf_0029.ROLE_A.injection,injection,ibm_granite,local-tree-9f747c20cdefdffbd5c06688a43c76a90b4fe23b7a06653b47aa8729baa9c2cc,ACTION_Q,"[109, 20, 3543, 563, 7739, 1141, 2510, 8750, 81, 67, 1461, 3140, 81, 853, 563, 20, 35, 40, 22094, 1141, 2510, 8750, 81, 66, 1461, 3140, 81, 853, 563, 24168, 36, 10828, 20, 3220, 81, 1141, 2510, 8750, 81, 67, 3612, 0]",1fc99928eb9dc6e9b77087ef3d9ae431abf94c3aa93d278dd8866387302cd705,oi_conf_0029.ROLE_A,"{""actions"":[{""action"":""ACTION_Q"",""expected_value"":""16""},{""action"":""ACTION_P"",""expected_value"":""-2""}],""final_action"":""ACTION_Q""}",original,ACTION_Q,True
ibm_granite.oi_conf_0029.ROLE_A.injection.modified,3.187819242477417,ibm_granite.oi_conf_0029.ROLE_A.injection,injection,ibm_granite,local-tree-9f747c20cdefdffbd5c06688a43c76a90b4fe23b7a06653b47aa8729baa9c2cc,ACTION_Q,"[109, 20, 3543, 563, 7739, 1141, 2510, 8750, 81, 67, 1461, 3140, 81, 853, 563, 24168, 37, 22094, 1141, 2510, 8750, 81, 66, 1461, 3140, 81, 853, 563, 20, 41, 10828, 20, 3220, 81, 1141, 2510, 8750, 81, 66, 3612, 0]",1b1a0e4afca179d7d73964af630b0523915ddba7293d0e15cf887bd7edbf04d1,oi_conf_0029.ROLE_A,"{""actions"":[{""action"":""ACTION_Q"",""expected_value"":""-3""},{""action"":""ACTION_P"",""expected_value"":""7""}],""final_action"":""ACTION_P""}",modified,ACTION_P,False
ibm_granite.oi_conf_0030.ROLE_A.injection.original,3.279498338699341,ibm_granite.oi_conf_0030.ROLE_A.injection,injection,ibm_granite,local-tree-9f747c20cdefdffbd5c06688a43c76a90b4fe23b7a06653b47aa8729baa9c2cc,ACTION_Q,"[109, 20, 3543, 563, 7739, 1141, 563, 20, 8750, 81, 67, 392, 20, 3140, 81, 853, 563, 20, 39, 22094, 1141, 563, 20, 8750, 81, 66, 392, 20, 3140, 81, 853, 563, 24168, 35, 10828, 20, 3220, 81, 1141, 2510, 8750, 81, 67, 3612, 0]",b707b699cedc4b3500bc569f9f257dee96ac87bc6f224abf19e84f5c8c76cb2c,oi_conf_0030.ROLE_A,"{""actions"":[{""action"":""ACTION_Q"",""expected_value"":""5""},{""action"":""ACTION_P"",""expected_value"":""-1""}],""final_action"":""ACTION_Q""}",original,ACTION_Q,True
ibm_granite.oi_conf_0030.ROLE_A.injection.modified,3.741872549057007,ibm_granite.oi_conf_0030.ROLE_A.injection,injection,ibm_granite,local-tree-9f747c20cdefdffbd5c06688a43c76a90b4fe23b7a06653b47aa8729baa9c2cc,ACTION_Q,"[109, 20, 3543, 563, 7739, 1141, 563, 20, 8750, 81, 67, 392, 20, 3140, 81, 853, 563, 20, 43, 22094, 1141, 563, 20, 8750, 81, 66, 392, 20, 3140, 81, 853, 563, 24168, 36, 10828, 20, 3220, 81, 1141, 2510, 8750, 81, 67, 3612, 0]",3ac8288e4acfcf70027842dd23d0178343cf60b5baae6dbe0d55c8e62004008c,oi_conf_0030.ROLE_A,"{""actions"":[{""action"":""ACTION_Q"",""expected_value"":""9""},{""action"":""ACTION_P"",""expected_value"":""-2""}],""final_action"":""ACTION_Q""}",modified,ACTION_Q,True
ibm_granite.oi_conf_0032.ROLE_A.injection.original,3.2584853172302246,ibm_granite.oi_conf_0032.ROLE_A.injection,injection,ibm_granite,local-tree-9f747c20cdefdffbd5c06688a43c76a90b4fe23b7a06653b47aa8729baa9c2cc,ACTION_P,"[109, 20, 3543, 563, 7739, 1141, 2510, 8750, 81, 66, 1461, 3140, 81, 853, 563, 20, 35, 41, 22094, 1141, 2510, 8750, 81, 67, 1461, 3140, 81, 853, 563, 20, 35, 38, 10828, 20, 3220, 81, 1141, 2510, 8750, 81, 66, 3612, 0]",3508736fdd0ce6a5266868e073cf86cf89648b7b707013e99316d35afbdc1095,oi_conf_0032.ROLE_A,"{""actions"":[{""action"":""ACTION_P"",""expected_value"":""17""},{""action"":""ACTION_Q"",""expected_value"":""14""}],""final_action"":""ACTION_P""}",original,ACTION_P,True
ibm_granite.oi_conf_0032.ROLE_A.injection.modified,3.1533102989196777,ibm_granite.oi_conf_0032.ROLE_A.injection,injection,ibm_granite,local-tree-9f747c20cdefdffbd5c06688a43c76a90b4fe23b7a06653b47aa8729baa9c2cc,ACTION_P,"[109, 20, 3543, 563, 7739, 1141, 563, 20, 8750, 81, 66, 392, 20, 3140, 81, 853, 563, 24168, 39, 22094, 1141, 563, 20, 8750, 81, 67, 392, 20, 3140, 81, 853, 563, 20, 35, 38, 10828, 20, 3220, 81, 1141, 2510, 8750, 81, 67, 3612, 0]",9d6e28ddb3a8dc0c0b6cf1363964ce6bea961290746ec97ce567022ec434153e,oi_conf_0032.ROLE_A,"{""actions"":[{""action"":""ACTION_P"",""expected_value"":""-5""},{""action"":""ACTION_Q"",""expected_value"":""14""}],""final_action"":""ACTION_Q""}",modified,ACTION_Q,False
ibm_granite.oi_conf_0033.ROLE_A.injection.original,2.7787258625030518,ibm_granite.oi_conf_0033.ROLE_A.injection,injection,ibm_granite,local-tree-9f747c20cdefdffbd5c06688a43c76a90b4fe23b7a06653b47aa8729baa9c2cc,ACTION_Q,"[109, 20, 3543, 563, 7739, 1141, 563, 20, 8750, 81, 66, 392, 20, 3140, 81, 853, 2510, 35, 36, 39, 33, 38, 22094, 1141, 563, 20, 8750, 81, 67, 392, 20, 3140, 81, 853, 2510, 35, 36, 39, 33, 38, 10828, 20, 3220, 81, 1141, 2510, 8750, 81, 66, 3612, 0]",1501eca637be66fb71a7bfe6708a1a97b9f894e4058548697ec3b5bb1c6682ae,oi_conf_0033.ROLE_A,"{""actions"":[{""action"":""ACTION_P"",""expected_value"":""125/4""},{""action"":""ACTION_Q"",""expected_value"":""125/4""}],""final_action"":""ACTION_P""}",original,ACTION_P,False
ibm_granite.oi_conf_0033.ROLE_A.injection.modified,3.0434679985046387,ibm_granite.oi_conf_0033.ROLE_A.injection,injection,ibm_granite,local-tree-9f747c20cdefdffbd5c06688a43c76a90b4fe23b7a06653b47aa8729baa9c2cc,ACTION_Q,"[109, 20, 3543, 563, 7739, 1141, 563, 20, 8750, 81, 66, 1461, 3140, 81, 853, 563, 24168, 38, 22094, 1141, 563, 20, 8750, 81, 67, 1461, 3140, 81, 853, 563, 24168, 35, 34, 10828, 20, 3220, 81, 1141, 2510, 8750, 81, 67, 3612, 0]",2ec0420374c1c3da1ae3f194d3fc7c6a3170400a2486023e8be5f17dfea35198,oi_conf_0033.ROLE_A,"{""actions"":[{""action"":""ACTION_P"",""expected_value"":""-4""},{""action"":""ACTION_Q"",""expected_value"":""-10""}],""final_action"":""ACTION_Q""}",modified,ACTION_Q,True
ibm_granite.oi_conf_0034.ROLE_A.injection.original,2.662052631378174,ibm_granite.oi_conf_0034.ROLE_A.injection,injection,ibm_granite,local-tree-9f747c20cdefdffbd5c06688a43c76a90b4fe23b7a06653b47aa8729baa9c2cc,ACTION_Q,"[109, 20, 3543, 563, 7739, 1141, 2510, 8750, 81, 66, 1461, 3140, 81, 853, 563, 24168, 36, 22094, 1141, 2510, 8750, 81, 67, 1461, 3140, 81, 853, 563, 24168, 41, 33, 36, 10828, 20, 3220, 81, 1141, 2510, 8750, 81, 66, 3612, 0]",f68767357ca8c9e4e6368b12a636b6f4eea1fb6cd31876195c0160fcf7b56528,oi_conf_0034.ROLE_A,"{""actions"":[{""action"":""ACTION_P"",""expected_value"":""-2""},{""action"":""ACTION_Q"",""expected_value"":""-7/2""}],""final_action"":""ACTION_P""}",original,ACTION_P,False
ibm_granite.oi_conf_0034.ROLE_A.injection.modified,2.793004035949707,ibm_granite.oi_conf_0034.ROLE_A.injection,injection,ibm_granite,local-tree-9f747c20cdefdffbd5c06688a43c76a90b4fe23b7a06653b47aa8729baa9c2cc,ACTION_Q,"[109, 20, 3543, 563, 7739, 1141, 563, 20, 8750, 81, 66, 392, 20, 3140, 81, 853, 563, 20, 37, 35, 22094, 1141, 563, 20, 8750, 81, 67, 392, 20, 3140, 81, 853, 563, 24168, 37, 10828, 20, 3220, 81, 1141, 2510, 8750, 81, 66, 3612, 0]",3a15a81fe1edccf4af716646a4b398b002b1f3c57f64a093d4e22a1d9c0dde36,oi_conf_0034.ROLE_A,"{""actions"":[{""action"":""ACTION_P"",""expected_value"":""31""},{""action"":""ACTION_Q"",""expected_value"":""-3""}],""final_action"":""ACTION_P""}",modified,ACTION_P,False
ibm_granite.oi_conf_0035.ROLE_A.injection.original,2.7744171619415283,ibm_granite.oi_conf_0035.ROLE_A.injection,injection,ibm_granite,local-tree-9f747c20cdefdffbd5c06688a43c76a90b4fe23b7a06653b47aa8729baa9c2cc,ACTION_P,"[109, 20, 3543, 563, 7739, 1141, 563, 20, 8750, 81, 66, 392, 20, 3140, 81, 853, 563, 24168, 35, 33, 36, 22094, 1141, 563, 20, 8750, 81, 67, 392, 20, 3140, 81, 853, 563, 24168, 42, 10828, 20, 3220, 81, 1141, 2510, 8750, 81, 67, 3612, 0]",35a8d22b061c14a1bd8cd7db7b0d649713cb6538a822a1be0247c2e1b6e78093,oi_conf_0035.ROLE_A,"{""actions"":[{""action"":""ACTION_P"",""expected_value"":""-1/2""},{""action"":""ACTION_Q"",""expected_value"":""-8""}],""final_action"":""ACTION_Q""}",original,ACTION_Q,False
ibm_granite.oi_conf_0035.ROLE_A.injection.modified,2.6463351249694824,ibm_granite.oi_conf_0035.ROLE_A.injection,injection,ibm_granite,local-tree-9f747c20cdefdffbd5c06688a43c76a90b4fe23b7a06653b47aa8729baa9c2cc,ACTION_P,"[109, 20, 3543, 563, 7739, 1141, 2510, 8750, 81, 66, 1461, 3140, 81, 853, 563, 24168, 35, 36, 22094, 1141, 2510, 8750, 81, 67, 1461, 3140, 81, 853, 563, 24168, 40, 10828, 20, 3220, 81, 1141, 2510, 8750, 81, 67, 3612, 0]",f2f1fcb090b0aabb3999b557dced006e9be7fbf21b050e1c64a120472591dc9f,oi_conf_0035.ROLE_A,"{""actions"":[{""action"":""ACTION_P"",""expected_value"":""-12""},{""action"":""ACTION_Q"",""expected_value"":""-6""}],""final_action"":""ACTION_Q""}",modified,ACTION_Q,False
ibm_granite.oi_conf_0036.ROLE_A.injection.original,2.6328742504119873,ibm_granite.oi_conf_0036.ROLE_A.injection,injection,ibm_granite,local-tree-9f747c20cdefdffbd5c06688a43c76a90b4fe23b7a06653b47aa8729baa9c2cc,ACTION_P,"[109, 20, 3543, 563, 7739, 1141, 2510, 8750, 81, 66, 1461, 3140, 81, 853, 563, 20, 35, 38, 22094, 1141, 2510, 8750, 81, 67, 1461, 3140, 81, 853, 563, 20, 42, 10828, 20, 3220, 81, 1141, 2510, 8750, 81, 66, 3612, 0]",855f7e196742f8323defb66c25b7e715757a8d93dc3b74741ab5cd08ef5d8698,oi_conf_0036.ROLE_A,"{""actions"":[{""action"":""ACTION_P"",""expected_value"":""14""},{""action"":""ACTION_Q"",""expected_value"":""8""}],""final_action"":""ACTION_P""}",original,ACTION_P,True
ibm_granite.oi_conf_0036.ROLE_A.injection.modified,2.6182849407196045,ibm_granite.oi_conf_0036.ROLE_A.injection,injection,ibm_granite,local-tree-9f747c20cdefdffbd5c06688a43c76a90b4fe23b7a06653b47aa8729baa9c2cc,ACTION_P,"[109, 20, 3543, 563, 7739, 1141, 2510, 8750, 81, 66, 1461, 3140, 81, 853, 563, 24168, 37, 22094, 1141, 2510, 8750, 81, 67, 1461, 3140, 81, 853, 563, 20, 35, 39, 10828, 20, 3220, 81, 1141, 2510, 8750, 81, 67, 3612, 0]",323dd5e2d4c03010f6fc68f07d9c288640fcc55c98e62b67b2fff8adea750dc3,oi_conf_0036.ROLE_A,"{""actions"":[{""action"":""ACTION_P"",""expected_value"":""-3""},{""action"":""ACTION_Q"",""expected_value"":""15""}],""final_action"":""ACTION_Q""}",modified,ACTION_Q,False
ibm_granite.oi_conf_0037.ROLE_A.injection.original,2.5789737701416016,ibm_granite.oi_conf_0037.ROLE_A.injection,injection,ibm_granite,local-tree-9f747c20cdefdffbd5c06688a43c76a90b4fe23b7a06653b47aa8729baa9c2cc,ACTION_Q,"[109, 20, 3543, 563, 7739, 1141, 2510, 8750, 81, 66, 1461, 3140, 81, 853, 563, 20, 40, 22094, 1141, 2510, 8750, 81, 67, 1461, 3140, 81, 853, 563, 20, 35, 35, 10828, 20, 3220, 81, 1141, 2510, 8750, 81, 67, 3612, 0]",29e67988ac98e7840184c2a4f6464470786a651b63c0e60518a9767dce1a07d7,oi_conf_0037.ROLE_A,"{""actions"":[{""action"":""ACTION_P"",""expected_value"":""6""},{""action"":""ACTION_Q"",""expected_value"":""11""}],""final_action"":""ACTION_Q""}",original,ACTION_Q,True
ibm_granite.oi_conf_0037.ROLE_A.injection.modified,2.569681406021118,ibm_granite.oi_conf_0037.ROLE_A.injection,injection,ibm_granite,local-tree-9f747c20cdefdffbd5c06688a43c76a90b4fe23b7a06653b47aa8729baa9c2cc,ACTION_Q,"[109, 20, 3543, 563, 7739, 1141, 2510, 8750, 81, 66, 1461, 3140, 81, 853, 563, 24168, 36, 22094, 1141, 2510, 8750, 81, 67, 1461, 3140, 81, 853, 563, 20, 35, 34, 10828, 20, 3220, 81, 1141, 2510, 8750, 81, 67, 3612, 0]",6b019006c0774efac0cd5165865b33b7b907a1ba9516e0e675d54e09e708eb37,oi_conf_0037.ROLE_A,"{""actions"":[{""action"":""ACTION_P"",""expected_value"":""-2""},{""action"":""ACTION_Q"",""expected_value"":""10""}],""final_action"":""ACTION_Q""}",modified,ACTION_Q,True
ibm_granite.oi_conf_0038.ROLE_A.injection.original,2.953317642211914,ibm_granite.oi_conf_0038.ROLE_A.injection,injection,ibm_granite,local-tree-9f747c20cdefdffbd5c06688a43c76a90b4fe23b7a06653b47aa8729baa9c2cc,ACTION_Q,"[109, 20, 3543, 563, 7739, 1141, 2510, 8750, 81, 66, 1461, 3140, 81, 853, 563, 24168, 35, 22094, 1141, 2510, 8750, 81, 67, 1461, 3140, 81, 853, 563, 20, 35, 34, 10828, 20, 3220, 81, 1141, 2510, 8750, 81, 67, 3612, 0]",47f65a678250a9da558fed5cdd5bcbcc93896cc3c027770d0c58e43a84a0f75c,oi_conf_0038.ROLE_A,"{""actions"":[{""action"":""ACTION_P"",""expected_value"":""-1""},{""action"":""ACTION_Q"",""expected_value"":""10""}],""final_action"":""ACTION_Q""}",original,ACTION_Q,True
ibm_granite.oi_conf_0038.ROLE_A.injection.modified,2.6220626831054688,ibm_granite.oi_conf_0038.ROLE_A.injection,injection,ibm_granite,local-tree-9f747c20cdefdffbd5c06688a43c76a90b4fe23b7a06653b47aa8729baa9c2cc,ACTION_Q,"[109, 20, 3543, 563, 7739, 1141, 2510, 8750, 81, 66, 1461, 3140, 81, 853, 563, 20, 38, 22094, 1141, 2510, 8750, 81, 67, 1461, 3140, 81, 853, 563, 20, 35, 34, 10828, 20, 3220, 81, 1141, 2510, 8750, 81, 67, 3612, 0]",01b0c6c4029daa5732936c62ea11f9cf3a123f56ee0f0ba1a72a913f76354b80,oi_conf_0038.ROLE_A,"{""actions"":[{""action"":""ACTION_P"",""expected_value"":""4""},{""action"":""ACTION_Q"",""expected_value"":""10""}],""final_action"":""ACTION_Q""}",modified,ACTION_Q,True
ibm_granite.oi_conf_0039.ROLE_A.injection.original,2.662971019744873,ibm_granite.oi_conf_0039.ROLE_A.injection,injection,ibm_granite,local-tree-9f747c20cdefdffbd5c06688a43c76a90b4fe23b7a06653b47aa8729baa9c2cc,ACTION_P,"[109, 20, 3543, 563, 7739, 1141, 563, 20, 8750, 81, 66, 392, 20, 3140, 81, 853, 563, 24168, 35, 22094, 1141, 563, 20, 8750, 81, 67, 392, 20, 3140, 81, 853, 563, 24168, 34, 10828, 20, 3220, 81, 1141, 2510, 8750, 81, 67, 3612, 0]",13a26fe41e0939c953bb128af45ba79cf552086faea7cf5d57d50ed7cd6f9250,oi_conf_0039.ROLE_A,"{""actions"":[{""action"":""ACTION_P"",""expected_value"":""-1""},{""action"":""ACTION_Q"",""expected_value"":""-0""}],""final_action"":""ACTION_Q""}",original,ACTION_Q,False
ibm_granite.oi_conf_0039.ROLE_A.injection.modified,2.618992567062378,ibm_granite.oi_conf_0039.ROLE_A.injection,injection,ibm_granite,local-tree-9f747c20cdefdffbd5c06688a43c76a90b4fe23b7a06653b47aa8729baa9c2cc,ACTION_P,"[109, 20, 3543, 563, 7739, 1141, 563, 20, 8750, 81, 66, 392, 20, 3140, 81, 853, 563, 20, 40, 22094, 1141, 563, 20, 8750, 81, 67, 392, 20, 3140, 81, 853, 563, 24168, 35, 10828, 20, 3220, 81, 1141, 2510, 8750, 81, 66, 3612, 0]",8ddd433e4657e543a84077f8339b553387259c1e405e5130e39e835427813463,oi_conf_0039.ROLE_A,"{""actions"":[{""action"":""ACTION_P"",""expected_value"":""6""},{""action"":""ACTION_Q"",""expected_value"":""-1""}],""final_action"":""ACTION_P""}",modified,ACTION_P,True
ibm_granite.oi_conf_0039.ROLE_B.injection.original,3.041097402572632,ibm_granite.oi_conf_0039.ROLE_B.injection,injection,ibm_granite,local-tree-9f747c20cdefdffbd5c06688a43c76a90b4fe23b7a06653b47aa8729baa9c2cc,ACTION_Q,"[109, 20, 3543, 563, 7739, 1141, 563, 20, 8750, 81, 66, 392, 20, 3140, 81, 853, 563, 20, 40, 22094, 1141, 563, 20, 8750, 81, 67, 392, 20, 3140, 81, 853, 563, 20, 35, 38, 10828, 20, 3220, 81, 1141, 2510, 8750, 81, 67, 3612, 0]",2fbd28667e7d0a62df233209ee7f9eb1ead42663c9b2867a89860ec6bc8cf213,oi_conf_0039.ROLE_B,"{""actions"":[{""action"":""ACTION_P"",""expected_value"":""6""},{""action"":""ACTION_Q"",""expected_value"":""14""}],""final_action"":""ACTION_Q""}",original,ACTION_Q,True
ibm_granite.oi_conf_0039.ROLE_B.injection.modified,2.710261344909668,ibm_granite.oi_conf_0039.ROLE_B.injection,injection,ibm_granite,local-tree-9f747c20cdefdffbd5c06688a43c76a90b4fe23b7a06653b47aa8729baa9c2cc,ACTION_Q,"[109, 20, 3543, 563, 7739, 1141, 563, 20, 8750, 81, 66, 392, 20, 3140, 81, 853, 563, 24168, 40, 22094, 1141, 563, 20, 8750, 81, 67, 392, 20, 3140, 81, 853, 563, 24168, 35, 38, 10828, 20, 3220, 81, 1141, 2510, 8750, 81, 67, 3612, 0]",1485c5e2f19ebca27b778b3d577d388fdfa3884abe3f92b8df20f791f6edbad8,oi_conf_0039.ROLE_B,"{""actions"":[{""action"":""ACTION_P"",""expected_value"":""-6""},{""action"":""ACTION_Q"",""expected_value"":""-14""}],""final_action"":""ACTION_Q""}",modified,ACTION_Q,True
ibm_granite.oi_conf_0040.ROLE_A.injection.original,2.6904118061065674,ibm_granite.oi_conf_0040.ROLE_A.injection,injection,ibm_granite,local-tree-9f747c20cdefdffbd5c06688a43c76a90b4fe23b7a06653b47aa8729baa9c2cc,ACTION_P,"[109, 20, 3543, 563, 7739, 1141, 563, 20, 8750, 81, 67, 392, 20, 3140, 81, 853, 563, 20, 40, 22094, 1141, 563, 20, 8750, 81, 66, 392, 20, 3140, 81, 853, 563, 20, 35, 42, 10828, 20, 3220, 81, 1141, 2510, 8750, 81, 66, 3612, 0]",5bb7b7eb550d721f42a2e75ff0b82bf7b81362dd73a1575cabe90066bdf8d9d4,oi_conf_0040.ROLE_A,"{""actions"":[{""action"":""ACTION_Q"",""expected_value"":""6""},{""action"":""ACTION_P"",""expected_value"":""18""}],""final_action"":""ACTION_P""}",original,ACTION_P,True
ibm_granite.oi_conf_0040.ROLE_A.injection.modified,2.642782688140869,ibm_granite.oi_conf_0040.ROLE_A.injection,injection,ibm_granite,local-tree-9f747c20cdefdffbd5c06688a43c76a90b4fe23b7a06653b47aa8729baa9c2cc,ACTION_P,"[109, 20, 3543, 563, 7739, 1141, 563, 20, 8750, 81, 67, 392, 20, 3140, 81, 853, 563, 24168, 37, 22094, 1141, 563, 20, 8750, 81, 66, 392, 20, 3140, 81, 853, 563, 20, 35, 42, 10828, 20, 3220, 81, 1141, 2510, 8750, 81, 66, 3612, 0]",f99c85182c5dc79a66119b8708c07ffcf68994c318ed67e5d7d3ede95f52fd52,oi_conf_0040.ROLE_A,"{""actions"":[{""action"":""ACTION_Q"",""expected_value"":""-3""},{""action"":""ACTION_P"",""expected_value"":""18""}],""final_action"":""ACTION_P""}",modified,ACTION_P,True
ibm_granite.oi_conf_0041.ROLE_A.injection.original,3.068794012069702,ibm_granite.oi_conf_0041.ROLE_A.injection,injection,ibm_granite,local-tree-9f747c20cdefdffbd5c06688a43c76a90b4fe23b7a06653b47aa8729baa9c2cc,ACTION_Q,"[109, 20, 3543, 563, 7739, 1141, 563, 20, 8750, 81, 67, 392, 20, 3140, 81, 853, 563, 20, 35, 37, 22094, 1141, 563, 20, 8750, 81, 66, 392, 20, 3140, 81, 853, 563, 20, 41, 10828, 20, 3220, 81, 1141, 2510, 8750, 81, 67, 3612, 0]",d4a06546fa9b0fe3663a74762da57f29a0baa744ec6f0c546c2cb44629a5a866,oi_conf_0041.ROLE_A,"{""actions"":[{""action"":""ACTION_Q"",""expected_value"":""13""},{""action"":""ACTION_P"",""expected_value"":""7""}],""final_action"":""ACTION_Q""}",original,ACTION_Q,True
ibm_granite.oi_conf_0041.ROLE_A.injection.modified,2.683443069458008,ibm_granite.oi_conf_0041.ROLE_A.injection,injection,ibm_granite,local-tree-9f747c20cdefdffbd5c06688a43c76a90b4fe23b7a06653b47aa8729baa9c2cc,ACTION_Q,"[109, 20, 3543, 563, 7739, 1141, 563, 20, 8750, 81, 67, 392, 20, 3140, 81, 853, 563, 24168, 39, 22094, 1141, 563, 20, 8750, 81, 66, 392, 20, 3140, 81, 853, 563, 20, 40, 10828, 20, 3220, 81, 1141, 2510, 8750, 81, 66, 3612, 0]",fcc5eb644cb3d24ac361a83cb3fc74908ac8bc87b91fee6b3078a786deca34fb,oi_conf_0041.ROLE_A,"{""actions"":[{""action"":""ACTION_Q"",""expected_value"":""-5""},{""action"":""ACTION_P"",""expected_value"":""6""}],""final_action"":""ACTION_P""}",modified,ACTION_P,False
ibm_granite.oi_conf_0042.ROLE_A.injection.original,2.723813533782959,ibm_granite.oi_conf_0042.ROLE_A.injection,injection,ibm_granite,local-tree-9f747c20cdefdffbd5c06688a43c76a90b4fe23b7a06653b47aa8729baa9c2cc,ACTION_Q,"[109, 20, 3543, 563, 7739, 1141, 563, 20, 8750, 81, 67, 392, 20, 3140, 81, 853, 563, 24168, 35, 37, 22094, 1141, 563, 20, 8750, 81, 66, 392, 20, 3140, 81, 853, 563, 24168, 35, 34, 10828, 20, 3220, 81, 1141, 2510, 8750, 81, 66, 3612, 0]",1277b6a7a9411db63567a5156468f0882b2ccd5f33802f0ea391d7cb97c0e264,oi_conf_0042.ROLE_A,"{""actions"":[{""action"":""ACTION_Q"",""expected_value"":""-13""},{""action"":""ACTION_P"",""expected_value"":""-10""}],""final_action"":""ACTION_P""}",original,ACTION_P,False
ibm_granite.oi_conf_0042.ROLE_A.injection.modified,2.6790578365325928,ibm_granite.oi_conf_0042.ROLE_A.injection,injection,ibm_granite,local-tree-9f747c20cdefdffbd5c06688a43c76a90b4fe23b7a06653b47aa8729baa9c2cc,ACTION_Q,"[109, 20, 3543, 563, 7739, 1141, 563, 20, 8750, 81, 67, 392, 20, 3140, 81, 853, 563, 24168, 34, 3918, 2367, 1141, 563, 20, 8750, 81, 66, 392, 20, 3140, 81, 853, 563, 24168, 35, 34, 10828, 20, 3220, 81, 1141, 2510, 8750, 81, 66, 3612, 0]",a68d0a4f43cfa46e2236e11ec4299f47e2e7b287f574fc5b5a9981af226127b1,oi_conf_0042.ROLE_A,"{""actions"":[{""action"":""ACTION_Q"",""expected_value"":""-0""},{""action"":""ACTION_P"",""expected_value"":""-10""}],""final_action"":""ACTION_P""}",modified,ACTION_P,False
ibm_granite.oi_conf_0044.ROLE_A.injection.original,3.099709987640381,ibm_granite.oi_conf_0044.ROLE_A.injection,injection,ibm_granite,local-tree-9f747c20cdefdffbd5c06688a43c76a90b4fe23b7a06653b47aa8729baa9c2cc,ACTION_P,"[109, 20, 3543, 563, 7739, 1141, 563, 20, 8750, 81, 67, 392, 20, 3140, 81, 853, 563, 20, 37, 34, 22094, 1141, 563, 20, 8750, 81, 66, 392, 20, 3140, 81, 853, 563, 20, 36, 42, 10828, 20, 3220, 81, 1141, 2510, 8750, 81, 66, 3612, 0]",768c78255f1e1802ba471d54391153904747a733a3e42ad20553571ab2da6bb6,oi_conf_0044.ROLE_A,"{""actions"":[{""action"":""ACTION_Q"",""expected_value"":""30""},{""action"":""ACTION_P"",""expected_value"":""28""}],""final_action"":""ACTION_P""}",original,ACTION_P,True
ibm_granite.oi_conf_0044.ROLE_A.injection.modified,2.719799518585205,ibm_granite.oi_conf_0044.ROLE_A.injection,injection,ibm_granite,local-tree-9f747c20cdefdffbd5c06688a43c76a90b4fe23b7a06653b47aa8729baa9c2cc,ACTION_P,"[109, 20, 3543, 563, 7739, 1141, 563, 20, 8750, 81, 67, 392, 20, 3140, 81, 853, 563, 24168, 38, 22094, 1141, 563, 20, 8750, 81, 66, 392, 20, 3140, 81, 853, 563, 20, 36, 42, 10828, 20, 3220, 81, 1141, 2510, 8750, 81, 66, 3612, 0]",a20824724c1ea6bf28baf943804acfc3d1654117e7cc7bb11f4b61057ff17ae6,oi_conf_0044.ROLE_A,"{""actions"":[{""action"":""ACTION_Q"",""expected_value"":""-4""},{""action"":""ACTION_P"",""expected_value"":""28""}],""final_action"":""ACTION_P""}",modified,ACTION_P,True
ibm_granite.oi_conf_0045.ROLE_A.injection.original,2.6047427654266357,ibm_granite.oi_conf_0045.ROLE_A.injection,injection,ibm_granite,local-tree-9f747c20cdefdffbd5c06688a43c76a90b4fe23b7a06653b47aa8729baa9c2cc,ACTION_Q,"[109, 20, 3543, 563, 7739, 1141, 2510, 8750, 81, 67, 1461, 3140, 81, 853, 563, 20, 35, 41, 22094, 1141, 2510, 8750, 81, 66, 1461, 3140, 81, 853, 563, 24168, 43, 10828, 20, 3220, 81, 1141, 2510, 8750, 81, 67, 3612, 0]",868f47e9243a8b106d2fef5b94cd38c3dbcc30f2d73d78999a3b333a1dcb2421,oi_conf_0045.ROLE_A,"{""actions"":[{""action"":""ACTION_Q"",""expected_value"":""17""},{""action"":""ACTION_P"",""expected_value"":""-9""}],""final_action"":""ACTION_Q""}",original,ACTION_Q,True
ibm_granite.oi_conf_0045.ROLE_A.injection.modified,2.5249440670013428,ibm_granite.oi_conf_0045.ROLE_A.injection,injection,ibm_granite,local-tree-9f747c20cdefdffbd5c06688a43c76a90b4fe23b7a06653b47aa8729baa9c2cc,ACTION_Q,"[109, 20, 3543, 563, 7739, 1141, 2510, 8750, 81, 67, 1461, 3140, 81, 853, 563, 24168, 38, 22094, 1141, 2510, 8750, 81, 66, 1461, 3140, 81, 853, 563, 24168, 37, 10828, 20, 3220, 81, 1141, 2510, 8750, 81, 67, 3612, 0]",917e7f52b8fd9be860009e40319848325c66eaa260825cf21a6a6eb668826f01,oi_conf_0045.ROLE_A,"{""actions"":[{""action"":""ACTION_Q"",""expected_value"":""-4""},{""action"":""ACTION_P"",""expected_value"":""-3""}],""final_action"":""ACTION_Q""}",modified,ACTION_Q,True
ibm_granite.oi_conf_0046.ROLE_B.injection.original,3.0519492626190186,ibm_granite.oi_conf_0046.ROLE_B.injection,injection,ibm_granite,local-tree-9f747c20cdefdffbd5c06688a43c76a90b4fe23b7a06653b47aa8729baa9c2cc,ACTION_P,"[109, 20, 3543, 563, 7739, 1141, 563, 20, 8750, 81, 67, 392, 20, 3140, 81, 853, 563, 20, 38, 22094, 1141, 563, 20, 8750, 81, 66, 392, 20, 3140, 81, 853, 563, 20, 35, 40, 10828, 20, 3220, 81, 1141, 2510, 8750, 81, 66, 3612, 0]",9bf6b3d701354a4b40733bb874970bedac356c6532ca81f288917811586f6949,oi_conf_0046.ROLE_B,"{""actions"":[{""action"":""ACTION_Q"",""expected_value"":""4""},{""action"":""ACTION_P"",""expected_value"":""16""}],""final_action"":""ACTION_P""}",original,ACTION_P,True
ibm_granite.oi_conf_0046.ROLE_B.injection.modified,2.5977020263671875,ibm_granite.oi_conf_0046.ROLE_B.injection,injection,ibm_granite,local-tree-9f747c20cdefdffbd5c06688a43c76a90b4fe23b7a06653b47aa8729baa9c2cc,ACTION_P,"[109, 20, 3543, 563, 7739, 1141, 2510, 8750, 81, 67, 1461, 3140, 81, 853, 563, 20, 37, 22094, 1141, 2510, 8750, 81, 66, 1461, 3140, 81, 853, 2510, 35, 40, 10828, 20, 3220, 81, 1141, 2510, 8750, 81, 66, 3612, 0]",579b69d03fd60cffca806da5c337fcc46673df005c51c07dc8c1718302c5ea9e,oi_conf_0046.ROLE_B,"{""actions"":[{""action"":""ACTION_Q"",""expected_value"":""3""},{""action"":""ACTION_P"",""expected_value"":""16""}],""final_action"":""ACTION_P""}",modified,ACTION_P,True
ibm_granite.oi_conf_0047.ROLE_B.injection.original,2.5960936546325684,ibm_granite.oi_conf_0047.ROLE_B.injection,injection,ibm_granite,local-tree-9f747c20cdefdffbd5c06688a43c76a90b4fe23b7a06653b47aa8729baa9c2cc,ACTION_Q,"[109, 20, 3543, 563, 7739, 1141, 2510, 8750, 81, 67, 1461, 3140, 81, 853, 563, 20, 35, 41, 22094, 1141, 2510, 8750, 81, 66, 1461, 3140, 81, 853, 563, 24168, 37, 10828, 20, 3220, 81, 1141, 2510, 8750, 81, 67, 3612, 0]",ecfffb3803c7b4eb25674874c2c49d806d1cc2259344e45f23c098d8d7193944,oi_conf_0047.ROLE_B,"{""actions"":[{""action"":""ACTION_Q"",""expected_value"":""17""},{""action"":""ACTION_P"",""expected_value"":""-3""}],""final_action"":""ACTION_Q""}",original,ACTION_Q,True
ibm_granite.oi_conf_0047.ROLE_B.injection.modified,2.5142297744750977,ibm_granite.oi_conf_0047.ROLE_B.injection,injection,ibm_granite,local-tree-9f747c20cdefdffbd5c06688a43c76a90b4fe23b7a06653b47aa8729baa9c2cc,ACTION_Q,"[109, 20, 3543, 563, 7739, 1141, 2510, 8750, 81, 67, 1461, 3140, 81, 853, 563, 24168, 38, 22094, 1141, 2510, 8750, 81, 66, 1461, 3140, 81, 853, 563, 24168, 35, 10828, 20, 3220, 81, 1141, 2510, 8750, 81, 66, 3612, 0]",9ade15f0904699155aaa448c458961be24d37c6101e667724e6e94249cb2f162,oi_conf_0047.ROLE_B,"{""actions"":[{""action"":""ACTION_Q"",""expected_value"":""-4""},{""action"":""ACTION_P"",""expected_value"":""-1""}],""final_action"":""ACTION_P""}",modified,ACTION_P,False
mistral.oi_conf_0000.ROLE_A.correction.original,2.877746343612671,mistral.oi_conf_0000.ROLE_A.correction,correction,mistral,local-tree-0e666db570cdc02b55e6f64a1d7673689757f007b6c5b9a42a3b42797512be43,ACTION_P,"[29519, 29507, 6054, 2032, 29560, 7567, 2542, 11317, 18383, 29498, 29521, 1316, 29507, 8166, 29498, 2199, 2032, 29507, 29508, 29502, 8474, 7567, 2542, 11317, 18383, 29498, 29592, 1316, 29507, 8166, 29498, 2199, 11317, 29549, 18163, 1949, 29507, 7328, 29498, 2542, 11317, 18383, 29498, 29521, 18163, 2]",cacb2ca85053eccc169875b3010de1b31b38d07dccc5f8572ae30e78617ff8bd,oi_conf_0000.ROLE_A,"{""actions"":[{""action"":""ACTION_P"",""expected_value"":""10""},{""action"":""ACTION_Q"",""expected_value"":""4""}],""final_action"":""ACTION_P""}",original,ACTION_P,True
mistral.oi_conf_0000.ROLE_A.correction.modified,2.2636172771453857,mistral.oi_conf_0000.ROLE_A.correction,correction,mistral,local-tree-0e666db570cdc02b55e6f64a1d7673689757f007b6c5b9a42a3b42797512be43,ACTION_P,"[29519, 29507, 6054, 2032, 29560, 7567, 2542, 11317, 18383, 29498, 29521, 1316, 29507, 8166, 29498, 2199, 2032, 29507, 29508, 29502, 8474, 7567, 2542, 11317, 18383, 29498, 29592, 1316, 29507, 8166, 29498, 2199, 11317, 29508, 29502, 18163, 1949, 29507, 7328, 29498, 2542, 11317, 18383, 29498, 29521, 18163, 2]",14a11d83ce13c8f321ffd80b0fa8cd17ca61f9294101b4e28146342124785a10,oi_conf_0000.ROLE_A,"{""actions"":[{""action"":""ACTION_P"",""expected_value"":""10""},{""action"":""ACTION_Q"",""expected_value"":""10""}],""final_action"":""ACTION_P""}",modified,ACTION_P,True
mistral.oi_conf_0000.ROLE_B.correction.original,2.1943771839141846,mistral.oi_conf_0000.ROLE_B.correction,correction,mistral,local-tree-0e666db570cdc02b55e6f64a1d7673689757f007b6c5b9a42a3b42797512be43,ACTION_Q,"[29519, 29507, 6054, 2032, 29560, 7567, 2542, 11317, 18383, 29498, 29521, 1316, 29507, 8166, 29498, 2199, 2032, 29507, 29508, 29516, 29518, 29507, 1649, 7567, 2542, 11317, 18383, 29498, 29592, 1316, 29507, 8166, 29498, 2199, 2032, 29507, 29508, 29516, 29518, 18163, 1949, 29507, 7328, 29498, 2542, 11317, 18383, 29498, 29521, 18163, 2]",3b27ca3dbfe77ce3c3eb848bb608a87291df886db30d421234ee3b236322043b,oi_conf_0000.ROLE_B,"{""actions"":[{""action"":""ACTION_P"",""expected_value"":""1/2""},{""action"":""ACTION_Q"",""expected_value"":""1/2""}],""final_action"":""ACTION_P""}",original,ACTION_P,False
mistral.oi_conf_0000.ROLE_B.correction.modified,2.782759189605713,mistral.oi_conf_0000.ROLE_B.correction,correction,mistral,local-tree-0e666db570cdc02b55e6f64a1d7673689757f007b6c5b9a42a3b42797512be43,ACTION_Q,"[29519, 29507, 6054, 2032, 29560, 7567, 2542, 11317, 18383, 29498, 29521, 1316, 29507, 8166, 29498, 2199, 2032, 29507, 29508, 29516, 29518, 29507, 1649, 7567, 2542, 11317, 18383, 29498, 29592, 1316, 29507, 8166, 29498, 2199, 2032, 29507, 29508, 29516, 29518, 18163, 1949, 29507, 7328, 29498, 2542, 11317, 18383, 29498, 29521, 18163, 2]",6657cdd590442a9a747d55f6b09878fbd5b818c557275ba11b058a82cf7c3a37,oi_conf_0000.ROLE_B,"{""actions"":[{""action"":""ACTION_P"",""expected_value"":""1/2""},{""action"":""ACTION_Q"",""expected_value"":""1/2""}],""final_action"":""ACTION_P""}",modified,ACTION_P,False
mistral.oi_conf_0001.ROLE_A.correction.original,2.150372266769409,mistral.oi_conf_0001.ROLE_A.correction,correction,mistral,local-tree-0e666db570cdc02b55e6f64a1d7673689757f007b6c5b9a42a3b42797512be43,ACTION_Q,"[29519, 29507, 6054, 2032, 29560, 7567, 2542, 11317, 18383, 29498, 29521, 1316, 29507, 8166, 29498, 2199, 2032, 29507, 29508, 29549, 8474, 7567, 2542, 11317, 18383, 29498, 29592, 1316, 29507, 8166, 29498, 2199, 11317, 29501, 29518, 18163, 1949, 29507, 7328, 29498, 2542, 11317, 18383, 29498, 29521, 18163, 2]",785b0183f54d6c74445e8803acad40eeee46253fbb0ccdca0c9d223faf621214,oi_conf_0001.ROLE_A,"{""actions"":[{""action"":""ACTION_P"",""expected_value"":""14""},{""action"":""ACTION_Q"",""expected_value"":""-2""}],""final_action"":""ACTION_P""}",original,ACTION_P,False
mistral.oi_conf_0001.ROLE_A.correction.modified,2.1740777492523193,mistral.oi_conf_0001.ROLE_A.correction,correction,mistral,local-tree-0e666db570cdc02b55e6f64a1d7673689757f007b6c5b9a42a3b42797512be43,ACTION_Q,"[29519, 29507, 6054, 2032, 29560, 7567, 2542, 11317, 18383, 29498, 29521, 1316, 29507, 8166, 29498, 2199, 2032, 29507, 29508, 29549, 29516, 29518, 8474, 7567, 2542, 11317, 18383, 29498, 29592, 1316, 29507, 8166, 29498, 2199, 11317, 29508, 29550, 29516, 29518, 18163, 1949, 29507, 7328, 29498, 2542, 11317, 18383, 29498, 29592, 18163, 2]",2913507083785ef22727fc64527eb6c87751c9488edd96bf1d0f283598467bd9,oi_conf_0001.ROLE_A,"{""actions"":[{""action"":""ACTION_P"",""expected_value"":""14/2""},{""action"":""ACTION_Q"",""expected_value"":""15/2""}],""final_action"":""ACTION_Q""}",modified,ACTION_Q,True
mistral.oi_conf_0001.ROLE_B.correction.original,2.168623208999634,mistral.oi_conf_0001.ROLE_B.correction,correction,mistral,local-tree-0e666db570cdc02b55e6f64a1d7673689757f007b6c5b9a42a3b42797512be43,ACTION_P,"[29519, 29507, 6054, 2032, 29560, 7567, 2542, 11317, 18383, 29498, 29521, 1316, 29507, 8166, 29498, 2199, 2032, 29507, 29549, 8474, 7567, 2542, 11317, 18383, 29498, 29592, 1316, 29507, 8166, 29498, 2199, 11317, 29518, 18163, 1949, 29507, 7328, 29498, 2542, 11317, 18383, 29498, 29521, 18163, 2]",81db8cc9617168c10b349a55e8f4f487b5b3da35aee34ff55fdba288f38419dc,oi_conf_0001.ROLE_B,"{""actions"":[{""action"":""ACTION_P"",""expected_value"":""4""},{""action"":""ACTION_Q"",""expected_value"":""2""}],""final_action"":""ACTION_P""}",original,ACTION_P,True
mistral.oi_conf_0001.ROLE_B.correction.modified,2.392078399658203,mistral.oi_conf_0001.ROLE_B.correction,correction,mistral,local-tree-0e666db570cdc02b55e6f64a1d7673689757f007b6c5b9a42a3b42797512be43,ACTION_P,"[29519, 29507, 6054, 2032, 29560, 7567, 2542, 11317, 18383, 29498, 29521, 1316, 29507, 8166, 29498, 2199, 2032, 29507, 29549, 8474, 7567, 2542, 11317, 18383, 29498, 29592, 1316, 29507, 8166, 29498, 2199, 11317, 29550, 18163, 1949, 29507, 7328, 29498, 2542, 11317, 18383, 29498, 29592, 18163, 2]",c4241821e31dff7997cf86b3067ca2eec08e13ea46d25c0975f730c58ef857a5,oi_conf_0001.ROLE_B,"{""actions"":[{""action"":""ACTION_P"",""expected_value"":""4""},{""action"":""ACTION_Q"",""expected_value"":""5""}],""final_action"":""ACTION_Q""}",modified,ACTION_Q,False
mistral.oi_conf_0002.ROLE_A.correction.original,2.2991504669189453,mistral.oi_conf_0002.ROLE_A.correction,correction,mistral,local-tree-0e666db570cdc02b55e6f64a1d7673689757f007b6c5b9a42a3b42797512be43,ACTION_Q,"[29519, 29507, 6054, 2032, 29560, 7567, 2542, 11317, 18383, 29498, 29521, 1316, 29507, 8166, 29498, 2199, 2032, 29507, 29501, 29552, 8474, 7567, 2542, 11317, 18383, 29498, 29592, 1316, 29507, 8166, 29498, 2199, 11317, 29508, 29551, 18163, 1949, 29507, 7328, 29498, 2542, 11317, 18383, 29498, 29521, 18163, 2]",03293eed96a411c62109112938c424a377c24eebc619f2c76280e5b040849ee6,oi_conf_0002.ROLE_A,"{""actions"":[{""action"":""ACTION_P"",""expected_value"":""-6""},{""action"":""ACTION_Q"",""expected_value"":""18""}],""final_action"":""ACTION_P""}",original,ACTION_P,False
mistral.oi_conf_0002.ROLE_A.correction.modified,2.438784122467041,mistral.oi_conf_0002.ROLE_A.correction,correction,mistral,local-tree-0e666db570cdc02b55e6f64a1d7673689757f007b6c5b9a42a3b42797512be43,ACTION_Q,"[29519, 29507, 6054, 2032, 29560, 7567, 2542, 11317, 18383, 29498, 29521, 1316, 29507, 8166, 29498, 2199, 2032, 29507, 29502, 8474, 7567, 2542, 11317, 18383, 29498, 29592, 1316, 29507, 8166, 29498, 2199, 11317, 29508, 29550, 18163, 1949, 29507, 7328, 29498, 2542, 11317, 18383, 29498, 29592, 18163, 2]",70f7e0422467490100a5ab65d678aa2becda71efa7e36dbfb10de7e7ea995bd8,oi_conf_0002.ROLE_A,"{""actions"":[{""action"":""ACTION_P"",""expected_value"":""0""},{""action"":""ACTION_Q"",""expected_value"":""15""}],""final_action"":""ACTION_Q""}",modified,ACTION_Q,True
mistral.oi_conf_0002.ROLE_B.correction.original,2.114392042160034,mistral.oi_conf_0002.ROLE_B.correction,correction,mistral,local-tree-0e666db570cdc02b55e6f64a1d7673689757f007b6c5b9a42a3b42797512be43,ACTION_P,"[29519, 29507, 6054, 2032, 29560, 7567, 2542, 11317, 18383, 29498, 29521, 1316, 29507, 8166, 29498, 2199, 2032, 29507, 29538, 29549, 8474, 7567, 2542, 11317, 18383, 29498, 29592, 1316, 29507, 8166, 29498, 2199, 11317, 29508, 29551, 18163, 1949, 29507, 7328, 29498, 2542, 11317, 18383, 29498, 29521, 18163, 2]",0bd901815cb950698b90d2bab20c30f59e011dc903624e21164d05f38c67fed1,oi_conf_0002.ROLE_B,"{""actions"":[{""action"":""ACTION_P"",""expected_value"":""34""},{""action"":""ACTION_Q"",""expected_value"":""18""}],""final_action"":""ACTION_P""}",original,ACTION_P,True
mistral.oi_conf_0002.ROLE_B.correction.modified,2.589062452316284,mistral.oi_conf_0002.ROLE_B.correction,correction,mistral,local-tree-0e666db570cdc02b55e6f64a1d7673689757f007b6c5b9a42a3b42797512be43,ACTION_P,"[29519, 29507, 6054, 2032, 29560, 7567, 2542, 11317, 18383, 29498, 29521, 1316, 29507, 8166, 29498, 2199, 2032, 29507, 29538, 29549, 8474, 7567, 2542, 11317, 18383, 29498, 29592, 1316, 29507, 8166, 29498, 2199, 11317, 29542, 18163, 1949, 29507, 7328, 29498, 2542, 11317, 18383, 29498, 29521, 18163, 2]",fad103c8bd266f608a7262bdf0cb60853b04a6b71a4d0b0e4404d8f2e954ea83,oi_conf_0002.ROLE_B,"{""actions"":[{""action"":""ACTION_P"",""expected_value"":""34""},{""action"":""ACTION_Q"",""expected_value"":""9""}],""final_action"":""ACTION_P""}",modified,ACTION_P,True
mistral.oi_conf_0003.ROLE_A.correction.original,2.047872304916382,mistral.oi_conf_0003.ROLE_A.correction,correction,mistral,local-tree-0e666db570cdc02b55e6f64a1d7673689757f007b6c5b9a42a3b42797512be43,ACTION_P,"[29519, 29507, 6054, 2032, 29560, 7567, 2542, 11317, 18383, 29498, 29521, 1316, 29507, 8166, 29498, 2199, 2032, 29507, 29538, 8474, 7567, 2542, 11317, 18383, 29498, 29592, 1316, 29507, 8166, 29498, 2199, 11317, 29501, 29538, 18163, 1949, 29507, 7328, 29498, 2542, 11317, 18383, 29498, 29521, 18163, 2]",f0d12cec3bfde0feb91cbb788b8a62e37a1e1a08a53456dc774d2be2faa0dac0,oi_conf_0003.ROLE_A,"{""actions"":[{""action"":""ACTION_P"",""expected_value"":""3""},{""action"":""ACTION_Q"",""expected_value"":""-3""}],""final_action"":""ACTION_P""}",original,ACTION_P,True
mistral.oi_conf_0003.ROLE_A.correction.modified,2.3563284873962402,mistral.oi_conf_0003.ROLE_A.correction,correction,mistral,local-tree-0e666db570cdc02b55e6f64a1d7673689757f007b6c5b9a42a3b42797512be43,ACTION_P,"[29519, 29507, 6054, 2032, 29560, 7567, 2542, 11317, 18383, 29498, 29521, 1316, 29507, 8166, 29498, 2199, 2032, 29507, 29508, 29516, 29538, 29507, 1649, 7567, 2542, 11317, 18383, 29498, 29592, 1316, 29507, 8166, 29498, 2199, 2032, 29507, 29501, 29518, 29516, 29538, 18163, 1949, 29507, 7328, 29498, 2542, 11317, 18383, 29498, 29521, 18163, 2]",c5fd3a729dcbd6b9e09abb10c17e070b33e66b5c355f11a02e7d4ccb6ea6e7ac,oi_conf_0003.ROLE_A,"{""actions"":[{""action"":""ACTION_P"",""expected_value"":""1/3""},{""action"":""ACTION_Q"",""expected_value"":""-2/3""}],""final_action"":""ACTION_P""}",modified,ACTION_P,True
mistral.oi_conf_0003.ROLE_B.correction.original,2.5060770511627197,mistral.oi_conf_0003.ROLE_B.correction,correction,mistral,local-tree-0e666db570cdc02b55e6f64a1d7673689757f007b6c5b9a42a3b42797512be43,ACTION_Q,"[29519, 29507, 6054, 2032, 29560, 7567, 2542, 11317, 18383, 29498, 29521, 1316, 29507, 8166, 29498, 2199, 2032, 29507, 29508, 29549, 29516, 29538, 8474, 7567, 2542, 11317, 18383, 29498, 29592, 1316, 29507, 8166, 29498, 2199, 11317, 29508, 29550, 29516, 29518, 18163, 1949, 29507, 7328, 29498, 2542, 11317, 18383, 29498, 29521, 18163, 2]",32da69cda347859bbc2ba3f27f379359d36db58fd369a2f0e9ea34d757cf1773,oi_conf_0003.ROLE_B,"{""actions"":[{""action"":""ACTION_P"",""expected_value"":""14/3""},{""action"":""ACTION_Q"",""expected_value"":""15/2""}],""final_action"":""ACTION_P""}",original,ACTION_P,False
mistral.oi_conf_0003.ROLE_B.correction.modified,2.417612314224243,mistral.oi_conf_0003.ROLE_B.correction,correction,mistral,local-tree-0e666db570cdc02b55e6f64a1d7673689757f007b6c5b9a42a3b42797512be43,ACTION_Q,"[29519, 29507, 6054, 2032, 29560, 7567, 2542, 11317, 18383, 29498, 29521, 1316, 29507, 8166, 29498, 2199, 2032, 29507, 29508, 29549, 29516, 29538, 8474, 7567, 2542, 11317, 18383, 29498, 29592, 1316, 29507, 8166, 29498, 2199, 11317, 29508, 29551, 29516, 29538, 18163, 1949, 29507, 7328, 29498, 2542, 11317, 18383, 29498, 29521, 18163, 2]",82b83aad3be29af70d586500b4969c33237c1e903485bcefccb58235fa632b54,oi_conf_0003.ROLE_B,"{""actions"":[{""action"":""ACTION_P"",""expected_value"":""14/3""},{""action"":""ACTION_Q"",""expected_value"":""18/3""}],""final_action"":""ACTION_P""}",modified,ACTION_P,False
mistral.oi_conf_0004.ROLE_A.correction.original,2.4731156826019287,mistral.oi_conf_0004.ROLE_A.correction,correction,mistral,local-tree-0e666db570cdc02b55e6f64a1d7673689757f007b6c5b9a42a3b42797512be43,ACTION_P,"[29519, 29507, 6054, 2032, 29560, 7567, 2542, 11317, 18383, 29498, 29521, 1316, 29507, 8166, 29498, 2199, 2032, 29507, 29538, 8474, 7567, 2542, 11317, 18383, 29498, 29592, 1316, 29507, 8166, 29498, 2199, 11317, 29508, 29502, 18163, 1949, 29507, 7328, 29498, 2542, 11317, 18383, 29498, 29521, 18163, 2]",d45b016dbc04b0790c5cc56d25b348685143451ee8f8f8a34ee1d9a6b610177a,oi_conf_0004.ROLE_A,"{""actions"":[{""action"":""ACTION_P"",""expected_value"":""3""},{""action"":""ACTION_Q"",""expected_value"":""10""}],""final_action"":""ACTION_P""}",original,ACTION_P,True
mistral.oi_conf_0004.ROLE_A.correction.modified,2.4146177768707275,mistral.oi_conf_0004.ROLE_A.correction,correction,mistral,local-tree-0e666db570cdc02b55e6f64a1d7673689757f007b6c5b9a42a3b42797512be43,ACTION_P,"[29519, 29507, 6054, 2032, 29560, 7567, 2542, 11317, 18383, 29498, 29521, 1316, 29507, 8166, 29498, 2199, 2032, 29507, 29538, 29516, 29518, 29549, 29508, 8474, 7567, 2542, 11317, 18383, 29498, 29592, 1316, 29507, 8166, 29498, 2199, 2032, 29507, 29508, 29516, 29549, 29551, 29538, 18163, 1949, 29507, 7328, 29498, 2542, 11317, 18383, 29498, 29521, 18163, 2]",3429d5d838e314476b700dfdd046a4fc04b4c26af22e80e0492a5d5c1d3f5e5f,oi_conf_0004.ROLE_A,"{""actions"":[{""action"":""ACTION_P"",""expected_value"":""3/241""},{""action"":""ACTION_Q"",""expected_value"":""1/483""}],""final_action"":""ACTION_P""}",modified,ACTION_P,True
mistral.oi_conf_0004.ROLE_B.correction.original,2.205048084259033,mistral.oi_conf_0004.ROLE_B.correction,correction,mistral,local-tree-0e666db570cdc02b55e6f64a1d7673689757f007b6c5b9a42a3b42797512be43,ACTION_Q,"[29519, 29507, 6054, 2032, 29560, 7567, 2542, 11317, 18383, 29498, 29521, 1316, 29507, 8166, 29498, 2199, 2032, 29507, 29538, 8474, 7567, 2542, 11317, 18383, 29498, 29592, 1316, 29507, 8166, 29498, 2199, 11317, 29508, 29552, 18163, 1949, 29507, 7328, 29498, 2542, 11317, 18383, 29498, 29592, 18163, 2]",fe9967cae58232552b6a28767c0131e1b97867c8ff37700e991a87eaa0db4804,oi_conf_0004.ROLE_B,"{""actions"":[{""action"":""ACTION_P"",""expected_value"":""3""},{""action"":""ACTION_Q"",""expected_value"":""16""}],""final_action"":""ACTION_Q""}",original,ACTION_Q,True
mistral.oi_conf_0004.ROLE_B.correction.modified,2.075983762741089,mistral.oi_conf_0004.ROLE_B.correction,correction,mistral,local-tree-0e666db570cdc02b55e6f64a1d7673689757f007b6c5b9a42a3b42797512be43,ACTION_Q,"[29519, 29507, 6054, 2032, 29560, 7567, 2542, 11317, 18383, 29498, 29521, 1316, 29507, 8166, 29498, 2199, 2032, 29507, 29538, 29516, 29538, 8474, 7567, 2542, 11317, 18383, 29498, 29592, 1316, 29507, 8166, 29498, 2199, 11317, 29508, 29549, 29516, 29538, 18163, 1949, 29507, 7328, 29498, 2542, 11317, 18383, 29498, 29592, 18163, 2]",4d4617d13152fe2d55816bde3ae1eb5a3a7342e4685732a5944c3e4045cc8433,oi_conf_0004.ROLE_B,"{""actions"":[{""action"":""ACTION_P"",""expected_value"":""3/3""},{""action"":""ACTION_Q"",""expected_value"":""14/3""}],""final_action"":""ACTION_Q""}",modified,ACTION_Q,True
mistral.oi_conf_0005.ROLE_A.correction.original,2.501413345336914,mistral.oi_conf_0005.ROLE_A.correction,correction,mistral,local-tree-0e666db570cdc02b55e6f64a1d7673689757f007b6c5b9a42a3b42797512be43,ACTION_Q,"[29519, 29507, 6054, 2032, 29560, 7567, 2542, 11317, 18383, 29498, 29521, 1316, 29507, 8166, 29498, 2199, 2032, 29507, 29508, 29550, 8474, 7567, 2542, 11317, 18383, 29498, 29592, 1316, 29507, 8166, 29498, 2199, 11317, 29502, 18163, 1949, 29507, 7328, 29498, 2542, 11317, 18383, 29498, 29521, 18163, 2]",1cd0b50abb66ca5955d5284aec5dcf1a70e1b5bf127eecac6d4e53062412ad5b,oi_conf_0005.ROLE_A,"{""actions"":[{""action"":""ACTION_P"",""expected_value"":""15""},{""action"":""ACTION_Q"",""expected_value"":""0""}],""final_action"":""ACTION_P""}",original,ACTION_P,False
mistral.oi_conf_0005.ROLE_A.correction.modified,2.076434850692749,mistral.oi_conf_0005.ROLE_A.correction,correction,mistral,local-tree-0e666db570cdc02b55e6f64a1d7673689757f007b6c5b9a42a3b42797512be43,ACTION_Q,"[29519, 29507, 6054, 2032, 29560, 7567, 2542, 11317, 18383, 29498, 29521, 1316, 29507, 8166, 29498, 2199, 2032, 29507, 29538, 8474, 7567, 2542, 11317, 18383, 29498, 29592, 1316, 29507, 8166, 29498, 2199, 2032, 29507, 29549, 18163, 1949, 29507, 7328, 29498, 2542, 11317, 18383, 29498, 29521, 18163, 2]",d75c4679bba1aadd8791d8ce7b1f19dc4fd509d6f2a4472dbf42e1ee25e96880,oi_conf_0005.ROLE_A,"{""actions"":[{""action"":""ACTION_P"",""expected_value"":""3""},{""action"":""ACTION_Q"",""expected_value"":""4""}],""final_action"":""ACTION_P""}",modified,ACTION_P,False
mistral.oi_conf_0005.ROLE_B.correction.original,2.7454190254211426,mistral.oi_conf_0005.ROLE_B.correction,correction,mistral,local-tree-0e666db570cdc02b55e6f64a1d7673689757f007b6c5b9a42a3b42797512be43,ACTION_P,"[29519, 29507, 6054, 2032, 29560, 7567, 2542, 11317, 18383, 29498, 29521, 1316, 29507, 8166, 29498, 2199, 2032, 29507, 29508, 29516, 29538, 29507, 1649, 7567, 2542, 11317, 18383, 29498, 29592, 1316, 29507, 8166, 29498, 2199, 2032, 29507, 29518, 29516, 29538, 29507, 10925, 1630, 7328, 29498, 2542, 11317, 18383, 29498, 29521, 18163, 2]",f35f22eeb0f1f3b4bab45575e5bf94861468f889b73fccfced92fca69d0188ad,oi_conf_0005.ROLE_B,"{""actions"":[{""action"":""ACTION_P"",""expected_value"":""1/3""},{""action"":""ACTION_Q"",""expected_value"":""2/3""}],""final_action"":""ACTION_P""}",original,ACTION_P,True
mistral.oi_conf_0005.ROLE_B.correction.modified,2.193390369415283,mistral.oi_conf_0005.ROLE_B.correction,correction,mistral,local-tree-0e666db570cdc02b55e6f64a1d7673689757f007b6c5b9a42a3b42797512be43,ACTION_P,"[29519, 29507, 6054, 2032, 29560, 7567, 2542, 11317, 18383, 29498, 29521, 1316, 29507, 8166, 29498, 2199, 2032, 29507, 29508, 29516, 29538, 29507, 1649, 7567, 2542, 11317, 18383, 29498, 29592, 1316, 29507, 8166, 29498, 2199, 2032, 29507, 29501, 29518, 29516, 29538, 29507, 10925, 1630, 7328, 29498, 2542, 11317, 18383, 29498, 29521, 18163, 2]",feb939694629c5640b2d80755f947439147d7eb579fd2a3c4d84d9bb5c4bd459,oi_conf_0005.ROLE_B,"{""actions"":[{""action"":""ACTION_P"",""expected_value"":""1/3""},{""action"":""ACTION_Q"",""expected_value"":""-2/3""}],""final_action"":""ACTION_P""}",modified,ACTION_P,True
mistral.oi_conf_0006.ROLE_A.correction.original,2.5547051429748535,mistral.oi_conf_0006.ROLE_A.correction,correction,mistral,local-tree-0e666db570cdc02b55e6f64a1d7673689757f007b6c5b9a42a3b42797512be43,ACTION_Q,"[29519, 29507, 6054, 2032, 29560, 7567, 2542, 11317, 18383, 29498, 29521, 1316, 29507, 8166, 29498, 2199, 2032, 29507, 29538, 29516, 29551, 29507, 1649, 7567, 2542, 11317, 18383, 29498, 29592, 1316, 29507, 8166, 29498, 2199, 2032, 29507, 29550, 29516, 29551, 18163, 1949, 29507, 7328, 29498, 2542, 11317, 18383, 29498, 29592, 18163, 2]",81a034912b830446c53e2fc2fc9fad868a0697bc8d19272b4794e06b48ca47e3,oi_conf_0006.ROLE_A,"{""actions"":[{""action"":""ACTION_P"",""expected_value"":""3/8""},{""action"":""ACTION_Q"",""expected_value"":""5/8""}],""final_action"":""ACTION_Q""}",original,ACTION_Q,True
mistral.oi_conf_0006.ROLE_A.correction.modified,2.214634656906128,mistral.oi_conf_0006.ROLE_A.correction,correction,mistral,local-tree-0e666db570cdc02b55e6f64a1d7673689757f007b6c5b9a42a3b42797512be43,ACTION_Q,"[29519, 29507, 6054, 2032, 29560, 7567, 2542, 11317, 18383, 29498, 29521, 1316, 29507, 8166, 29498, 2199, 2032, 29507, 29538, 29516, 29551, 29507, 1649, 7567, 2542, 11317, 18383, 29498, 29592, 1316, 29507, 8166, 29498, 2199, 2032, 29507, 29550, 29516, 29551, 18163, 1949, 29507, 7328, 29498, 2542, 11317, 18383, 29498, 29521, 18163, 2]",8d1391a5ee27ccd884422e483a9d296e8d56c520ebaf2e0519bf9aeae03c8fbe,oi_conf_0006.ROLE_A,"{""actions"":[{""action"":""ACTION_P"",""expected_value"":""3/8""},{""action"":""ACTION_Q"",""expected_value"":""5/8""}],""final_action"":""ACTION_P""}",modified,ACTION_P,False
mistral.oi_conf_0007.ROLE_A.correction.original,2.2045819759368896,mistral.oi_conf_0007.ROLE_A.correction,correction,mistral,local-tree-0e666db570cdc02b55e6f64a1d7673689757f007b6c5b9a42a3b42797512be43,ACTION_P,"[29519, 29507, 6054, 2032, 29560, 7567, 2542, 11317, 18383, 29498, 29521, 1316, 29507, 8166, 29498, 2199, 2032, 29507, 29538, 29516, 29508, 29502, 29507, 1649, 7567, 2542, 11317, 18383, 29498, 29592, 1316, 29507, 8166, 29498, 2199, 11317, 29508, 29538, 29516, 29508, 29502, 18163, 1949, 29507, 7328, 29498, 2542, 11317, 18383, 29498, 29592, 18163, 2]",44f8a1feb1f59e469b213fd3fc48781a756c6bf56f29d55ef1b48d4f864af731,oi_conf_0007.ROLE_A,"{""actions"":[{""action"":""ACTION_P"",""expected_value"":""3/10""},{""action"":""ACTION_Q"",""expected_value"":""13/10""}],""final_action"":""ACTION_Q""}",original,ACTION_Q,False
mistral.oi_conf_0007.ROLE_A.correction.modified,2.587163209915161,mistral.oi_conf_0007.ROLE_A.correction,correction,mistral,local-tree-0e666db570cdc02b55e6f64a1d7673689757f007b6c5b9a42a3b42797512be43,ACTION_P,"[29519, 29507, 6054, 2032, 29560, 7567, 2542, 11317, 18383, 29498, 29521, 1316, 29507, 8166, 29498, 2199, 2032, 29507, 29538, 29516, 29508, 29502, 8474, 7567, 2542, 11317, 18383, 29498, 29592, 1316, 29507, 8166, 29498, 2199, 11317, 29501, 29538, 29516, 29518, 29502, 18163, 1949, 29507, 7328, 29498, 2542, 11317, 18383, 29498, 29521, 18163, 2]",267a6e6ce908689b3b042e2a24f0f665b5519629a1e5df2d5aab037cf9e28ade,oi_conf_0007.ROLE_A,"{""actions"":[{""action"":""ACTION_P"",""expected_value"":""3/10""},{""action"":""ACTION_Q"",""expected_value"":""-3/20""}],""final_action"":""ACTION_P""}",modified,ACTION_P,True
mistral.oi_conf_0008.ROLE_A.correction.original,2.2466611862182617,mistral.oi_conf_0008.ROLE_A.correction,correction,mistral,local-tree-0e666db570cdc02b55e6f64a1d7673689757f007b6c5b9a42a3b42797512be43,ACTION_P,"[29519, 29507, 6054, 2032, 29560, 7567, 2542, 11317, 18383, 29498, 29592, 1316, 29507, 8166, 29498, 2199, 2032, 29507, 29508, 29518, 29550, 29516, 29552, 8474, 7567, 2542, 11317, 18383, 29498, 29521, 1316, 29507, 8166, 29498, 2199, 11317, 29508, 29549, 29555, 29516, 29508, 29518, 18163, 1949, 29507, 7328, 29498, 2542, 11317, 18383, 29498, 29592, 18163, 2]",e5398a8efebba7f2210622a3f3abe816223100c9cf1f37b3dcfa06c34d9d91f1,oi_conf_0008.ROLE_A,"{""actions"":[{""action"":""ACTION_Q"",""expected_value"":""125/6""},{""action"":""ACTION_P"",""expected_value"":""147/12""}],""final_action"":""ACTION_Q""}",original,ACTION_Q,False
mistral.oi_conf_0008.ROLE_A.correction.modified,2.131458044052124,mistral.oi_conf_0008.ROLE_A.correction,correction,mistral,local-tree-0e666db570cdc02b55e6f64a1d7673689757f007b6c5b9a42a3b42797512be43,ACTION_P,"[29519, 29507, 6054, 2032, 29560, 7567, 2542, 11317, 18383, 29498, 29592, 1316, 29507, 8166, 29498, 2199, 2032, 29507, 29538, 29555, 29550, 8474, 7567, 2542, 11317, 18383, 29498, 29521, 1316, 29507, 8166, 29498, 2199, 11317, 29542, 29502, 29502, 18163, 1949, 29507, 7328, 29498, 2542, 11317, 18383, 29498, 29521, 18163, 2]",175f290caa60729a33ddc9eaf8234f5d0a56803e8716929053d5986e76948658,oi_conf_0008.ROLE_A,"{""actions"":[{""action"":""ACTION_Q"",""expected_value"":""375""},{""action"":""ACTION_P"",""expected_value"":""900""}],""final_action"":""ACTION_P""}",modified,ACTION_P,True
mistral.oi_conf_0008.ROLE_B.correction.original,2.395094633102417,mistral.oi_conf_0008.ROLE_B.correction,correction,mistral,local-tree-0e666db570cdc02b55e6f64a1d7673689757f007b6c5b9a42a3b42797512be43,ACTION_Q,"[29519, 29507, 6054, 2032, 29560, 7567, 2542, 11317, 18383, 29498, 29592, 1316, 29507, 8166, 29498, 2199, 2032, 29507, 29549, 8474, 7567, 2542, 11317, 18383, 29498, 29521, 1316, 29507, 8166, 29498, 2199, 11317, 29552, 18163, 1949, 29507, 7328, 29498, 2542, 11317, 18383, 29498, 29592, 18163, 2]",9a898b624d1ab18dd3d81d94120414571b30c1c6730593b8361061a537cbe6de,oi_conf_0008.ROLE_B,"{""actions"":[{""action"":""ACTION_Q"",""expected_value"":""4""},{""action"":""ACTION_P"",""expected_value"":""6""}],""final_action"":""ACTION_Q""}",original,ACTION_Q,True
mistral.oi_conf_0008.ROLE_B.correction.modified,2.1660382747650146,mistral.oi_conf_0008.ROLE_B.correction,correction,mistral,local-tree-0e666db570cdc02b55e6f64a1d7673689757f007b6c5b9a42a3b42797512be43,ACTION_Q,"[29519, 29507, 6054, 2032, 29560, 7567, 2542, 11317, 18383, 29498, 29592, 1316, 29507, 8166, 29498, 2199, 2032, 29507, 29538, 29516, 29518, 8474, 7567, 2542, 11317, 18383, 29498, 29521, 1316, 29507, 8166, 29498, 2199, 11317, 29501, 29508, 29516, 29518, 18163, 1949, 29507, 7328, 29498, 2542, 11317, 18383, 29498, 29592, 18163, 2]",75e952360727ccae5e2b003937be1a51953b9c86060b75ed9afd356090ba9e60,oi_conf_0008.ROLE_B,"{""actions"":[{""action"":""ACTION_Q"",""expected_value"":""3/2""},{""action"":""ACTION_P"",""expected_value"":""-1/2""}],""final_action"":""ACTION_Q""}",modified,ACTION_Q,True
mistral.oi_conf_0009.ROLE_B.correction.original,2.43845534324646,mistral.oi_conf_0009.ROLE_B.correction,correction,mistral,local-tree-0e666db570cdc02b55e6f64a1d7673689757f007b6c5b9a42a3b42797512be43,ACTION_P,"[29519, 29507, 6054, 2032, 29560, 7567, 2542, 11317, 18383, 29498, 29592, 1316, 29507, 8166, 29498, 2199, 2032, 29507, 29502, 8474, 7567, 2542, 11317, 18383, 29498, 29521, 1316, 29507, 8166, 29498, 2199, 2032, 29507, 29508, 18163, 1949, 29507, 7328, 29498, 2542, 11317, 18383, 29498, 29592, 18163, 2]",1c2eabb0d677765d81fa989a365f4afb7c8f0a166f572215f1b3ec567dc221e5,oi_conf_0009.ROLE_B,"{""actions"":[{""action"":""ACTION_Q"",""expected_value"":""0""},{""action"":""ACTION_P"",""expected_value"":""1""}],""final_action"":""ACTION_Q""}",original,ACTION_Q,False
mistral.oi_conf_0009.ROLE_B.correction.modified,2.0665557384490967,mistral.oi_conf_0009.ROLE_B.correction,correction,mistral,local-tree-0e666db570cdc02b55e6f64a1d7673689757f007b6c5b9a42a3b42797512be43,ACTION_P,"[29519, 29507, 6054, 2032, 29560, 7567, 2542, 11317, 18383, 29498, 29592, 1316, 29507, 8166, 29498, 2199, 2032, 29507, 29502, 8474, 7567, 2542, 11317, 18383, 29498, 29521, 1316, 29507, 8166, 29498, 2199, 11317, 29502, 18163, 1949, 29507, 7328, 29498, 2542, 11317, 18383, 29498, 29592, 18163, 2]",208a815f2ccea75a2988b8c5ca23bfe50d265d4302af3991cd23dff9d5b1ded1,oi_conf_0009.ROLE_B,"{""actions"":[{""action"":""ACTION_Q"",""expected_value"":""0""},{""action"":""ACTION_P"",""expected_value"":""0""}],""final_action"":""ACTION_Q""}",modified,ACTION_Q,False
mistral.oi_conf_0010.ROLE_A.correction.original,2.040459156036377,mistral.oi_conf_0010.ROLE_A.correction,correction,mistral,local-tree-0e666db570cdc02b55e6f64a1d7673689757f007b6c5b9a42a3b42797512be43,ACTION_Q,"[29519, 29507, 6054, 2032, 29560, 7567, 2542, 11317, 18383, 29498, 29592, 1316, 29507, 8166, 29498, 2199, 2032, 29507, 29508, 29549, 8474, 7567, 2542, 11317, 18383, 29498, 29521, 1316, 29507, 8166, 29498, 2199, 11317, 29542, 18163, 1949, 29507, 7328, 29498, 2542, 11317, 18383, 29498, 29592, 18163, 2]",a80aa02d711583bee521f2c33950ada3920b41894ef640a1ef0e21fd85ba6c2b,oi_conf_0010.ROLE_A,"{""actions"":[{""action"":""ACTION_Q"",""expected_value"":""14""},{""action"":""ACTION_P"",""expected_value"":""9""}],""final_action"":""ACTION_Q""}",original,ACTION_Q,True
mistral.oi_conf_0010.ROLE_A.correction.modified,2.4334053993225098,mistral.oi_conf_0010.ROLE_A.correction,correction,mistral,local-tree-0e666db570cdc02b55e6f64a1d7673689757f007b6c5b9a42a3b42797512be43,ACTION_Q,"[29519, 29507, 6054, 2032, 29560, 7567, 2542, 11317, 18383, 29498, 29592, 1316, 29507, 8166, 29498, 2199, 2032, 29507, 29502, 8474, 7567, 2542, 11317, 18383, 29498, 29521, 1316, 29507, 8166, 29498, 2199, 11317, 29502, 18163, 1949, 29507, 7328, 29498, 2542, 11317, 18383, 29498, 29592, 18163, 2]",5ace0f6f839429b3a1fc23b625d88e6ef967fec05cd0197d1021e671d9ac04e7,oi_conf_0010.ROLE_A,"{""actions"":[{""action"":""ACTION_Q"",""expected_value"":""0""},{""action"":""ACTION_P"",""expected_value"":""0""}],""final_action"":""ACTION_Q""}",modified,ACTION_Q,True
mistral.oi_conf_0010.ROLE_B.correction.original,2.0744080543518066,mistral.oi_conf_0010.ROLE_B.correction,correction,mistral,local-tree-0e666db570cdc02b55e6f64a1d7673689757f007b6c5b9a42a3b42797512be43,ACTION_P,"[29519, 29507, 6054, 2032, 29560, 7567, 2542, 11317, 18383, 29498, 29592, 1316, 29507, 8166, 29498, 2199, 2032, 29507, 29508, 29549, 8474, 7567, 2542, 11317, 18383, 29498, 29521, 1316, 29507, 8166, 29498, 2199, 11317, 29542, 18163, 1949, 29507, 7328, 29498, 2542, 11317, 18383, 29498, 29592, 18163, 2]",fdfcd4d0ee45bcdb9b5ceb2c6595ebc9dcb531b00fc80106fd418a4a11051767,oi_conf_0010.ROLE_B,"{""actions"":[{""action"":""ACTION_Q"",""expected_value"":""14""},{""action"":""ACTION_P"",""expected_value"":""9""}],""final_action"":""ACTION_Q""}",original,ACTION_Q,False
mistral.oi_conf_0010.ROLE_B.correction.modified,2.0593764781951904,mistral.oi_conf_0010.ROLE_B.correction,correction,mistral,local-tree-0e666db570cdc02b55e6f64a1d7673689757f007b6c5b9a42a3b42797512be43,ACTION_P,"[29519, 29507, 6054, 2032, 29560, 7567, 2542, 11317, 18383, 29498, 29592, 1316, 29507, 8166, 29498, 2199, 2032, 29507, 29508, 29552, 8474, 7567, 2542, 11317, 18383, 29498, 29521, 1316, 29507, 8166, 29498, 2199, 11317, 29508, 29551, 18163, 1949, 29507, 7328, 29498, 2542, 11317, 18383, 29498, 29521, 18163, 2]",09ceeb2c0f681860aa5552673b7191e93d1130401fa3f35c572801832dd277b5,oi_conf_0010.ROLE_B,"{""actions"":[{""action"":""ACTION_Q"",""expected_value"":""16""},{""action"":""ACTION_P"",""expected_value"":""18""}],""final_action"":""ACTION_P""}",modified,ACTION_P,True
mistral.oi_conf_0011.ROLE_A.correction.original,2.4045770168304443,mistral.oi_conf_0011.ROLE_A.correction,correction,mistral,local-tree-0e666db570cdc02b55e6f64a1d7673689757f007b6c5b9a42a3b42797512be43,ACTION_P,"[29519, 29507, 6054, 2032, 29560, 7567, 2542, 11317, 18383, 29498, 29592, 1316, 29507, 8166, 29498, 2199, 2032, 29507, 29502, 8474, 7567, 2542, 11317, 18383, 29498, 29521, 1316, 29507, 8166, 29498, 2199, 11317, 29501, 29508, 18163, 1949, 29507, 7328, 29498, 2542, 11317, 18383, 29498, 29592, 18163, 2]",d8b3630697f87f4e2b03665b9acd34be9de7ffe1e902ae3ccee29e605f345757,oi_conf_0011.ROLE_A,"{""actions"":[{""action"":""ACTION_Q"",""expected_value"":""0""},{""action"":""ACTION_P"",""expected_value"":""-1""}],""final_action"":""ACTION_Q""}",original,ACTION_Q,False
mistral.oi_conf_0011.ROLE_A.correction.modified,2.048015594482422,mistral.oi_conf_0011.ROLE_A.correction,correction,mistral,local-tree-0e666db570cdc02b55e6f64a1d7673689757f007b6c5b9a42a3b42797512be43,ACTION_P,"[29519, 29507, 6054, 2032, 29560, 7567, 2542, 11317, 18383, 29498, 29592, 1316, 29507, 8166, 29498, 2199, 2032, 29507, 29501, 29549, 8474, 7567, 2542, 11317, 18383, 29498, 29521, 1316, 29507, 8166, 29498, 2199, 11317, 29501, 29549, 18163, 1949, 29507, 7328, 29498, 2542, 11317, 18383, 29498, 29592, 18163, 2]",d3b22f318a8e4df14f9452a29de025df6a32a44aa1f8152ab401ec14bce84dfa,oi_conf_0011.ROLE_A,"{""actions"":[{""action"":""ACTION_Q"",""expected_value"":""-4""},{""action"":""ACTION_P"",""expected_value"":""-4""}],""final_action"":""ACTION_Q""}",modified,ACTION_Q,False
mistral.oi_conf_0011.ROLE_B.correction.original,2.4267024993896484,mistral.oi_conf_0011.ROLE_B.correction,correction,mistral,local-tree-0e666db570cdc02b55e6f64a1d7673689757f007b6c5b9a42a3b42797512be43,ACTION_Q,"[29519, 29507, 6054, 2032, 29560, 7567, 2542, 11317, 18383, 29498, 29592, 1316, 29507, 8166, 29498, 2199, 2032, 29507, 29538, 8474, 7567, 2542, 11317, 18383, 29498, 29521, 1316, 29507, 8166, 29498, 2199, 11317, 29501, 29508, 18163, 1949, 29507, 7328, 29498, 2542, 11317, 18383, 29498, 29592, 18163, 2]",5fc609d9f70cbfe786f1582d886d57856243fce791417aa2bb0b658028c53852,oi_conf_0011.ROLE_B,"{""actions"":[{""action"":""ACTION_Q"",""expected_value"":""3""},{""action"":""ACTION_P"",""expected_value"":""-1""}],""final_action"":""ACTION_Q""}",original,ACTION_Q,True
mistral.oi_conf_0011.ROLE_B.correction.modified,2.027451515197754,mistral.oi_conf_0011.ROLE_B.correction,correction,mistral,local-tree-0e666db570cdc02b55e6f64a1d7673689757f007b6c5b9a42a3b42797512be43,ACTION_Q,"[29519, 29507, 6054, 2032, 29560, 7567, 2542, 11317, 18383, 29498, 29592, 1316, 29507, 8166, 29498, 2199, 2032, 29507, 29538, 8474, 7567, 2542, 11317, 18383, 29498, 29521, 1316, 29507, 8166, 29498, 2199, 11317, 29549, 18163, 1949, 29507, 7328, 29498, 2542, 11317, 18383, 29498, 29592, 18163, 2]",c2384ebc16c54331e54014b8736f87f986cb9125583d17b245ab288f1ec57892,oi_conf_0011.ROLE_B,"{""actions"":[{""action"":""ACTION_Q"",""expected_value"":""3""},{""action"":""ACTION_P"",""expected_value"":""4""}],""final_action"":""ACTION_Q""}",modified,ACTION_Q,True
mistral.oi_conf_0012.ROLE_A.correction.original,2.4966723918914795,mistral.oi_conf_0012.ROLE_A.correction,correction,mistral,local-tree-0e666db570cdc02b55e6f64a1d7673689757f007b6c5b9a42a3b42797512be43,ACTION_P,"[29519, 29507, 6054, 2032, 29560, 7567, 2542, 11317, 18383, 29498, 29592, 1316, 29507, 8166, 29498, 2199, 2032, 29507, 29508, 29550, 8474, 7567, 2542, 11317, 18383, 29498, 29521, 1316, 29507, 8166, 29498, 2199, 11317, 29501, 29552, 29507, 10925, 1630, 7328, 29498, 2542, 11317, 18383, 29498, 29592, 18163, 2]",bc088a67c2e8cb3ac669847440d657eb48d94e8bee4bfd0da42daa19d6a9d5a8,oi_conf_0012.ROLE_A,"{""actions"":[{""action"":""ACTION_Q"",""expected_value"":""15""},{""action"":""ACTION_P"",""expected_value"":""-6""}],""final_action"":""ACTION_Q""}",original,ACTION_Q,False
mistral.oi_conf_0012.ROLE_A.correction.modified,2.1937334537506104,mistral.oi_conf_0012.ROLE_A.correction,correction,mistral,local-tree-0e666db570cdc02b55e6f64a1d7673689757f007b6c5b9a42a3b42797512be43,ACTION_P,"[29519, 29507, 6054, 2032, 29560, 7567, 2542, 11317, 18383, 29498, 29592, 1316, 29507, 8166, 29498, 2199, 2032, 29507, 29508, 29550, 29516, 29538, 8474, 7567, 2542, 11317, 18383, 29498, 29521, 1316, 29507, 8166, 29498, 2199, 2032, 29507, 29508, 29549, 29516, 29538, 18163, 1949, 29507, 7328, 29498, 2542, 11317, 18383, 29498, 29592, 18163, 2]",282361d6d3ab1b46cedcfaddffb2a2ad5ee802df580726d7867a65aa510e6443,oi_conf_0012.ROLE_A,"{""actions"":[{""action"":""ACTION_Q"",""expected_value"":""15/3""},{""action"":""ACTION_P"",""expected_value"":""14/3""}],""final_action"":""ACTION_Q""}",modified,ACTION_Q,False
mistral.oi_conf_0012.ROLE_B.correction.original,2.058387517929077,mistral.oi_conf_0012.ROLE_B.correction,correction,mistral,local-tree-0e666db570cdc02b55e6f64a1d7673689757f007b6c5b9a42a3b42797512be43,ACTION_Q,"[29519, 29507, 6054, 2032, 29560, 7567, 2542, 11317, 18383, 29498, 29592, 1316, 29507, 8166, 29498, 2199, 2032, 29507, 29538, 8474, 7567, 2542, 11317, 18383, 29498, 29521, 1316, 29507, 8166, 29498, 2199, 11317, 29501, 29538, 18163, 1949, 29507, 7328, 29498, 2542, 11317, 18383, 29498, 29592, 18163, 2]",25f60e4778aa9298d35ddf76fb8b5e496692a6d25ceafee12c62b174f6e91e34,oi_conf_0012.ROLE_B,"{""actions"":[{""action"":""ACTION_Q"",""expected_value"":""3""},{""action"":""ACTION_P"",""expected_value"":""-3""}],""final_action"":""ACTION_Q""}",original,ACTION_Q,True
mistral.oi_conf_0012.ROLE_B.correction.modified,2.4069693088531494,mistral.oi_conf_0012.ROLE_B.correction,correction,mistral,local-tree-0e666db570cdc02b55e6f64a1d7673689757f007b6c5b9a42a3b42797512be43,ACTION_Q,"[29519, 29507, 6054, 2032, 29560, 7567, 2542, 11317, 18383, 29498, 29592, 1316, 29507, 8166, 29498, 2199, 2032, 29507, 29538, 8474, 7567, 2542, 11317, 18383, 29498, 29521, 1316, 29507, 8166, 29498, 2199, 11317, 29518, 18163, 1949, 29507, 7328, 29498, 2542, 11317, 18383, 29498, 29592, 18163, 2]",6fe37dd2c0833d420e99af0391fa66ae891de39e9b99e98a7834a72efdc29602,oi_conf_0012.ROLE_B,"{""actions"":[{""action"":""ACTION_Q"",""expected_value"":""3""},{""action"":""ACTION_P"",""expected_value"":""2""}],""final_action"":""ACTION_Q""}",modified,ACTION_Q,True
mistral.oi_conf_0013.ROLE_A.correction.original,2.0559821128845215,mistral.oi_conf_0013.ROLE_A.correction,correction,mistral,local-tree-0e666db570cdc02b55e6f64a1d7673689757f007b6c5b9a42a3b42797512be43,ACTION_Q,"[29519, 29507, 6054, 2032, 29560, 7567, 2542, 11317, 18383, 29498, 29592, 1316, 29507, 8166, 29498, 2199, 2032, 29507, 29502, 8474, 7567, 2542, 11317, 18383, 29498, 29521, 1316, 29507, 8166, 29498, 2199, 2032, 29507, 29502, 18163, 1949, 29507, 7328, 29498, 2542, 11317, 18383, 29498, 29592, 18163, 2]",11d6189b2dbe9ce9ab9bb157fce5bc600a2545807e248d29a2e931236867e05c,oi_conf_0013.ROLE_A,"{""actions"":[{""action"":""ACTION_Q"",""expected_value"":""0""},{""action"":""ACTION_P"",""expected_value"":""0""}],""final_action"":""ACTION_Q""}",original,ACTION_Q,True
mistral.oi_conf_0013.ROLE_A.correction.modified,2.4591031074523926,mistral.oi_conf_0013.ROLE_A.correction,correction,mistral,local-tree-0e666db570cdc02b55e6f64a1d7673689757f007b6c5b9a42a3b42797512be43,ACTION_Q,"[29519, 29507, 6054, 2032, 29560, 7567, 2542, 11317, 18383, 29498, 29592, 1316, 29507, 8166, 29498, 2199, 2032, 29507, 29502, 8474, 7567, 2542, 11317, 18383, 29498, 29521, 1316, 29507, 8166, 29498, 2199, 2032, 29507, 29502, 18163, 1949, 29507, 7328, 29498, 2542, 11317, 18383, 29498, 29592, 18163, 2]",ddf33f1044811272047f3b91c8eca9c96da7f8baa26b7d52d3b780f7c1571189,oi_conf_0013.ROLE_A,"{""actions"":[{""action"":""ACTION_Q"",""expected_value"":""0""},{""action"":""ACTION_P"",""expected_value"":""0""}],""final_action"":""ACTION_Q""}",modified,ACTION_Q,True
mistral.oi_conf_0013.ROLE_B.correction.original,2.1613783836364746,mistral.oi_conf_0013.ROLE_B.correction,correction,mistral,local-tree-0e666db570cdc02b55e6f64a1d7673689757f007b6c5b9a42a3b42797512be43,ACTION_P,"[29519, 29507, 6054, 2032, 29560, 7567, 2542, 11317, 18383, 29498, 29592, 1316, 29507, 8166, 29498, 2199, 2032, 29507, 29501, 29542, 29516, 29549, 8474, 7567, 2542, 11317, 18383, 29498, 29521, 1316, 29507, 8166, 29498, 2199, 11317, 29549, 29516, 29549, 29507, 10925, 1630, 7328, 29498, 2542, 11317, 18383, 29498, 29521, 18163, 2]",41c07e2a9b10b91269857678286f7a90c63f8b4d1659da2901837b9097d33a78,oi_conf_0013.ROLE_B,"{""actions"":[{""action"":""ACTION_Q"",""expected_value"":""-9/4""},{""action"":""ACTION_P"",""expected_value"":""4/4""}],""final_action"":""ACTION_P""}",original,ACTION_P,True
mistral.oi_conf_0013.ROLE_B.correction.modified,2.1536953449249268,mistral.oi_conf_0013.ROLE_B.correction,correction,mistral,local-tree-0e666db570cdc02b55e6f64a1d7673689757f007b6c5b9a42a3b42797512be43,ACTION_P,"[29519, 29507, 6054, 2032, 29560, 7567, 2542, 11317, 18383, 29498, 29592, 1316, 29507, 8166, 29498, 2199, 2032, 29507, 29501, 29542, 29516, 29549, 8474, 7567, 2542, 11317, 18383, 29498, 29521, 1316, 29507, 8166, 29498, 2199, 11317, 29501, 29538, 29516, 29549, 18163, 1949, 29507, 7328, 29498, 2542, 11317, 18383, 29498, 29592, 18163, 2]",96783404d2751c1107fbf97c9eb3201530480b1cfc3b2465e01c73725b26feb9,oi_conf_0013.ROLE_B,"{""actions"":[{""action"":""ACTION_Q"",""expected_value"":""-9/4""},{""action"":""ACTION_P"",""expected_value"":""-3/4""}],""final_action"":""ACTION_Q""}",modified,ACTION_Q,False
mistral.oi_conf_0014.ROLE_A.correction.original,2.513795852661133,mistral.oi_conf_0014.ROLE_A.correction,correction,mistral,local-tree-0e666db570cdc02b55e6f64a1d7673689757f007b6c5b9a42a3b42797512be43,ACTION_Q,"[29519, 29507, 6054, 2032, 29560, 7567, 2542, 11317, 18383, 29498, 29592, 1316, 29507, 8166, 29498, 2199, 2032, 29507, 29501, 29542, 29516, 29549, 8474, 7567, 2542, 11317, 18383, 29498, 29521, 1316, 29507, 8166, 29498, 2199, 11317, 29501, 29551, 29516, 29549, 18163, 1949, 29507, 7328, 29498, 2542, 11317, 18383, 29498, 29592, 18163, 2]",49b3f3257791ed3a1271324e4ddbc4811bcff633c6cff4cd2b34562ec326a934,oi_conf_0014.ROLE_A,"{""actions"":[{""action"":""ACTION_Q"",""expected_value"":""-9/4""},{""action"":""ACTION_P"",""expected_value"":""-8/4""}],""final_action"":""ACTION_Q""}",original,ACTION_Q,True
mistral.oi_conf_0014.ROLE_A.correction.modified,2.174311876296997,mistral.oi_conf_0014.ROLE_A.correction,correction,mistral,local-tree-0e666db570cdc02b55e6f64a1d7673689757f007b6c5b9a42a3b42797512be43,ACTION_Q,"[29519, 29507, 6054, 2032, 29560, 7567, 2542, 11317, 18383, 29498, 29592, 1316, 29507, 8166, 29498, 2199, 2032, 29507, 29501, 29542, 29516, 29549, 8474, 7567, 2542, 11317, 18383, 29498, 29521, 1316, 29507, 8166, 29498, 2199, 11317, 29501, 29551, 29516, 29549, 18163, 1949, 29507, 7328, 29498, 2542, 11317, 18383, 29498, 29592, 18163, 2]",07ab39c655ec3554240b18429d8696164116fb624bc10a19bbf44e53444e22dd,oi_conf_0014.ROLE_A,"{""actions"":[{""action"":""ACTION_Q"",""expected_value"":""-9/4""},{""action"":""ACTION_P"",""expected_value"":""-8/4""}],""final_action"":""ACTION_Q""}",modified,ACTION_Q,True
mistral.oi_conf_0014.ROLE_B.correction.original,2.460930347442627,mistral.oi_conf_0014.ROLE_B.correction,correction,mistral,local-tree-0e666db570cdc02b55e6f64a1d7673689757f007b6c5b9a42a3b42797512be43,ACTION_P,"[29519, 29507, 6054, 2032, 29560, 7567, 2542, 11317, 18383, 29498, 29592, 1316, 29507, 8166, 29498, 2199, 2032, 29507, 29502, 8474, 7567, 2542, 11317, 18383, 29498, 29521, 1316, 29507, 8166, 29498, 2199, 11317, 29501, 29518, 29502, 18163, 1949, 29507, 7328, 29498, 2542, 11317, 18383, 29498, 29592, 18163, 2]",47a2fb72e00be90dd22855af828b6db88714df893f0325c029f9b130e3ecc32d,oi_conf_0014.ROLE_B,"{""actions"":[{""action"":""ACTION_Q"",""expected_value"":""0""},{""action"":""ACTION_P"",""expected_value"":""-20""}],""final_action"":""ACTION_Q""}",original,ACTION_Q,False
mistral.oi_conf_0014.ROLE_B.correction.modified,2.0583643913269043,mistral.oi_conf_0014.ROLE_B.correction,correction,mistral,local-tree-0e666db570cdc02b55e6f64a1d7673689757f007b6c5b9a42a3b42797512be43,ACTION_P,"[29519, 29507, 6054, 2032, 29560, 7567, 2542, 11317, 18383, 29498, 29592, 1316, 29507, 8166, 29498, 2199, 2032, 29507, 29502, 8474, 7567, 2542, 11317, 18383, 29498, 29521, 1316, 29507, 8166, 29498, 2199, 11317, 29502, 18163, 1949, 29507, 7328, 29498, 2542, 11317, 18383, 29498, 29592, 18163, 2]",2162e3f73652f07b04501c9cc378952c339310467b47f8ad7504551d997da91e,oi_conf_0014.ROLE_B,"{""actions"":[{""action"":""ACTION_Q"",""expected_value"":""0""},{""action"":""ACTION_P"",""expected_value"":""0""}],""final_action"":""ACTION_Q""}",modified,ACTION_Q,False
mistral.oi_conf_0015.ROLE_A.correction.original,2.0555052757263184,mistral.oi_conf_0015.ROLE_A.correction,correction,mistral,local-tree-0e666db570cdc02b55e6f64a1d7673689757f007b6c5b9a42a3b42797512be43,ACTION_P,"[29519, 29507, 6054, 2032, 29560, 7567, 2542, 11317, 18383, 29498, 29592, 1316, 29507, 8166, 29498, 2199, 2032, 29507, 29501, 29508, 8474, 7567, 2542, 11317, 18383, 29498, 29521, 1316, 29507, 8166, 29498, 2199, 11317, 29508, 29549, 18163, 1949, 29507, 7328, 29498, 2542, 11317, 18383, 29498, 29521, 18163, 2]",16ae366f942cf9cdb1c5c3c7f59b07e5e1e960094351308bf4a6467d65bf8a5e,oi_conf_0015.ROLE_A,"{""actions"":[{""action"":""ACTION_Q"",""expected_value"":""-1""},{""action"":""ACTION_P"",""expected_value"":""14""}],""final_action"":""ACTION_P""}",original,ACTION_P,True
mistral.oi_conf_0015.ROLE_A.correction.modified,2.5448668003082275,mistral.oi_conf_0015.ROLE_A.correction,correction,mistral,local-tree-0e666db570cdc02b55e6f64a1d7673689757f007b6c5b9a42a3b42797512be43,ACTION_P,"[29519, 29507, 6054, 2032, 29560, 7567, 2542, 11317, 18383, 29498, 29592, 1316, 29507, 8166, 29498, 2199, 2032, 29507, 29501, 29550, 29516, 29518, 8474, 7567, 2542, 11317, 18383, 29498, 29521, 1316, 29507, 8166, 29498, 2199, 11317, 29501, 29518, 29516, 29538, 18163, 1949, 29507, 7328, 29498, 2542, 11317, 18383, 29498, 29592, 18163, 2]",c7ae96881610505040b106daf57149ec6797481ee15a679223578201289b1c3f,oi_conf_0015.ROLE_A,"{""actions"":[{""action"":""ACTION_Q"",""expected_value"":""-5/2""},{""action"":""ACTION_P"",""expected_value"":""-2/3""}],""final_action"":""ACTION_Q""}",modified,ACTION_Q,False
mistral.oi_conf_0015.ROLE_B.correction.original,2.0754787921905518,mistral.oi_conf_0015.ROLE_B.correction,correction,mistral,local-tree-0e666db570cdc02b55e6f64a1d7673689757f007b6c5b9a42a3b42797512be43,ACTION_Q,"[29519, 29507, 6054, 2032, 29560, 7567, 2542, 11317, 18383, 29498, 29592, 1316, 29507, 8166, 29498, 2199, 2032, 29507, 29538, 29549, 8474, 7567, 2542, 11317, 18383, 29498, 29521, 1316, 29507, 8166, 29498, 2199, 11317, 29538, 29552, 18163, 1949, 29507, 7328, 29498, 2542, 11317, 18383, 29498, 29521, 18163, 2]",8811b0b80d6e1ead3ff0502e29ecb4ddda504b0020db8b8f2682e5f2fe3d836a,oi_conf_0015.ROLE_B,"{""actions"":[{""action"":""ACTION_Q"",""expected_value"":""34""},{""action"":""ACTION_P"",""expected_value"":""36""}],""final_action"":""ACTION_P""}",original,ACTION_P,False
mistral.oi_conf_0015.ROLE_B.correction.modified,2.4930691719055176,mistral.oi_conf_0015.ROLE_B.correction,correction,mistral,local-tree-0e666db570cdc02b55e6f64a1d7673689757f007b6c5b9a42a3b42797512be43,ACTION_Q,"[29519, 29507, 6054, 2032, 29560, 7567, 2542, 11317, 18383, 29498, 29592, 1316, 29507, 8166, 29498, 2199, 2032, 29507, 29538, 29542, 8474, 7567, 2542, 11317, 18383, 29498, 29521, 1316, 29507, 8166, 29498, 2199, 11317, 29538, 29538, 18163, 1949, 29507, 7328, 29498, 2542, 11317, 18383, 29498, 29592, 18163, 2]",67a126832c67ad53632c24d10850ceff329adfbd88c3788c17e5ba2af53b26db,oi_conf_0015.ROLE_B,"{""actions"":[{""action"":""ACTION_Q"",""expected_value"":""39""},{""action"":""ACTION_P"",""expected_value"":""33""}],""final_action"":""ACTION_Q""}",modified,ACTION_Q,True
mistral.oi_conf_0016.ROLE_B.correction.original,2.2443771362304688,mistral.oi_conf_0016.ROLE_B.correction,correction,mistral,local-tree-0e666db570cdc02b55e6f64a1d7673689757f007b6c5b9a42a3b42797512be43,ACTION_Q,"[29519, 29507, 6054, 2032, 29560, 7567, 2542, 11317, 18383, 29498, 29521, 1316, 29507, 8166, 29498, 2199, 2032, 29507, 29518, 29516, 29550, 29507, 1649, 7567, 2542, 11317, 18383, 29498, 29592, 1316, 29507, 8166, 29498, 2199, 11317, 29501, 29538, 29516, 29508, 29502, 18163, 1949, 29507, 7328, 29498, 2542, 11317, 18383, 29498, 29521, 18163, 2]",79992695326cd891dc8453cb3af778790f8740dee89aff60515217909dee1d62,oi_conf_0016.ROLE_B,"{""actions"":[{""action"":""ACTION_P"",""expected_value"":""2/5""},{""action"":""ACTION_Q"",""expected_value"":""-3/10""}],""final_action"":""ACTION_P""}",original,ACTION_P,False
mistral.oi_conf_0016.ROLE_B.correction.modified,2.187429428100586,mistral.oi_conf_0016.ROLE_B.correction,correction,mistral,local-tree-0e666db570cdc02b55e6f64a1d7673689757f007b6c5b9a42a3b42797512be43,ACTION_Q,"[29519, 29507, 6054, 2032, 29560, 7567, 2542, 11317, 18383, 29498, 29521, 1316, 29507, 8166, 29498, 2199, 2032, 29507, 29518, 29516, 29550, 29507, 1649, 7567, 2542, 11317, 18383, 29498, 29592, 1316, 29507, 8166, 29498, 2199, 11317, 29501, 29538, 29516, 29508, 29502, 18163, 1949, 29507, 7328, 29498, 2542, 11317, 18383, 29498, 29521, 18163, 2]",36748f819476b9900fc62a849c7b949d7d25341d2eafae11cfc317ac2ff0c692,oi_conf_0016.ROLE_B,"{""actions"":[{""action"":""ACTION_P"",""expected_value"":""2/5""},{""action"":""ACTION_Q"",""expected_value"":""-3/10""}],""final_action"":""ACTION_P""}",modified,ACTION_P,False
mistral.oi_conf_0017.ROLE_A.correction.original,2.185626745223999,mistral.oi_conf_0017.ROLE_A.correction,correction,mistral,local-tree-0e666db570cdc02b55e6f64a1d7673689757f007b6c5b9a42a3b42797512be43,ACTION_Q,"[29519, 29507, 6054, 2032, 29560, 7567, 2542, 11317, 18383, 29498, 29521, 1316, 29507, 8166, 29498, 2199, 2032, 29507, 29538, 29516, 29551, 29507, 1649, 7567, 2542, 11317, 18383, 29498, 29592, 1316, 29507, 8166, 29498, 2199, 2032, 29507, 29550, 29516, 29551, 29507, 10925, 1630, 7328, 29498, 2542, 11317, 18383, 29498, 29521, 18163, 2]",0c7b71b5c667704542324ed74c3eae067703ded8737ee990ed360ba6f6493757,oi_conf_0017.ROLE_A,"{""actions"":[{""action"":""ACTION_P"",""expected_value"":""3/8""},{""action"":""ACTION_Q"",""expected_value"":""5/8""}],""final_action"":""ACTION_P""}",original,ACTION_P,False
mistral.oi_conf_0017.ROLE_A.correction.modified,2.507957696914673,mistral.oi_conf_0017.ROLE_A.correction,correction,mistral,local-tree-0e666db570cdc02b55e6f64a1d7673689757f007b6c5b9a42a3b42797512be43,ACTION_Q,"[29519, 29507, 6054, 2032, 29560, 7567, 2542, 11317, 18383, 29498, 29521, 1316, 29507, 8166, 29498, 2199, 2032, 29507, 29538, 29516, 29551, 29507, 1649, 7567, 2542, 11317, 18383, 29498, 29592, 1316, 29507, 8166, 29498, 2199, 2032, 29507, 29550, 29516, 29551, 29507, 10925, 1630, 7328, 29498, 2542, 11317, 18383, 29498, 29521, 18163, 2]",5f8ff94d65098363ff44092a51fe0f882bb2d8eb64044c135f0e029e79aca1d9,oi_conf_0017.ROLE_A,"{""actions"":[{""action"":""ACTION_P"",""expected_value"":""3/8""},{""action"":""ACTION_Q"",""expected_value"":""5/8""}],""final_action"":""ACTION_P""}",modified,ACTION_P,False
mistral.oi_conf_0017.ROLE_B.correction.original,2.110149383544922,mistral.oi_conf_0017.ROLE_B.correction,correction,mistral,local-tree-0e666db570cdc02b55e6f64a1d7673689757f007b6c5b9a42a3b42797512be43,ACTION_P,"[29519, 29507, 6054, 2032, 29560, 7567, 2542, 11317, 18383, 29498, 29521, 1316, 29507, 8166, 29498, 2199, 11317, 29538, 29516, 29551, 29507, 1649, 7567, 2542, 11317, 18383, 29498, 29592, 1316, 29507, 8166, 29498, 2199, 11317, 29538, 29516, 29551, 29507, 10925, 1630, 7328, 29498, 2542, 11317, 18383, 29498, 29521, 18163, 2]",e97479dc58c55097c1e63e6e553071791ce1afc9b32f919185dc8e2f7bbfe8ad,oi_conf_0017.ROLE_B,"{""actions"":[{""action"":""ACTION_P"",""expected_value"":""3/8""},{""action"":""ACTION_Q"",""expected_value"":""3/8""}],""final_action"":""ACTION_P""}",original,ACTION_P,True
mistral.oi_conf_0017.ROLE_B.correction.modified,2.51904296875,mistral.oi_conf_0017.ROLE_B.correction,correction,mistral,local-tree-0e666db570cdc02b55e6f64a1d7673689757f007b6c5b9a42a3b42797512be43,ACTION_P,"[29519, 29507, 6054, 2032, 29560, 7567, 2542, 11317, 18383, 29498, 29521, 1316, 29507, 8166, 29498, 2199, 2032, 29507, 29538, 29516, 29551, 29507, 1649, 7567, 2542, 11317, 18383, 29498, 29592, 1316, 29507, 8166, 29498, 2199, 2032, 29507, 29550, 29516, 29551, 18163, 1949, 29507, 7328, 29498, 2542, 11317, 18383, 29498, 29521, 18163, 2]",518ce65da65eee9059b475e2e9f864e3379feb853b9fa9ed8eaaebf793ca2230,oi_conf_0017.ROLE_B,"{""actions"":[{""action"":""ACTION_P"",""expected_value"":""3/8""},{""action"":""ACTION_Q"",""expected_value"":""5/8""}],""final_action"":""ACTION_P""}",modified,ACTION_P,True
mistral.oi_conf_0018.ROLE_A.correction.original,2.084284782409668,mistral.oi_conf_0018.ROLE_A.correction,correction,mistral,local-tree-0e666db570cdc02b55e6f64a1d7673689757f007b6c5b9a42a3b42797512be43,ACTION_Q,"[29519, 29507, 6054, 2032, 29560, 7567, 2542, 11317, 18383, 29498, 29521, 1316, 29507, 8166, 29498, 2199, 2032, 29507, 29538, 8474, 7567, 2542, 11317, 18383, 29498, 29592, 1316, 29507, 8166, 29498, 2199, 11317, 29501, 29538, 18163, 1949, 29507, 7328, 29498, 2542, 11317, 18383, 29498, 29521, 18163, 2]",798c1c323d4db9601f66f4edaa834bed14849c86dd12893671f5ed62cd0fe55e,oi_conf_0018.ROLE_A,"{""actions"":[{""action"":""ACTION_P"",""expected_value"":""3""},{""action"":""ACTION_Q"",""expected_value"":""-3""}],""final_action"":""ACTION_P""}",original,ACTION_P,False
mistral.oi_conf_0018.ROLE_A.correction.modified,2.4377098083496094,mistral.oi_conf_0018.ROLE_A.correction,correction,mistral,local-tree-0e666db570cdc02b55e6f64a1d7673689757f007b6c5b9a42a3b42797512be43,ACTION_Q,"[29519, 29507, 6054, 2032, 29560, 7567, 2542, 11317, 18383, 29498, 29521, 1316, 29507, 8166, 29498, 2199, 2032, 29507, 29501, 29508, 8474, 7567, 2542, 11317, 18383, 29498, 29592, 1316, 29507, 8166, 29498, 2199, 11317, 29508, 18163, 1949, 29507, 7328, 29498, 2542, 11317, 18383, 29498, 29592, 18163, 2]",b8ae9acd17b69eec3610d55d1ab7f006838b647613198368ee8e606e78b31529,oi_conf_0018.ROLE_A,"{""actions"":[{""action"":""ACTION_P"",""expected_value"":""-1""},{""action"":""ACTION_Q"",""expected_value"":""1""}],""final_action"":""ACTION_Q""}",modified,ACTION_Q,True
mistral.oi_conf_0018.ROLE_B.correction.original,2.1056277751922607,mistral.oi_conf_0018.ROLE_B.correction,correction,mistral,local-tree-0e666db570cdc02b55e6f64a1d7673689757f007b6c5b9a42a3b42797512be43,ACTION_P,"[29519, 29507, 6054, 2032, 29560, 7567, 2542, 11317, 18383, 29498, 29521, 1316, 29507, 8166, 29498, 2199, 2032, 29507, 29508, 29549, 8474, 7567, 2542, 11317, 18383, 29498, 29592, 1316, 29507, 8166, 29498, 2199, 11317, 29501, 29549, 18163, 1949, 29507, 7328, 29498, 2542, 11317, 18383, 29498, 29521, 18163, 2]",dece2d3035b302fdc057ebb2d832013bcd32422e796664c0456f84c947a2e638,oi_conf_0018.ROLE_B,"{""actions"":[{""action"":""ACTION_P"",""expected_value"":""14""},{""action"":""ACTION_Q"",""expected_value"":""-4""}],""final_action"":""ACTION_P""}",original,ACTION_P,True
mistral.oi_conf_0018.ROLE_B.correction.modified,2.023590087890625,mistral.oi_conf_0018.ROLE_B.correction,correction,mistral,local-tree-0e666db570cdc02b55e6f64a1d7673689757f007b6c5b9a42a3b42797512be43,ACTION_P,"[29519, 29507, 6054, 2032, 29560, 7567, 2542, 11317, 18383, 29498, 29521, 1316, 29507, 8166, 29498, 2199, 2032, 29507, 29549, 8474, 7567, 2542, 11317, 18383, 29498, 29592, 1316, 29507, 8166, 29498, 2199, 11317, 29549, 18163, 1949, 29507, 7328, 29498, 2542, 11317, 18383, 29498, 29521, 18163, 2]",c85240fbeaee89790313b619570243f95ced5e65ce0f97067f32425712f523c7,oi_conf_0018.ROLE_B,"{""actions"":[{""action"":""ACTION_P"",""expected_value"":""4""},{""action"":""ACTION_Q"",""expected_value"":""4""}],""final_action"":""ACTION_P""}",modified,ACTION_P,True
mistral.oi_conf_0019.ROLE_A.correction.original,2.486351251602173,mistral.oi_conf_0019.ROLE_A.correction,correction,mistral,local-tree-0e666db570cdc02b55e6f64a1d7673689757f007b6c5b9a42a3b42797512be43,ACTION_P,"[29519, 29507, 6054, 2032, 29560, 7567, 2542, 11317, 18383, 29498, 29521, 1316, 29507, 8166, 29498, 2199, 2032, 29507, 29508, 29552, 8474, 7567, 2542, 11317, 18383, 29498, 29592, 1316, 29507, 8166, 29498, 2199, 11317, 29508, 29549, 18163, 1949, 29507, 7328, 29498, 2542, 11317, 18383, 29498, 29521, 18163, 2]",50ca24e1a35cb86df23a1d8914fc8de02ad1c3270ebc2d4c9b5bc3c74b8ad386,oi_conf_0019.ROLE_A,"{""actions"":[{""action"":""ACTION_P"",""expected_value"":""16""},{""action"":""ACTION_Q"",""expected_value"":""14""}],""final_action"":""ACTION_P""}",original,ACTION_P,True
mistral.oi_conf_0019.ROLE_A.correction.modified,2.1455471515655518,mistral.oi_conf_0019.ROLE_A.correction,correction,mistral,local-tree-0e666db570cdc02b55e6f64a1d7673689757f007b6c5b9a42a3b42797512be43,ACTION_P,"[29519, 29507, 6054, 2032, 29560, 7567, 2542, 11317, 18383, 29498, 29521, 1316, 29507, 8166, 29498, 2199, 2032, 29507, 29508, 29516, 29518, 8474, 7567, 2542, 11317, 18383, 29498, 29592, 1316, 29507, 8166, 29498, 2199, 11317, 29508, 29516, 29518, 18163, 1949, 29507, 7328, 29498, 2542, 11317, 18383, 29498, 29521, 18163, 2]",3e8449e30857cdb5bbfe7de5022e6d18e23333842b3bacef73b8a9a841d9da01,oi_conf_0019.ROLE_A,"{""actions"":[{""action"":""ACTION_P"",""expected_value"":""1/2""},{""action"":""ACTION_Q"",""expected_value"":""1/2""}],""final_action"":""ACTION_P""}",modified,ACTION_P,True
mistral.oi_conf_0020.ROLE_A.correction.original,2.0912845134735107,mistral.oi_conf_0020.ROLE_A.correction,correction,mistral,local-tree-0e666db570cdc02b55e6f64a1d7673689757f007b6c5b9a42a3b42797512be43,ACTION_P,"[29519, 29507, 6054, 2032, 29560, 7567, 2542, 11317, 18383, 29498, 29521, 1316, 29507, 8166, 29498, 2199, 2032, 29507, 29508, 29549, 8474, 7567, 2542, 11317, 18383, 29498, 29592, 1316, 29507, 8166, 29498, 2199, 11317, 29508, 29538, 18163, 1949, 29507, 7328, 29498, 2542, 11317, 18383, 29498, 29521, 18163, 2]",96dc299d37f087c88fc49b0fb68ad5332b1d0c443f57b001a4d89e9bc79a9f8a,oi_conf_0020.ROLE_A,"{""actions"":[{""action"":""ACTION_P"",""expected_value"":""14""},{""action"":""ACTION_Q"",""expected_value"":""13""}],""final_action"":""ACTION_P""}",original,ACTION_P,True
mistral.oi_conf_0020.ROLE_A.correction.modified,2.498067617416382,mistral.oi_conf_0020.ROLE_A.correction,correction,mistral,local-tree-0e666db570cdc02b55e6f64a1d7673689757f007b6c5b9a42a3b42797512be43,ACTION_P,"[29519, 29507, 6054, 2032, 29560, 7567, 2542, 11317, 18383, 29498, 29521, 1316, 29507, 8166, 29498, 2199, 2032, 29507, 29508, 29549, 8474, 7567, 2542, 11317, 18383, 29498, 29592, 1316, 29507, 8166, 29498, 2199, 11317, 29508, 29550, 18163, 1949, 29507, 7328, 29498, 2542, 11317, 18383, 29498, 29521, 18163, 2]",bb8074344d8361d175fae7987a80dc05e713ef510b5976c78337961619b8f4b9,oi_conf_0020.ROLE_A,"{""actions"":[{""action"":""ACTION_P"",""expected_value"":""14""},{""action"":""ACTION_Q"",""expected_value"":""15""}],""final_action"":""ACTION_P""}",modified,ACTION_P,True
mistral.oi_conf_0020.ROLE_B.correction.original,2.191091537475586,mistral.oi_conf_0020.ROLE_B.correction,correction,mistral,local-tree-0e666db570cdc02b55e6f64a1d7673689757f007b6c5b9a42a3b42797512be43,ACTION_Q,"[29519, 29507, 6054, 2032, 29560, 7567, 2542, 11317, 18383, 29498, 29521, 1316, 29507, 8166, 29498, 2199, 2032, 29507, 29508, 29516, 29518, 29507, 1649, 7567, 2542, 11317, 18383, 29498, 29592, 1316, 29507, 8166, 29498, 2199, 2032, 29507, 29508, 29516, 29518, 18163, 1949, 29507, 7328, 29498, 2542, 11317, 18383, 29498, 29521, 18163, 2]",d795b9804edad77b940cab3acab49c3d7d7aabd9c36e01bc004278df74e8a36a,oi_conf_0020.ROLE_B,"{""actions"":[{""action"":""ACTION_P"",""expected_value"":""1/2""},{""action"":""ACTION_Q"",""expected_value"":""1/2""}],""final_action"":""ACTION_P""}",original,ACTION_P,False
mistral.oi_conf_0020.ROLE_B.correction.modified,2.198535203933716,mistral.oi_conf_0020.ROLE_B.correction,correction,mistral,local-tree-0e666db570cdc02b55e6f64a1d7673689757f007b6c5b9a42a3b42797512be43,ACTION_Q,"[29519, 29507, 6054, 2032, 29560, 7567, 2542, 11317, 18383, 29498, 29521, 1316, 29507, 8166, 29498, 2199, 2032, 29507, 29501, 29555, 29516, 29518, 8474, 7567, 2542, 11317, 18383, 29498, 29592, 1316, 29507, 8166, 29498, 2199, 11317, 29508, 29538, 29516, 29518, 18163, 1949, 29507, 7328, 29498, 2542, 11317, 18383, 29498, 29592, 18163, 2]",66c9e37306a8c408f6f9246cd6d9d10c1c0a58a21ca70a88702b376cf838ef9d,oi_conf_0020.ROLE_B,"{""actions"":[{""action"":""ACTION_P"",""expected_value"":""-7/2""},{""action"":""ACTION_Q"",""expected_value"":""13/2""}],""final_action"":""ACTION_Q""}",modified,ACTION_Q,True
mistral.oi_conf_0021.ROLE_A.correction.original,2.481804847717285,mistral.oi_conf_0021.ROLE_A.correction,correction,mistral,local-tree-0e666db570cdc02b55e6f64a1d7673689757f007b6c5b9a42a3b42797512be43,ACTION_Q,"[29519, 29507, 6054, 2032, 29560, 7567, 2542, 11317, 18383, 29498, 29521, 1316, 29507, 8166, 29498, 2199, 2032, 29507, 29549, 8474, 7567, 2542, 11317, 18383, 29498, 29592, 1316, 29507, 8166, 29498, 2199, 11317, 29501, 29502, 29538, 18163, 1949, 29507, 7328, 29498, 2542, 11317, 18383, 29498, 29521, 18163, 2]",268917b22131d6994b5ff268706b5ca354b68a589f0f4aedf0f89564a8bb4e75,oi_conf_0021.ROLE_A,"{""actions"":[{""action"":""ACTION_P"",""expected_value"":""4""},{""action"":""ACTION_Q"",""expected_value"":""-03""}],""final_action"":""ACTION_P""}",original,ACTION_P,False
mistral.oi_conf_0021.ROLE_A.correction.modified,2.1619672775268555,mistral.oi_conf_0021.ROLE_A.correction,correction,mistral,local-tree-0e666db570cdc02b55e6f64a1d7673689757f007b6c5b9a42a3b42797512be43,ACTION_Q,"[29519, 29507, 6054, 2032, 29560, 7567, 2542, 11317, 18383, 29498, 29521, 1316, 29507, 8166, 29498, 2199, 2032, 29507, 29538, 29516, 29549, 29507, 1649, 7567, 2542, 11317, 18383, 29498, 29592, 1316, 29507, 8166, 29498, 2199, 11317, 29508, 29507, 29520, 1949, 29507, 7328, 29498, 2542, 11317, 18383, 29498, 29592, 18163, 2]",9b96c00f89845e1a136ff7a7356e99b639405fcf2e82f5a3cbb05dd92d8416c3,oi_conf_0021.ROLE_A,"{""actions"":[{""action"":""ACTION_P"",""expected_value"":""3/4""},{""action"":""ACTION_Q"",""expected_value"":""1""}],""final_action"":""ACTION_Q""}",modified,ACTION_Q,True
mistral.oi_conf_0021.ROLE_B.correction.original,2.0828075408935547,mistral.oi_conf_0021.ROLE_B.correction,correction,mistral,local-tree-0e666db570cdc02b55e6f64a1d7673689757f007b6c5b9a42a3b42797512be43,ACTION_P,"[29519, 29507, 6054, 2032, 29560, 7567, 2542, 11317, 18383, 29498, 29521, 1316, 29507, 8166, 29498, 2199, 2032, 29507, 29549, 8474, 7567, 2542, 11317, 18383, 29498, 29592, 1316, 29507, 8166, 29498, 2199, 11317, 29508, 29549, 18163, 1949, 29507, 7328, 29498, 2542, 11317, 18383, 29498, 29521, 18163, 2]",12c47edbe95cbb46de0ea468c7350b91b68c101ccb40b9ff150a6e9885aa1c8b,oi_conf_0021.ROLE_B,"{""actions"":[{""action"":""ACTION_P"",""expected_value"":""4""},{""action"":""ACTION_Q"",""expected_value"":""14""}],""final_action"":""ACTION_P""}",original,ACTION_P,True
mistral.oi_conf_0021.ROLE_B.correction.modified,2.067119836807251,mistral.oi_conf_0021.ROLE_B.correction,correction,mistral,local-tree-0e666db570cdc02b55e6f64a1d7673689757f007b6c5b9a42a3b42797512be43,ACTION_P,"[29519, 29507, 6054, 2032, 29560, 7567, 2542, 11317, 18383, 29498, 29521, 1316, 29507, 8166, 29498, 2199, 2032, 29507, 29538, 8474, 7567, 2542, 11317, 18383, 29498, 29592, 1316, 29507, 8166, 29498, 2199, 11317, 29501, 29538, 18163, 1949, 29507, 7328, 29498, 2542, 11317, 18383, 29498, 29521, 18163, 2]",f73f3c996995b103f3148601e953738f3c3aa1d19bca2d317b2a58c3972f3c6b,oi_conf_0021.ROLE_B,"{""actions"":[{""action"":""ACTION_P"",""expected_value"":""3""},{""action"":""ACTION_Q"",""expected_value"":""-3""}],""final_action"":""ACTION_P""}",modified,ACTION_P,True
mistral.oi_conf_0022.ROLE_A.correction.original,2.4468138217926025,mistral.oi_conf_0022.ROLE_A.correction,correction,mistral,local-tree-0e666db570cdc02b55e6f64a1d7673689757f007b6c5b9a42a3b42797512be43,ACTION_Q,"[29519, 29507, 6054, 2032, 29560, 7567, 2542, 11317, 18383, 29498, 29521, 1316, 29507, 8166, 29498, 2199, 2032, 29507, 29538, 29516, 29549, 29507, 1649, 7567, 2542, 11317, 18383, 29498, 29592, 1316, 29507, 8166, 29498, 2199, 11317, 29502, 18163, 1949, 29507, 7328, 29498, 2542, 11317, 18383, 29498, 29521, 18163, 2]",8482a6838335a0bb4a8e190dd8061e669cfbbd58a9380c7a79aa0890dec51279,oi_conf_0022.ROLE_A,"{""actions"":[{""action"":""ACTION_P"",""expected_value"":""3/4""},{""action"":""ACTION_Q"",""expected_value"":""0""}],""final_action"":""ACTION_P""}",original,ACTION_P,False
mistral.oi_conf_0022.ROLE_A.correction.modified,2.0781145095825195,mistral.oi_conf_0022.ROLE_A.correction,correction,mistral,local-tree-0e666db570cdc02b55e6f64a1d7673689757f007b6c5b9a42a3b42797512be43,ACTION_Q,"[29519, 29507, 6054, 2032, 29560, 7567, 2542, 11317, 18383, 29498, 29521, 1316, 29507, 8166, 29498, 2199, 2032, 29507, 29501, 29542, 8474, 7567, 2542, 11317, 18383, 29498, 29592, 1316, 29507, 8166, 29498, 2199, 11317, 29501, 29542, 18163, 1949, 29507, 7328, 29498, 2542, 11317, 18383, 29498, 29521, 18163, 2]",abfe50c5dda666f12f9dcb2edf1872abcc4a6711ebcc5cd7383bccbf5be237bf,oi_conf_0022.ROLE_A,"{""actions"":[{""action"":""ACTION_P"",""expected_value"":""-9""},{""action"":""ACTION_Q"",""expected_value"":""-9""}],""final_action"":""ACTION_P""}",modified,ACTION_P,False
mistral.oi_conf_0023.ROLE_A.correction.original,2.3991193771362305,mistral.oi_conf_0023.ROLE_A.correction,correction,mistral,local-tree-0e666db570cdc02b55e6f64a1d7673689757f007b6c5b9a42a3b42797512be43,ACTION_P,"[29519, 29507, 6054, 2032, 29560, 7567, 2542, 11317, 18383, 29498, 29521, 1316, 29507, 8166, 29498, 2199, 2032, 29507, 29538, 8474, 7567, 2542, 11317, 18383, 29498, 29592, 1316, 29507, 8166, 29498, 2199, 11317, 29552, 18163, 1949, 29507, 7328, 29498, 2542, 11317, 18383, 29498, 29521, 18163, 2]",cbc501b8b717f3bfa0a1bd9e8d96eba836e89db0caed2df6a84d8d956102bad4,oi_conf_0023.ROLE_A,"{""actions"":[{""action"":""ACTION_P"",""expected_value"":""3""},{""action"":""ACTION_Q"",""expected_value"":""6""}],""final_action"":""ACTION_P""}",original,ACTION_P,True
mistral.oi_conf_0023.ROLE_A.correction.modified,2.075636625289917,mistral.oi_conf_0023.ROLE_A.correction,correction,mistral,local-tree-0e666db570cdc02b55e6f64a1d7673689757f007b6c5b9a42a3b42797512be43,ACTION_P,"[29519, 29507, 6054, 2032, 29560, 7567, 2542, 11317, 18383, 29498, 29521, 1316, 29507, 8166, 29498, 2199, 2032, 29507, 29538, 8474, 7567, 2542, 11317, 18383, 29498, 29592, 1316, 29507, 8166, 29498, 2199, 11317, 29501, 29538, 18163, 1949, 29507, 7328, 29498, 2542, 11317, 18383, 29498, 29521, 18163, 2]",b8f90a06e25344c29131ec3e996201d3b8e07a1c9cc463b33d22168334197298,oi_conf_0023.ROLE_A,"{""actions"":[{""action"":""ACTION_P"",""expected_value"":""3""},{""action"":""ACTION_Q"",""expected_value"":""-3""}],""final_action"":""ACTION_P""}",modified,ACTION_P,True
mistral.oi_conf_0024.ROLE_B.correction.original,2.5175578594207764,mistral.oi_conf_0024.ROLE_B.correction,correction,mistral,local-tree-0e666db570cdc02b55e6f64a1d7673689757f007b6c5b9a42a3b42797512be43,ACTION_Q,"[29519, 29507, 6054, 2032, 29560, 7567, 2542, 11317, 18383, 29498, 29592, 1316, 29507, 8166, 29498, 2199, 2032, 29507, 29538, 29516, 29551, 29507, 1649, 7567, 2542, 11317, 18383, 29498, 29521, 1316, 29507, 8166, 29498, 2199, 11317, 29550, 29516, 29551, 18163, 1949, 29507, 7328, 29498, 2542, 11317, 18383, 29498, 29592, 18163, 2]",c509f2afc197549fea68072861007aa48c809cfb398ac10c04be563e9b83789a,oi_conf_0024.ROLE_B,"{""actions"":[{""action"":""ACTION_Q"",""expected_value"":""3/8""},{""action"":""ACTION_P"",""expected_value"":""5/8""}],""final_action"":""ACTION_Q""}",original,ACTION_Q,True
mistral.oi_conf_0024.ROLE_B.correction.modified,2.1670522689819336,mistral.oi_conf_0024.ROLE_B.correction,correction,mistral,local-tree-0e666db570cdc02b55e6f64a1d7673689757f007b6c5b9a42a3b42797512be43,ACTION_Q,"[29519, 29507, 6054, 2032, 29560, 7567, 2542, 11317, 18383, 29498, 29592, 1316, 29507, 8166, 29498, 2199, 2032, 29507, 29538, 29516, 29551, 29507, 1649, 7567, 2542, 11317, 18383, 29498, 29521, 1316, 29507, 8166, 29498, 2199, 2032, 29507, 29550, 29516, 29551, 18163, 1949, 29507, 7328, 29498, 2542, 11317, 18383, 29498, 29592, 18163, 2]",3ff783e42e9f6d4d4edc073e43035d375ab89cc61aa2969900613e663e476da5,oi_conf_0024.ROLE_B,"{""actions"":[{""action"":""ACTION_Q"",""expected_value"":""3/8""},{""action"":""ACTION_P"",""expected_value"":""5/8""}],""final_action"":""ACTION_Q""}",modified,ACTION_Q,True
mistral.oi_conf_0025.ROLE_B.correction.original,2.127690076828003,mistral.oi_conf_0025.ROLE_B.correction,correction,mistral,local-tree-0e666db570cdc02b55e6f64a1d7673689757f007b6c5b9a42a3b42797512be43,ACTION_P,"[29519, 29507, 6054, 2032, 29560, 7567, 2542, 11317, 18383, 29498, 29592, 1316, 29507, 8166, 29498, 2199, 2032, 29507, 29538, 29516, 29551, 29507, 1649, 7567, 2542, 11317, 18383, 29498, 29521, 1316, 29507, 8166, 29498, 2199, 11317, 29550, 29516, 29551, 29507, 10925, 1630, 7328, 29498, 2542, 11317, 18383, 29498, 29592, 18163, 2]",41fee46c3474dc99664311fa20e8655023d69aa0a7d573b1d9ad79726b5314fd,oi_conf_0025.ROLE_B,"{""actions"":[{""action"":""ACTION_Q"",""expected_value"":""3/8""},{""action"":""ACTION_P"",""expected_value"":""5/8""}],""final_action"":""ACTION_Q""}",original,ACTION_Q,False
mistral.oi_conf_0025.ROLE_B.correction.modified,2.5834732055664062,mistral.oi_conf_0025.ROLE_B.correction,correction,mistral,local-tree-0e666db570cdc02b55e6f64a1d7673689757f007b6c5b9a42a3b42797512be43,ACTION_P,"[29519, 29507, 6054, 2032, 29560, 7567, 2542, 11317, 18383, 29498, 29592, 1316, 29507, 8166, 29498, 2199, 2032, 29507, 29501, 29508, 29538, 29516, 29538, 8474, 7567, 2542, 11317, 18383, 29498, 29521, 1316, 29507, 8166, 29498, 2199, 11317, 29501, 29508, 29538, 29516, 29551, 18163, 1949, 29507, 7328, 29498, 2542, 11317, 18383, 29498, 29592, 18163, 2]",b90997f7ecf9183ae770a85bb36cc008abe5e1e1815655fc3a2daa8cc3691ca2,oi_conf_0025.ROLE_B,"{""actions"":[{""action"":""ACTION_Q"",""expected_value"":""-13/3""},{""action"":""ACTION_P"",""expected_value"":""-13/8""}],""final_action"":""ACTION_Q""}",modified,ACTION_Q,False
mistral.oi_conf_0026.ROLE_A.correction.original,2.0742366313934326,mistral.oi_conf_0026.ROLE_A.correction,correction,mistral,local-tree-0e666db570cdc02b55e6f64a1d7673689757f007b6c5b9a42a3b42797512be43,ACTION_Q,"[29519, 29507, 6054, 2032, 29560, 7567, 2542, 11317, 18383, 29498, 29592, 1316, 29507, 8166, 29498, 2199, 2032, 29507, 29538, 8474, 7567, 2542, 11317, 18383, 29498, 29521, 1316, 29507, 8166, 29498, 2199, 11317, 29501, 29508, 29507, 10925, 1630, 7328, 29498, 2542, 11317, 18383, 29498, 29592, 18163, 2]",e7702f1ba770b392385343fc917661f945e7c74e3801a44f1a5210eec560dc60,oi_conf_0026.ROLE_A,"{""actions"":[{""action"":""ACTION_Q"",""expected_value"":""3""},{""action"":""ACTION_P"",""expected_value"":""-1""}],""final_action"":""ACTION_Q""}",original,ACTION_Q,True
mistral.oi_conf_0026.ROLE_A.correction.modified,2.492816686630249,mistral.oi_conf_0026.ROLE_A.correction,correction,mistral,local-tree-0e666db570cdc02b55e6f64a1d7673689757f007b6c5b9a42a3b42797512be43,ACTION_Q,"[29519, 29507, 6054, 2032, 29560, 7567, 2542, 11317, 18383, 29498, 29592, 1316, 29507, 8166, 29498, 2199, 2032, 29507, 29538, 8474, 7567, 2542, 11317, 18383, 29498, 29521, 1316, 29507, 8166, 29498, 2199, 11317, 29501, 29508, 29508, 18163, 1949, 29507, 7328, 29498, 2542, 11317, 18383, 29498, 29592, 18163, 2]",1283219bf985dc8ccc6b699046b5ebd8add69614afe0b7381810feff971e5a5b,oi_conf_0026.ROLE_A,"{""actions"":[{""action"":""ACTION_Q"",""expected_value"":""3""},{""action"":""ACTION_P"",""expected_value"":""-11""}],""final_action"":""ACTION_Q""}",modified,ACTION_Q,True
mistral.oi_conf_0026.ROLE_B.correction.original,2.231940984725952,mistral.oi_conf_0026.ROLE_B.correction,correction,mistral,local-tree-0e666db570cdc02b55e6f64a1d7673689757f007b6c5b9a42a3b42797512be43,ACTION_P,"[29519, 29507, 6054, 2032, 29560, 7567, 2542, 11317, 18383, 29498, 29592, 1316, 29507, 8166, 29498, 2199, 2032, 29507, 29508, 29508, 29516, 29508, 29518, 8474, 7567, 2542, 11317, 18383, 29498, 29521, 1316, 29507, 8166, 29498, 2199, 11317, 29501, 29552, 29516, 29552, 18163, 1949, 29507, 7328, 29498, 2542, 11317, 18383, 29498, 29592, 18163, 2]",c48b091b5f5ffbf9dffc15ea68b9d61601b8a615a09c5276ec19052295e00ffd,oi_conf_0026.ROLE_B,"{""actions"":[{""action"":""ACTION_Q"",""expected_value"":""11/12""},{""action"":""ACTION_P"",""expected_value"":""-6/6""}],""final_action"":""ACTION_Q""}",original,ACTION_Q,False
mistral.oi_conf_0026.ROLE_B.correction.modified,2.0790233612060547,mistral.oi_conf_0026.ROLE_B.correction,correction,mistral,local-tree-0e666db570cdc02b55e6f64a1d7673689757f007b6c5b9a42a3b42797512be43,ACTION_P,"[29519, 29507, 6054, 2032, 29560, 7567, 2542, 11317, 18383, 29498, 29592, 1316, 29507, 8166, 29498, 2199, 2032, 29507, 29508, 29508, 8474, 7567, 2542, 11317, 18383, 29498, 29521, 1316, 29507, 8166, 29498, 2199, 11317, 29508, 29508, 18163, 1949, 29507, 7328, 29498, 2542, 11317, 18383, 29498, 29592, 18163, 2]",c541eb79116c6a22955e83b31d2fd4bf7124cf6f4541a915537d36c9fab98b85,oi_conf_0026.ROLE_B,"{""actions"":[{""action"":""ACTION_Q"",""expected_value"":""11""},{""action"":""ACTION_P"",""expected_value"":""11""}],""final_action"":""ACTION_Q""}",modified,ACTION_Q,False
mistral.oi_conf_0027.ROLE_A.correction.original,2.0381975173950195,mistral.oi_conf_0027.ROLE_A.correction,correction,mistral,local-tree-0e666db570cdc02b55e6f64a1d7673689757f007b6c5b9a42a3b42797512be43,ACTION_P,"[29519, 29507, 6054, 2032, 29560, 7567, 2542, 11317, 18383, 29498, 29592, 1316, 29507, 8166, 29498, 2199, 2032, 29507, 29502, 8474, 7567, 2542, 11317, 18383, 29498, 29521, 1316, 29507, 8166, 29498, 2199, 11317, 29502, 18163, 1949, 29507, 7328, 29498, 2542, 11317, 18383, 29498, 29592, 18163, 2]",15dcbac8be4dc6c64b8f864d44ed4d07f95216e4dc95b99fd1804ed44f9c8560,oi_conf_0027.ROLE_A,"{""actions"":[{""action"":""ACTION_Q"",""expected_value"":""0""},{""action"":""ACTION_P"",""expected_value"":""0""}],""final_action"":""ACTION_Q""}",original,ACTION_Q,False
mistral.oi_conf_0027.ROLE_A.correction.modified,2.3940672874450684,mistral.oi_conf_0027.ROLE_A.correction,correction,mistral,local-tree-0e666db570cdc02b55e6f64a1d7673689757f007b6c5b9a42a3b42797512be43,ACTION_P,"[29519, 29507, 6054, 2032, 29560, 7567, 2542, 11317, 18383, 29498, 29592, 1316, 29507, 8166, 29498, 2199, 2032, 29507, 29502, 8474, 7567, 2542, 11317, 18383, 29498, 29521, 1316, 29507, 8166, 29498, 2199, 11317, 29502, 18163, 1949, 29507, 7328, 29498, 2542, 11317, 18383, 29498, 29592, 18163, 2]",30aa864f55d7e03a73ad62d8b711c12bf7038ef972583cecab53e8d1a64c7f11,oi_conf_0027.ROLE_A,"{""actions"":[{""action"":""ACTION_Q"",""expected_value"":""0""},{""action"":""ACTION_P"",""expected_value"":""0""}],""final_action"":""ACTION_Q""}",modified,ACTION_Q,False
mistral.oi_conf_0027.ROLE_B.correction.original,2.103968381881714,mistral.oi_conf_0027.ROLE_B.correction,correction,mistral,local-tree-0e666db570cdc02b55e6f64a1d7673689757f007b6c5b9a42a3b42797512be43,ACTION_Q,"[29519, 29507, 6054, 2032, 29560, 7567, 2542, 11317, 18383, 29498, 29592, 1316, 29507, 8166, 29498, 2199, 2032, 29507, 29508, 29549, 8474, 7567, 2542, 11317, 18383, 29498, 29521, 1316, 29507, 8166, 29498, 2199, 11317, 29501, 29538, 18163, 1949, 29507, 7328, 29498, 2542, 11317, 18383, 29498, 29592, 18163, 2]",3baf1aba192d7ad91b9d8de8857da31b9589b8876fc16953b2974d9ad8cfb1cf,oi_conf_0027.ROLE_B,"{""actions"":[{""action"":""ACTION_Q"",""expected_value"":""14""},{""action"":""ACTION_P"",""expected_value"":""-3""}],""final_action"":""ACTION_Q""}",original,ACTION_Q,True
mistral.oi_conf_0027.ROLE_B.correction.modified,2.4214298725128174,mistral.oi_conf_0027.ROLE_B.correction,correction,mistral,local-tree-0e666db570cdc02b55e6f64a1d7673689757f007b6c5b9a42a3b42797512be43,ACTION_Q,"[29519, 29507, 6054, 2032, 29560, 7567, 2542, 11317, 18383, 29498, 29592, 1316, 29507, 8166, 29498, 2199, 2032, 29507, 29502, 8474, 7567, 2542, 11317, 18383, 29498, 29521, 1316, 29507, 8166, 29498, 2199, 11317, 29502, 18163, 1949, 29507, 7328, 29498, 2542, 11317, 18383, 29498, 29592, 18163, 2]",6e88151f786ca4d1c50fa3004fd77e3fd715007245e5d36c66bdfb1b08369a22,oi_conf_0027.ROLE_B,"{""actions"":[{""action"":""ACTION_Q"",""expected_value"":""0""},{""action"":""ACTION_P"",""expected_value"":""0""}],""final_action"":""ACTION_Q""}",modified,ACTION_Q,True
mistral.oi_conf_0028.ROLE_A.correction.original,2.190842628479004,mistral.oi_conf_0028.ROLE_A.correction,correction,mistral,local-tree-0e666db570cdc02b55e6f64a1d7673689757f007b6c5b9a42a3b42797512be43,ACTION_P,"[29519, 29507, 6054, 2032, 29560, 7567, 2542, 11317, 18383, 29498, 29592, 1316, 29507, 8166, 29498, 2199, 2032, 29507, 29508, 29549, 29516, 29518, 8474, 7567, 2542, 11317, 18383, 29498, 29521, 1316, 29507, 8166, 29498, 2199, 11317, 29501, 29508, 29516, 29518, 29507, 10925, 1630, 7328, 29498, 2542, 11317, 18383, 29498, 29592, 18163, 2]",59d25c8403d444f1ee8c7d55abb799e79fa896886d751426f433365d1da2e4f4,oi_conf_0028.ROLE_A,"{""actions"":[{""action"":""ACTION_Q"",""expected_value"":""14/2""},{""action"":""ACTION_P"",""expected_value"":""-1/2""}],""final_action"":""ACTION_Q""}",original,ACTION_Q,False
mistral.oi_conf_0028.ROLE_A.correction.modified,2.5570483207702637,mistral.oi_conf_0028.ROLE_A.correction,correction,mistral,local-tree-0e666db570cdc02b55e6f64a1d7673689757f007b6c5b9a42a3b42797512be43,ACTION_P,"[29519, 29507, 6054, 2032, 29560, 7567, 2542, 11317, 18383, 29498, 29592, 1316, 29507, 8166, 29498, 2199, 2032, 29507, 29508, 29549, 29516, 29518, 8474, 7567, 2542, 11317, 18383, 29498, 29521, 1316, 29507, 8166, 29498, 2199, 11317, 29542, 29516, 29518, 29507, 10925, 1630, 7328, 29498, 2542, 11317, 18383, 29498, 29592, 18163, 2]",9bcdedcf20103669165f5332ece36a60a702f104fcd02da01bf614c546af91e1,oi_conf_0028.ROLE_A,"{""actions"":[{""action"":""ACTION_Q"",""expected_value"":""14/2""},{""action"":""ACTION_P"",""expected_value"":""9/2""}],""final_action"":""ACTION_Q""}",modified,ACTION_Q,False
mistral.oi_conf_0028.ROLE_B.correction.original,2.1014609336853027,mistral.oi_conf_0028.ROLE_B.correction,correction,mistral,local-tree-0e666db570cdc02b55e6f64a1d7673689757f007b6c5b9a42a3b42797512be43,ACTION_Q,"[29519, 29507, 6054, 2032, 29560, 7567, 2542, 11317, 18383, 29498, 29592, 1316, 29507, 8166, 29498, 2199, 2032, 29507, 29538, 8474, 7567, 2542, 11317, 18383, 29498, 29521, 1316, 29507, 8166, 29498, 2199, 11317, 29508, 29538, 18163, 1949, 29507, 7328, 29498, 2542, 11317, 18383, 29498, 29592, 18163, 2]",9c67ca7c9ab9bb5d311a100cd75188fc74b5294ae10993c4b2c4d1d41acd569f,oi_conf_0028.ROLE_B,"{""actions"":[{""action"":""ACTION_Q"",""expected_value"":""3""},{""action"":""ACTION_P"",""expected_value"":""13""}],""final_action"":""ACTION_Q""}",original,ACTION_Q,True
mistral.oi_conf_0028.ROLE_B.correction.modified,2.0678930282592773,mistral.oi_conf_0028.ROLE_B.correction,correction,mistral,local-tree-0e666db570cdc02b55e6f64a1d7673689757f007b6c5b9a42a3b42797512be43,ACTION_Q,"[29519, 29507, 6054, 2032, 29560, 7567, 2542, 11317, 18383, 29498, 29592, 1316, 29507, 8166, 29498, 2199, 2032, 29507, 29502, 8474, 7567, 2542, 11317, 18383, 29498, 29521, 1316, 29507, 8166, 29498, 2199, 2032, 29507, 29502, 18163, 1949, 29507, 7328, 29498, 2542, 11317, 18383, 29498, 29592, 18163, 2]",b4694911e0e055f6c8ba3dab6b3305191d4ea3a6fe2ccc8906a66e41375ef1a2,oi_conf_0028.ROLE_B,"{""actions"":[{""action"":""ACTION_Q"",""expected_value"":""0""},{""action"":""ACTION_P"",""expected_value"":""0""}],""final_action"":""ACTION_Q""}",modified,ACTION_Q,True
mistral.oi_conf_0029.ROLE_A.correction.original,2.527801752090454,mistral.oi_conf_0029.ROLE_A.correction,correction,mistral,local-tree-0e666db570cdc02b55e6f64a1d7673689757f007b6c5b9a42a3b42797512be43,ACTION_Q,"[29519, 29507, 6054, 2032, 29560, 7567, 2542, 11317, 18383, 29498, 29592, 1316, 29507, 8166, 29498, 2199, 2032, 29507, 29508, 29552, 29516, 29518, 8474, 7567, 2542, 11317, 18383, 29498, 29521, 1316, 29507, 8166, 29498, 2199, 11317, 29542, 29516, 29518, 29507, 10925, 1630, 7328, 29498, 2542, 11317, 18383, 29498, 29592, 18163, 2]",c84ee1969126fcc1dc86614f20393bcebe8aef14b308f34f8ddb2d201a151749,oi_conf_0029.ROLE_A,"{""actions"":[{""action"":""ACTION_Q"",""expected_value"":""16/2""},{""action"":""ACTION_P"",""expected_value"":""9/2""}],""final_action"":""ACTION_Q""}",original,ACTION_Q,True
mistral.oi_conf_0029.ROLE_A.correction.modified,2.189992904663086,mistral.oi_conf_0029.ROLE_A.correction,correction,mistral,local-tree-0e666db570cdc02b55e6f64a1d7673689757f007b6c5b9a42a3b42797512be43,ACTION_Q,"[29519, 29507, 6054, 2032, 29560, 7567, 2542, 11317, 18383, 29498, 29592, 1316, 29507, 8166, 29498, 2199, 2032, 29507, 29508, 29552, 29516, 29518, 8474, 7567, 2542, 11317, 18383, 29498, 29521, 1316, 29507, 8166, 29498, 2199, 11317, 29508, 29518, 29516, 29518, 18163, 1949, 29507, 7328, 29498, 2542, 11317, 18383, 29498, 29592, 18163, 2]",429795138c0a4830a4a88ab03210d5dd87527aa87db52d0c5d4f22f70b6e065f,oi_conf_0029.ROLE_A,"{""actions"":[{""action"":""ACTION_Q"",""expected_value"":""16/2""},{""action"":""ACTION_P"",""expected_value"":""12/2""}],""final_action"":""ACTION_Q""}",modified,ACTION_Q,True
mistral.oi_conf_0029.ROLE_B.correction.original,2.471454620361328,mistral.oi_conf_0029.ROLE_B.correction,correction,mistral,local-tree-0e666db570cdc02b55e6f64a1d7673689757f007b6c5b9a42a3b42797512be43,ACTION_P,"[29519, 29507, 6054, 2032, 29560, 7567, 2542, 11317, 18383, 29498, 29592, 1316, 29507, 8166, 29498, 2199, 2032, 29507, 29502, 8474, 7567, 2542, 11317, 18383, 29498, 29521, 1316, 29507, 8166, 29498, 2199, 11317, 29502, 18163, 1949, 29507, 7328, 29498, 2542, 11317, 18383, 29498, 29592, 18163, 2]",a5cadf4a0ec71bc6816dec97566e860856929c7aca5bceae8958d6b876a0a816,oi_conf_0029.ROLE_B,"{""actions"":[{""action"":""ACTION_Q"",""expected_value"":""0""},{""action"":""ACTION_P"",""expected_value"":""0""}],""final_action"":""ACTION_Q""}",original,ACTION_Q,False
mistral.oi_conf_0029.ROLE_B.correction.modified,2.1072895526885986,mistral.oi_conf_0029.ROLE_B.correction,correction,mistral,local-tree-0e666db570cdc02b55e6f64a1d7673689757f007b6c5b9a42a3b42797512be43,ACTION_P,"[29519, 29507, 6054, 2032, 29560, 7567, 2542, 11317, 18383, 29498, 29592, 1316, 29507, 8166, 29498, 2199, 2032, 29507, 29502, 8474, 7567, 2542, 11317, 18383, 29498, 29521, 1316, 29507, 8166, 29498, 2199, 11317, 29502, 18163, 1949, 29507, 7328, 29498, 2542, 11317, 18383, 29498, 29592, 18163, 2]",8cc043d4aa80daa04fc866ca6547e4dddc5541f30a7ee387c0afb717be7c3d27,oi_conf_0029.ROLE_B,"{""actions"":[{""action"":""ACTION_Q"",""expected_value"":""0""},{""action"":""ACTION_P"",""expected_value"":""0""}],""final_action"":""ACTION_Q""}",modified,ACTION_Q,False
mistral.oi_conf_0030.ROLE_A.correction.original,2.131828784942627,mistral.oi_conf_0030.ROLE_A.correction,correction,mistral,local-tree-0e666db570cdc02b55e6f64a1d7673689757f007b6c5b9a42a3b42797512be43,ACTION_Q,"[29519, 29507, 6054, 2032, 29560, 7567, 2542, 11317, 18383, 29498, 29592, 1316, 29507, 8166, 29498, 2199, 2032, 29507, 29508, 29516, 29538, 8474, 7567, 2542, 11317, 18383, 29498, 29521, 1316, 29507, 8166, 29498, 2199, 11317, 29508, 29516, 29538, 18163, 1949, 29507, 7328, 29498, 2542, 11317, 18383, 29498, 29592, 18163, 2]",cda34817005c90e6cdbf6b93bf06c42ad327c35aca9a2f0794fb67b51fdaa743,oi_conf_0030.ROLE_A,"{""actions"":[{""action"":""ACTION_Q"",""expected_value"":""1/3""},{""action"":""ACTION_P"",""expected_value"":""1/3""}],""final_action"":""ACTION_Q""}",original,ACTION_Q,True
mistral.oi_conf_0030.ROLE_A.correction.modified,2.5490190982818604,mistral.oi_conf_0030.ROLE_A.correction,correction,mistral,local-tree-0e666db570cdc02b55e6f64a1d7673689757f007b6c5b9a42a3b42797512be43,ACTION_Q,"[29519, 29507, 6054, 2032, 29560, 7567, 2542, 11317, 18383, 29498, 29592, 1316, 29507, 8166, 29498, 2199, 2032, 29507, 29508, 29516, 29538, 8474, 7567, 2542, 11317, 18383, 29498, 29521, 1316, 29507, 8166, 29498, 2199, 11317, 29501, 29508, 29516, 29538, 18163, 1949, 29507, 7328, 29498, 2542, 11317, 18383, 29498, 29592, 18163, 2]",d372e6148733572c71b8623a56b3c7e3376d8f27b1f3e9c5358f3f44d4f309c3,oi_conf_0030.ROLE_A,"{""actions"":[{""action"":""ACTION_Q"",""expected_value"":""1/3""},{""action"":""ACTION_P"",""expected_value"":""-1/3""}],""final_action"":""ACTION_Q""}",modified,ACTION_Q,True
mistral.oi_conf_0030.ROLE_B.correction.original,1.720003604888916,mistral.oi_conf_0030.ROLE_B.correction,correction,mistral,local-tree-0e666db570cdc02b55e6f64a1d7673689757f007b6c5b9a42a3b42797512be43,ACTION_P,"[29519, 29507, 6054, 2032, 29560, 7567, 2542, 11317, 18383, 29498, 29592, 1316, 29507, 8166, 29498, 2199, 2032, 29507, 29538, 8474, 7567, 2542, 11317, 18383, 29498, 29521, 1316, 29507, 8166, 29498, 2199, 11317, 29549, 18163, 1949, 29507, 7328, 29498, 2542, 11317, 18383, 29498, 29592, 18163, 2]",f6438ba45929912959fdc4119fec55fe9a462b7e550422190b690a77bc3c0367,oi_conf_0030.ROLE_B,"{""actions"":[{""action"":""ACTION_Q"",""expected_value"":""3""},{""action"":""ACTION_P"",""expected_value"":""4""}],""final_action"":""ACTION_Q""}",original,ACTION_Q,False
mistral.oi_conf_0030.ROLE_B.correction.modified,1.6954200267791748,mistral.oi_conf_0030.ROLE_B.correction,correction,mistral,local-tree-0e666db570cdc02b55e6f64a1d7673689757f007b6c5b9a42a3b42797512be43,ACTION_P,"[29519, 29507, 6054, 2032, 29560, 7567, 2542, 11317, 18383, 29498, 29592, 1316, 29507, 8166, 29498, 2199, 2032, 29507, 29538, 8474, 7567, 2542, 11317, 18383, 29498, 29521, 1316, 29507, 8166, 29498, 2199, 11317, 29550, 18163, 1949, 29507, 7328, 29498, 2542, 11317, 18383, 29498, 29592, 18163, 2]",90a18a2a3166dd6cfa2b211f4c6aa5baa6fe4308d681dce99c316d121e42033b,oi_conf_0030.ROLE_B,"{""actions"":[{""action"":""ACTION_Q"",""expected_value"":""3""},{""action"":""ACTION_P"",""expected_value"":""5""}],""final_action"":""ACTION_Q""}",modified,ACTION_Q,False
mistral.oi_conf_0031.ROLE_B.correction.original,2.0475399494171143,mistral.oi_conf_0031.ROLE_B.correction,correction,mistral,local-tree-0e666db570cdc02b55e6f64a1d7673689757f007b6c5b9a42a3b42797512be43,ACTION_Q,"[29519, 29507, 6054, 2032, 29560, 7567, 2542, 11317, 18383, 29498, 29592, 1316, 29507, 8166, 29498, 2199, 2032, 29507, 29508, 29502, 8474, 7567, 2542, 11317, 18383, 29498, 29521, 1316, 29507, 8166, 29498, 2199, 11317, 29508, 29508, 18163, 1949, 29507, 7328, 29498, 2542, 11317, 18383, 29498, 29592, 18163, 2]",8948fb1a5d221dcb7b88ed6dde432d3dfad07ca3080458458fe6014e52ef11d0,oi_conf_0031.ROLE_B,"{""actions"":[{""action"":""ACTION_Q"",""expected_value"":""10""},{""action"":""ACTION_P"",""expected_value"":""11""}],""final_action"":""ACTION_Q""}",original,ACTION_Q,True
mistral.oi_conf_0031.ROLE_B.correction.modified,1.8659403324127197,mistral.oi_conf_0031.ROLE_B.correction,correction,mistral,local-tree-0e666db570cdc02b55e6f64a1d7673689757f007b6c5b9a42a3b42797512be43,ACTION_Q,"[29519, 29507, 6054, 2032, 29560, 7567, 2542, 11317, 18383, 29498, 29592, 1316, 29507, 8166, 29498, 2199, 2032, 29507, 29508, 29538, 29516, 29538, 8474, 7567, 2542, 11317, 18383, 29498, 29521, 1316, 29507, 8166, 29498, 2199, 2032, 29507, 29508, 29502, 29516, 29538, 29507, 10925, 1630, 7328, 29498, 2542, 11317, 18383, 29498, 29592, 18163, 2]",cb0db25ad62b9f66f67d4b9bf06bd9eb2cb8b7f04f1351d09cae13c69df7dfed,oi_conf_0031.ROLE_B,"{""actions"":[{""action"":""ACTION_Q"",""expected_value"":""13/3""},{""action"":""ACTION_P"",""expected_value"":""10/3""}],""final_action"":""ACTION_Q""}",modified,ACTION_Q,True
mistral.oi_conf_0034.ROLE_A.correction.original,2.13517689704895,mistral.oi_conf_0034.ROLE_A.correction,correction,mistral,local-tree-0e666db570cdc02b55e6f64a1d7673689757f007b6c5b9a42a3b42797512be43,ACTION_Q,"[29519, 29507, 6054, 2032, 29560, 7567, 2542, 11317, 18383, 29498, 29521, 1316, 29507, 8166, 29498, 2199, 2032, 29507, 29508, 29516, 29552, 29507, 1649, 7567, 2542, 11317, 18383, 29498, 29592, 1316, 29507, 8166, 29498, 2199, 2032, 29507, 29508, 29516, 29552, 18163, 1949, 29507, 7328, 29498, 2542, 11317, 18383, 29498, 29521, 18163, 2]",a8cd4314680f8c8b83b2be617102fe91e0084c871684ef77acd8616447813496,oi_conf_0034.ROLE_A,"{""actions"":[{""action"":""ACTION_P"",""expected_value"":""1/6""},{""action"":""ACTION_Q"",""expected_value"":""1/6""}],""final_action"":""ACTION_P""}",original,ACTION_P,False
mistral.oi_conf_0034.ROLE_A.correction.modified,1.8167967796325684,mistral.oi_conf_0034.ROLE_A.correction,correction,mistral,local-tree-0e666db570cdc02b55e6f64a1d7673689757f007b6c5b9a42a3b42797512be43,ACTION_Q,"[29519, 29507, 6054, 2032, 29560, 7567, 2542, 11317, 18383, 29498, 29521, 1316, 29507, 8166, 29498, 2199, 2032, 29507, 29508, 29516, 29552, 29507, 1649, 7567, 2542, 11317, 18383, 29498, 29592, 1316, 29507, 8166, 29498, 2199, 11317, 29550, 29516, 29552, 29507, 10925, 1630, 7328, 29498, 2542, 11317, 18383, 29498, 29592, 18163, 2]",535a4f7e0b14857990bbf84c41289b91eaa23f2f2e352aec4939fc25269d2333,oi_conf_0034.ROLE_A,"{""actions"":[{""action"":""ACTION_P"",""expected_value"":""1/6""},{""action"":""ACTION_Q"",""expected_value"":""5/6""}],""final_action"":""ACTION_Q""}",modified,ACTION_Q,True
mistral.oi_conf_0034.ROLE_B.correction.original,2.048218250274658,mistral.oi_conf_0034.ROLE_B.correction,correction,mistral,local-tree-0e666db570cdc02b55e6f64a1d7673689757f007b6c5b9a42a3b42797512be43,ACTION_P,"[29519, 29507, 6054, 2032, 29560, 7567, 2542, 11317, 18383, 29498, 29521, 1316, 29507, 8166, 29498, 2199, 2032, 29507, 29538, 8474, 7567, 2542, 11317, 18383, 29498, 29592, 1316, 29507, 8166, 29498, 2199, 11317, 29508, 29502, 18163, 1949, 29507, 7328, 29498, 2542, 11317, 18383, 29498, 29592, 18163, 2]",b19a81e2365840e7c6c9bc41f4306245e5237ec69f730c96a878f39ef2691a17,oi_conf_0034.ROLE_B,"{""actions"":[{""action"":""ACTION_P"",""expected_value"":""3""},{""action"":""ACTION_Q"",""expected_value"":""10""}],""final_action"":""ACTION_Q""}",original,ACTION_Q,False
mistral.oi_conf_0034.ROLE_B.correction.modified,1.8494672775268555,mistral.oi_conf_0034.ROLE_B.correction,correction,mistral,local-tree-0e666db570cdc02b55e6f64a1d7673689757f007b6c5b9a42a3b42797512be43,ACTION_P,"[29519, 29507, 6054, 2032, 29560, 7567, 2542, 11317, 18383, 29498, 29521, 1316, 29507, 8166, 29498, 2199, 2032, 29507, 29538, 29508, 8474, 7567, 2542, 11317, 18383, 29498, 29592, 1316, 29507, 8166, 29498, 2199, 11317, 29508, 29502, 29550, 29516, 29508, 29518, 18163, 1949, 29507, 7328, 29498, 2542, 11317, 18383, 29498, 29521, 18163, 2]",f48a71d1ec3da7bf865e4731fff7d5d1656c3d0116bf535240be70af6147a17c,oi_conf_0034.ROLE_B,"{""actions"":[{""action"":""ACTION_P"",""expected_value"":""31""},{""action"":""ACTION_Q"",""expected_value"":""105/12""}],""final_action"":""ACTION_P""}",modified,ACTION_P,True
mistral.oi_conf_0035.ROLE_A.correction.original,1.7337043285369873,mistral.oi_conf_0035.ROLE_A.correction,correction,mistral,local-tree-0e666db570cdc02b55e6f64a1d7673689757f007b6c5b9a42a3b42797512be43,ACTION_P,"[29519, 29507, 6054, 2032, 29560, 7567, 2542, 11317, 18383, 29498, 29521, 1316, 29507, 8166, 29498, 2199, 2032, 29507, 29538, 8474, 7567, 2542, 11317, 18383, 29498, 29592, 1316, 29507, 8166, 29498, 2199, 11317, 29501, 29508, 29538, 18163, 1949, 29507, 7328, 29498, 2542, 11317, 18383, 29498, 29521, 18163, 2]",00a061caeddcbd77b6d1fe60fa04678cde3f501b9d6efa00ca874df2d23c5dcd,oi_conf_0035.ROLE_A,"{""actions"":[{""action"":""ACTION_P"",""expected_value"":""3""},{""action"":""ACTION_Q"",""expected_value"":""-13""}],""final_action"":""ACTION_P""}",original,ACTION_P,True
mistral.oi_conf_0035.ROLE_A.correction.modified,2.1293091773986816,mistral.oi_conf_0035.ROLE_A.correction,correction,mistral,local-tree-0e666db570cdc02b55e6f64a1d7673689757f007b6c5b9a42a3b42797512be43,ACTION_P,"[29519, 29507, 6054, 2032, 29560, 7567, 2542, 11317, 18383, 29498, 29521, 1316, 29507, 8166, 29498, 2199, 2032, 29507, 29508, 29516, 29552, 29507, 1649, 7567, 2542, 11317, 18383, 29498, 29592, 1316, 29507, 8166, 29498, 2199, 11317, 29501, 29508, 29552, 29507, 10925, 1630, 7328, 29498, 2542, 11317, 18383, 29498, 29592, 18163, 2]",85f0ada84d7df60a53fb28e05cdc694fb05478983ad8c1bc32dac04277b9487d,oi_conf_0035.ROLE_A,"{""actions"":[{""action"":""ACTION_P"",""expected_value"":""1/6""},{""action"":""ACTION_Q"",""expected_value"":""-16""}],""final_action"":""ACTION_Q""}",modified,ACTION_Q,False
mistral.oi_conf_0036.ROLE_A.correction.original,1.7277472019195557,mistral.oi_conf_0036.ROLE_A.correction,correction,mistral,local-tree-0e666db570cdc02b55e6f64a1d7673689757f007b6c5b9a42a3b42797512be43,ACTION_P,"[29519, 29507, 6054, 2032, 29560, 7567, 2542, 11317, 18383, 29498, 29521, 1316, 29507, 8166, 29498, 2199, 2032, 29507, 29508, 29550, 8474, 7567, 2542, 11317, 18383, 29498, 29592, 1316, 29507, 8166, 29498, 2199, 11317, 29551, 18163, 1949, 29507, 7328, 29498, 2542, 11317, 18383, 29498, 29521, 18163, 2]",544248d0b3618da88b67128ae48d125b95a2d77fe67f491c6be6a2d1bf0c5835,oi_conf_0036.ROLE_A,"{""actions"":[{""action"":""ACTION_P"",""expected_value"":""15""},{""action"":""ACTION_Q"",""expected_value"":""8""}],""final_action"":""ACTION_P""}",original,ACTION_P,True
mistral.oi_conf_0036.ROLE_A.correction.modified,2.05415415763855,mistral.oi_conf_0036.ROLE_A.correction,correction,mistral,local-tree-0e666db570cdc02b55e6f64a1d7673689757f007b6c5b9a42a3b42797512be43,ACTION_P,"[29519, 29507, 6054, 2032, 29560, 7567, 2542, 11317, 18383, 29498, 29521, 1316, 29507, 8166, 29498, 2199, 2032, 29507, 29508, 29550, 8474, 7567, 2542, 11317, 18383, 29498, 29592, 1316, 29507, 8166, 29498, 2199, 11317, 29542, 18163, 1949, 29507, 7328, 29498, 2542, 11317, 18383, 29498, 29521, 18163, 2]",35443f5b2c84a90139e04d819e05f4d8a657f527a65e1b1094c5bcb960af34e0,oi_conf_0036.ROLE_A,"{""actions"":[{""action"":""ACTION_P"",""expected_value"":""15""},{""action"":""ACTION_Q"",""expected_value"":""9""}],""final_action"":""ACTION_P""}",modified,ACTION_P,True
mistral.oi_conf_0036.ROLE_B.correction.original,1.8507282733917236,mistral.oi_conf_0036.ROLE_B.correction,correction,mistral,local-tree-0e666db570cdc02b55e6f64a1d7673689757f007b6c5b9a42a3b42797512be43,ACTION_Q,"[29519, 29507, 6054, 2032, 29560, 7567, 2542, 11317, 18383, 29498, 29521, 1316, 29507, 8166, 29498, 2199, 2032, 29507, 29508, 29516, 29518, 29507, 1649, 7567, 2542, 11317, 18383, 29498, 29592, 1316, 29507, 8166, 29498, 2199, 2032, 29507, 29508, 29516, 29518, 18163, 1949, 29507, 7328, 29498, 2542, 11317, 18383, 29498, 29521, 18163, 2]",91c090b8451005530853acf3b27eeb2e22535c881d60f18f70b493097b0f4a0d,oi_conf_0036.ROLE_B,"{""actions"":[{""action"":""ACTION_P"",""expected_value"":""1/2""},{""action"":""ACTION_Q"",""expected_value"":""1/2""}],""final_action"":""ACTION_P""}",original,ACTION_P,False
mistral.oi_conf_0036.ROLE_B.correction.modified,1.6976561546325684,mistral.oi_conf_0036.ROLE_B.correction,correction,mistral,local-tree-0e666db570cdc02b55e6f64a1d7673689757f007b6c5b9a42a3b42797512be43,ACTION_Q,"[29519, 29507, 6054, 2032, 29560, 7567, 2542, 11317, 18383, 29498, 29521, 1316, 29507, 8166, 29498, 2199, 2032, 29507, 29502, 8474, 7567, 2542, 11317, 18383, 29498, 29592, 1316, 29507, 8166, 29498, 2199, 11317, 29552, 18163, 1949, 29507, 7328, 29498, 2542, 11317, 18383, 29498, 29521, 18163, 2]",6477c777d06322fdf80c0bb39e4aac4da9d7db4ee5e60946fbac5a88131d58b6,oi_conf_0036.ROLE_B,"{""actions"":[{""action"":""ACTION_P"",""expected_value"":""0""},{""action"":""ACTION_Q"",""expected_value"":""6""}],""final_action"":""ACTION_P""}",modified,ACTION_P,False
mistral.oi_conf_0037.ROLE_A.correction.original,2.046895742416382,mistral.oi_conf_0037.ROLE_A.correction,correction,mistral,local-tree-0e666db570cdc02b55e6f64a1d7673689757f007b6c5b9a42a3b42797512be43,ACTION_Q,"[29519, 29507, 6054, 2032, 29560, 7567, 2542, 11317, 18383, 29498, 29521, 1316, 29507, 8166, 29498, 2199, 2032, 29507, 29538, 8474, 7567, 2542, 11317, 18383, 29498, 29592, 1316, 29507, 8166, 29498, 2199, 11317, 29501, 29551, 18163, 1949, 29507, 7328, 29498, 2542, 11317, 18383, 29498, 29521, 18163, 2]",8c6cf700523774cc6d5bf79749484df8dc6861b8fac61580b1d12bba83895db7,oi_conf_0037.ROLE_A,"{""actions"":[{""action"":""ACTION_P"",""expected_value"":""3""},{""action"":""ACTION_Q"",""expected_value"":""-8""}],""final_action"":""ACTION_P""}",original,ACTION_P,False
mistral.oi_conf_0037.ROLE_A.correction.modified,1.7208876609802246,mistral.oi_conf_0037.ROLE_A.correction,correction,mistral,local-tree-0e666db570cdc02b55e6f64a1d7673689757f007b6c5b9a42a3b42797512be43,ACTION_Q,"[29519, 29507, 6054, 2032, 29560, 7567, 2542, 11317, 18383, 29498, 29521, 1316, 29507, 8166, 29498, 2199, 2032, 29507, 29538, 8474, 7567, 2542, 11317, 18383, 29498, 29592, 1316, 29507, 8166, 29498, 2199, 11317, 29508, 29508, 18163, 1949, 29507, 7328, 29498, 2542, 11317, 18383, 29498, 29521, 18163, 2]",ec5b88df794b1bd82dd1759d98d253b8f4fea0f352e5ee84540953fbde5acb28,oi_conf_0037.ROLE_A,"{""actions"":[{""action"":""ACTION_P"",""expected_value"":""3""},{""action"":""ACTION_Q"",""expected_value"":""11""}],""final_action"":""ACTION_P""}",modified,ACTION_P,False
mistral.oi_conf_0037.ROLE_B.correction.original,2.048652410507202,mistral.oi_conf_0037.ROLE_B.correction,correction,mistral,local-tree-0e666db570cdc02b55e6f64a1d7673689757f007b6c5b9a42a3b42797512be43,ACTION_P,"[29519, 29507, 6054, 2032, 29560, 7567, 2542, 11317, 18383, 29498, 29521, 1316, 29507, 8166, 29498, 2199, 2032, 29507, 29502, 8474, 7567, 2542, 11317, 18383, 29498, 29592, 1316, 29507, 8166, 29498, 2199, 11317, 29542, 18163, 1949, 29507, 7328, 29498, 2542, 11317, 18383, 29498, 29592, 18163, 2]",11f1e1e2473ad988f48573abda3d5303fee738ccfe3a65cf9398125e6f0b6708,oi_conf_0037.ROLE_B,"{""actions"":[{""action"":""ACTION_P"",""expected_value"":""0""},{""action"":""ACTION_Q"",""expected_value"":""9""}],""final_action"":""ACTION_Q""}",original,ACTION_Q,False
mistral.oi_conf_0037.ROLE_B.correction.modified,1.8391482830047607,mistral.oi_conf_0037.ROLE_B.correction,correction,mistral,local-tree-0e666db570cdc02b55e6f64a1d7673689757f007b6c5b9a42a3b42797512be43,ACTION_P,"[29519, 29507, 6054, 2032, 29560, 7567, 2542, 11317, 18383, 29498, 29521, 1316, 29507, 8166, 29498, 2199, 2032, 29507, 29508, 29516, 29518, 29507, 1649, 7567, 2542, 11317, 18383, 29498, 29592, 1316, 29507, 8166, 29498, 2199, 2032, 29507, 29508, 29516, 29518, 18163, 1949, 29507, 7328, 29498, 2542, 11317, 18383, 29498, 29521, 18163, 2]",5deaf00272d66774ecdb04b58497939e9b1228ae12cc413c93086c0f0212af81,oi_conf_0037.ROLE_B,"{""actions"":[{""action"":""ACTION_P"",""expected_value"":""1/2""},{""action"":""ACTION_Q"",""expected_value"":""1/2""}],""final_action"":""ACTION_P""}",modified,ACTION_P,True
mistral.oi_conf_0038.ROLE_A.correction.original,1.728269338607788,mistral.oi_conf_0038.ROLE_A.correction,correction,mistral,local-tree-0e666db570cdc02b55e6f64a1d7673689757f007b6c5b9a42a3b42797512be43,ACTION_Q,"[29519, 29507, 6054, 2032, 29560, 7567, 2542, 11317, 18383, 29498, 29521, 1316, 29507, 8166, 29498, 2199, 2032, 29507, 29538, 8474, 7567, 2542, 11317, 18383, 29498, 29592, 1316, 29507, 8166, 29498, 2199, 11317, 29508, 29555, 18163, 1949, 29507, 7328, 29498, 2542, 11317, 18383, 29498, 29521, 18163, 2]",a7749a6eb914a6697fe425cc896754cb297b5b0dc61b1244866c97239538e121,oi_conf_0038.ROLE_A,"{""actions"":[{""action"":""ACTION_P"",""expected_value"":""3""},{""action"":""ACTION_Q"",""expected_value"":""17""}],""final_action"":""ACTION_P""}",original,ACTION_P,False
mistral.oi_conf_0038.ROLE_A.correction.modified,2.0366110801696777,mistral.oi_conf_0038.ROLE_A.correction,correction,mistral,local-tree-0e666db570cdc02b55e6f64a1d7673689757f007b6c5b9a42a3b42797512be43,ACTION_Q,"[29519, 29507, 6054, 2032, 29560, 7567, 2542, 11317, 18383, 29498, 29521, 1316, 29507, 8166, 29498, 2199, 2032, 29507, 29502, 8474, 7567, 2542, 11317, 18383, 29498, 29592, 1316, 29507, 8166, 29498, 2199, 11317, 29508, 29518, 18163, 1949, 29507, 7328, 29498, 2542, 11317, 18383, 29498, 29592, 18163, 2]",c64594049c934e53f6f003e926d8145e6dd03f2ba516b941360c96d068b3b854,oi_conf_0038.ROLE_A,"{""actions"":[{""action"":""ACTION_P"",""expected_value"":""0""},{""action"":""ACTION_Q"",""expected_value"":""12""}],""final_action"":""ACTION_Q""}",modified,ACTION_Q,True
mistral.oi_conf_0038.ROLE_B.correction.original,1.7283573150634766,mistral.oi_conf_0038.ROLE_B.correction,correction,mistral,local-tree-0e666db570cdc02b55e6f64a1d7673689757f007b6c5b9a42a3b42797512be43,ACTION_P,"[29519, 29507, 6054, 2032, 29560, 7567, 2542, 11317, 18383, 29498, 29521, 1316, 29507, 8166, 29498, 2199, 2032, 29507, 29508, 29549, 8474, 7567, 2542, 11317, 18383, 29498, 29592, 1316, 29507, 8166, 29498, 2199, 11317, 29551, 18163, 1949, 29507, 7328, 29498, 2542, 11317, 18383, 29498, 29521, 18163, 2]",a0ea29fd0c4f1d8f1eaab6cbcaced419edcb9abf7e4478931ab1760f5e617975,oi_conf_0038.ROLE_B,"{""actions"":[{""action"":""ACTION_P"",""expected_value"":""14""},{""action"":""ACTION_Q"",""expected_value"":""8""}],""final_action"":""ACTION_P""}",original,ACTION_P,True
mistral.oi_conf_0038.ROLE_B.correction.modified,2.0797789096832275,mistral.oi_conf_0038.ROLE_B.correction,correction,mistral,local-tree-0e666db570cdc02b55e6f64a1d7673689757f007b6c5b9a42a3b42797512be43,ACTION_P,"[29519, 29507, 6054, 2032, 29560, 7567, 2542, 11317, 18383, 29498, 29521, 1316, 29507, 8166, 29498, 2199, 2032, 29507, 29508, 29549, 8474, 7567, 2542, 11317, 18383, 29498, 29592, 1316, 29507, 8166, 29498, 2199, 11317, 29508, 29555, 18163, 1949, 29507, 7328, 29498, 2542, 11317, 18383, 29498, 29521, 18163, 2]",8c45542a7c49f96065a1c6069900f46a51ebb912446b60e8092751c196a55a96,oi_conf_0038.ROLE_B,"{""actions"":[{""action"":""ACTION_P"",""expected_value"":""14""},{""action"":""ACTION_Q"",""expected_value"":""17""}],""final_action"":""ACTION_P""}",modified,ACTION_P,True
mistral.oi_conf_0039.ROLE_A.correction.original,1.8263435363769531,mistral.oi_conf_0039.ROLE_A.correction,correction,mistral,local-tree-0e666db570cdc02b55e6f64a1d7673689757f007b6c5b9a42a3b42797512be43,ACTION_P,"[29519, 29507, 6054, 2032, 29560, 7567, 2542, 11317, 18383, 29498, 29521, 1316, 29507, 8166, 29498, 2199, 2032, 29507, 29538, 29516, 29549, 29507, 1649, 7567, 2542, 11317, 18383, 29498, 29592, 1316, 29507, 8166, 29498, 2199, 11317, 29508, 29516, 29549, 18163, 1949, 29507, 7328, 29498, 2542, 11317, 18383, 29498, 29521, 18163, 2]",7ce5de8b65de797e4332053b8d54a656ff02410d1eaf996d67dd675db52e8ae3,oi_conf_0039.ROLE_A,"{""actions"":[{""action"":""ACTION_P"",""expected_value"":""3/4""},{""action"":""ACTION_Q"",""expected_value"":""1/4""}],""final_action"":""ACTION_P""}",original,ACTION_P,True
mistral.oi_conf_0039.ROLE_A.correction.modified,1.8369214534759521,mistral.oi_conf_0039.ROLE_A.correction,correction,mistral,local-tree-0e666db570cdc02b55e6f64a1d7673689757f007b6c5b9a42a3b42797512be43,ACTION_P,"[29519, 29507, 6054, 2032, 29560, 7567, 2542, 11317, 18383, 29498, 29521, 1316, 29507, 8166, 29498, 2199, 2032, 29507, 29508, 29516, 29549, 29507, 1649, 7567, 2542, 11317, 18383, 29498, 29592, 1316, 29507, 8166, 29498, 2199, 2032, 29507, 29508, 29516, 29549, 18163, 1949, 29507, 7328, 29498, 2542, 11317, 18383, 29498, 29521, 18163, 2]",6a4dc30d9dbd93aafe9e09d27e95dc5a71bf32014b2c6a61c594f4130e352df3,oi_conf_0039.ROLE_A,"{""actions"":[{""action"":""ACTION_P"",""expected_value"":""1/4""},{""action"":""ACTION_Q"",""expected_value"":""1/4""}],""final_action"":""ACTION_P""}",modified,ACTION_P,True
mistral.oi_conf_0040.ROLE_B.correction.original,2.109403133392334,mistral.oi_conf_0040.ROLE_B.correction,correction,mistral,local-tree-0e666db570cdc02b55e6f64a1d7673689757f007b6c5b9a42a3b42797512be43,ACTION_Q,"[29519, 29507, 6054, 2032, 29560, 7567, 2542, 11317, 18383, 29498, 29592, 1316, 29507, 8166, 29498, 2199, 2032, 29507, 29508, 29516, 29538, 8474, 7567, 2542, 11317, 18383, 29498, 29521, 1316, 29507, 8166, 29498, 2199, 11317, 29518, 29516, 29538, 18163, 1949, 29507, 7328, 29498, 2542, 11317, 18383, 29498, 29592, 18163, 2]",a13521c21a191e0ab20a3b7877aef9fd7fc2ab08d06d968934aaf8d3b0afba46,oi_conf_0040.ROLE_B,"{""actions"":[{""action"":""ACTION_Q"",""expected_value"":""1/3""},{""action"":""ACTION_P"",""expected_value"":""2/3""}],""final_action"":""ACTION_Q""}",original,ACTION_Q,True
mistral.oi_conf_0040.ROLE_B.correction.modified,1.8554120063781738,mistral.oi_conf_0040.ROLE_B.correction,correction,mistral,local-tree-0e666db570cdc02b55e6f64a1d7673689757f007b6c5b9a42a3b42797512be43,ACTION_Q,"[29519, 29507, 6054, 2032, 29560, 7567, 2542, 11317, 18383, 29498, 29592, 1316, 29507, 8166, 29498, 2199, 2032, 29507, 29501, 29538, 29516, 29538, 8474, 7567, 2542, 11317, 18383, 29498, 29521, 1316, 29507, 8166, 29498, 2199, 2032, 29507, 29501, 29555, 29516, 29518, 29507, 10925, 1630, 7328, 29498, 2542, 11317, 18383, 29498, 29592, 18163, 2]",d7943de0e080e2d5291a1347472d2d3bdc68066f7a4f72eb139fb082cb8c590b,oi_conf_0040.ROLE_B,"{""actions"":[{""action"":""ACTION_Q"",""expected_value"":""-3/3""},{""action"":""ACTION_P"",""expected_value"":""-7/2""}],""final_action"":""ACTION_Q""}",modified,ACTION_Q,True
mistral.oi_conf_0041.ROLE_B.correction.original,2.065460681915283,mistral.oi_conf_0041.ROLE_B.correction,correction,mistral,local-tree-0e666db570cdc02b55e6f64a1d7673689757f007b6c5b9a42a3b42797512be43,ACTION_P,"[29519, 29507, 6054, 2032, 29560, 7567, 2542, 11317, 18383, 29498, 29592, 1316, 29507, 8166, 29498, 2199, 2032, 29507, 29538, 8474, 7567, 2542, 11317, 18383, 29498, 29521, 1316, 29507, 8166, 29498, 2199, 11317, 29501, 29508, 18163, 1949, 29507, 7328, 29498, 2542, 11317, 18383, 29498, 29592, 18163, 2]",5be0ad319372900e5c0b320647ecdcdaaba00ad911f92a003917856d4c1da960,oi_conf_0041.ROLE_B,"{""actions"":[{""action"":""ACTION_Q"",""expected_value"":""3""},{""action"":""ACTION_P"",""expected_value"":""-1""}],""final_action"":""ACTION_Q""}",original,ACTION_Q,False
mistral.oi_conf_0041.ROLE_B.correction.modified,1.8738064765930176,mistral.oi_conf_0041.ROLE_B.correction,correction,mistral,local-tree-0e666db570cdc02b55e6f64a1d7673689757f007b6c5b9a42a3b42797512be43,ACTION_P,"[29519, 29507, 6054, 2032, 29560, 7567, 2542, 11317, 18383, 29498, 29592, 1316, 29507, 8166, 29498, 2199, 2032, 29507, 29501, 29550, 29516, 29538, 8474, 7567, 2542, 11317, 18383, 29498, 29521, 1316, 29507, 8166, 29498, 2199, 11317, 29501, 29555, 29516, 29538, 18163, 1949, 29507, 7328, 29498, 2542, 11317, 18383, 29498, 29592, 18163, 2]",ff93ea527f99604c37a34c3569e24fd6766e40da9b2141d652fbf87a7ccc4815,oi_conf_0041.ROLE_B,"{""actions"":[{""action"":""ACTION_Q"",""expected_value"":""-5/3""},{""action"":""ACTION_P"",""expected_value"":""-7/3""}],""final_action"":""ACTION_Q""}",modified,ACTION_Q,False
mistral.oi_conf_0042.ROLE_A.correction.original,1.844139575958252,mistral.oi_conf_0042.ROLE_A.correction,correction,mistral,local-tree-0e666db570cdc02b55e6f64a1d7673689757f007b6c5b9a42a3b42797512be43,ACTION_Q,"[29519, 29507, 6054, 2032, 29560, 7567, 2542, 11317, 18383, 29498, 29592, 1316, 29507, 8166, 29498, 2199, 2032, 29507, 29538, 29516, 29551, 29507, 1649, 7567, 2542, 11317, 18383, 29498, 29521, 1316, 29507, 8166, 29498, 2199, 2032, 29507, 29550, 29516, 29551, 18163, 1949, 29507, 7328, 29498, 2542, 11317, 18383, 29498, 29592, 18163, 2]",8e7f093b5c67df8b17b7b20af125e850382e8ed3acdac52376b1d0e91c35823f,oi_conf_0042.ROLE_A,"{""actions"":[{""action"":""ACTION_Q"",""expected_value"":""3/8""},{""action"":""ACTION_P"",""expected_value"":""5/8""}],""final_action"":""ACTION_Q""}",original,ACTION_Q,True
mistral.oi_conf_0042.ROLE_A.correction.modified,2.1905083656311035,mistral.oi_conf_0042.ROLE_A.correction,correction,mistral,local-tree-0e666db570cdc02b55e6f64a1d7673689757f007b6c5b9a42a3b42797512be43,ACTION_Q,"[29519, 29507, 6054, 2032, 29560, 7567, 2542, 11317, 18383, 29498, 29592, 1316, 29507, 8166, 29498, 2199, 2032, 29507, 29538, 29516, 29551, 29507, 1649, 7567, 2542, 11317, 18383, 29498, 29521, 1316, 29507, 8166, 29498, 2199, 2032, 29507, 29550, 29516, 29551, 18163, 1949, 29507, 7328, 29498, 2542, 11317, 18383, 29498, 29592, 18163, 2]",48065765e0231e2a41393a5266f985cd24121e444d6e2018a05d81d3d73dcaeb,oi_conf_0042.ROLE_A,"{""actions"":[{""action"":""ACTION_Q"",""expected_value"":""3/8""},{""action"":""ACTION_P"",""expected_value"":""5/8""}],""final_action"":""ACTION_Q""}",modified,ACTION_Q,True
mistral.oi_conf_0042.ROLE_B.correction.original,1.8269588947296143,mistral.oi_conf_0042.ROLE_B.correction,correction,mistral,local-tree-0e666db570cdc02b55e6f64a1d7673689757f007b6c5b9a42a3b42797512be43,ACTION_P,"[29519, 29507, 6054, 2032, 29560, 7567, 2542, 11317, 18383, 29498, 29592, 1316, 29507, 8166, 29498, 2199, 2032, 29507, 29538, 29516, 29551, 8474, 7567, 2542, 11317, 18383, 29498, 29521, 1316, 29507, 8166, 29498, 2199, 2032, 29507, 29550, 29516, 29551, 18163, 1949, 29507, 7328, 29498, 2542, 11317, 18383, 29498, 29592, 18163, 2]",41c66f96ee92986c060bdf62b2974c01ec4a0037bbfb5aa24f352014b8b02f18,oi_conf_0042.ROLE_B,"{""actions"":[{""action"":""ACTION_Q"",""expected_value"":""3/8""},{""action"":""ACTION_P"",""expected_value"":""5/8""}],""final_action"":""ACTION_Q""}",original,ACTION_Q,False
mistral.oi_conf_0042.ROLE_B.correction.modified,1.825190544128418,mistral.oi_conf_0042.ROLE_B.correction,correction,mistral,local-tree-0e666db570cdc02b55e6f64a1d7673689757f007b6c5b9a42a3b42797512be43,ACTION_P,"[29519, 29507, 6054, 2032, 29560, 7567, 2542, 11317, 18383, 29498, 29592, 1316, 29507, 8166, 29498, 2199, 2032, 29507, 29538, 29516, 29551, 8474, 7567, 2542, 11317, 18383, 29498, 29521, 1316, 29507, 8166, 29498, 2199, 2032, 29507, 29550, 29516, 29551, 18163, 1949, 29507, 7328, 29498, 2542, 11317, 18383, 29498, 29592, 18163, 2]",1e697ac3064438401cdf71062f8af816eb81b8cac91619fbcf042f0d3eb7b765,oi_conf_0042.ROLE_B,"{""actions"":[{""action"":""ACTION_Q"",""expected_value"":""3/8""},{""action"":""ACTION_P"",""expected_value"":""5/8""}],""final_action"":""ACTION_Q""}",modified,ACTION_Q,False
mistral.oi_conf_0043.ROLE_A.correction.original,2.129448652267456,mistral.oi_conf_0043.ROLE_A.correction,correction,mistral,local-tree-0e666db570cdc02b55e6f64a1d7673689757f007b6c5b9a42a3b42797512be43,ACTION_P,"[29519, 29507, 6054, 2032, 29560, 7567, 2542, 11317, 18383, 29498, 29592, 1316, 29507, 8166, 29498, 2199, 2032, 29507, 29501, 29551, 8474, 7567, 2542, 11317, 18383, 29498, 29521, 1316, 29507, 8166, 29498, 2199, 11317, 29518, 29542, 29516, 29518, 29507, 10925, 1630, 7328, 29498, 2542, 11317, 18383, 29498, 29592, 18163, 2]",27c3ffcaf97744520fe73d705a1d8079e4aaaed3068760fc0e3910daa0998399,oi_conf_0043.ROLE_A,"{""actions"":[{""action"":""ACTION_Q"",""expected_value"":""-8""},{""action"":""ACTION_P"",""expected_value"":""29/2""}],""final_action"":""ACTION_Q""}",original,ACTION_Q,False
mistral.oi_conf_0043.ROLE_A.correction.modified,1.8675401210784912,mistral.oi_conf_0043.ROLE_A.correction,correction,mistral,local-tree-0e666db570cdc02b55e6f64a1d7673689757f007b6c5b9a42a3b42797512be43,ACTION_P,"[29519, 29507, 6054, 2032, 29560, 7567, 2542, 11317, 18383, 29498, 29592, 1316, 29507, 8166, 29498, 2199, 2032, 29507, 29501, 29551, 29516, 29552, 8474, 7567, 2542, 11317, 18383, 29498, 29521, 1316, 29507, 8166, 29498, 2199, 11317, 29501, 29518, 29516, 29552, 18163, 1949, 29507, 7328, 29498, 2542, 11317, 18383, 29498, 29592, 18163, 2]",17c1e9d243d7ee41737817174fae083cea0070ec6c49cfedd00a76175e90180c,oi_conf_0043.ROLE_A,"{""actions"":[{""action"":""ACTION_Q"",""expected_value"":""-8/6""},{""action"":""ACTION_P"",""expected_value"":""-2/6""}],""final_action"":""ACTION_Q""}",modified,ACTION_Q,False
mistral.oi_conf_0043.ROLE_B.correction.original,1.8275673389434814,mistral.oi_conf_0043.ROLE_B.correction,correction,mistral,local-tree-0e666db570cdc02b55e6f64a1d7673689757f007b6c5b9a42a3b42797512be43,ACTION_Q,"[29519, 29507, 6054, 2032, 29560, 7567, 2542, 11317, 18383, 29498, 29592, 1316, 29507, 8166, 29498, 2199, 2032, 29507, 29508, 29516, 29552, 8474, 7567, 2542, 11317, 18383, 29498, 29521, 1316, 29507, 8166, 29498, 2199, 2032, 29507, 29550, 29516, 29552, 18163, 1949, 29507, 7328, 29498, 2542, 11317, 18383, 29498, 29592, 18163, 2]",16c7018e7a3f6088648742ae2b744df538a4119b765172877a955c94d56545f6,oi_conf_0043.ROLE_B,"{""actions"":[{""action"":""ACTION_Q"",""expected_value"":""1/6""},{""action"":""ACTION_P"",""expected_value"":""5/6""}],""final_action"":""ACTION_Q""}",original,ACTION_Q,True
mistral.oi_conf_0043.ROLE_B.correction.modified,2.1553776264190674,mistral.oi_conf_0043.ROLE_B.correction,correction,mistral,local-tree-0e666db570cdc02b55e6f64a1d7673689757f007b6c5b9a42a3b42797512be43,ACTION_Q,"[29519, 29507, 6054, 2032, 29560, 7567, 2542, 11317, 18383, 29498, 29592, 1316, 29507, 8166, 29498, 2199, 2032, 29507, 29508, 29516, 29552, 8474, 7567, 2542, 11317, 18383, 29498, 29521, 1316, 29507, 8166, 29498, 2199, 2032, 29507, 29550, 29516, 29552, 18163, 1949, 29507, 7328, 29498, 2542, 11317, 18383, 29498, 29592, 18163, 2]",b7d97aaa8fc4b367fb9656978bf802897938be6e7a480b9606ebad1165cf8b4e,oi_conf_0043.ROLE_B,"{""actions"":[{""action"":""ACTION_Q"",""expected_value"":""1/6""},{""action"":""ACTION_P"",""expected_value"":""5/6""}],""final_action"":""ACTION_Q""}",modified,ACTION_Q,True
mistral.oi_conf_0044.ROLE_A.correction.original,1.7729415893554688,mistral.oi_conf_0044.ROLE_A.correction,correction,mistral,local-tree-0e666db570cdc02b55e6f64a1d7673689757f007b6c5b9a42a3b42797512be43,ACTION_P,"[29519, 29507, 6054, 2032, 29560, 7567, 2542, 11317, 18383, 29498, 29592, 1316, 29507, 8166, 29498, 2199, 2032, 29507, 29538, 29502, 8474, 7567, 2542, 11317, 18383, 29498, 29521, 1316, 29507, 8166, 29498, 2199, 11317, 29508, 29549, 18163, 1949, 29507, 7328, 29498, 2542, 11317, 18383, 29498, 29592, 18163, 2]",3cd7a0ea28027310fc50ddaff1eeae1efec5af5d61dc61ea979d8cc9e046165d,oi_conf_0044.ROLE_A,"{""actions"":[{""action"":""ACTION_Q"",""expected_value"":""30""},{""action"":""ACTION_P"",""expected_value"":""14""}],""final_action"":""ACTION_Q""}",original,ACTION_Q,False
mistral.oi_conf_0044.ROLE_A.correction.modified,1.837557077407837,mistral.oi_conf_0044.ROLE_A.correction,correction,mistral,local-tree-0e666db570cdc02b55e6f64a1d7673689757f007b6c5b9a42a3b42797512be43,ACTION_P,"[29519, 29507, 6054, 2032, 29560, 7567, 2542, 11317, 18383, 29498, 29592, 1316, 29507, 8166, 29498, 2199, 2032, 29507, 29538, 29516, 29551, 29507, 1649, 7567, 2542, 11317, 18383, 29498, 29521, 1316, 29507, 8166, 29498, 2199, 2032, 29507, 29550, 29516, 29551, 29507, 10925, 1630, 7328, 29498, 2542, 11317, 18383, 29498, 29592, 18163, 2]",a98a431066caeedca69c402471c5c0f1f48a3a531576333733bb2a366195b3e7,oi_conf_0044.ROLE_A,"{""actions"":[{""action"":""ACTION_Q"",""expected_value"":""3/8""},{""action"":""ACTION_P"",""expected_value"":""5/8""}],""final_action"":""ACTION_Q""}",modified,ACTION_Q,False
mistral.oi_conf_0044.ROLE_B.correction.original,1.7839233875274658,mistral.oi_conf_0044.ROLE_B.correction,correction,mistral,local-tree-0e666db570cdc02b55e6f64a1d7673689757f007b6c5b9a42a3b42797512be43,ACTION_Q,"[29519, 29507, 6054, 2032, 29560, 7567, 2542, 11317, 18383, 29498, 29592, 1316, 29507, 8166, 29498, 2199, 2032, 29507, 29501, 29538, 29516, 29518, 8474, 7567, 2542, 11317, 18383, 29498, 29521, 1316, 29507, 8166, 29498, 2199, 11317, 29508, 29549, 18163, 1949, 29507, 7328, 29498, 2542, 11317, 18383, 29498, 29521, 18163, 2]",abf327815b992006509d3d6f9dd6069ff81a01e92d5c2411246302e4429df49c,oi_conf_0044.ROLE_B,"{""actions"":[{""action"":""ACTION_Q"",""expected_value"":""-3/2""},{""action"":""ACTION_P"",""expected_value"":""14""}],""final_action"":""ACTION_P""}",original,ACTION_P,False
mistral.oi_conf_0044.ROLE_B.correction.modified,2.130504846572876,mistral.oi_conf_0044.ROLE_B.correction,correction,mistral,local-tree-0e666db570cdc02b55e6f64a1d7673689757f007b6c5b9a42a3b42797512be43,ACTION_Q,"[29519, 29507, 6054, 2032, 29560, 7567, 2542, 11317, 18383, 29498, 29592, 1316, 29507, 8166, 29498, 2199, 2032, 29507, 29538, 29516, 29551, 29507, 1649, 7567, 2542, 11317, 18383, 29498, 29521, 1316, 29507, 8166, 29498, 2199, 2032, 29507, 29550, 29516, 29551, 18163, 1949, 29507, 7328, 29498, 2542, 11317, 18383, 29498, 29592, 18163, 2]",bd417f15ad57eea4af2f6e7ea252e1645f2d174ac2a107337eb332c3873f865f,oi_conf_0044.ROLE_B,"{""actions"":[{""action"":""ACTION_Q"",""expected_value"":""3/8""},{""action"":""ACTION_P"",""expected_value"":""5/8""}],""final_action"":""ACTION_Q""}",modified,ACTION_Q,True
mistral.oi_conf_0045.ROLE_A.correction.original,1.7500252723693848,mistral.oi_conf_0045.ROLE_A.correction,correction,mistral,local-tree-0e666db570cdc02b55e6f64a1d7673689757f007b6c5b9a42a3b42797512be43,ACTION_Q,"[29519, 29507, 6054, 2032, 29560, 7567, 2542, 11317, 18383, 29498, 29592, 1316, 29507, 8166, 29498, 2199, 2032, 29507, 29508, 29550, 8474, 7567, 2542, 11317, 18383, 29498, 29521, 1316, 29507, 8166, 29498, 2199, 11317, 29501, 29508, 29507, 10925, 1630, 7328, 29498, 2542, 11317, 18383, 29498, 29592, 18163, 2]",28cc1122ea947ad5eff67f4e0b1ee82ffb93a874d1df4e89dccae3348a9ee1ab,oi_conf_0045.ROLE_A,"{""actions"":[{""action"":""ACTION_Q"",""expected_value"":""15""},{""action"":""ACTION_P"",""expected_value"":""-1""}],""final_action"":""ACTION_Q""}",original,ACTION_Q,True
mistral.oi_conf_0045.ROLE_A.correction.modified,2.029893398284912,mistral.oi_conf_0045.ROLE_A.correction,correction,mistral,local-tree-0e666db570cdc02b55e6f64a1d7673689757f007b6c5b9a42a3b42797512be43,ACTION_Q,"[29519, 29507, 6054, 2032, 29560, 7567, 2542, 11317, 18383, 29498, 29592, 1316, 29507, 8166, 29498, 2199, 2032, 29507, 29508, 29550, 8474, 7567, 2542, 11317, 18383, 29498, 29521, 1316, 29507, 8166, 29498, 2199, 11317, 29555, 18163, 1949, 29507, 7328, 29498, 2542, 11317, 18383, 29498, 29592, 18163, 2]",49e1400b99d5b5b89aa71d986e43beeefcf1d7b5fa9086a57124f00a14b486c5,oi_conf_0045.ROLE_A,"{""actions"":[{""action"":""ACTION_Q"",""expected_value"":""15""},{""action"":""ACTION_P"",""expected_value"":""7""}],""final_action"":""ACTION_Q""}",modified,ACTION_Q,True
mistral.oi_conf_0045.ROLE_B.correction.original,1.713932752609253,mistral.oi_conf_0045.ROLE_B.correction,correction,mistral,local-tree-0e666db570cdc02b55e6f64a1d7673689757f007b6c5b9a42a3b42797512be43,ACTION_P,"[29519, 29507, 6054, 2032, 29560, 7567, 2542, 11317, 18383, 29498, 29592, 1316, 29507, 8166, 29498, 2199, 2032, 29507, 29502, 8474, 7567, 2542, 11317, 18383, 29498, 29521, 1316, 29507, 8166, 29498, 2199, 11317, 29502, 18163, 1949, 29507, 7328, 29498, 2542, 11317, 18383, 29498, 29592, 18163, 2]",17ff486bc9103f0c66799ea621ff77e4430ed17d0dd107e6b6279735c04a14f8,oi_conf_0045.ROLE_B,"{""actions"":[{""action"":""ACTION_Q"",""expected_value"":""0""},{""action"":""ACTION_P"",""expected_value"":""0""}],""final_action"":""ACTION_Q""}",original,ACTION_Q,False
mistral.oi_conf_0045.ROLE_B.correction.modified,223.8972451686859,mistral.oi_conf_0045.ROLE_B.correction,correction,mistral,local-tree-0e666db570cdc02b55e6f64a1d7673689757f007b6c5b9a42a3b42797512be43,ACTION_P,"[29519, 29507, 6054, 2032, 29560, 7567, 2542, 11317, 18383, 29498, 29592, 1316, 29507, 8166, 29498, 2199, 2032, 29507, 29502, 8474, 7567, 2542, 11317, 18383, 29498, 29521, 1316, 29507, 8166, 29498, 2199, 11317, 29502, 18163, 1949, 29507, 7328, 29498, 2542, 11317, 18383, 29498, 29592, 18163, 2]",26537a6270bc5c9fc38f92abd8d9813bfc3d4967d6d1c90ae72cab28c7fa9bf6,oi_conf_0045.ROLE_B,"{""actions"":[{""action"":""ACTION_Q"",""expected_value"":""0""},{""action"":""ACTION_P"",""expected_value"":""0""}],""final_action"":""ACTION_Q""}",modified,ACTION_Q,False
mistral.oi_conf_0046.ROLE_B.correction.original,2.060556650161743,mistral.oi_conf_0046.ROLE_B.correction,correction,mistral,local-tree-0e666db570cdc02b55e6f64a1d7673689757f007b6c5b9a42a3b42797512be43,ACTION_P,"[29519, 29507, 6054, 2032, 29560, 7567, 2542, 11317, 18383, 29498, 29592, 1316, 29507, 8166, 29498, 2199, 2032, 29507, 29538, 8474, 7567, 2542, 11317, 18383, 29498, 29521, 1316, 29507, 8166, 29498, 2199, 11317, 29501, 29538, 18163, 1949, 29507, 7328, 29498, 2542, 11317, 18383, 29498, 29592, 18163, 2]",a6cfbc476c39dd69d0d82a28097f1ff601f077ea32e6347bd7e96c06cde91bf5,oi_conf_0046.ROLE_B,"{""actions"":[{""action"":""ACTION_Q"",""expected_value"":""3""},{""action"":""ACTION_P"",""expected_value"":""-3""}],""final_action"":""ACTION_Q""}",original,ACTION_Q,False
mistral.oi_conf_0046.ROLE_B.correction.modified,2.037400484085083,mistral.oi_conf_0046.ROLE_B.correction,correction,mistral,local-tree-0e666db570cdc02b55e6f64a1d7673689757f007b6c5b9a42a3b42797512be43,ACTION_P,"[29519, 29507, 6054, 2032, 29560, 7567, 2542, 11317, 18383, 29498, 29592, 1316, 29507, 8166, 29498, 2199, 2032, 29507, 29538, 8474, 7567, 2542, 11317, 18383, 29498, 29521, 1316, 29507, 8166, 29498, 2199, 11317, 29508, 29555, 18163, 1949, 29507, 7328, 29498, 2542, 11317, 18383, 29498, 29592, 18163, 2]",8455c18c0e52715b0cd2709c364a63a644d14eaac2c6b17b9bb1adcab3782c6e,oi_conf_0046.ROLE_B,"{""actions"":[{""action"":""ACTION_Q"",""expected_value"":""3""},{""action"":""ACTION_P"",""expected_value"":""17""}],""final_action"":""ACTION_Q""}",modified,ACTION_Q,False
mistral.oi_conf_0047.ROLE_A.correction.original,2.401127815246582,mistral.oi_conf_0047.ROLE_A.correction,correction,mistral,local-tree-0e666db570cdc02b55e6f64a1d7673689757f007b6c5b9a42a3b42797512be43,ACTION_P,"[29519, 29507, 6054, 2032, 29560, 7567, 2542, 11317, 18383, 29498, 29592, 1316, 29507, 8166, 29498, 2199, 2032, 29507, 29502, 8474, 7567, 2542, 11317, 18383, 29498, 29521, 1316, 29507, 8166, 29498, 2199, 11317, 29502, 18163, 1949, 29507, 7328, 29498, 2542, 11317, 18383, 29498, 29592, 18163, 2]",008ee47c2a2a83c246f644f24dbe31adace4686145faa6e9e64fe39c68cdbbb8,oi_conf_0047.ROLE_A,"{""actions"":[{""action"":""ACTION_Q"",""expected_value"":""0""},{""action"":""ACTION_P"",""expected_value"":""0""}],""final_action"":""ACTION_Q""}",original,ACTION_Q,False
mistral.oi_conf_0047.ROLE_A.correction.modified,2.023700714111328,mistral.oi_conf_0047.ROLE_A.correction,correction,mistral,local-tree-0e666db570cdc02b55e6f64a1d7673689757f007b6c5b9a42a3b42797512be43,ACTION_P,"[29519, 29507, 6054, 2032, 29560, 7567, 2542, 11317, 18383, 29498, 29592, 1316, 29507, 8166, 29498, 2199, 2032, 29507, 29502, 8474, 7567, 2542, 11317, 18383, 29498, 29521, 1316, 29507, 8166, 29498, 2199, 11317, 29502, 18163, 1949, 29507, 7328, 29498, 2542, 11317, 18383, 29498, 29592, 18163, 2]",9e905291bc20fe70e61d2f7e242f9c31692856193e7caccfc7822246756f82fe,oi_conf_0047.ROLE_A,"{""actions"":[{""action"":""ACTION_Q"",""expected_value"":""0""},{""action"":""ACTION_P"",""expected_value"":""0""}],""final_action"":""ACTION_Q""}",modified,ACTION_Q,False
mistral.oi_conf_0048.ROLE_A.correction.original,2.548884630203247,mistral.oi_conf_0048.ROLE_A.correction,correction,mistral,local-tree-0e666db570cdc02b55e6f64a1d7673689757f007b6c5b9a42a3b42797512be43,ACTION_P,"[29519, 29507, 6054, 2032, 29560, 7567, 2542, 11317, 18383, 29498, 29521, 1316, 29507, 8166, 29498, 2199, 2032, 29507, 29508, 29551, 29516, 29538, 8474, 7567, 2542, 11317, 18383, 29498, 29592, 1316, 29507, 8166, 29498, 2199, 11317, 29508, 29508, 29516, 29538, 18163, 1949, 29507, 7328, 29498, 2542, 11317, 18383, 29498, 29521, 18163, 2]",652d6b828ad1200eb4f8beabaa21080439b629a18c24bcfd23a1f8c1010e5bc1,oi_conf_0048.ROLE_A,"{""actions"":[{""action"":""ACTION_P"",""expected_value"":""18/3""},{""action"":""ACTION_Q"",""expected_value"":""11/3""}],""final_action"":""ACTION_P""}",original,ACTION_P,True
mistral.oi_conf_0048.ROLE_A.correction.modified,2.1317834854125977,mistral.oi_conf_0048.ROLE_A.correction,correction,mistral,local-tree-0e666db570cdc02b55e6f64a1d7673689757f007b6c5b9a42a3b42797512be43,ACTION_P,"[29519, 29507, 6054, 2032, 29560, 7567, 2542, 11317, 18383, 29498, 29521, 1316, 29507, 8166, 29498, 2199, 2032, 29507, 29538, 29552, 8474, 7567, 2542, 11317, 18383, 29498, 29592, 1316, 29507, 8166, 29498, 2199, 2032, 29507, 29538, 29508, 18163, 1949, 29507, 7328, 29498, 2542, 11317, 18383, 29498, 29521, 18163, 2]",721785ad2895de8b39aad31713791e114ef153737580aae26667232c13d906fc,oi_conf_0048.ROLE_A,"{""actions"":[{""action"":""ACTION_P"",""expected_value"":""36""},{""action"":""ACTION_Q"",""expected_value"":""31""}],""final_action"":""ACTION_P""}",modified,ACTION_P,True
mistral.oi_conf_0049.ROLE_A.correction.original,2.0885298252105713,mistral.oi_conf_0049.ROLE_A.correction,correction,mistral,local-tree-0e666db570cdc02b55e6f64a1d7673689757f007b6c5b9a42a3b42797512be43,ACTION_Q,"[29519, 29507, 6054, 2032, 29560, 7567, 2542, 11317, 18383, 29498, 29521, 1316, 29507, 8166, 29498, 2199, 2032, 29507, 29508, 29502, 8474, 7567, 2542, 11317, 18383, 29498, 29592, 1316, 29507, 8166, 29498, 2199, 11317, 29508, 29552, 18163, 1949, 29507, 7328, 29498, 2542, 11317, 18383, 29498, 29521, 18163, 2]",6d5d33b65af33f38b53968da1774d50f17e6da3f832c3d081c7b7be15a190be3,oi_conf_0049.ROLE_A,"{""actions"":[{""action"":""ACTION_P"",""expected_value"":""10""},{""action"":""ACTION_Q"",""expected_value"":""16""}],""final_action"":""ACTION_P""}",original,ACTION_P,False
mistral.oi_conf_0049.ROLE_A.correction.modified,2.06475567817688,mistral.oi_conf_0049.ROLE_A.correction,correction,mistral,local-tree-0e666db570cdc02b55e6f64a1d7673689757f007b6c5b9a42a3b42797512be43,ACTION_Q,"[29519, 29507, 6054, 2032, 29560, 7567, 2542, 11317, 18383, 29498, 29521, 1316, 29507, 8166, 29498, 2199, 2032, 29507, 29538, 8474, 7567, 2542, 11317, 18383, 29498, 29592, 1316, 29507, 8166, 29498, 2199, 2032, 29507, 29508, 29518, 18163, 1949, 29507, 7328, 29498, 2542, 11317, 18383, 29498, 29521, 18163, 2]",af0bcc4d4150a89cd958f0b51c7dd6c5d92fe72673ececccad7a73baddad3e5a,oi_conf_0049.ROLE_A,"{""actions"":[{""action"":""ACTION_P"",""expected_value"":""3""},{""action"":""ACTION_Q"",""expected_value"":""12""}],""final_action"":""ACTION_P""}",modified,ACTION_P,False
mistral.oi_conf_0050.ROLE_A.correction.original,2.4094247817993164,mistral.oi_conf_0050.ROLE_A.correction,correction,mistral,local-tree-0e666db570cdc02b55e6f64a1d7673689757f007b6c5b9a42a3b42797512be43,ACTION_Q,"[29519, 29507, 6054, 2032, 29560, 7567, 2542, 11317, 18383, 29498, 29521, 1316, 29507, 8166, 29498, 2199, 2032, 29507, 29502, 8474, 7567, 2542, 11317, 18383, 29498, 29592, 1316, 29507, 8166, 29498, 2199, 11317, 29508, 29502, 18163, 1949, 29507, 7328, 29498, 2542, 11317, 18383, 29498, 29592, 18163, 2]",e0442a22f2fa632726346271846f4756ddada37f5a207ad06bce0c7576361b91,oi_conf_0050.ROLE_A,"{""actions"":[{""action"":""ACTION_P"",""expected_value"":""0""},{""action"":""ACTION_Q"",""expected_value"":""10""}],""final_action"":""ACTION_Q""}",original,ACTION_Q,True
mistral.oi_conf_0050.ROLE_A.correction.modified,1.7296056747436523,mistral.oi_conf_0050.ROLE_A.correction,correction,mistral,local-tree-0e666db570cdc02b55e6f64a1d7673689757f007b6c5b9a42a3b42797512be43,ACTION_Q,"[29519, 29507, 6054, 2032, 29560, 7567, 2542, 11317, 18383, 29498, 29521, 1316, 29507, 8166, 29498, 2199, 2032, 29507, 29502, 8474, 7567, 2542, 11317, 18383, 29498, 29592, 1316, 29507, 8166, 29498, 2199, 11317, 29508, 29502, 18163, 1949, 29507, 7328, 29498, 2542, 11317, 18383, 29498, 29592, 18163, 2]",308eae4016069ad48e2426cd9296a775120f545d56046a04952ef2b443433756,oi_conf_0050.ROLE_A,"{""actions"":[{""action"":""ACTION_P"",""expected_value"":""0""},{""action"":""ACTION_Q"",""expected_value"":""10""}],""final_action"":""ACTION_Q""}",modified,ACTION_Q,True
mistral.oi_conf_0050.ROLE_B.correction.original,2.125434637069702,mistral.oi_conf_0050.ROLE_B.correction,correction,mistral,local-tree-0e666db570cdc02b55e6f64a1d7673689757f007b6c5b9a42a3b42797512be43,ACTION_P,"[29519, 29507, 6054, 2032, 29560, 7567, 2542, 11317, 18383, 29498, 29521, 1316, 29507, 8166, 29498, 2199, 2032, 29507, 29549, 29516, 29549, 8474, 7567, 2542, 11317, 18383, 29498, 29592, 1316, 29507, 8166, 29498, 2199, 11317, 29508, 29508, 29516, 29549, 18163, 1949, 29507, 7328, 29498, 2542, 11317, 18383, 29498, 29521, 18163, 2]",681e87a05cbc56109fcb7794873b6e9e52f9508f4bfcad984bf47bac18d4031a,oi_conf_0050.ROLE_B,"{""actions"":[{""action"":""ACTION_P"",""expected_value"":""4/4""},{""action"":""ACTION_Q"",""expected_value"":""11/4""}],""final_action"":""ACTION_P""}",original,ACTION_P,True
mistral.oi_conf_0050.ROLE_B.correction.modified,1.7352564334869385,mistral.oi_conf_0050.ROLE_B.correction,correction,mistral,local-tree-0e666db570cdc02b55e6f64a1d7673689757f007b6c5b9a42a3b42797512be43,ACTION_P,"[29519, 29507, 6054, 2032, 29560, 7567, 2542, 11317, 18383, 29498, 29521, 1316, 29507, 8166, 29498, 2199, 2032, 29507, 29549, 8474, 7567, 2542, 11317, 18383, 29498, 29592, 1316, 29507, 8166, 29498, 2199, 11317, 29508, 29552, 18163, 1949, 29507, 7328, 29498, 2542, 11317, 18383, 29498, 29592, 18163, 2]",0da66e7d88df9a5139b7e6db288a5841c4818ef4eb59a87bf05e4f0986ce7df8,oi_conf_0050.ROLE_B,"{""actions"":[{""action"":""ACTION_P"",""expected_value"":""4""},{""action"":""ACTION_Q"",""expected_value"":""16""}],""final_action"":""ACTION_Q""}",modified,ACTION_Q,False
mistral.oi_conf_0051.ROLE_A.correction.original,2.1515440940856934,mistral.oi_conf_0051.ROLE_A.correction,correction,mistral,local-tree-0e666db570cdc02b55e6f64a1d7673689757f007b6c5b9a42a3b42797512be43,ACTION_P,"[29519, 29507, 6054, 2032, 29560, 7567, 2542, 11317, 18383, 29498, 29521, 1316, 29507, 8166, 29498, 2199, 2032, 29507, 29518, 29516, 29550, 29507, 1649, 7567, 2542, 11317, 18383, 29498, 29592, 1316, 29507, 8166, 29498, 2199, 11317, 29538, 29516, 29550, 18163, 1949, 29507, 7328, 29498, 2542, 11317, 18383, 29498, 29521, 18163, 2]",21c5ca5f7f63ead0540d533dd138de0ec09024eb97291b82d7527691d61f174f,oi_conf_0051.ROLE_A,"{""actions"":[{""action"":""ACTION_P"",""expected_value"":""2/5""},{""action"":""ACTION_Q"",""expected_value"":""3/5""}],""final_action"":""ACTION_P""}",original,ACTION_P,True
mistral.oi_conf_0051.ROLE_A.correction.modified,1.8595917224884033,mistral.oi_conf_0051.ROLE_A.correction,correction,mistral,local-tree-0e666db570cdc02b55e6f64a1d7673689757f007b6c5b9a42a3b42797512be43,ACTION_P,"[29519, 29507, 6054, 2032, 29560, 7567, 2542, 11317, 18383, 29498, 29521, 1316, 29507, 8166, 29498, 2199, 2032, 29507, 29518, 29516, 29550, 29507, 1649, 7567, 2542, 11317, 18383, 29498, 29592, 1316, 29507, 8166, 29498, 2199, 2032, 29507, 29538, 29516, 29550, 18163, 1949, 29507, 7328, 29498, 2542, 11317, 18383, 29498, 29521, 18163, 2]",7f5fec26f8300f758b9fb64bed43940cedaea0f221b3976e05224816f0a06e4b,oi_conf_0051.ROLE_A,"{""actions"":[{""action"":""ACTION_P"",""expected_value"":""2/5""},{""action"":""ACTION_Q"",""expected_value"":""3/5""}],""final_action"":""ACTION_P""}",modified,ACTION_P,True
mistral.oi_conf_0051.ROLE_B.correction.original,1.7426722049713135,mistral.oi_conf_0051.ROLE_B.correction,correction,mistral,local-tree-0e666db570cdc02b55e6f64a1d7673689757f007b6c5b9a42a3b42797512be43,ACTION_Q,"[29519, 29507, 6054, 2032, 29560, 7567, 2542, 11317, 18383, 29498, 29521, 1316, 29507, 8166, 29498, 2199, 2032, 29507, 29538, 8474, 7567, 2542, 11317, 18383, 29498, 29592, 1316, 29507, 8166, 29498, 2199, 11317, 29501, 29552, 18163, 1949, 29507, 7328, 29498, 2542, 11317, 18383, 29498, 29521, 18163, 2]",6e06bb8f818055e33748133464c80e331189b63f9accacc56745967c20c26bb7,oi_conf_0051.ROLE_B,"{""actions"":[{""action"":""ACTION_P"",""expected_value"":""3""},{""action"":""ACTION_Q"",""expected_value"":""-6""}],""final_action"":""ACTION_P""}",original,ACTION_P,False
mistral.oi_conf_0051.ROLE_B.correction.modified,2.04328989982605,mistral.oi_conf_0051.ROLE_B.correction,correction,mistral,local-tree-0e666db570cdc02b55e6f64a1d7673689757f007b6c5b9a42a3b42797512be43,ACTION_Q,"[29519, 29507, 6054, 2032, 29560, 7567, 2542, 11317, 18383, 29498, 29521, 1316, 29507, 8166, 29498, 2199, 2032, 29507, 29538, 8474, 7567, 2542, 11317, 18383, 29498, 29592, 1316, 29507, 8166, 29498, 2199, 11317, 29538, 29518, 18163, 1949, 29507, 7328, 29498, 2542, 11317, 18383, 29498, 29592, 18163, 2]",54262de4269d7c4780c1fe1fbd411f97b78b6a85805e26d36117e2cb13da2bfd,oi_conf_0051.ROLE_B,"{""actions"":[{""action"":""ACTION_P"",""expected_value"":""3""},{""action"":""ACTION_Q"",""expected_value"":""32""}],""final_action"":""ACTION_Q""}",modified,ACTION_Q,True
mistral.oi_conf_0052.ROLE_A.correction.original,1.853973627090454,mistral.oi_conf_0052.ROLE_A.correction,correction,mistral,local-tree-0e666db570cdc02b55e6f64a1d7673689757f007b6c5b9a42a3b42797512be43,ACTION_P,"[29519, 29507, 6054, 2032, 29560, 7567, 2542, 11317, 18383, 29498, 29521, 1316, 29507, 8166, 29498, 2199, 2032, 29507, 29538, 29516, 29551, 29507, 1649, 7567, 2542, 11317, 18383, 29498, 29592, 1316, 29507, 8166, 29498, 2199, 2032, 29507, 29501, 29555, 29516, 29551, 18163, 1949, 29507, 7328, 29498, 2542, 11317, 18383, 29498, 29521, 18163, 2]",3cad854f30dabd0b5459ee90e6405fb9260bb2cf117721d432abf503ecdd37ae,oi_conf_0052.ROLE_A,"{""actions"":[{""action"":""ACTION_P"",""expected_value"":""3/8""},{""action"":""ACTION_Q"",""expected_value"":""-7/8""}],""final_action"":""ACTION_P""}",original,ACTION_P,True
mistral.oi_conf_0052.ROLE_A.correction.modified,2.1707935333251953,mistral.oi_conf_0052.ROLE_A.correction,correction,mistral,local-tree-0e666db570cdc02b55e6f64a1d7673689757f007b6c5b9a42a3b42797512be43,ACTION_P,"[29519, 29507, 6054, 2032, 29560, 7567, 2542, 11317, 18383, 29498, 29521, 1316, 29507, 8166, 29498, 2199, 2032, 29507, 29538, 29516, 29551, 29507, 1649, 7567, 2542, 11317, 18383, 29498, 29592, 1316, 29507, 8166, 29498, 2199, 2032, 29507, 29550, 29516, 29551, 18163, 1949, 29507, 7328, 29498, 2542, 11317, 18383, 29498, 29521, 18163, 2]",17f02ed3a0b033e1ff01cd17ce9b1053a9b1735d97f13861af75f96778aa1fb3,oi_conf_0052.ROLE_A,"{""actions"":[{""action"":""ACTION_P"",""expected_value"":""3/8""},{""action"":""ACTION_Q"",""expected_value"":""5/8""}],""final_action"":""ACTION_P""}",modified,ACTION_P,True
mistral.oi_conf_0052.ROLE_B.correction.original,1.8494846820831299,mistral.oi_conf_0052.ROLE_B.correction,correction,mistral,local-tree-0e666db570cdc02b55e6f64a1d7673689757f007b6c5b9a42a3b42797512be43,ACTION_Q,"[29519, 29507, 6054, 2032, 29560, 7567, 2542, 11317, 18383, 29498, 29521, 1316, 29507, 8166, 29498, 2199, 2032, 29507, 29538, 29516, 29551, 29507, 1649, 7567, 2542, 11317, 18383, 29498, 29592, 1316, 29507, 8166, 29498, 2199, 2032, 29507, 29538, 29516, 29551, 29507, 10925, 1630, 7328, 29498, 2542, 11317, 18383, 29498, 29521, 18163, 2]",3ae9c7291ef0e43372f831809ba320198503d8e57a53db1d94e196ab5e1aa558,oi_conf_0052.ROLE_B,"{""actions"":[{""action"":""ACTION_P"",""expected_value"":""3/8""},{""action"":""ACTION_Q"",""expected_value"":""3/8""}],""final_action"":""ACTION_P""}",original,ACTION_P,False
mistral.oi_conf_0052.ROLE_B.correction.modified,1.8335320949554443,mistral.oi_conf_0052.ROLE_B.correction,correction,mistral,local-tree-0e666db570cdc02b55e6f64a1d7673689757f007b6c5b9a42a3b42797512be43,ACTION_Q,"[29519, 29507, 6054, 2032, 29560, 7567, 2542, 11317, 18383, 29498, 29521, 1316, 29507, 8166, 29498, 2199, 2032, 29507, 29538, 29516, 29551, 29507, 1649, 7567, 2542, 11317, 18383, 29498, 29592, 1316, 29507, 8166, 29498, 2199, 2032, 29507, 29550, 29516, 29551, 18163, 1949, 29507, 7328, 29498, 2542, 11317, 18383, 29498, 29521, 18163, 2]",165379f0c25b45ba95e8746fb8edbad8fb89422cf1a2e5ca9d64595c6ba6bda3,oi_conf_0052.ROLE_B,"{""actions"":[{""action"":""ACTION_P"",""expected_value"":""3/8""},{""action"":""ACTION_Q"",""expected_value"":""5/8""}],""final_action"":""ACTION_P""}",modified,ACTION_P,False
mistral.oi_conf_0053.ROLE_A.correction.original,2.154114246368408,mistral.oi_conf_0053.ROLE_A.correction,correction,mistral,local-tree-0e666db570cdc02b55e6f64a1d7673689757f007b6c5b9a42a3b42797512be43,ACTION_Q,"[29519, 29507, 6054, 2032, 29560, 7567, 2542, 11317, 18383, 29498, 29521, 1316, 29507, 8166, 29498, 2199, 2032, 29507, 29538, 29516, 29551, 29507, 1649, 7567, 2542, 11317, 18383, 29498, 29592, 1316, 29507, 8166, 29498, 2199, 2032, 29507, 29550, 29516, 29551, 18163, 1949, 29507, 7328, 29498, 2542, 11317, 18383, 29498, 29521, 18163, 2]",9cce90d892d9c5e8ca2d0d22825b7bf3acdb733fb1518cf35b5d073997d5436e,oi_conf_0053.ROLE_A,"{""actions"":[{""action"":""ACTION_P"",""expected_value"":""3/8""},{""action"":""ACTION_Q"",""expected_value"":""5/8""}],""final_action"":""ACTION_P""}",original,ACTION_P,False
mistral.oi_conf_0053.ROLE_A.correction.modified,1.7643120288848877,mistral.oi_conf_0053.ROLE_A.correction,correction,mistral,local-tree-0e666db570cdc02b55e6f64a1d7673689757f007b6c5b9a42a3b42797512be43,ACTION_Q,"[29519, 29507, 6054, 2032, 29560, 7567, 2542, 11317, 18383, 29498, 29521, 1316, 29507, 8166, 29498, 2199, 2032, 29507, 29508, 29502, 8474, 7567, 2542, 11317, 18383, 29498, 29592, 1316, 29507, 8166, 29498, 2199, 11317, 29508, 29542, 18163, 1949, 29507, 7328, 29498, 2542, 11317, 18383, 29498, 29592, 18163, 2]",faeb8847ea95bd90e4b024b48bc5e10441ed79e5a9feb35eb1431c9ab80866cb,oi_conf_0053.ROLE_A,"{""actions"":[{""action"":""ACTION_P"",""expected_value"":""10""},{""action"":""ACTION_Q"",""expected_value"":""19""}],""final_action"":""ACTION_Q""}",modified,ACTION_Q,True
mistral.oi_conf_0007.ROLE_B.injection.original,2.0802161693573,mistral.oi_conf_0007.ROLE_B.injection,injection,mistral,local-tree-0e666db570cdc02b55e6f64a1d7673689757f007b6c5b9a42a3b42797512be43,ACTION_Q,"[29519, 29507, 6054, 2032, 29560, 7567, 2542, 11317, 18383, 29498, 29521, 1316, 29507, 8166, 29498, 2199, 11317, 29508, 29538, 8474, 7567, 2542, 11317, 18383, 29498, 29592, 1316, 29507, 8166, 29498, 2199, 11317, 29508, 29538, 18163, 1949, 29507, 7328, 29498, 2542, 11317, 18383, 29498, 29521, 18163, 2]",5afe6e72bc7e57c860d89f1fbaee116b8afe7c82dc26d4768060a0942b3f2f34,oi_conf_0007.ROLE_B,"{""actions"":[{""action"":""ACTION_P"",""expected_value"":""13""},{""action"":""ACTION_Q"",""expected_value"":""13""}],""final_action"":""ACTION_P""}",original,ACTION_P,False
mistral.oi_conf_0007.ROLE_B.injection.modified,1.9268813133239746,mistral.oi_conf_0007.ROLE_B.injection,injection,mistral,local-tree-0e666db570cdc02b55e6f64a1d7673689757f007b6c5b9a42a3b42797512be43,ACTION_Q,"[29519, 29507, 6054, 2032, 29560, 7567, 2542, 11317, 18383, 29498, 29521, 1316, 29507, 8166, 29498, 2199, 2032, 29507, 29538, 29516, 29508, 29502, 29507, 1649, 7567, 2542, 11317, 18383, 29498, 29592, 1316, 29507, 8166, 29498, 2199, 2032, 29507, 29508, 29538, 29516, 29508, 29502, 18163, 1949, 29507, 7328, 29498, 2542, 11317, 18383, 29498, 29521, 18163, 2]",6c4839604e1076e21fd37d312e6053257e3521e34062243de1b650bd0fbf3772,oi_conf_0007.ROLE_B,"{""actions"":[{""action"":""ACTION_P"",""expected_value"":""3/10""},{""action"":""ACTION_Q"",""expected_value"":""13/10""}],""final_action"":""ACTION_P""}",modified,ACTION_P,False
mistral.oi_conf_0009.ROLE_A.injection.original,1.749082326889038,mistral.oi_conf_0009.ROLE_A.injection,injection,mistral,local-tree-0e666db570cdc02b55e6f64a1d7673689757f007b6c5b9a42a3b42797512be43,ACTION_Q,"[29519, 29507, 6054, 2032, 29560, 7567, 2542, 11317, 18383, 29498, 29592, 1316, 29507, 8166, 29498, 2199, 2032, 29507, 29508, 29552, 8474, 7567, 2542, 11317, 18383, 29498, 29521, 1316, 29507, 8166, 29498, 2199, 11317, 29552, 18163, 1949, 29507, 7328, 29498, 2542, 11317, 18383, 29498, 29592, 18163, 2]",6ce013d2716d2db8dbe99173939a42d6bc9a79c6ab979028e4db388f01ed9d73,oi_conf_0009.ROLE_A,"{""actions"":[{""action"":""ACTION_Q"",""expected_value"":""16""},{""action"":""ACTION_P"",""expected_value"":""6""}],""final_action"":""ACTION_Q""}",original,ACTION_Q,True
mistral.oi_conf_0009.ROLE_A.injection.modified,1.7228577136993408,mistral.oi_conf_0009.ROLE_A.injection,injection,mistral,local-tree-0e666db570cdc02b55e6f64a1d7673689757f007b6c5b9a42a3b42797512be43,ACTION_Q,"[29519, 29507, 6054, 2032, 29560, 7567, 2542, 11317, 18383, 29498, 29592, 1316, 29507, 8166, 29498, 2199, 2032, 29507, 29502, 8474, 7567, 2542, 11317, 18383, 29498, 29521, 1316, 29507, 8166, 29498, 2199, 2032, 29507, 29502, 18163, 1949, 29507, 7328, 29498, 2542, 11317, 18383, 29498, 29592, 18163, 2]",4d9693ea44c842e69f53604e2746807e5ab94aaa7a404313271564d6dc3de7ec,oi_conf_0009.ROLE_A,"{""actions"":[{""action"":""ACTION_Q"",""expected_value"":""0""},{""action"":""ACTION_P"",""expected_value"":""0""}],""final_action"":""ACTION_Q""}",modified,ACTION_Q,True
mistral.oi_conf_0019.ROLE_B.injection.original,2.0368287563323975,mistral.oi_conf_0019.ROLE_B.injection,injection,mistral,local-tree-0e666db570cdc02b55e6f64a1d7673689757f007b6c5b9a42a3b42797512be43,ACTION_Q,"[29519, 29507, 6054, 2032, 29560, 7567, 2542, 11317, 18383, 29498, 29521, 1316, 29507, 8166, 29498, 2199, 2032, 29507, 29538, 8474, 7567, 2542, 11317, 18383, 29498, 29592, 1316, 29507, 8166, 29498, 2199, 11317, 29508, 29538, 18163, 1949, 29507, 7328, 29498, 2542, 11317, 18383, 29498, 29521, 18163, 2]",bb9677c89c4c5b634b44628d57a7162010e02d52dc2841a8fd080c6585a5492b,oi_conf_0019.ROLE_B,"{""actions"":[{""action"":""ACTION_P"",""expected_value"":""3""},{""action"":""ACTION_Q"",""expected_value"":""13""}],""final_action"":""ACTION_P""}",original,ACTION_P,False
mistral.oi_conf_0019.ROLE_B.injection.modified,1.7335941791534424,mistral.oi_conf_0019.ROLE_B.injection,injection,mistral,local-tree-0e666db570cdc02b55e6f64a1d7673689757f007b6c5b9a42a3b42797512be43,ACTION_Q,"[29519, 29507, 6054, 2032, 29560, 7567, 2542, 11317, 18383, 29498, 29521, 1316, 29507, 8166, 29498, 2199, 2032, 29507, 29538, 8474, 7567, 2542, 11317, 18383, 29498, 29592, 1316, 29507, 8166, 29498, 2199, 11317, 29508, 29518, 18163, 1949, 29507, 7328, 29498, 2542, 11317, 18383, 29498, 29521, 18163, 2]",6f6e74b1e9497e4a03f175a6dba324af0d64188da4af7ab773de3952b4ef0ba0,oi_conf_0019.ROLE_B,"{""actions"":[{""action"":""ACTION_P"",""expected_value"":""3""},{""action"":""ACTION_Q"",""expected_value"":""12""}],""final_action"":""ACTION_P""}",modified,ACTION_P,False
mistral.oi_conf_0022.ROLE_B.injection.original,2.031019449234009,mistral.oi_conf_0022.ROLE_B.injection,injection,mistral,local-tree-0e666db570cdc02b55e6f64a1d7673689757f007b6c5b9a42a3b42797512be43,ACTION_P,"[29519, 29507, 6054, 2032, 29560, 7567, 2542, 11317, 18383, 29498, 29521, 1316, 29507, 8166, 29498, 2199, 2032, 29507, 29549, 8474, 7567, 2542, 11317, 18383, 29498, 29592, 1316, 29507, 8166, 29498, 2199, 11317, 29552, 18163, 1949, 29507, 7328, 29498, 2542, 11317, 18383, 29498, 29521, 18163, 2]",16f13c618af4dc34aa14c73389e25facf8f75ab07a073b94d42c94d940797185,oi_conf_0022.ROLE_B,"{""actions"":[{""action"":""ACTION_P"",""expected_value"":""4""},{""action"":""ACTION_Q"",""expected_value"":""6""}],""final_action"":""ACTION_P""}",original,ACTION_P,True
mistral.oi_conf_0022.ROLE_B.injection.modified,1.7224416732788086,mistral.oi_conf_0022.ROLE_B.injection,injection,mistral,local-tree-0e666db570cdc02b55e6f64a1d7673689757f007b6c5b9a42a3b42797512be43,ACTION_P,"[29519, 29507, 6054, 2032, 29560, 7567, 2542, 11317, 18383, 29498, 29521, 1316, 29507, 8166, 29498, 2199, 2032, 29507, 29549, 8474, 7567, 2542, 11317, 18383, 29498, 29592, 1316, 29507, 8166, 29498, 2199, 11317, 29552, 18163, 1949, 29507, 7328, 29498, 2542, 11317, 18383, 29498, 29521, 18163, 2]",ce942ce632d193084319c4df8ce029e59e0225a40b7e280025f5dfcf678b025a,oi_conf_0022.ROLE_B,"{""actions"":[{""action"":""ACTION_P"",""expected_value"":""4""},{""action"":""ACTION_Q"",""expected_value"":""6""}],""final_action"":""ACTION_P""}",modified,ACTION_P,True
mistral.oi_conf_0023.ROLE_B.injection.original,2.0703284740448,mistral.oi_conf_0023.ROLE_B.injection,injection,mistral,local-tree-0e666db570cdc02b55e6f64a1d7673689757f007b6c5b9a42a3b42797512be43,ACTION_Q,"[29519, 29507, 6054, 2032, 29560, 7567, 2542, 11317, 18383, 29498, 29521, 1316, 29507, 8166, 29498, 2199, 2032, 29507, 29538, 8474, 7567, 2542, 11317, 18383, 29498, 29592, 1316, 29507, 8166, 29498, 2199, 2032, 29507, 29538, 18163, 1949, 29507, 7328, 29498, 2542, 11317, 18383, 29498, 29521, 18163, 2]",7b9bc485796dc01c363f4366a8e454fc28ac5bd3c611c10fd183a8eca120628f,oi_conf_0023.ROLE_B,"{""actions"":[{""action"":""ACTION_P"",""expected_value"":""3""},{""action"":""ACTION_Q"",""expected_value"":""3""}],""final_action"":""ACTION_P""}",original,ACTION_P,False
mistral.oi_conf_0023.ROLE_B.injection.modified,1.756028175354004,mistral.oi_conf_0023.ROLE_B.injection,injection,mistral,local-tree-0e666db570cdc02b55e6f64a1d7673689757f007b6c5b9a42a3b42797512be43,ACTION_Q,"[29519, 29507, 6054, 2032, 29560, 7567, 2542, 11317, 18383, 29498, 29521, 1316, 29507, 8166, 29498, 2199, 2032, 29507, 29538, 8474, 7567, 2542, 11317, 18383, 29498, 29592, 1316, 29507, 8166, 29498, 2199, 2032, 29507, 29555, 18163, 1949, 29507, 7328, 29498, 2542, 11317, 18383, 29498, 29521, 18163, 2]",9ca32f01d5b1cd3b14572b0abe7b72166a7a12c1a170c34ef349e86a3b58715f,oi_conf_0023.ROLE_B,"{""actions"":[{""action"":""ACTION_P"",""expected_value"":""3""},{""action"":""ACTION_Q"",""expected_value"":""7""}],""final_action"":""ACTION_P""}",modified,ACTION_P,False
mistral.oi_conf_0024.ROLE_A.injection.original,1.8171846866607666,mistral.oi_conf_0024.ROLE_A.injection,injection,mistral,local-tree-0e666db570cdc02b55e6f64a1d7673689757f007b6c5b9a42a3b42797512be43,ACTION_P,"[29519, 29507, 6054, 2032, 29560, 7567, 2542, 11317, 18383, 29498, 29592, 1316, 29507, 8166, 29498, 2199, 2032, 29507, 29538, 29516, 29551, 8474, 7567, 2542, 11317, 18383, 29498, 29521, 1316, 29507, 8166, 29498, 2199, 2032, 29507, 29550, 29516, 29551, 18163, 1949, 29507, 7328, 29498, 2542, 11317, 18383, 29498, 29592, 18163, 2]",5e581f09a4aeb43187afbac49fdca5ab1516c8abf03d96ea295831717bbd8589,oi_conf_0024.ROLE_A,"{""actions"":[{""action"":""ACTION_Q"",""expected_value"":""3/8""},{""action"":""ACTION_P"",""expected_value"":""5/8""}],""final_action"":""ACTION_Q""}",original,ACTION_Q,False
mistral.oi_conf_0024.ROLE_A.injection.modified,2.1588025093078613,mistral.oi_conf_0024.ROLE_A.injection,injection,mistral,local-tree-0e666db570cdc02b55e6f64a1d7673689757f007b6c5b9a42a3b42797512be43,ACTION_P,"[29519, 29507, 6054, 2032, 29560, 7567, 2542, 11317, 18383, 29498, 29592, 1316, 29507, 8166, 29498, 2199, 2032, 29507, 29538, 29516, 29551, 29507, 1649, 7567, 2542, 11317, 18383, 29498, 29521, 1316, 29507, 8166, 29498, 2199, 2032, 29507, 29550, 29516, 29551, 29507, 10925, 1630, 7328, 29498, 2542, 11317, 18383, 29498, 29592, 18163, 2]",a36c4f97ad4ead62863e95ee879c30876173d5974320aac8fe2255f20cd3f99a,oi_conf_0024.ROLE_A,"{""actions"":[{""action"":""ACTION_Q"",""expected_value"":""3/8""},{""action"":""ACTION_P"",""expected_value"":""5/8""}],""final_action"":""ACTION_Q""}",modified,ACTION_Q,False
mistral.oi_conf_0025.ROLE_A.injection.original,1.8454949855804443,mistral.oi_conf_0025.ROLE_A.injection,injection,mistral,local-tree-0e666db570cdc02b55e6f64a1d7673689757f007b6c5b9a42a3b42797512be43,ACTION_Q,"[29519, 29507, 6054, 2032, 29560, 7567, 2542, 11317, 18383, 29498, 29592, 1316, 29507, 8166, 29498, 2199, 2032, 29507, 29538, 29516, 29551, 29507, 1649, 7567, 2542, 11317, 18383, 29498, 29521, 1316, 29507, 8166, 29498, 2199, 2032, 29507, 29550, 29516, 29551, 29507, 10925, 1630, 7328, 29498, 2542, 11317, 18383, 29498, 29592, 18163, 2]",c6e2908c79998f2eb091953da54adc8620cfe3a38148be2add738eaf0a8fe397,oi_conf_0025.ROLE_A,"{""actions"":[{""action"":""ACTION_Q"",""expected_value"":""3/8""},{""action"":""ACTION_P"",""expected_value"":""5/8""}],""final_action"":""ACTION_Q""}",original,ACTION_Q,True
mistral.oi_conf_0025.ROLE_A.injection.modified,2.1858036518096924,mistral.oi_conf_0025.ROLE_A.injection,injection,mistral,local-tree-0e666db570cdc02b55e6f64a1d7673689757f007b6c5b9a42a3b42797512be43,ACTION_Q,"[29519, 29507, 6054, 2032, 29560, 7567, 2542, 11317, 18383, 29498, 29592, 1316, 29507, 8166, 29498, 2199, 2032, 29507, 29538, 29516, 29551, 29507, 1649, 7567, 2542, 11317, 18383, 29498, 29521, 1316, 29507, 8166, 29498, 2199, 2032, 29507, 29550, 29516, 29551, 18163, 1949, 29507, 7328, 29498, 2542, 11317, 18383, 29498, 29592, 18163, 2]",ff18a0f931413d46cc29c45792bca3986fa9f7801cd4689f925bc689af51e7ac,oi_conf_0025.ROLE_A,"{""actions"":[{""action"":""ACTION_Q"",""expected_value"":""3/8""},{""action"":""ACTION_P"",""expected_value"":""5/8""}],""final_action"":""ACTION_Q""}",modified,ACTION_Q,True
mistral.oi_conf_0031.ROLE_A.injection.original,1.764829397201538,mistral.oi_conf_0031.ROLE_A.injection,injection,mistral,local-tree-0e666db570cdc02b55e6f64a1d7673689757f007b6c5b9a42a3b42797512be43,ACTION_P,"[29519, 29507, 6054, 2032, 29560, 7567, 2542, 11317, 18383, 29498, 29592, 1316, 29507, 8166, 29498, 2199, 2032, 29507, 29501, 29508, 8474, 7567, 2542, 11317, 18383, 29498, 29521, 1316, 29507, 8166, 29498, 2199, 11317, 29549, 18163, 1949, 29507, 7328, 29498, 2542, 11317, 18383, 29498, 29592, 18163, 2]",d3c844a32b89fdb792372c6a02e4162f2e8074e3ab0dda22a612b6b19be681cc,oi_conf_0031.ROLE_A,"{""actions"":[{""action"":""ACTION_Q"",""expected_value"":""-1""},{""action"":""ACTION_P"",""expected_value"":""4""}],""final_action"":""ACTION_Q""}",original,ACTION_Q,False
mistral.oi_conf_0031.ROLE_A.injection.modified,1.8458366394042969,mistral.oi_conf_0031.ROLE_A.injection,injection,mistral,local-tree-0e666db570cdc02b55e6f64a1d7673689757f007b6c5b9a42a3b42797512be43,ACTION_P,"[29519, 29507, 6054, 2032, 29560, 7567, 2542, 11317, 18383, 29498, 29592, 1316, 29507, 8166, 29498, 2199, 2032, 29507, 29508, 29538, 29516, 29538, 8474, 7567, 2542, 11317, 18383, 29498, 29521, 1316, 29507, 8166, 29498, 2199, 2032, 29507, 29538, 29516, 29538, 29507, 10925, 1630, 7328, 29498, 2542, 11317, 18383, 29498, 29592, 18163, 2]",3efdec947d6ed677e808e1f94332919f8d0597abcb23159b0b5f592733be51fa,oi_conf_0031.ROLE_A,"{""actions"":[{""action"":""ACTION_Q"",""expected_value"":""13/3""},{""action"":""ACTION_P"",""expected_value"":""3/3""}],""final_action"":""ACTION_Q""}",modified,ACTION_Q,False
mistral.oi_conf_0032.ROLE_A.injection.original,1.8328030109405518,mistral.oi_conf_0032.ROLE_A.injection,injection,mistral,local-tree-0e666db570cdc02b55e6f64a1d7673689757f007b6c5b9a42a3b42797512be43,ACTION_P,"[29519, 29507, 6054, 2032, 29560, 7567, 2542, 11317, 18383, 29498, 29521, 1316, 29507, 8166, 29498, 2199, 2032, 29507, 29508, 29555, 29516, 29538, 8474, 7567, 2542, 11317, 18383, 29498, 29592, 1316, 29507, 8166, 29498, 2199, 11317, 29508, 29549, 29516, 29538, 18163, 1949, 29507, 7328, 29498, 2542, 11317, 18383, 29498, 29521, 18163, 2]",207350c7b245aad8f21eb28abb8fd2a1f41d96ad5e16bff47e9ce84871e3213f,oi_conf_0032.ROLE_A,"{""actions"":[{""action"":""ACTION_P"",""expected_value"":""17/3""},{""action"":""ACTION_Q"",""expected_value"":""14/3""}],""final_action"":""ACTION_P""}",original,ACTION_P,True
mistral.oi_conf_0032.ROLE_A.injection.modified,2.0513453483581543,mistral.oi_conf_0032.ROLE_A.injection,injection,mistral,local-tree-0e666db570cdc02b55e6f64a1d7673689757f007b6c5b9a42a3b42797512be43,ACTION_P,"[29519, 29507, 6054, 2032, 29560, 7567, 2542, 11317, 18383, 29498, 29521, 1316, 29507, 8166, 29498, 2199, 2032, 29507, 29538, 8474, 7567, 2542, 11317, 18383, 29498, 29592, 1316, 29507, 8166, 29498, 2199, 2032, 29507, 29508, 29502, 18163, 1949, 29507, 7328, 29498, 2542, 11317, 18383, 29498, 29592, 18163, 2]",7765bc5defd5f60b2bfb11df4feae8563652a67c0e30d424f26beaba71cacf12,oi_conf_0032.ROLE_A,"{""actions"":[{""action"":""ACTION_P"",""expected_value"":""3""},{""action"":""ACTION_Q"",""expected_value"":""10""}],""final_action"":""ACTION_Q""}",modified,ACTION_Q,False
mistral.oi_conf_0032.ROLE_B.injection.original,1.8240742683410645,mistral.oi_conf_0032.ROLE_B.injection,injection,mistral,local-tree-0e666db570cdc02b55e6f64a1d7673689757f007b6c5b9a42a3b42797512be43,ACTION_Q,"[29519, 29507, 6054, 2032, 29560, 7567, 2542, 11317, 18383, 29498, 29521, 1316, 29507, 8166, 29498, 2199, 2032, 29507, 29501, 29508, 29516, 29538, 29507, 1649, 7567, 2542, 11317, 18383, 29498, 29592, 1316, 29507, 8166, 29498, 2199, 11317, 29555, 29516, 29538, 18163, 1949, 29507, 7328, 29498, 2542, 11317, 18383, 29498, 29592, 18163, 2]",980f82885c275cad2a1d3749aa754dcd809141938ea8059a9f5b015130ea79fd,oi_conf_0032.ROLE_B,"{""actions"":[{""action"":""ACTION_P"",""expected_value"":""-1/3""},{""action"":""ACTION_Q"",""expected_value"":""7/3""}],""final_action"":""ACTION_Q""}",original,ACTION_Q,True
mistral.oi_conf_0032.ROLE_B.injection.modified,2.132908582687378,mistral.oi_conf_0032.ROLE_B.injection,injection,mistral,local-tree-0e666db570cdc02b55e6f64a1d7673689757f007b6c5b9a42a3b42797512be43,ACTION_Q,"[29519, 29507, 6054, 2032, 29560, 7567, 2542, 11317, 18383, 29498, 29521, 1316, 29507, 8166, 29498, 2199, 2032, 29507, 29508, 29555, 29516, 29538, 8474, 7567, 2542, 11317, 18383, 29498, 29592, 1316, 29507, 8166, 29498, 2199, 11317, 29555, 29516, 29538, 18163, 1949, 29507, 7328, 29498, 2542, 11317, 18383, 29498, 29521, 18163, 2]",c3025d4c80344606c7bd59d151792cc9361e350f6c4924339644974a6c7d8f4d,oi_conf_0032.ROLE_B,"{""actions"":[{""action"":""ACTION_P"",""expected_value"":""17/3""},{""action"":""ACTION_Q"",""expected_value"":""7/3""}],""final_action"":""ACTION_P""}",modified,ACTION_P,False
mistral.oi_conf_0033.ROLE_B.injection.original,1.777146577835083,mistral.oi_conf_0033.ROLE_B.injection,injection,mistral,local-tree-0e666db570cdc02b55e6f64a1d7673689757f007b6c5b9a42a3b42797512be43,ACTION_P,"[29519, 29507, 6054, 2032, 29560, 7567, 2542, 11317, 18383, 29498, 29521, 1316, 29507, 8166, 29498, 2199, 2032, 29507, 29549, 8474, 7567, 2542, 11317, 18383, 29498, 29592, 1316, 29507, 8166, 29498, 2199, 11317, 29501, 29550, 29516, 29518, 18163, 1949, 29507, 7328, 29498, 2542, 11317, 18383, 29498, 29521, 18163, 2]",7877c096c70f9bd70b58c8fbf5d5ab8f9e2ca2a17db192f727e8e3947fc8e2d5,oi_conf_0033.ROLE_B,"{""actions"":[{""action"":""ACTION_P"",""expected_value"":""4""},{""action"":""ACTION_Q"",""expected_value"":""-5/2""}],""final_action"":""ACTION_P""}",original,ACTION_P,True
mistral.oi_conf_0033.ROLE_B.injection.modified,2.0821526050567627,mistral.oi_conf_0033.ROLE_B.injection,injection,mistral,local-tree-0e666db570cdc02b55e6f64a1d7673689757f007b6c5b9a42a3b42797512be43,ACTION_P,"[29519, 29507, 6054, 2032, 29560, 7567, 2542, 11317, 18383, 29498, 29521, 1316, 29507, 8166, 29498, 2199, 2032, 29507, 29549, 29549, 8474, 7567, 2542, 11317, 18383, 29498, 29592, 1316, 29507, 8166, 29498, 2199, 11317, 29501, 29538, 18163, 1949, 29507, 7328, 29498, 2542, 11317, 18383, 29498, 29521, 18163, 2]",18ed783ffd10155b8749b43e361894c871403b5cdc724d3dc34f2e28ff58be9c,oi_conf_0033.ROLE_B,"{""actions"":[{""action"":""ACTION_P"",""expected_value"":""44""},{""action"":""ACTION_Q"",""expected_value"":""-3""}],""final_action"":""ACTION_P""}",modified,ACTION_P,True
mistral.oi_conf_0035.ROLE_B.injection.original,1.7567839622497559,mistral.oi_conf_0035.ROLE_B.injection,injection,mistral,local-tree-0e666db570cdc02b55e6f64a1d7673689757f007b6c5b9a42a3b42797512be43,ACTION_Q,"[29519, 29507, 6054, 2032, 29560, 7567, 2542, 11317, 18383, 29498, 29521, 1316, 29507, 8166, 29498, 2199, 2032, 29507, 29538, 8474, 7567, 2542, 11317, 18383, 29498, 29592, 1316, 29507, 8166, 29498, 2199, 11317, 29518, 29552, 18163, 1949, 29507, 7328, 29498, 2542, 11317, 18383, 29498, 29592, 18163, 2]",c013f2c6c3616a1276e27436579c4c73d7eb523fa92716e7ad1abae4f2deaab2,oi_conf_0035.ROLE_B,"{""actions"":[{""action"":""ACTION_P"",""expected_value"":""3""},{""action"":""ACTION_Q"",""expected_value"":""26""}],""final_action"":""ACTION_Q""}",original,ACTION_Q,True
mistral.oi_conf_0035.ROLE_B.injection.modified,1.8666057586669922,mistral.oi_conf_0035.ROLE_B.injection,injection,mistral,local-tree-0e666db570cdc02b55e6f64a1d7673689757f007b6c5b9a42a3b42797512be43,ACTION_Q,"[29519, 29507, 6054, 2032, 29560, 7567, 2542, 11317, 18383, 29498, 29521, 1316, 29507, 8166, 29498, 2199, 2032, 29507, 29508, 29516, 29552, 29507, 1649, 7567, 2542, 11317, 18383, 29498, 29592, 1316, 29507, 8166, 29498, 2199, 2032, 29507, 29501, 29551, 29516, 29552, 29507, 10925, 1630, 7328, 29498, 2542, 11317, 18383, 29498, 29521, 18163, 2]",159b316b0d8bfaaf80298b51973c460bbd527a77d4c8f30be84647c684d49a9c,oi_conf_0035.ROLE_B,"{""actions"":[{""action"":""ACTION_P"",""expected_value"":""1/6""},{""action"":""ACTION_Q"",""expected_value"":""-8/6""}],""final_action"":""ACTION_P""}",modified,ACTION_P,False
mistral.oi_conf_0039.ROLE_B.injection.original,2.063650369644165,mistral.oi_conf_0039.ROLE_B.injection,injection,mistral,local-tree-0e666db570cdc02b55e6f64a1d7673689757f007b6c5b9a42a3b42797512be43,ACTION_Q,"[29519, 29507, 6054, 2032, 29560, 7567, 2542, 11317, 18383, 29498, 29521, 1316, 29507, 8166, 29498, 2199, 2032, 29507, 29538, 8474, 7567, 2542, 11317, 18383, 29498, 29592, 1316, 29507, 8166, 29498, 2199, 2032, 29507, 29508, 29549, 18163, 1949, 29507, 7328, 29498, 2542, 11317, 18383, 29498, 29592, 18163, 2]",a02759470d433d21435bca06c3158263b76fdc30774bdbd8804c62af5a8ade19,oi_conf_0039.ROLE_B,"{""actions"":[{""action"":""ACTION_P"",""expected_value"":""3""},{""action"":""ACTION_Q"",""expected_value"":""14""}],""final_action"":""ACTION_Q""}",original,ACTION_Q,True
mistral.oi_conf_0039.ROLE_B.injection.modified,1.8139615058898926,mistral.oi_conf_0039.ROLE_B.injection,injection,mistral,local-tree-0e666db570cdc02b55e6f64a1d7673689757f007b6c5b9a42a3b42797512be43,ACTION_Q,"[29519, 29507, 6054, 2032, 29560, 7567, 2542, 11317, 18383, 29498, 29521, 1316, 29507, 8166, 29498, 2199, 2032, 29507, 29538, 29516, 29549, 29507, 1649, 7567, 2542, 11317, 18383, 29498, 29592, 1316, 29507, 8166, 29498, 2199, 11317, 29538, 29516, 29549, 18163, 1949, 29507, 7328, 29498, 2542, 11317, 18383, 29498, 29521, 18163, 2]",7f366757168db40095d1687a3bc0c7d51129f38f5178dee985697f7b6ab2518f,oi_conf_0039.ROLE_B,"{""actions"":[{""action"":""ACTION_P"",""expected_value"":""3/4""},{""action"":""ACTION_Q"",""expected_value"":""3/4""}],""final_action"":""ACTION_P""}",modified,ACTION_P,False
mistral.oi_conf_0040.ROLE_A.injection.original,2.049015998840332,mistral.oi_conf_0040.ROLE_A.injection,injection,mistral,local-tree-0e666db570cdc02b55e6f64a1d7673689757f007b6c5b9a42a3b42797512be43,ACTION_P,"[29519, 29507, 6054, 2032, 29560, 7567, 2542, 11317, 18383, 29498, 29592, 1316, 29507, 8166, 29498, 2199, 2032, 29507, 29538, 8474, 7567, 2542, 11317, 18383, 29498, 29521, 1316, 29507, 8166, 29498, 2199, 11317, 29501, 29538, 18163, 1949, 29507, 7328, 29498, 2542, 11317, 18383, 29498, 29592, 18163, 2]",ea1490a79a4621de6609f929d380bebebcac592e0fbbbe0eb43c4be79d720857,oi_conf_0040.ROLE_A,"{""actions"":[{""action"":""ACTION_Q"",""expected_value"":""3""},{""action"":""ACTION_P"",""expected_value"":""-3""}],""final_action"":""ACTION_Q""}",original,ACTION_Q,False
mistral.oi_conf_0040.ROLE_A.injection.modified,1.7411448955535889,mistral.oi_conf_0040.ROLE_A.injection,injection,mistral,local-tree-0e666db570cdc02b55e6f64a1d7673689757f007b6c5b9a42a3b42797512be43,ACTION_P,"[29519, 29507, 6054, 2032, 29560, 7567, 2542, 11317, 18383, 29498, 29592, 1316, 29507, 8166, 29498, 2199, 2032, 29507, 29538, 8474, 7567, 2542, 11317, 18383, 29498, 29521, 1316, 29507, 8166, 29498, 2199, 11317, 29501, 29538, 18163, 1949, 29507, 7328, 29498, 2542, 11317, 18383, 29498, 29592, 18163, 2]",7bfb03285865157523a7308d36f659d4ac96af6ea4a59c9d0c0a8fe23597962f,oi_conf_0040.ROLE_A,"{""actions"":[{""action"":""ACTION_Q"",""expected_value"":""3""},{""action"":""ACTION_P"",""expected_value"":""-3""}],""final_action"":""ACTION_Q""}",modified,ACTION_Q,False
mistral.oi_conf_0041.ROLE_A.injection.original,1.8022782802581787,mistral.oi_conf_0041.ROLE_A.injection,injection,mistral,local-tree-0e666db570cdc02b55e6f64a1d7673689757f007b6c5b9a42a3b42797512be43,ACTION_Q,"[29519, 29507, 6054, 2032, 29560, 7567, 2542, 11317, 18383, 29498, 29592, 1316, 29507, 8166, 29498, 2199, 2032, 29507, 29508, 29538, 29516, 29538, 8474, 7567, 2542, 11317, 18383, 29498, 29521, 1316, 29507, 8166, 29498, 2199, 11317, 29555, 29516, 29538, 29507, 10925, 1630, 7328, 29498, 2542, 11317, 18383, 29498, 29592, 18163, 2]",8a4aab4d3c851ade76fde2f8e7ecc90bf1c688c992717fabca7f9448e97c2ed5,oi_conf_0041.ROLE_A,"{""actions"":[{""action"":""ACTION_Q"",""expected_value"":""13/3""},{""action"":""ACTION_P"",""expected_value"":""7/3""}],""final_action"":""ACTION_Q""}",original,ACTION_Q,True
mistral.oi_conf_0041.ROLE_A.injection.modified,2.1148488521575928,mistral.oi_conf_0041.ROLE_A.injection,injection,mistral,local-tree-0e666db570cdc02b55e6f64a1d7673689757f007b6c5b9a42a3b42797512be43,ACTION_Q,"[29519, 29507, 6054, 2032, 29560, 7567, 2542, 11317, 18383, 29498, 29592, 1316, 29507, 8166, 29498, 2199, 2032, 29507, 29501, 29550, 29516, 29538, 8474, 7567, 2542, 11317, 18383, 29498, 29521, 1316, 29507, 8166, 29498, 2199, 11317, 29555, 29516, 29538, 29507, 10925, 1630, 7328, 29498, 2542, 11317, 18383, 29498, 29592, 18163, 2]",7c383131ef37bc3af2161b28041bc1eddaa8160b87bb0fbc156ca5f5d592e63d,oi_conf_0041.ROLE_A,"{""actions"":[{""action"":""ACTION_Q"",""expected_value"":""-5/3""},{""action"":""ACTION_P"",""expected_value"":""7/3""}],""final_action"":""ACTION_Q""}",modified,ACTION_Q,True
mistral.oi_conf_0046.ROLE_A.injection.original,1.724989652633667,mistral.oi_conf_0046.ROLE_A.injection,injection,mistral,local-tree-0e666db570cdc02b55e6f64a1d7673689757f007b6c5b9a42a3b42797512be43,ACTION_Q,"[29519, 29507, 6054, 2032, 29560, 7567, 2542, 11317, 18383, 29498, 29592, 1316, 29507, 8166, 29498, 2199, 2032, 29507, 29538, 8474, 7567, 2542, 11317, 18383, 29498, 29521, 1316, 29507, 8166, 29498, 2199, 11317, 29501, 29552, 18163, 1949, 29507, 7328, 29498, 2542, 11317, 18383, 29498, 29592, 18163, 2]",20c4deebc688586f180c542f8419ba13b7600290a247502caac13a25b0744f48,oi_conf_0046.ROLE_A,"{""actions"":[{""action"":""ACTION_Q"",""expected_value"":""3""},{""action"":""ACTION_P"",""expected_value"":""-6""}],""final_action"":""ACTION_Q""}",original,ACTION_Q,True
mistral.oi_conf_0046.ROLE_A.injection.modified,2.0526885986328125,mistral.oi_conf_0046.ROLE_A.injection,injection,mistral,local-tree-0e666db570cdc02b55e6f64a1d7673689757f007b6c5b9a42a3b42797512be43,ACTION_Q,"[29519, 29507, 6054, 2032, 29560, 7567, 2542, 11317, 18383, 29498, 29592, 1316, 29507, 8166, 29498, 2199, 2032, 29507, 29502, 8474, 7567, 2542, 11317, 18383, 29498, 29521, 1316, 29507, 8166, 29498, 2199, 2032, 29507, 29502, 18163, 1949, 29507, 7328, 29498, 2542, 11317, 18383, 29498, 29592, 18163, 2]",1d88ee86f309c8a9b713742a2977f3c9f45e4a12216d983c8165c599ba83619a,oi_conf_0046.ROLE_A,"{""actions"":[{""action"":""ACTION_Q"",""expected_value"":""0""},{""action"":""ACTION_P"",""expected_value"":""0""}],""final_action"":""ACTION_Q""}",modified,ACTION_Q,True
mistral.oi_conf_0048.ROLE_B.injection.original,1.848118543624878,mistral.oi_conf_0048.ROLE_B.injection,injection,mistral,local-tree-0e666db570cdc02b55e6f64a1d7673689757f007b6c5b9a42a3b42797512be43,ACTION_Q,"[29519, 29507, 6054, 2032, 29560, 7567, 2542, 11317, 18383, 29498, 29521, 1316, 29507, 8166, 29498, 2199, 2032, 29507, 29508, 29516, 29538, 29507, 1649, 7567, 2542, 11317, 18383, 29498, 29592, 1316, 29507, 8166, 29498, 2199, 2032, 29507, 29518, 29516, 29538, 18163, 1949, 29507, 7328, 29498, 2542, 11317, 18383, 29498, 29592, 18163, 2]",4c5531bf63c84b36e5c32b6e47ed3bf4930d0ee8c26f4ffc39192a24fd3811f7,oi_conf_0048.ROLE_B,"{""actions"":[{""action"":""ACTION_P"",""expected_value"":""1/3""},{""action"":""ACTION_Q"",""expected_value"":""2/3""}],""final_action"":""ACTION_Q""}",original,ACTION_Q,True
mistral.oi_conf_0048.ROLE_B.injection.modified,1.7232272624969482,mistral.oi_conf_0048.ROLE_B.injection,injection,mistral,local-tree-0e666db570cdc02b55e6f64a1d7673689757f007b6c5b9a42a3b42797512be43,ACTION_Q,"[29519, 29507, 6054, 2032, 29560, 7567, 2542, 11317, 18383, 29498, 29521, 1316, 29507, 8166, 29498, 2199, 2032, 29507, 29508, 29551, 8474, 7567, 2542, 11317, 18383, 29498, 29592, 1316, 29507, 8166, 29498, 2199, 11317, 29538, 18163, 1949, 29507, 7328, 29498, 2542, 11317, 18383, 29498, 29521, 18163, 2]",e13ea78de2a2977a8a55123e2d9dabcacad57c7267282c17b8361ca4cdf91d1e,oi_conf_0048.ROLE_B,"{""actions"":[{""action"":""ACTION_P"",""expected_value"":""18""},{""action"":""ACTION_Q"",""expected_value"":""3""}],""final_action"":""ACTION_P""}",modified,ACTION_P,False
mistral.oi_conf_0049.ROLE_B.injection.original,2.0153255462646484,mistral.oi_conf_0049.ROLE_B.injection,injection,mistral,local-tree-0e666db570cdc02b55e6f64a1d7673689757f007b6c5b9a42a3b42797512be43,ACTION_P,"[29519, 29507, 6054, 2032, 29560, 7567, 2542, 11317, 18383, 29498, 29521, 1316, 29507, 8166, 29498, 2199, 2032, 29507, 29538, 8474, 7567, 2542, 11317, 18383, 29498, 29592, 1316, 29507, 8166, 29498, 2199, 11317, 29518, 18163, 1949, 29507, 7328, 29498, 2542, 11317, 18383, 29498, 29521, 18163, 2]",7240ca84a35c3cde2f02193039e93ef4712ed33831705cc8eee17cbca2052cc9,oi_conf_0049.ROLE_B,"{""actions"":[{""action"":""ACTION_P"",""expected_value"":""3""},{""action"":""ACTION_Q"",""expected_value"":""2""}],""final_action"":""ACTION_P""}",original,ACTION_P,True
mistral.oi_conf_0049.ROLE_B.injection.modified,1.705111026763916,mistral.oi_conf_0049.ROLE_B.injection,injection,mistral,local-tree-0e666db570cdc02b55e6f64a1d7673689757f007b6c5b9a42a3b42797512be43,ACTION_P,"[29519, 29507, 6054, 2032, 29560, 7567, 2542, 11317, 18383, 29498, 29521, 1316, 29507, 8166, 29498, 2199, 2032, 29507, 29538, 8474, 7567, 2542, 11317, 18383, 29498, 29592, 1316, 29507, 8166, 29498, 2199, 11317, 29508, 18163, 1949, 29507, 7328, 29498, 2542, 11317, 18383, 29498, 29521, 18163, 2]",c71b4a0976eb2cf0c952869ef81fab8092de7452a99bb31c0524a2667fca379b,oi_conf_0049.ROLE_B,"{""actions"":[{""action"":""ACTION_P"",""expected_value"":""3""},{""action"":""ACTION_Q"",""expected_value"":""1""}],""final_action"":""ACTION_P""}",modified,ACTION_P,True
mistral.oi_conf_0053.ROLE_B.injection.original,2.2119905948638916,mistral.oi_conf_0053.ROLE_B.injection,injection,mistral,local-tree-0e666db570cdc02b55e6f64a1d7673689757f007b6c5b9a42a3b42797512be43,ACTION_P,"[29519, 29507, 6054, 2032, 29560, 7567, 2542, 11317, 18383, 29498, 29521, 1316, 29507, 8166, 29498, 2199, 2032, 29507, 29501, 29538, 29516, 29551, 29507, 1649, 7567, 2542, 11317, 18383, 29498, 29592, 1316, 29507, 8166, 29498, 2199, 2032, 29507, 29501, 29538, 29516, 29551, 18163, 1949, 29507, 7328, 29498, 2542, 11317, 18383, 29498, 29521, 18163, 2]",c793b23a16a48459e2213d23890663b6c9f5b09358e2028d8847d3546f953aea,oi_conf_0053.ROLE_B,"{""actions"":[{""action"":""ACTION_P"",""expected_value"":""-3/8""},{""action"":""ACTION_Q"",""expected_value"":""-3/8""}],""final_action"":""ACTION_P""}",original,ACTION_P,True
mistral.oi_conf_0053.ROLE_B.injection.modified,1.8408458232879639,mistral.oi_conf_0053.ROLE_B.injection,injection,mistral,local-tree-0e666db570cdc02b55e6f64a1d7673689757f007b6c5b9a42a3b42797512be43,ACTION_P,"[29519, 29507, 6054, 2032, 29560, 7567, 2542, 11317, 18383, 29498, 29521, 1316, 29507, 8166, 29498, 2199, 2032, 29507, 29538, 29516, 29551, 29507, 1649, 7567, 2542, 11317, 18383, 29498, 29592, 1316, 29507, 8166, 29498, 2199, 2032, 29507, 29550, 29516, 29551, 18163, 1949, 29507, 7328, 29498, 2542, 11317, 18383, 29498, 29521, 18163, 2]",2875f98e1640b775abcc5613a28d8a7b7532d5deeb3567ca154247d5731ea485,oi_conf_0053.ROLE_B,"{""actions"":[{""action"":""ACTION_P"",""expected_value"":""3/8""},{""action"":""ACTION_Q"",""expected_value"":""5/8""}],""final_action"":""ACTION_P""}",modified,ACTION_P,True
meta_llama.oi_conf_0000.ROLE_B.correction.original,5.2734246253967285,meta_llama.oi_conf_0000.ROLE_B.correction,correction,meta_llama,local-tree-07e868d130fa5c390541f4ee236305b9073ae26c771c7e6b00bea3cfe4adf7d4,ACTION_Q,"[5018, 4109, 794, 53208, 57793, 407, 794, 30233, 3664, 1106, 498, 1, 7475, 3220, 794, 35394, 19, 14682, 90, 57793, 407, 794, 30233, 3664, 13640, 2247, 7475, 3220, 3332, 19, 9388, 29603, 12085, 8090, 3332, 42995, 13640, 9388, 128009]",79dd0b923439d7124871216960370cff92ba9fec6d7c2392372a556231de4e5d,oi_conf_0000.ROLE_B,"{""actions"":[{""action"":""ACTION_P"",""expected_value"":""-4""},{""action"":""ACTION_Q"",""expected_value"":""4""}],""final_action"":""ACTION_Q""}",original,ACTION_Q,True
meta_llama.oi_conf_0000.ROLE_B.correction.modified,4.789340496063232,meta_llama.oi_conf_0000.ROLE_B.correction,correction,meta_llama,local-tree-07e868d130fa5c390541f4ee236305b9073ae26c771c7e6b00bea3cfe4adf7d4,ACTION_Q,"[5018, 4109, 794, 53208, 57793, 407, 794, 30233, 3664, 1106, 498, 1, 7475, 3220, 794, 35394, 18, 14682, 90, 57793, 407, 794, 30233, 3664, 13640, 2247, 7475, 3220, 3332, 17, 9388, 29603, 12085, 8090, 3332, 42995, 13640, 9388, 128009]",8bab1ca811423a7f85c7350a346421c9404d126bade2097df88c137a904d230c,oi_conf_0000.ROLE_B,"{""actions"":[{""action"":""ACTION_P"",""expected_value"":""-3""},{""action"":""ACTION_Q"",""expected_value"":""2""}],""final_action"":""ACTION_Q""}",modified,ACTION_Q,True
meta_llama.oi_conf_0001.ROLE_B.correction.original,4.384263277053833,meta_llama.oi_conf_0001.ROLE_B.correction,correction,meta_llama,local-tree-07e868d130fa5c390541f4ee236305b9073ae26c771c7e6b00bea3cfe4adf7d4,ACTION_P,"[5018, 4109, 794, 53208, 57793, 407, 794, 30233, 3664, 1106, 498, 1, 7475, 3220, 794, 1, 16, 14, 17, 14682, 90, 57793, 407, 794, 30233, 3664, 13640, 2247, 7475, 3220, 3332, 16, 14, 17, 9388, 29603, 12085, 8090, 3332, 42995, 1106, 9388, 128009]",9596be8eca1df4e7c7907462d2a3465b32add61b2a6db1cdf33a0c3b986f57bc,oi_conf_0001.ROLE_B,"{""actions"":[{""action"":""ACTION_P"",""expected_value"":""1/2""},{""action"":""ACTION_Q"",""expected_value"":""1/2""}],""final_action"":""ACTION_P""}",original,ACTION_P,True
meta_llama.oi_conf_0001.ROLE_B.correction.modified,4.643635511398315,meta_llama.oi_conf_0001.ROLE_B.correction,correction,meta_llama,local-tree-07e868d130fa5c390541f4ee236305b9073ae26c771c7e6b00bea3cfe4adf7d4,ACTION_P,"[5018, 4109, 794, 53208, 57793, 407, 794, 30233, 3664, 1106, 498, 1, 7475, 3220, 794, 35394, 15, 14682, 90, 57793, 407, 794, 30233, 3664, 13640, 2247, 7475, 3220, 3332, 16, 9388, 29603, 12085, 8090, 3332, 42995, 13640, 9388, 128009]",e1235ad28a84290939ce3bae7dd639da2ecc754a44067df22ec17c14ae138932,oi_conf_0001.ROLE_B,"{""actions"":[{""action"":""ACTION_P"",""expected_value"":""-0""},{""action"":""ACTION_Q"",""expected_value"":""1""}],""final_action"":""ACTION_Q""}",modified,ACTION_Q,False
meta_llama.oi_conf_0002.ROLE_A.correction.original,4.783699989318848,meta_llama.oi_conf_0002.ROLE_A.correction,correction,meta_llama,local-tree-07e868d130fa5c390541f4ee236305b9073ae26c771c7e6b00bea3cfe4adf7d4,ACTION_Q,"[5018, 4109, 794, 53208, 57793, 407, 794, 30233, 3664, 1106, 498, 1, 7475, 3220, 794, 35394, 21, 14, 17, 14682, 90, 57793, 407, 794, 30233, 3664, 13640, 498, 1, 7475, 3220, 3332, 972, 14, 17, 9388, 29603, 12085, 8090, 3332, 42995, 13640, 9388, 128009]",e975c1a9f5ae09942f61c0979aac613b7d3e88bc2d9a2f0405de9a3993c73418,oi_conf_0002.ROLE_A,"{""actions"":[{""action"":""ACTION_P"",""expected_value"":""-6/2""},{""action"":""ACTION_Q"",""expected_value"":""18/2""}],""final_action"":""ACTION_Q""}",original,ACTION_Q,True
meta_llama.oi_conf_0002.ROLE_A.correction.modified,4.640052080154419,meta_llama.oi_conf_0002.ROLE_A.correction,correction,meta_llama,local-tree-07e868d130fa5c390541f4ee236305b9073ae26c771c7e6b00bea3cfe4adf7d4,ACTION_Q,"[5018, 4109, 794, 53208, 57793, 407, 794, 30233, 3664, 1106, 498, 1, 7475, 3220, 794, 35394, 18, 37609, 1335, 3332, 42995, 13640, 2247, 7475, 3220, 3332, 19, 9388, 29603, 12085, 8090, 3332, 42995, 13640, 9388, 128009]",95af4f0c698e4c916d804e4af0181c796226909674494dbd91755841b98a5edf,oi_conf_0002.ROLE_A,"{""actions"":[{""action"":""ACTION_P"",""expected_value"":""-3""},{""action"":""ACTION_Q"",""expected_value"":""4""}],""final_action"":""ACTION_Q""}",modified,ACTION_Q,True
meta_llama.oi_conf_0003.ROLE_A.correction.original,4.909922361373901,meta_llama.oi_conf_0003.ROLE_A.correction,correction,meta_llama,local-tree-07e868d130fa5c390541f4ee236305b9073ae26c771c7e6b00bea3cfe4adf7d4,ACTION_P,"[5018, 4109, 794, 53208, 57793, 407, 794, 30233, 3664, 1106, 498, 1, 7475, 3220, 794, 35394, 16, 14, 18, 14682, 90, 57793, 407, 794, 30233, 3664, 13640, 2247, 7475, 3220, 3332, 12, 17, 14, 18, 9388, 29603, 12085, 8090, 3332, 42995, 1106, 9388, 128009]",93098e9eb2ca6d2427ebb0cba7058d9964f116819f8c56909034c6f059e6287f,oi_conf_0003.ROLE_A,"{""actions"":[{""action"":""ACTION_P"",""expected_value"":""-1/3""},{""action"":""ACTION_Q"",""expected_value"":""-2/3""}],""final_action"":""ACTION_P""}",original,ACTION_P,True
meta_llama.oi_conf_0003.ROLE_A.correction.modified,4.414431810379028,meta_llama.oi_conf_0003.ROLE_A.correction,correction,meta_llama,local-tree-07e868d130fa5c390541f4ee236305b9073ae26c771c7e6b00bea3cfe4adf7d4,ACTION_P,"[5018, 4109, 794, 53208, 57793, 407, 794, 30233, 3664, 1106, 498, 1, 7475, 3220, 794, 35394, 16, 14, 18, 14682, 90, 57793, 407, 794, 30233, 3664, 13640, 2247, 7475, 3220, 3332, 12, 17, 14, 18, 9388, 29603, 12085, 8090, 3332, 42995, 1106, 9388, 128009]",70e9063507396637c8ab15580ec864a0183e97c644c6357a2f2f4748e08e2f0a,oi_conf_0003.ROLE_A,"{""actions"":[{""action"":""ACTION_P"",""expected_value"":""-1/3""},{""action"":""ACTION_Q"",""expected_value"":""-2/3""}],""final_action"":""ACTION_P""}",modified,ACTION_P,True
meta_llama.oi_conf_0004.ROLE_B.correction.original,4.768911361694336,meta_llama.oi_conf_0004.ROLE_B.correction,correction,meta_llama,local-tree-07e868d130fa5c390541f4ee236305b9073ae26c771c7e6b00bea3cfe4adf7d4,ACTION_Q,"[5018, 4109, 794, 53208, 57793, 407, 794, 30233, 3664, 1106, 498, 1, 7475, 3220, 794, 35394, 16, 14, 18, 14682, 90, 57793, 407, 794, 30233, 3664, 13640, 498, 1, 7475, 3220, 3332, 845, 14, 18, 9388, 29603, 12085, 8090, 3332, 42995, 13640, 9388, 128009]",cad870da26e96ff0eaa13f252b0d1857ba9bcdef39954f2408e81f46e24d9ea5,oi_conf_0004.ROLE_B,"{""actions"":[{""action"":""ACTION_P"",""expected_value"":""-1/3""},{""action"":""ACTION_Q"",""expected_value"":""16/3""}],""final_action"":""ACTION_Q""}",original,ACTION_Q,True
meta_llama.oi_conf_0004.ROLE_B.correction.modified,4.767518043518066,meta_llama.oi_conf_0004.ROLE_B.correction,correction,meta_llama,local-tree-07e868d130fa5c390541f4ee236305b9073ae26c771c7e6b00bea3cfe4adf7d4,ACTION_Q,"[5018, 4109, 794, 53208, 57793, 407, 794, 30233, 3664, 1106, 498, 1, 7475, 3220, 794, 35394, 16, 14, 18, 14682, 90, 57793, 407, 794, 30233, 3664, 13640, 498, 1, 7475, 3220, 3332, 23, 14, 18, 9388, 29603, 12085, 8090, 3332, 42995, 13640, 9388, 128009]",0f311e888d66d64335ad5cca923a06faf0504d4e296f70fc818e3aecca5b9119,oi_conf_0004.ROLE_B,"{""actions"":[{""action"":""ACTION_P"",""expected_value"":""-1/3""},{""action"":""ACTION_Q"",""expected_value"":""8/3""}],""final_action"":""ACTION_Q""}",modified,ACTION_Q,True
meta_llama.oi_conf_0005.ROLE_B.correction.original,4.801182270050049,meta_llama.oi_conf_0005.ROLE_B.correction,correction,meta_llama,local-tree-07e868d130fa5c390541f4ee236305b9073ae26c771c7e6b00bea3cfe4adf7d4,ACTION_P,"[5018, 4109, 794, 53208, 57793, 407, 794, 30233, 3664, 1106, 498, 1, 7475, 3220, 794, 35394, 16, 14, 18, 14682, 90, 57793, 407, 794, 30233, 3664, 13640, 2247, 7475, 3220, 3332, 975, 14, 18, 9388, 29603, 12085, 8090, 3332, 42995, 13640, 9388, 128009]",20b7459d0f49d29bbb1721918d50349f2cff9bfcb807bd4767f953f62b8794d4,oi_conf_0005.ROLE_B,"{""actions"":[{""action"":""ACTION_P"",""expected_value"":""-1/3""},{""action"":""ACTION_Q"",""expected_value"":""14/3""}],""final_action"":""ACTION_Q""}",original,ACTION_Q,False
meta_llama.oi_conf_0005.ROLE_B.correction.modified,4.922954082489014,meta_llama.oi_conf_0005.ROLE_B.correction,correction,meta_llama,local-tree-07e868d130fa5c390541f4ee236305b9073ae26c771c7e6b00bea3cfe4adf7d4,ACTION_P,"[5018, 4109, 794, 53208, 57793, 407, 794, 30233, 3664, 1106, 498, 1, 7475, 3220, 794, 35394, 17, 14, 18, 9388, 28937, 57793, 407, 794, 30233, 3664, 13640, 2247, 7475, 3220, 3332, 12, 17, 14, 18, 9388, 29603, 12085, 8090, 3332, 42995, 1106, 9388, 128009]",a31921feada3ff5bdad3b95cbe377fe06b14498b8aa641cab1eb3d69accdbf54,oi_conf_0005.ROLE_B,"{""actions"":[{""action"":""ACTION_P"",""expected_value"":""-2/3""},{""action"":""ACTION_Q"",""expected_value"":""-2/3""}],""final_action"":""ACTION_P""}",modified,ACTION_P,True
meta_llama.oi_conf_0008.ROLE_B.correction.original,4.340786695480347,meta_llama.oi_conf_0008.ROLE_B.correction,correction,meta_llama,local-tree-07e868d130fa5c390541f4ee236305b9073ae26c771c7e6b00bea3cfe4adf7d4,ACTION_Q,"[5018, 4109, 794, 53208, 57793, 407, 794, 30233, 3664, 13640, 498, 1, 7475, 3220, 794, 35394, 22, 14, 717, 37609, 1335, 3332, 42995, 1106, 2247, 7475, 3220, 3332, 3174, 14, 717, 9388, 29603, 12085, 8090, 3332, 42995, 1106, 9388, 128009]",47eafdfa7016163c36e359f4885140be089bdb25e841fb1a02bf523e66a44611,oi_conf_0008.ROLE_B,"{""actions"":[{""action"":""ACTION_Q"",""expected_value"":""-7/12""},{""action"":""ACTION_P"",""expected_value"":""41/12""}],""final_action"":""ACTION_P""}",original,ACTION_P,False
meta_llama.oi_conf_0008.ROLE_B.correction.modified,4.775011301040649,meta_llama.oi_conf_0008.ROLE_B.correction,correction,meta_llama,local-tree-07e868d130fa5c390541f4ee236305b9073ae26c771c7e6b00bea3cfe4adf7d4,ACTION_Q,"[5018, 4109, 794, 53208, 57793, 407, 794, 30233, 3664, 13640, 498, 1, 7475, 3220, 794, 35394, 16, 14, 17, 14682, 90, 57793, 407, 794, 30233, 3664, 1106, 2247, 7475, 3220, 3332, 12, 16, 14, 17, 9388, 29603, 12085, 8090, 3332, 42995, 13640, 9388, 128009]",14deca138c3212402140bef301307cebd154f90c285fd7ef8f83178797fbd449,oi_conf_0008.ROLE_B,"{""actions"":[{""action"":""ACTION_Q"",""expected_value"":""-1/2""},{""action"":""ACTION_P"",""expected_value"":""-1/2""}],""final_action"":""ACTION_Q""}",modified,ACTION_Q,True
meta_llama.oi_conf_0009.ROLE_B.correction.original,4.612560272216797,meta_llama.oi_conf_0009.ROLE_B.correction,correction,meta_llama,local-tree-07e868d130fa5c390541f4ee236305b9073ae26c771c7e6b00bea3cfe4adf7d4,ACTION_P,"[5018, 4109, 794, 53208, 57793, 407, 794, 30233, 3664, 13640, 498, 1, 7475, 3220, 794, 35394, 19, 37609, 1335, 3332, 42995, 1106, 2247, 7475, 3220, 3332, 18, 9388, 29603, 12085, 8090, 3332, 42995, 1106, 9388, 128009]",2c51758ca7c7c29494afc0c1cc7ff3dca9a56a244896c23e2beb40beaaf494fb,oi_conf_0009.ROLE_B,"{""actions"":[{""action"":""ACTION_Q"",""expected_value"":""-4""},{""action"":""ACTION_P"",""expected_value"":""3""}],""final_action"":""ACTION_P""}",original,ACTION_P,True
meta_llama.oi_conf_0009.ROLE_B.correction.modified,4.655236005783081,meta_llama.oi_conf_0009.ROLE_B.correction,correction,meta_llama,local-tree-07e868d130fa5c390541f4ee236305b9073ae26c771c7e6b00bea3cfe4adf7d4,ACTION_P,"[5018, 4109, 794, 53208, 57793, 407, 794, 30233, 3664, 13640, 498, 1, 7475, 3220, 794, 35394, 19, 37609, 1335, 3332, 42995, 1106, 2247, 7475, 3220, 3332, 15, 9388, 29603, 12085, 8090, 3332, 42995, 1106, 9388, 128009]",8fbe5ba82e66ed352c1e0db8ed2eea7317156d8e2d91dbfaf35db554295b85ba,oi_conf_0009.ROLE_B,"{""actions"":[{""action"":""ACTION_Q"",""expected_value"":""-4""},{""action"":""ACTION_P"",""expected_value"":""0""}],""final_action"":""ACTION_P""}",modified,ACTION_P,True
meta_llama.oi_conf_0010.ROLE_A.correction.original,4.174326181411743,meta_llama.oi_conf_0010.ROLE_A.correction,correction,meta_llama,local-tree-07e868d130fa5c390541f4ee236305b9073ae26c771c7e6b00bea3cfe4adf7d4,ACTION_Q,"[5018, 4109, 794, 53208, 57793, 407, 794, 30233, 3664, 13640, 498, 1, 7475, 3220, 794, 35394, 18, 14682, 90, 57793, 407, 794, 30233, 3664, 1106, 2247, 7475, 3220, 3332, 24, 9388, 29603, 12085, 8090, 3332, 42995, 1106, 9388, 128009]",4205588b733b7317fc391d018f32688cea48aa937f03c6768b1663059ae3de43,oi_conf_0010.ROLE_A,"{""actions"":[{""action"":""ACTION_Q"",""expected_value"":""-3""},{""action"":""ACTION_P"",""expected_value"":""9""}],""final_action"":""ACTION_P""}",original,ACTION_P,False
meta_llama.oi_conf_0010.ROLE_A.correction.modified,4.771201848983765,meta_llama.oi_conf_0010.ROLE_A.correction,correction,meta_llama,local-tree-07e868d130fa5c390541f4ee236305b9073ae26c771c7e6b00bea3cfe4adf7d4,ACTION_Q,"[5018, 4109, 794, 53208, 57793, 407, 794, 30233, 3664, 13640, 498, 1, 7475, 3220, 794, 1, 18, 14682, 90, 57793, 407, 794, 30233, 3664, 1106, 2247, 7475, 3220, 3332, 15, 9388, 29603, 12085, 8090, 3332, 42995, 13640, 9388, 128009]",932d54029189023bff923c5fb8fb028ac2ea6c8ca72a010473305b76f9c39555,oi_conf_0010.ROLE_A,"{""actions"":[{""action"":""ACTION_Q"",""expected_value"":""3""},{""action"":""ACTION_P"",""expected_value"":""0""}],""final_action"":""ACTION_Q""}",modified,ACTION_Q,True
meta_llama.oi_conf_0012.ROLE_B.correction.original,5.048652172088623,meta_llama.oi_conf_0012.ROLE_B.correction,correction,meta_llama,local-tree-07e868d130fa5c390541f4ee236305b9073ae26c771c7e6b00bea3cfe4adf7d4,ACTION_Q,"[5018, 4109, 794, 53208, 57793, 407, 794, 30233, 3664, 13640, 498, 1, 7475, 3220, 794, 1, 15, 14682, 90, 57793, 407, 794, 30233, 3664, 1106, 498, 1, 7475, 3220, 3332, 15, 9388, 29603, 12085, 8090, 3332, 42995, 13640, 9388, 128009]",ced8c13075dc248df1b73955bdd7d45d5f3ea3ac264b187d3e7001b43f0228db,oi_conf_0012.ROLE_B,"{""actions"":[{""action"":""ACTION_Q"",""expected_value"":""0""},{""action"":""ACTION_P"",""expected_value"":""0""}],""final_action"":""ACTION_Q""}",original,ACTION_Q,True
meta_llama.oi_conf_0012.ROLE_B.correction.modified,4.927924871444702,meta_llama.oi_conf_0012.ROLE_B.correction,correction,meta_llama,local-tree-07e868d130fa5c390541f4ee236305b9073ae26c771c7e6b00bea3cfe4adf7d4,ACTION_Q,"[5018, 4109, 794, 53208, 57793, 407, 794, 30233, 3664, 13640, 498, 1, 7475, 3220, 794, 35394, 16, 14, 18, 14682, 90, 57793, 407, 794, 30233, 3664, 1106, 2247, 7475, 3220, 3332, 12, 17, 14, 18, 9388, 29603, 12085, 8090, 3332, 42995, 1106, 9388, 128009]",b30160e88beb102f6477ee4b03d59b66e1fc69d0bbd8a604aeea3582a0cf2f57,oi_conf_0012.ROLE_B,"{""actions"":[{""action"":""ACTION_Q"",""expected_value"":""-1/3""},{""action"":""ACTION_P"",""expected_value"":""-2/3""}],""final_action"":""ACTION_P""}",modified,ACTION_P,False
meta_llama.oi_conf_0013.ROLE_B.correction.original,4.280657052993774,meta_llama.oi_conf_0013.ROLE_B.correction,correction,meta_llama,local-tree-07e868d130fa5c390541f4ee236305b9073ae26c771c7e6b00bea3cfe4adf7d4,ACTION_P,"[5018, 4109, 794, 53208, 57793, 407, 794, 30233, 3664, 13640, 498, 1, 7475, 3220, 794, 35394, 15, 14682, 90, 57793, 407, 794, 30233, 3664, 1106, 2247, 7475, 3220, 3332, 15, 9388, 29603, 12085, 8090, 3332, 42995, 1106, 9388, 128009]",53bf320845231019e0f6c35a3c540fbfbec55d42480f68e0ec33299553e63ac8,oi_conf_0013.ROLE_B,"{""actions"":[{""action"":""ACTION_Q"",""expected_value"":""-0""},{""action"":""ACTION_P"",""expected_value"":""0""}],""final_action"":""ACTION_P""}",original,ACTION_P,True
meta_llama.oi_conf_0013.ROLE_B.correction.modified,4.812254905700684,meta_llama.oi_conf_0013.ROLE_B.correction,correction,meta_llama,local-tree-07e868d130fa5c390541f4ee236305b9073ae26c771c7e6b00bea3cfe4adf7d4,ACTION_P,"[5018, 4109, 794, 53208, 57793, 407, 794, 30233, 3664, 13640, 498, 1, 7475, 3220, 794, 35394, 16, 14, 19, 14682, 90, 57793, 407, 794, 30233, 3664, 1106, 498, 1, 7475, 3220, 3332, 12, 18, 14, 19, 9388, 29603, 12085, 8090, 3332, 42995, 1106, 9388, 128009]",1d9979cd994b916097240008beb3a986c9a75da92decd0b7f0ada1eff5468a87,oi_conf_0013.ROLE_B,"{""actions"":[{""action"":""ACTION_Q"",""expected_value"":""-1/4""},{""action"":""ACTION_P"",""expected_value"":""-3/4""}],""final_action"":""ACTION_P""}",modified,ACTION_P,True
meta_llama.oi_conf_0016.ROLE_B.correction.original,4.74294376373291,meta_llama.oi_conf_0016.ROLE_B.correction,correction,meta_llama,local-tree-07e868d130fa5c390541f4ee236305b9073ae26c771c7e6b00bea3cfe4adf7d4,ACTION_Q,"[5018, 4109, 794, 53208, 57793, 407, 794, 30233, 3664, 1106, 498, 1, 7475, 3220, 794, 35394, 16, 14682, 90, 57793, 407, 794, 30233, 3664, 13640, 2247, 7475, 3220, 3332, 24, 14, 17, 9388, 29603, 12085, 8090, 3332, 42995, 13640, 9388, 128009]",8e736333922eb5e271c6dc47db5c9040410f42493b74f27e8abd3f0ee0378996,oi_conf_0016.ROLE_B,"{""actions"":[{""action"":""ACTION_P"",""expected_value"":""-1""},{""action"":""ACTION_Q"",""expected_value"":""9/2""}],""final_action"":""ACTION_Q""}",original,ACTION_Q,True
meta_llama.oi_conf_0016.ROLE_B.correction.modified,4.789938449859619,meta_llama.oi_conf_0016.ROLE_B.correction,correction,meta_llama,local-tree-07e868d130fa5c390541f4ee236305b9073ae26c771c7e6b00bea3cfe4adf7d4,ACTION_Q,"[5018, 4109, 794, 53208, 57793, 407, 794, 30233, 3664, 1106, 498, 1, 7475, 3220, 794, 35394, 16, 14, 605, 37609, 1335, 3332, 42995, 13640, 2247, 7475, 3220, 3332, 1032, 14, 605, 9388, 29603, 12085, 8090, 3332, 42995, 13640, 9388, 128009]",7e45c43d8f18da60a3a8d997eb3767024593da8cc953d0b080420600c374ac75,oi_conf_0016.ROLE_B,"{""actions"":[{""action"":""ACTION_P"",""expected_value"":""-1/10""},{""action"":""ACTION_Q"",""expected_value"":""13/10""}],""final_action"":""ACTION_Q""}",modified,ACTION_Q,True
meta_llama.oi_conf_0017.ROLE_B.correction.original,4.88603949546814,meta_llama.oi_conf_0017.ROLE_B.correction,correction,meta_llama,local-tree-07e868d130fa5c390541f4ee236305b9073ae26c771c7e6b00bea3cfe4adf7d4,ACTION_P,"[5018, 4109, 794, 53208, 57793, 407, 794, 30233, 3664, 1106, 498, 1, 7475, 3220, 794, 35394, 22, 14, 17, 14682, 90, 57793, 407, 794, 30233, 3664, 13640, 2247, 7475, 3220, 3332, 20, 9388, 29603, 12085, 8090, 3332, 42995, 13640, 9388, 128009]",2d64dfb9e80260450948e37939046fdaf99f9ac5590ed27aa7832031206cb82a,oi_conf_0017.ROLE_B,"{""actions"":[{""action"":""ACTION_P"",""expected_value"":""-7/2""},{""action"":""ACTION_Q"",""expected_value"":""5""}],""final_action"":""ACTION_Q""}",original,ACTION_Q,False
meta_llama.oi_conf_0017.ROLE_B.correction.modified,4.4298131465911865,meta_llama.oi_conf_0017.ROLE_B.correction,correction,meta_llama,local-tree-07e868d130fa5c390541f4ee236305b9073ae26c771c7e6b00bea3cfe4adf7d4,ACTION_P,"[5018, 4109, 794, 53208, 57793, 407, 794, 30233, 3664, 1106, 498, 1, 7475, 3220, 794, 35394, 22, 14, 17, 9388, 28937, 57793, 407, 794, 30233, 3664, 13640, 498, 1, 7475, 3220, 3332, 12, 806, 9388, 29603, 12085, 8090, 3332, 42995, 1106, 9388, 128009]",c93319c57701d365b0e97d90c50b9aa0542d5e925784d0d0166cff11696854b9,oi_conf_0017.ROLE_B,"{""actions"":[{""action"":""ACTION_P"",""expected_value"":""-7/2""},{""action"":""ACTION_Q"",""expected_value"":""-11""}],""final_action"":""ACTION_P""}",modified,ACTION_P,True
meta_llama.oi_conf_0018.ROLE_A.correction.original,4.673813581466675,meta_llama.oi_conf_0018.ROLE_A.correction,correction,meta_llama,local-tree-07e868d130fa5c390541f4ee236305b9073ae26c771c7e6b00bea3cfe4adf7d4,ACTION_Q,"[5018, 4109, 794, 53208, 57793, 407, 794, 30233, 3664, 1106, 498, 1, 7475, 3220, 794, 35394, 16, 14682, 90, 57793, 407, 794, 30233, 3664, 13640, 498, 1, 7475, 3220, 3332, 15, 9388, 29603, 12085, 8090, 3332, 42995, 13640, 9388, 128009]",66c761c3483a19f0c55a1a82618bdb7fd546c71dcf7a455441a1e0f6b357142d,oi_conf_0018.ROLE_A,"{""actions"":[{""action"":""ACTION_P"",""expected_value"":""-1""},{""action"":""ACTION_Q"",""expected_value"":""0""}],""final_action"":""ACTION_Q""}",original,ACTION_Q,True
meta_llama.oi_conf_0018.ROLE_A.correction.modified,4.7435078620910645,meta_llama.oi_conf_0018.ROLE_A.correction,correction,meta_llama,local-tree-07e868d130fa5c390541f4ee236305b9073ae26c771c7e6b00bea3cfe4adf7d4,ACTION_Q,"[5018, 4109, 794, 53208, 57793, 407, 794, 30233, 3664, 1106, 498, 1, 7475, 3220, 794, 35394, 17, 14682, 90, 57793, 407, 794, 30233, 3664, 13640, 498, 1, 7475, 3220, 3332, 12, 17, 9388, 29603, 12085, 8090, 3332, 42995, 1106, 9388, 128009]",03185440bb035098d32122420f59b11706eec5280b4ca73593e301af00160e1d,oi_conf_0018.ROLE_A,"{""actions"":[{""action"":""ACTION_P"",""expected_value"":""-2""},{""action"":""ACTION_Q"",""expected_value"":""-2""}],""final_action"":""ACTION_P""}",modified,ACTION_P,False
meta_llama.oi_conf_0019.ROLE_A.correction.original,4.756997108459473,meta_llama.oi_conf_0019.ROLE_A.correction,correction,meta_llama,local-tree-07e868d130fa5c390541f4ee236305b9073ae26c771c7e6b00bea3cfe4adf7d4,ACTION_P,"[5018, 4109, 794, 53208, 57793, 407, 794, 30233, 3664, 1106, 498, 1, 7475, 3220, 794, 1, 23, 14682, 90, 57793, 407, 794, 30233, 3664, 13640, 498, 1, 7475, 3220, 3332, 20, 9388, 29603, 12085, 8090, 3332, 42995, 1106, 9388, 128009]",fc375c3c062dc8629786369430f3279afbb799b70cae9c199bb19776cb0726c6,oi_conf_0019.ROLE_A,"{""actions"":[{""action"":""ACTION_P"",""expected_value"":""8""},{""action"":""ACTION_Q"",""expected_value"":""5""}],""final_action"":""ACTION_P""}",original,ACTION_P,True
meta_llama.oi_conf_0019.ROLE_A.correction.modified,4.212043285369873,meta_llama.oi_conf_0019.ROLE_A.correction,correction,meta_llama,local-tree-07e868d130fa5c390541f4ee236305b9073ae26c771c7e6b00bea3cfe4adf7d4,ACTION_P,"[5018, 4109, 794, 53208, 57793, 407, 794, 30233, 3664, 1106, 498, 1, 7475, 3220, 794, 1, 23, 14682, 90, 57793, 407, 794, 30233, 3664, 13640, 498, 1, 7475, 3220, 3332, 15, 9388, 29603, 12085, 8090, 3332, 42995, 1106, 9388, 128009]",350c065e428815ff04cdf41368c5f9b489f976328928c3dd379da38d40cfe86b,oi_conf_0019.ROLE_A,"{""actions"":[{""action"":""ACTION_P"",""expected_value"":""8""},{""action"":""ACTION_Q"",""expected_value"":""0""}],""final_action"":""ACTION_P""}",modified,ACTION_P,True
meta_llama.oi_conf_0020.ROLE_B.correction.original,4.922744274139404,meta_llama.oi_conf_0020.ROLE_B.correction,correction,meta_llama,local-tree-07e868d130fa5c390541f4ee236305b9073ae26c771c7e6b00bea3cfe4adf7d4,ACTION_Q,"[5018, 4109, 794, 53208, 57793, 407, 794, 30233, 3664, 1106, 498, 1, 7475, 3220, 794, 35394, 22, 14, 17, 14682, 90, 57793, 407, 794, 30233, 3664, 13640, 498, 1, 7475, 3220, 3332, 868, 14, 17, 9388, 29603, 12085, 8090, 3332, 42995, 13640, 9388, 128009]",b5b49a0a1748e9e97a31e14fcb26340d0d28df51cf86fb7840f5c0e62b4b9308,oi_conf_0020.ROLE_B,"{""actions"":[{""action"":""ACTION_P"",""expected_value"":""-7/2""},{""action"":""ACTION_Q"",""expected_value"":""15/2""}],""final_action"":""ACTION_Q""}",original,ACTION_Q,True
meta_llama.oi_conf_0020.ROLE_B.correction.modified,5.025273084640503,meta_llama.oi_conf_0020.ROLE_B.correction,correction,meta_llama,local-tree-07e868d130fa5c390541f4ee236305b9073ae26c771c7e6b00bea3cfe4adf7d4,ACTION_Q,"[5018, 4109, 794, 53208, 57793, 407, 794, 30233, 3664, 1106, 498, 1, 7475, 3220, 794, 35394, 18, 14682, 90, 57793, 407, 794, 30233, 3664, 13640, 2247, 7475, 3220, 3332, 19, 9388, 29603, 12085, 8090, 3332, 42995, 13640, 9388, 128009]",78b537dd19b63c80760be898526f7ba7ec2adc9059d6081825cd85bb3659b533,oi_conf_0020.ROLE_B,"{""actions"":[{""action"":""ACTION_P"",""expected_value"":""-3""},{""action"":""ACTION_Q"",""expected_value"":""4""}],""final_action"":""ACTION_Q""}",modified,ACTION_Q,True
meta_llama.oi_conf_0024.ROLE_B.correction.original,4.952717065811157,meta_llama.oi_conf_0024.ROLE_B.correction,correction,meta_llama,local-tree-07e868d130fa5c390541f4ee236305b9073ae26c771c7e6b00bea3cfe4adf7d4,ACTION_Q,"[5018, 4109, 794, 53208, 57793, 407, 794, 30233, 3664, 13640, 498, 1, 7475, 3220, 794, 35394, 806, 14, 17, 14682, 90, 57793, 407, 794, 30233, 3664, 1106, 2247, 7475, 3220, 3332, 12, 20, 14, 17, 9388, 29603, 12085, 8090, 3332, 42995, 13640, 9388, 128009]",ab21536de97c85100967a8719e0ad4d45f4175d9a64713149da83437ab7acbed,oi_conf_0024.ROLE_B,"{""actions"":[{""action"":""ACTION_Q"",""expected_value"":""-11/2""},{""action"":""ACTION_P"",""expected_value"":""-5/2""}],""final_action"":""ACTION_Q""}",original,ACTION_Q,True
meta_llama.oi_conf_0024.ROLE_B.correction.modified,4.398603916168213,meta_llama.oi_conf_0024.ROLE_B.correction,correction,meta_llama,local-tree-07e868d130fa5c390541f4ee236305b9073ae26c771c7e6b00bea3cfe4adf7d4,ACTION_Q,"[5018, 4109, 794, 53208, 57793, 407, 794, 30233, 3664, 13640, 498, 1, 7475, 3220, 794, 35394, 806, 14, 17, 14682, 90, 57793, 407, 794, 30233, 3664, 1106, 2247, 7475, 3220, 3332, 12, 975, 9388, 29603, 12085, 8090, 3332, 42995, 13640, 9388, 128009]",c539f70e411911de830a39388473fd2bab1020042552bc18a8441cd4e1037f4c,oi_conf_0024.ROLE_B,"{""actions"":[{""action"":""ACTION_Q"",""expected_value"":""-11/2""},{""action"":""ACTION_P"",""expected_value"":""-14""}],""final_action"":""ACTION_Q""}",modified,ACTION_Q,True
meta_llama.oi_conf_0025.ROLE_B.correction.original,4.67231559753418,meta_llama.oi_conf_0025.ROLE_B.correction,correction,meta_llama,local-tree-07e868d130fa5c390541f4ee236305b9073ae26c771c7e6b00bea3cfe4adf7d4,ACTION_P,"[5018, 4109, 794, 53208, 57793, 407, 794, 30233, 3664, 13640, 498, 1, 7475, 3220, 794, 35394, 1032, 14682, 90, 57793, 407, 794, 30233, 3664, 1106, 2247, 7475, 3220, 3332, 868, 9388, 29603, 12085, 8090, 3332, 42995, 1106, 9388, 128009]",dae192b0b28acbfd1a1eb213293919f07e44b6914643ff9b93e5d84944f46e43,oi_conf_0025.ROLE_B,"{""actions"":[{""action"":""ACTION_Q"",""expected_value"":""-13""},{""action"":""ACTION_P"",""expected_value"":""15""}],""final_action"":""ACTION_P""}",original,ACTION_P,True
meta_llama.oi_conf_0025.ROLE_B.correction.modified,4.859728813171387,meta_llama.oi_conf_0025.ROLE_B.correction,correction,meta_llama,local-tree-07e868d130fa5c390541f4ee236305b9073ae26c771c7e6b00bea3cfe4adf7d4,ACTION_P,"[5018, 4109, 794, 53208, 57793, 407, 794, 30233, 3664, 13640, 498, 1, 7475, 3220, 794, 35394, 1032, 14, 23, 14682, 90, 57793, 407, 794, 30233, 3664, 1106, 498, 1, 7475, 3220, 3332, 12, 1032, 14, 19, 9388, 29603, 12085, 8090, 3332, 42995, 1106, 9388, 128009]",7093896a6dd29f8dba6030121fb34347e8aa66714a4af1f36df84c0098d0aa43,oi_conf_0025.ROLE_B,"{""actions"":[{""action"":""ACTION_Q"",""expected_value"":""-13/8""},{""action"":""ACTION_P"",""expected_value"":""-13/4""}],""final_action"":""ACTION_P""}",modified,ACTION_P,True
meta_llama.oi_conf_0026.ROLE_A.correction.original,4.814301013946533,meta_llama.oi_conf_0026.ROLE_A.correction,correction,meta_llama,local-tree-07e868d130fa5c390541f4ee236305b9073ae26c771c7e6b00bea3cfe4adf7d4,ACTION_Q,"[5018, 4109, 794, 53208, 57793, 407, 794, 30233, 3664, 13640, 498, 1, 7475, 3220, 794, 35394, 16, 14, 717, 37609, 1335, 3332, 42995, 1106, 2247, 7475, 3220, 3332, 12, 16, 14, 21, 9388, 29603, 12085, 8090, 3332, 42995, 1106, 9388, 128009]",37d50c019e4bd57eccf531ae56c30e78c4f215856a1512e6e2770c480b66333e,oi_conf_0026.ROLE_A,"{""actions"":[{""action"":""ACTION_Q"",""expected_value"":""-1/12""},{""action"":""ACTION_P"",""expected_value"":""-1/6""}],""final_action"":""ACTION_P""}",original,ACTION_P,False
meta_llama.oi_conf_0026.ROLE_A.correction.modified,4.8903489112854,meta_llama.oi_conf_0026.ROLE_A.correction,correction,meta_llama,local-tree-07e868d130fa5c390541f4ee236305b9073ae26c771c7e6b00bea3cfe4adf7d4,ACTION_Q,"[5018, 4109, 794, 53208, 57793, 407, 794, 30233, 3664, 13640, 498, 1, 7475, 3220, 794, 35394, 16, 14, 18, 37609, 1335, 3332, 42995, 1106, 2247, 7475, 3220, 3332, 12, 24, 14, 17, 9388, 29603, 12085, 8090, 3332, 42995, 13640, 9388, 128009]",416d0480d627bac579b56f19aac43b70c3d0b15543783077286e689547b6f671,oi_conf_0026.ROLE_A,"{""actions"":[{""action"":""ACTION_Q"",""expected_value"":""-1/3""},{""action"":""ACTION_P"",""expected_value"":""-9/2""}],""final_action"":""ACTION_Q""}",modified,ACTION_Q,True
meta_llama.oi_conf_0026.ROLE_B.correction.original,4.401212692260742,meta_llama.oi_conf_0026.ROLE_B.correction,correction,meta_llama,local-tree-07e868d130fa5c390541f4ee236305b9073ae26c771c7e6b00bea3cfe4adf7d4,ACTION_P,"[5018, 4109, 794, 53208, 57793, 407, 794, 30233, 3664, 13640, 498, 1, 7475, 3220, 794, 35394, 16, 14, 717, 37609, 1335, 3332, 42995, 1106, 2247, 7475, 3220, 3332, 12, 16, 14, 17, 9388, 29603, 12085, 8090, 3332, 42995, 13640, 9388, 128009]",9b152a3cf55bad79b457f8a5868893710d6405d569551f0bf07b5294370a0c3c,oi_conf_0026.ROLE_B,"{""actions"":[{""action"":""ACTION_Q"",""expected_value"":""-1/12""},{""action"":""ACTION_P"",""expected_value"":""-1/2""}],""final_action"":""ACTION_Q""}",original,ACTION_Q,False
meta_llama.oi_conf_0026.ROLE_B.correction.modified,4.683679580688477,meta_llama.oi_conf_0026.ROLE_B.correction,correction,meta_llama,local-tree-07e868d130fa5c390541f4ee236305b9073ae26c771c7e6b00bea3cfe4adf7d4,ACTION_P,"[5018, 4109, 794, 53208, 57793, 407, 794, 30233, 3664, 13640, 498, 1, 7475, 3220, 794, 1, 18, 14682, 90, 57793, 407, 794, 30233, 3664, 1106, 2247, 7475, 3220, 3332, 24, 9388, 29603, 12085, 8090, 3332, 42995, 1106, 9388, 128009]",46aca8dabd21c5bade41962a08dc4e35e97cb16e75417287a836fa109e95dfb2,oi_conf_0026.ROLE_B,"{""actions"":[{""action"":""ACTION_Q"",""expected_value"":""3""},{""action"":""ACTION_P"",""expected_value"":""9""}],""final_action"":""ACTION_P""}",modified,ACTION_P,True
meta_llama.oi_conf_0028.ROLE_A.correction.original,4.684004068374634,meta_llama.oi_conf_0028.ROLE_A.correction,correction,meta_llama,local-tree-07e868d130fa5c390541f4ee236305b9073ae26c771c7e6b00bea3cfe4adf7d4,ACTION_P,"[5018, 4109, 794, 53208, 57793, 407, 794, 30233, 3664, 13640, 498, 1, 7475, 3220, 794, 1, 15, 14682, 90, 57793, 407, 794, 30233, 3664, 1106, 2247, 7475, 3220, 3332, 15, 9388, 29603, 12085, 8090, 3332, 42995, 13640, 9388, 128009]",584a24ff30bd2484a2c8bffe5a6908a754b4e79982cd711e3f55cc83c16429d1,oi_conf_0028.ROLE_A,"{""actions"":[{""action"":""ACTION_Q"",""expected_value"":""0""},{""action"":""ACTION_P"",""expected_value"":""0""}],""final_action"":""ACTION_Q""}",original,ACTION_Q,False
meta_llama.oi_conf_0028.ROLE_A.correction.modified,4.742081880569458,meta_llama.oi_conf_0028.ROLE_A.correction,correction,meta_llama,local-tree-07e868d130fa5c390541f4ee236305b9073ae26c771c7e6b00bea3cfe4adf7d4,ACTION_P,"[5018, 4109, 794, 53208, 57793, 407, 794, 30233, 3664, 13640, 498, 1, 7475, 3220, 794, 1, 22, 14682, 90, 57793, 407, 794, 30233, 3664, 1106, 2247, 7475, 3220, 3332, 1032, 9388, 29603, 12085, 8090, 3332, 42995, 1106, 9388, 128009]",a0d6b57f2984c50429077dbcbe9e8c9f0f55fb371c6309732d158c7033561deb,oi_conf_0028.ROLE_A,"{""actions"":[{""action"":""ACTION_Q"",""expected_value"":""7""},{""action"":""ACTION_P"",""expected_value"":""13""}],""final_action"":""ACTION_P""}",modified,ACTION_P,True
meta_llama.oi_conf_0028.ROLE_B.correction.original,4.2072625160217285,meta_llama.oi_conf_0028.ROLE_B.correction,correction,meta_llama,local-tree-07e868d130fa5c390541f4ee236305b9073ae26c771c7e6b00bea3cfe4adf7d4,ACTION_Q,"[5018, 4109, 794, 53208, 57793, 407, 794, 30233, 3664, 13640, 498, 1, 7475, 3220, 794, 1, 17, 14682, 90, 57793, 407, 794, 30233, 3664, 1106, 2247, 7475, 3220, 3332, 19, 9388, 29603, 12085, 8090, 3332, 42995, 1106, 9388, 128009]",fe57e265a2d1b081425b47b66911db65697af28118b9da5f68621cf44ea61a95,oi_conf_0028.ROLE_B,"{""actions"":[{""action"":""ACTION_Q"",""expected_value"":""2""},{""action"":""ACTION_P"",""expected_value"":""4""}],""final_action"":""ACTION_P""}",original,ACTION_P,False
meta_llama.oi_conf_0028.ROLE_B.correction.modified,4.845552206039429,meta_llama.oi_conf_0028.ROLE_B.correction,correction,meta_llama,local-tree-07e868d130fa5c390541f4ee236305b9073ae26c771c7e6b00bea3cfe4adf7d4,ACTION_Q,"[5018, 4109, 794, 53208, 57793, 407, 794, 30233, 3664, 13640, 498, 1, 7475, 3220, 794, 1, 16, 14682, 90, 57793, 407, 794, 30233, 3664, 1106, 2247, 7475, 3220, 3332, 12, 15, 9388, 29603, 12085, 8090, 3332, 42995, 13640, 9388, 128009]",9bddfa29bf9ce48d93d9740630bd1049d6e6ee2b305ee54032429ea9cb1af150,oi_conf_0028.ROLE_B,"{""actions"":[{""action"":""ACTION_Q"",""expected_value"":""1""},{""action"":""ACTION_P"",""expected_value"":""-0""}],""final_action"":""ACTION_Q""}",modified,ACTION_Q,True
meta_llama.oi_conf_0029.ROLE_B.correction.original,5.049954414367676,meta_llama.oi_conf_0029.ROLE_B.correction,correction,meta_llama,local-tree-07e868d130fa5c390541f4ee236305b9073ae26c771c7e6b00bea3cfe4adf7d4,ACTION_P,"[5018, 4109, 794, 53208, 57793, 407, 794, 30233, 3664, 13640, 498, 1, 7475, 3220, 794, 35394, 18, 14682, 90, 57793, 407, 794, 30233, 3664, 1106, 2247, 7475, 3220, 3332, 20, 9388, 29603, 12085, 8090, 3332, 42995, 1106, 9388, 128009]",0d81096f1ed0dba41710adc463019d1fa5552d2040e446c7df2702a680f9dcf3,oi_conf_0029.ROLE_B,"{""actions"":[{""action"":""ACTION_Q"",""expected_value"":""-3""},{""action"":""ACTION_P"",""expected_value"":""5""}],""final_action"":""ACTION_P""}",original,ACTION_P,True
meta_llama.oi_conf_0029.ROLE_B.correction.modified,4.961686134338379,meta_llama.oi_conf_0029.ROLE_B.correction,correction,meta_llama,local-tree-07e868d130fa5c390541f4ee236305b9073ae26c771c7e6b00bea3cfe4adf7d4,ACTION_P,"[5018, 4109, 794, 53208, 57793, 407, 794, 30233, 3664, 13640, 498, 1, 7475, 3220, 794, 35394, 22, 14, 17, 14682, 90, 57793, 407, 794, 30233, 3664, 1106, 498, 1, 7475, 3220, 3332, 24, 14, 17, 9388, 29603, 12085, 8090, 3332, 42995, 1106, 9388, 128009]",2b0c53f1e227ca8ff850bf29a93ca0a369d0929a3815ba07e521ba7b7781b01c,oi_conf_0029.ROLE_B,"{""actions"":[{""action"":""ACTION_Q"",""expected_value"":""-7/2""},{""action"":""ACTION_P"",""expected_value"":""9/2""}],""final_action"":""ACTION_P""}",modified,ACTION_P,True
meta_llama.oi_conf_0032.ROLE_B.correction.original,4.428673267364502,meta_llama.oi_conf_0032.ROLE_B.correction,correction,meta_llama,local-tree-07e868d130fa5c390541f4ee236305b9073ae26c771c7e6b00bea3cfe4adf7d4,ACTION_Q,"[5018, 4109, 794, 53208, 57793, 407, 794, 30233, 3664, 1106, 498, 1, 7475, 3220, 794, 35394, 16, 14, 18, 14682, 90, 57793, 407, 794, 30233, 3664, 13640, 2247, 7475, 3220, 3332, 975, 14, 18, 9388, 29603, 12085, 8090, 3332, 42995, 13640, 9388, 128009]",a2b9370ca3219c0bee15496e211a766c47614ebe2f7432b1db29849fddac64ad,oi_conf_0032.ROLE_B,"{""actions"":[{""action"":""ACTION_P"",""expected_value"":""-1/3""},{""action"":""ACTION_Q"",""expected_value"":""14/3""}],""final_action"":""ACTION_Q""}",original,ACTION_Q,True
meta_llama.oi_conf_0032.ROLE_B.correction.modified,4.797018051147461,meta_llama.oi_conf_0032.ROLE_B.correction,correction,meta_llama,local-tree-07e868d130fa5c390541f4ee236305b9073ae26c771c7e6b00bea3cfe4adf7d4,ACTION_Q,"[5018, 4109, 794, 53208, 57793, 407, 794, 30233, 3664, 1106, 498, 1, 7475, 3220, 794, 35394, 16, 14, 18, 14682, 90, 57793, 407, 794, 30233, 3664, 13640, 498, 1, 7475, 3220, 3332, 22, 14, 18, 9388, 29603, 12085, 8090, 3332, 42995, 13640, 9388, 128009]",6a9667e3573e80f3d29b7398a02e0cdab9ae0eee9781fb49df98ecba0d2bfd2e,oi_conf_0032.ROLE_B,"{""actions"":[{""action"":""ACTION_P"",""expected_value"":""-1/3""},{""action"":""ACTION_Q"",""expected_value"":""7/3""}],""final_action"":""ACTION_Q""}",modified,ACTION_Q,True
meta_llama.oi_conf_0033.ROLE_B.correction.original,4.806326150894165,meta_llama.oi_conf_0033.ROLE_B.correction,correction,meta_llama,local-tree-07e868d130fa5c390541f4ee236305b9073ae26c771c7e6b00bea3cfe4adf7d4,ACTION_P,"[5018, 4109, 794, 53208, 57793, 407, 794, 30233, 3664, 1106, 498, 1, 7475, 3220, 794, 35394, 17, 14, 20, 14682, 90, 57793, 407, 794, 30233, 3664, 13640, 498, 1, 7475, 3220, 3332, 972, 14, 914, 9388, 29603, 12085, 8090, 3332, 42995, 13640, 9388, 128009]",253497a60102d04d1e0d4a3c2caecdf0146b9eb7c7d050bba4bab57b70789839,oi_conf_0033.ROLE_B,"{""actions"":[{""action"":""ACTION_P"",""expected_value"":""-2/5""},{""action"":""ACTION_Q"",""expected_value"":""18/25""}],""final_action"":""ACTION_Q""}",original,ACTION_Q,False
meta_llama.oi_conf_0033.ROLE_B.correction.modified,4.790356159210205,meta_llama.oi_conf_0033.ROLE_B.correction,correction,meta_llama,local-tree-07e868d130fa5c390541f4ee236305b9073ae26c771c7e6b00bea3cfe4adf7d4,ACTION_P,"[5018, 4109, 794, 53208, 57793, 407, 794, 30233, 3664, 1106, 498, 1, 7475, 3220, 794, 35394, 16, 14682, 90, 57793, 407, 794, 30233, 3664, 13640, 498, 1, 7475, 3220, 3332, 12, 17, 9388, 29603, 12085, 8090, 3332, 42995, 13640, 9388, 128009]",1583027b8e067212a1b1ed196676b23b74ab0fdae6d1b113f2369cb2ae15f1bd,oi_conf_0033.ROLE_B,"{""actions"":[{""action"":""ACTION_P"",""expected_value"":""-1""},{""action"":""ACTION_Q"",""expected_value"":""-2""}],""final_action"":""ACTION_Q""}",modified,ACTION_Q,False
meta_llama.oi_conf_0036.ROLE_A.correction.original,4.887381553649902,meta_llama.oi_conf_0036.ROLE_A.correction,correction,meta_llama,local-tree-07e868d130fa5c390541f4ee236305b9073ae26c771c7e6b00bea3cfe4adf7d4,ACTION_P,"[5018, 4109, 794, 53208, 57793, 407, 794, 30233, 3664, 1106, 498, 1, 7475, 3220, 794, 1, 15, 9388, 28937, 57793, 407, 794, 30233, 3664, 13640, 498, 1, 7475, 3220, 794, 1, 15, 9388, 29603, 12085, 8090, 3332, 42995, 1106, 9388, 128009]",ec7d7b4876c8054fc8c86b02971452ebb1a0ebb7841b2a65c0d443ee3c27de68,oi_conf_0036.ROLE_A,"{""actions"":[{""action"":""ACTION_P"",""expected_value"":""0""},{""action"":""ACTION_Q"",""expected_value"":""0""}],""final_action"":""ACTION_P""}",original,ACTION_P,True
meta_llama.oi_conf_0036.ROLE_A.correction.modified,4.383027076721191,meta_llama.oi_conf_0036.ROLE_A.correction,correction,meta_llama,local-tree-07e868d130fa5c390541f4ee236305b9073ae26c771c7e6b00bea3cfe4adf7d4,ACTION_P,"[5018, 4109, 794, 53208, 57793, 407, 794, 30233, 3664, 1106, 498, 1, 7475, 3220, 794, 1, 15, 9388, 28937, 57793, 407, 794, 30233, 3664, 13640, 498, 1, 7475, 3220, 794, 1, 15, 9388, 29603, 12085, 8090, 3332, 42995, 1106, 9388, 128009]",6da58b8a93d4dc8bbb98e02fe6178a08bd1883a7da3c4606525fd9770df7e1e7,oi_conf_0036.ROLE_A,"{""actions"":[{""action"":""ACTION_P"",""expected_value"":""0""},{""action"":""ACTION_Q"",""expected_value"":""0""}],""final_action"":""ACTION_P""}",modified,ACTION_P,True
meta_llama.oi_conf_0036.ROLE_B.correction.original,4.616716384887695,meta_llama.oi_conf_0036.ROLE_B.correction,correction,meta_llama,local-tree-07e868d130fa5c390541f4ee236305b9073ae26c771c7e6b00bea3cfe4adf7d4,ACTION_Q,"[5018, 4109, 794, 53208, 57793, 407, 794, 30233, 3664, 1106, 498, 1, 7475, 3220, 794, 35394, 18, 37609, 1335, 3332, 42995, 13640, 2247, 7475, 3220, 3332, 23, 9388, 29603, 12085, 8090, 3332, 42995, 13640, 9388, 128009]",8d8f043717508d4f3fa58482d6a3cdf9d1e0315c6c8ff3709fd8814011f165bd,oi_conf_0036.ROLE_B,"{""actions"":[{""action"":""ACTION_P"",""expected_value"":""-3""},{""action"":""ACTION_Q"",""expected_value"":""8""}],""final_action"":""ACTION_Q""}",original,ACTION_Q,True
meta_llama.oi_conf_0036.ROLE_B.correction.modified,4.634422302246094,meta_llama.oi_conf_0036.ROLE_B.correction,correction,meta_llama,local-tree-07e868d130fa5c390541f4ee236305b9073ae26c771c7e6b00bea3cfe4adf7d4,ACTION_Q,"[5018, 4109, 794, 53208, 57793, 407, 794, 30233, 3664, 1106, 498, 1, 7475, 3220, 794, 35394, 18, 37609, 1335, 3332, 42995, 13640, 2247, 7475, 3220, 3332, 20, 9388, 29603, 12085, 8090, 3332, 42995, 13640, 9388, 128009]",870e9272b69b43a6ebc877db2337763f29374bf221a07269949d54cda98e1c14,oi_conf_0036.ROLE_B,"{""actions"":[{""action"":""ACTION_P"",""expected_value"":""-3""},{""action"":""ACTION_Q"",""expected_value"":""5""}],""final_action"":""ACTION_Q""}",modified,ACTION_Q,True
meta_llama.oi_conf_0038.ROLE_A.correction.original,4.779290437698364,meta_llama.oi_conf_0038.ROLE_A.correction,correction,meta_llama,local-tree-07e868d130fa5c390541f4ee236305b9073ae26c771c7e6b00bea3cfe4adf7d4,ACTION_Q,"[5018, 4109, 794, 53208, 57793, 407, 794, 30233, 3664, 1106, 498, 1, 7475, 3220, 794, 35394, 17, 14682, 90, 57793, 407, 794, 30233, 3664, 13640, 2247, 7475, 3220, 3332, 16, 9388, 29603, 12085, 8090, 3332, 42995, 13640, 9388, 128009]",42e107d45738de35b7134f5e6630e2bf01e59af203223826d9522b5d12f7059f,oi_conf_0038.ROLE_A,"{""actions"":[{""action"":""ACTION_P"",""expected_value"":""-2""},{""action"":""ACTION_Q"",""expected_value"":""1""}],""final_action"":""ACTION_Q""}",original,ACTION_Q,True
meta_llama.oi_conf_0038.ROLE_A.correction.modified,4.119223356246948,meta_llama.oi_conf_0038.ROLE_A.correction,correction,meta_llama,local-tree-07e868d130fa5c390541f4ee236305b9073ae26c771c7e6b00bea3cfe4adf7d4,ACTION_Q,"[5018, 4109, 794, 53208, 57793, 407, 794, 30233, 3664, 1106, 498, 1, 7475, 3220, 794, 35394, 17, 37609, 1335, 3332, 42995, 13640, 2247, 7475, 3220, 3332, 16, 9388, 29603, 12085, 8090, 3332, 42995, 13640, 9388, 128009]",238f6718a4638ca31103d13cc21ab6f28b95c14068593485a19333ef88fd50a3,oi_conf_0038.ROLE_A,"{""actions"":[{""action"":""ACTION_P"",""expected_value"":""-2""},{""action"":""ACTION_Q"",""expected_value"":""1""}],""final_action"":""ACTION_Q""}",modified,ACTION_Q,True
meta_llama.oi_conf_0040.ROLE_B.correction.original,4.929123163223267,meta_llama.oi_conf_0040.ROLE_B.correction,correction,meta_llama,local-tree-07e868d130fa5c390541f4ee236305b9073ae26c771c7e6b00bea3cfe4adf7d4,ACTION_Q,"[5018, 4109, 794, 53208, 57793, 407, 794, 30233, 3664, 13640, 498, 1, 7475, 3220, 794, 35394, 17, 14, 18, 14682, 90, 57793, 407, 794, 30233, 3664, 1106, 498, 1, 7475, 3220, 3332, 972, 14, 18, 9388, 29603, 12085, 8090, 3332, 42995, 1106, 9388, 128009]",7c9fa7f5c3d22d9e577bee4d298aefe823985b6402810cf8c3763595adc2ba37,oi_conf_0040.ROLE_B,"{""actions"":[{""action"":""ACTION_Q"",""expected_value"":""-2/3""},{""action"":""ACTION_P"",""expected_value"":""18/3""}],""final_action"":""ACTION_P""}",original,ACTION_P,False
meta_llama.oi_conf_0040.ROLE_B.correction.modified,5.180632591247559,meta_llama.oi_conf_0040.ROLE_B.correction,correction,meta_llama,local-tree-07e868d130fa5c390541f4ee236305b9073ae26c771c7e6b00bea3cfe4adf7d4,ACTION_Q,"[5018, 4109, 794, 53208, 57793, 407, 794, 30233, 3664, 13640, 498, 1, 7475, 3220, 794, 35394, 18, 14, 18, 14682, 90, 57793, 407, 794, 30233, 3664, 1106, 498, 1, 7475, 3220, 794, 35394, 22, 14, 18, 9388, 1145, 1, 12085, 8090, 3332, 42995, 13640, 9388, 128009]",b737c44851d2968df3c6b74b6dfa99a9b83ab0e7ea2490e6c6c383be90a87074,oi_conf_0040.ROLE_B,"{""actions"":[{""action"":""ACTION_Q"",""expected_value"":""-3/3""},{""action"":""ACTION_P"",""expected_value"":""-7/3""}],""final_action"":""ACTION_Q""}",modified,ACTION_Q,True
meta_llama.oi_conf_0041.ROLE_B.correction.original,4.936894655227661,meta_llama.oi_conf_0041.ROLE_B.correction,correction,meta_llama,local-tree-07e868d130fa5c390541f4ee236305b9073ae26c771c7e6b00bea3cfe4adf7d4,ACTION_P,"[5018, 4109, 794, 53208, 57793, 407, 794, 30233, 3664, 13640, 498, 1, 7475, 3220, 794, 35394, 16, 14, 18, 14682, 90, 57793, 407, 794, 30233, 3664, 1106, 2247, 7475, 3220, 3332, 16, 14, 18, 9388, 29603, 12085, 8090, 3332, 42995, 1106, 9388, 128009]",453339ee17a07f9c23e822f990f5db6d91c67014a8fc6d1fb9e879e08833e90f,oi_conf_0041.ROLE_B,"{""actions"":[{""action"":""ACTION_Q"",""expected_value"":""-1/3""},{""action"":""ACTION_P"",""expected_value"":""1/3""}],""final_action"":""ACTION_P""}",original,ACTION_P,True
meta_llama.oi_conf_0041.ROLE_B.correction.modified,4.481489181518555,meta_llama.oi_conf_0041.ROLE_B.correction,correction,meta_llama,local-tree-07e868d130fa5c390541f4ee236305b9073ae26c771c7e6b00bea3cfe4adf7d4,ACTION_P,"[5018, 4109, 794, 53208, 57793, 407, 794, 30233, 3664, 13640, 498, 1, 7475, 3220, 794, 35394, 20, 14, 18, 14682, 90, 57793, 407, 794, 30233, 3664, 1106, 498, 1, 7475, 3220, 3332, 12, 22, 14, 18, 9388, 29603, 12085, 8090, 3332, 42995, 13640, 9388, 128009]",f4451e15a46121e75a5e7fba54b7437a8c585528eb6c8c3e81a5ef638023ad67,oi_conf_0041.ROLE_B,"{""actions"":[{""action"":""ACTION_Q"",""expected_value"":""-5/3""},{""action"":""ACTION_P"",""expected_value"":""-7/3""}],""final_action"":""ACTION_Q""}",modified,ACTION_Q,False
meta_llama.oi_conf_0042.ROLE_A.correction.original,4.737947702407837,meta_llama.oi_conf_0042.ROLE_A.correction,correction,meta_llama,local-tree-07e868d130fa5c390541f4ee236305b9073ae26c771c7e6b00bea3cfe4adf7d4,ACTION_Q,"[5018, 4109, 794, 53208, 57793, 407, 794, 30233, 3664, 13640, 498, 1, 7475, 3220, 794, 35394, 1032, 14682, 90, 57793, 407, 794, 30233, 3664, 1106, 498, 1, 7475, 3220, 3332, 12, 15, 9388, 29603, 12085, 8090, 3332, 42995, 1106, 9388, 128009]",b6af169fcf585258728acdae1d2678376acfce7e86efcaad16868d5e45aa3e91,oi_conf_0042.ROLE_A,"{""actions"":[{""action"":""ACTION_Q"",""expected_value"":""-13""},{""action"":""ACTION_P"",""expected_value"":""-0""}],""final_action"":""ACTION_P""}",original,ACTION_P,False
meta_llama.oi_conf_0042.ROLE_A.correction.modified,4.760322093963623,meta_llama.oi_conf_0042.ROLE_A.correction,correction,meta_llama,local-tree-07e868d130fa5c390541f4ee236305b9073ae26c771c7e6b00bea3cfe4adf7d4,ACTION_Q,"[5018, 4109, 794, 53208, 57793, 407, 794, 30233, 3664, 13640, 498, 1, 7475, 3220, 794, 35394, 1032, 14682, 90, 57793, 407, 794, 30233, 3664, 1106, 498, 1, 7475, 3220, 3332, 12, 605, 9388, 29603, 12085, 8090, 3332, 42995, 13640, 9388, 128009]",b5af54403440007f2740da1426888a77216846cc03f75a429ad43d617b9abe9d,oi_conf_0042.ROLE_A,"{""actions"":[{""action"":""ACTION_Q"",""expected_value"":""-13""},{""action"":""ACTION_P"",""expected_value"":""-10""}],""final_action"":""ACTION_Q""}",modified,ACTION_Q,True
meta_llama.oi_conf_0044.ROLE_B.correction.original,4.817341089248657,meta_llama.oi_conf_0044.ROLE_B.correction,correction,meta_llama,local-tree-07e868d130fa5c390541f4ee236305b9073ae26c771c7e6b00bea3cfe4adf7d4,ACTION_Q,"[5018, 4109, 794, 53208, 57793, 407, 794, 1, 42995, 13640, 498, 1, 7475, 3220, 794, 35394, 19, 14, 23, 14682, 90, 57793, 407, 3332, 42995, 1106, 2247, 7475, 3220, 3332, 1591, 14, 23, 9388, 1145, 1, 12085, 8090, 3332, 42995, 1106, 9388, 128009]",9de1700037ceb404c34ecfa0c75796d46d3c15ae0d4d3ae1beca91d8467b9879,oi_conf_0044.ROLE_B,"{""actions"":[{""action"":""ACTION_Q"",""expected_value"":""-4/8""},{""action"":""ACTION_P"",""expected_value"":""28/8""}],""final_action"":""ACTION_P""}",original,ACTION_P,False
meta_llama.oi_conf_0044.ROLE_B.correction.modified,5.005526781082153,meta_llama.oi_conf_0044.ROLE_B.correction,correction,meta_llama,local-tree-07e868d130fa5c390541f4ee236305b9073ae26c771c7e6b00bea3cfe4adf7d4,ACTION_Q,"[5018, 4109, 794, 53208, 57793, 407, 794, 30233, 3664, 13640, 498, 1, 7475, 3220, 794, 35394, 19, 14, 23, 14682, 90, 57793, 407, 794, 30233, 3664, 1106, 498, 1, 7475, 3220, 3332, 12, 21, 14, 23, 9388, 29603, 12085, 8090, 3332, 42995, 13640, 9388, 128009]",f0d1b6d6817ceb99d1581f152570d3b5cad457312b0464e5d3e8f24b2db4c532,oi_conf_0044.ROLE_B,"{""actions"":[{""action"":""ACTION_Q"",""expected_value"":""-4/8""},{""action"":""ACTION_P"",""expected_value"":""-6/8""}],""final_action"":""ACTION_Q""}",modified,ACTION_Q,True
meta_llama.oi_conf_0045.ROLE_B.correction.original,4.341902732849121,meta_llama.oi_conf_0045.ROLE_B.correction,correction,meta_llama,local-tree-07e868d130fa5c390541f4ee236305b9073ae26c771c7e6b00bea3cfe4adf7d4,ACTION_P,"[5018, 4109, 794, 53208, 57793, 407, 794, 30233, 3664, 13640, 498, 1, 7475, 3220, 794, 35394, 19, 14682, 90, 57793, 407, 794, 30233, 3664, 1106, 2247, 7475, 3220, 3332, 21, 9388, 29603, 12085, 8090, 3332, 42995, 1106, 9388, 128009]",2ea4074ee1e2b4199085251f4121ab975f5c02394459418794792d5fcdbf1c5d,oi_conf_0045.ROLE_B,"{""actions"":[{""action"":""ACTION_Q"",""expected_value"":""-4""},{""action"":""ACTION_P"",""expected_value"":""6""}],""final_action"":""ACTION_P""}",original,ACTION_P,True
meta_llama.oi_conf_0045.ROLE_B.correction.modified,4.680426359176636,meta_llama.oi_conf_0045.ROLE_B.correction,correction,meta_llama,local-tree-07e868d130fa5c390541f4ee236305b9073ae26c771c7e6b00bea3cfe4adf7d4,ACTION_P,"[5018, 4109, 794, 53208, 57793, 407, 794, 30233, 3664, 13640, 498, 1, 7475, 3220, 794, 35394, 19, 14682, 90, 57793, 407, 794, 30233, 3664, 1106, 2247, 7475, 3220, 3332, 17, 9388, 29603, 12085, 8090, 3332, 42995, 1106, 9388, 128009]",af497e997fdb36b65835fd8a80b1e2ad83a9a8490cc0fa5d641fcf53cb8be01b,oi_conf_0045.ROLE_B,"{""actions"":[{""action"":""ACTION_Q"",""expected_value"":""-4""},{""action"":""ACTION_P"",""expected_value"":""2""}],""final_action"":""ACTION_P""}",modified,ACTION_P,True
meta_llama.oi_conf_0048.ROLE_B.correction.original,4.857655048370361,meta_llama.oi_conf_0048.ROLE_B.correction,correction,meta_llama,local-tree-07e868d130fa5c390541f4ee236305b9073ae26c771c7e6b00bea3cfe4adf7d4,ACTION_Q,"[5018, 4109, 794, 53208, 57793, 407, 794, 30233, 3664, 1106, 498, 1, 7475, 3220, 794, 35394, 16, 14, 18, 14682, 90, 57793, 407, 794, 30233, 3664, 13640, 2247, 7475, 3220, 3332, 12, 16, 14, 18, 9388, 29603, 12085, 8090, 3332, 42995, 1106, 9388, 128009]",43feff44582085f645e70adbc225b193629fae5608ef24392e1712cdb8d067ac,oi_conf_0048.ROLE_B,"{""actions"":[{""action"":""ACTION_P"",""expected_value"":""-1/3""},{""action"":""ACTION_Q"",""expected_value"":""-1/3""}],""final_action"":""ACTION_P""}",original,ACTION_P,False
meta_llama.oi_conf_0048.ROLE_B.correction.modified,4.849753141403198,meta_llama.oi_conf_0048.ROLE_B.correction,correction,meta_llama,local-tree-07e868d130fa5c390541f4ee236305b9073ae26c771c7e6b00bea3cfe4adf7d4,ACTION_Q,"[5018, 4109, 794, 53208, 57793, 407, 794, 30233, 3664, 1106, 498, 1, 7475, 3220, 794, 35394, 16, 14, 18, 14682, 90, 57793, 407, 794, 30233, 3664, 13640, 2247, 7475, 3220, 3332, 16, 14, 18, 9388, 29603, 12085, 8090, 3332, 42995, 13640, 9388, 128009]",b16a20234f364b74680351d55565177f4f84273b300febc86faae8623416b4f7,oi_conf_0048.ROLE_B,"{""actions"":[{""action"":""ACTION_P"",""expected_value"":""-1/3""},{""action"":""ACTION_Q"",""expected_value"":""1/3""}],""final_action"":""ACTION_Q""}",modified,ACTION_Q,True
meta_llama.oi_conf_0049.ROLE_B.correction.original,4.293086528778076,meta_llama.oi_conf_0049.ROLE_B.correction,correction,meta_llama,local-tree-07e868d130fa5c390541f4ee236305b9073ae26c771c7e6b00bea3cfe4adf7d4,ACTION_P,"[5018, 4109, 794, 53208, 57793, 407, 794, 30233, 3664, 1106, 498, 1, 7475, 3220, 794, 35394, 16, 14, 18, 14682, 90, 57793, 407, 794, 30233, 3664, 13640, 2247, 7475, 3220, 3332, 1032, 14, 18, 9388, 29603, 12085, 8090, 3332, 42995, 13640, 9388, 128009]",51fff53636706d92a3df61fed01345ba7b397f0dc09d5b6114ab7c10732bf414,oi_conf_0049.ROLE_B,"{""actions"":[{""action"":""ACTION_P"",""expected_value"":""-1/3""},{""action"":""ACTION_Q"",""expected_value"":""13/3""}],""final_action"":""ACTION_Q""}",original,ACTION_Q,False
meta_llama.oi_conf_0049.ROLE_B.correction.modified,4.881343126296997,meta_llama.oi_conf_0049.ROLE_B.correction,correction,meta_llama,local-tree-07e868d130fa5c390541f4ee236305b9073ae26c771c7e6b00bea3cfe4adf7d4,ACTION_P,"[5018, 4109, 794, 53208, 57793, 407, 794, 30233, 3664, 1106, 498, 1, 7475, 3220, 794, 35394, 17, 14, 18, 37609, 1335, 3332, 42995, 13640, 2247, 7475, 3220, 3332, 12, 19, 14, 18, 9388, 29603, 12085, 8090, 3332, 42995, 1106, 9388, 128009]",18777c6cb1fbc784348f339e802fd7374ed08e0a7d3128aa9a2469c89b2c4b13,oi_conf_0049.ROLE_B,"{""actions"":[{""action"":""ACTION_P"",""expected_value"":""-2/3""},{""action"":""ACTION_Q"",""expected_value"":""-4/3""}],""final_action"":""ACTION_P""}",modified,ACTION_P,True
meta_llama.oi_conf_0050.ROLE_A.correction.original,5.030703067779541,meta_llama.oi_conf_0050.ROLE_A.correction,correction,meta_llama,local-tree-07e868d130fa5c390541f4ee236305b9073ae26c771c7e6b00bea3cfe4adf7d4,ACTION_Q,"[5018, 4109, 794, 53208, 57793, 407, 794, 30233, 3664, 1106, 498, 1, 7475, 3220, 794, 35394, 15, 14682, 90, 57793, 407, 794, 30233, 3664, 13640, 2247, 7475, 3220, 3332, 23, 9388, 29603, 12085, 8090, 3332, 42995, 13640, 9388, 128009]",27b8c8004c9977fa672486b776dd329d808e207e8154eee4302b50824713bc38,oi_conf_0050.ROLE_A,"{""actions"":[{""action"":""ACTION_P"",""expected_value"":""-0""},{""action"":""ACTION_Q"",""expected_value"":""8""}],""final_action"":""ACTION_Q""}",original,ACTION_Q,True
meta_llama.oi_conf_0050.ROLE_A.correction.modified,4.8476152420043945,meta_llama.oi_conf_0050.ROLE_A.correction,correction,meta_llama,local-tree-07e868d130fa5c390541f4ee236305b9073ae26c771c7e6b00bea3cfe4adf7d4,ACTION_Q,"[5018, 4109, 794, 53208, 57793, 407, 794, 30233, 3664, 1106, 498, 1, 7475, 3220, 794, 35394, 15, 14682, 90, 57793, 407, 794, 30233, 3664, 13640, 2247, 7475, 3220, 3332, 21, 9388, 29603, 12085, 8090, 3332, 42995, 13640, 9388, 128009]",93d4370b4161973b1c3f2f92c66f614688fa7db6595a6727588d6f1e60aff47a,oi_conf_0050.ROLE_A,"{""actions"":[{""action"":""ACTION_P"",""expected_value"":""-0""},{""action"":""ACTION_Q"",""expected_value"":""6""}],""final_action"":""ACTION_Q""}",modified,ACTION_Q,True
meta_llama.oi_conf_0051.ROLE_A.correction.original,4.404529333114624,meta_llama.oi_conf_0051.ROLE_A.correction,correction,meta_llama,local-tree-07e868d130fa5c390541f4ee236305b9073ae26c771c7e6b00bea3cfe4adf7d4,ACTION_P,"[5018, 4109, 794, 53208, 57793, 407, 794, 30233, 3664, 1106, 498, 1, 7475, 3220, 794, 35394, 1032, 14, 17, 9388, 28937, 57793, 407, 794, 30233, 3664, 13640, 2247, 7475, 3220, 3332, 1591, 9388, 29603, 12085, 8090, 3332, 42995, 13640, 9388, 128009]",7c6acf051471982b6957e97dfa76ddba79c10a8279e5f918afa576959c64b8e3,oi_conf_0051.ROLE_A,"{""actions"":[{""action"":""ACTION_P"",""expected_value"":""-13/2""},{""action"":""ACTION_Q"",""expected_value"":""28""}],""final_action"":""ACTION_Q""}",original,ACTION_Q,False
meta_llama.oi_conf_0051.ROLE_A.correction.modified,4.721564531326294,meta_llama.oi_conf_0051.ROLE_A.correction,correction,meta_llama,local-tree-07e868d130fa5c390541f4ee236305b9073ae26c771c7e6b00bea3cfe4adf7d4,ACTION_P,"[5018, 4109, 794, 53208, 57793, 407, 794, 30233, 3664, 1106, 498, 1, 7475, 3220, 794, 35394, 15, 14682, 90, 57793, 407, 794, 30233, 3664, 13640, 2247, 7475, 3220, 3332, 12, 15, 9388, 29603, 12085, 8090, 3332, 42995, 1106, 9388, 128009]",f58090f2758bd6fab4e90984201798d31062ee6b3dd7381326b575ecfc4f8e77,oi_conf_0051.ROLE_A,"{""actions"":[{""action"":""ACTION_P"",""expected_value"":""-0""},{""action"":""ACTION_Q"",""expected_value"":""-0""}],""final_action"":""ACTION_P""}",modified,ACTION_P,True
meta_llama.oi_conf_0000.ROLE_A.injection.original,4.719153881072998,meta_llama.oi_conf_0000.ROLE_A.injection,injection,meta_llama,local-tree-07e868d130fa5c390541f4ee236305b9073ae26c771c7e6b00bea3cfe4adf7d4,ACTION_P,"[5018, 4109, 794, 53208, 57793, 407, 794, 30233, 3664, 1106, 498, 1, 7475, 3220, 794, 1, 15, 9388, 28937, 57793, 407, 794, 30233, 3664, 13640, 498, 1, 7475, 3220, 3332, 15, 9388, 29603, 12085, 8090, 3332, 42995, 1106, 9388, 128009]",96e843181adb122276b3d0709f6092d9d6815319c43d1c20be569afe10f45c4a,oi_conf_0000.ROLE_A,"{""actions"":[{""action"":""ACTION_P"",""expected_value"":""0""},{""action"":""ACTION_Q"",""expected_value"":""0""}],""final_action"":""ACTION_P""}",original,ACTION_P,True
meta_llama.oi_conf_0000.ROLE_A.injection.modified,4.731428861618042,meta_llama.oi_conf_0000.ROLE_A.injection,injection,meta_llama,local-tree-07e868d130fa5c390541f4ee236305b9073ae26c771c7e6b00bea3cfe4adf7d4,ACTION_P,"[5018, 4109, 794, 53208, 57793, 407, 794, 30233, 3664, 1106, 498, 1, 7475, 3220, 794, 35394, 19, 14682, 90, 57793, 407, 794, 30233, 3664, 13640, 2247, 7475, 3220, 3332, 17, 9388, 29603, 12085, 8090, 3332, 42995, 13640, 9388, 128009]",11102061ec4ebb141368e8203bb6ee10ba513700b2d9f1a4b9ed1735f59e7f0e,oi_conf_0000.ROLE_A,"{""actions"":[{""action"":""ACTION_P"",""expected_value"":""-4""},{""action"":""ACTION_Q"",""expected_value"":""2""}],""final_action"":""ACTION_Q""}",modified,ACTION_Q,False
meta_llama.oi_conf_0002.ROLE_B.injection.original,4.861030101776123,meta_llama.oi_conf_0002.ROLE_B.injection,injection,meta_llama,local-tree-07e868d130fa5c390541f4ee236305b9073ae26c771c7e6b00bea3cfe4adf7d4,ACTION_P,"[5018, 4109, 794, 53208, 57793, 407, 794, 30233, 3664, 1106, 498, 1, 7475, 3220, 794, 1, 717, 14682, 90, 57793, 407, 794, 30233, 3664, 13640, 2247, 7475, 3220, 3332, 24, 9388, 29603, 12085, 8090, 3332, 42995, 1106, 9388, 128009]",7b9af4b0999bad79704416280b15ff3f6224091103874b7923b58e7bb2da53f8,oi_conf_0002.ROLE_B,"{""actions"":[{""action"":""ACTION_P"",""expected_value"":""12""},{""action"":""ACTION_Q"",""expected_value"":""9""}],""final_action"":""ACTION_P""}",original,ACTION_P,True
meta_llama.oi_conf_0002.ROLE_B.injection.modified,4.288661956787109,meta_llama.oi_conf_0002.ROLE_B.injection,injection,meta_llama,local-tree-07e868d130fa5c390541f4ee236305b9073ae26c771c7e6b00bea3cfe4adf7d4,ACTION_P,"[5018, 4109, 794, 53208, 57793, 407, 794, 30233, 3664, 1106, 498, 1, 7475, 3220, 794, 35394, 18, 37609, 1335, 3332, 42995, 13640, 2247, 7475, 3220, 3332, 24, 9388, 29603, 12085, 8090, 3332, 42995, 13640, 9388, 128009]",b838dc0a0a987a7420c6572b86316ae0a278fb78bbd9799dd6f1e965c8771856,oi_conf_0002.ROLE_B,"{""actions"":[{""action"":""ACTION_P"",""expected_value"":""-3""},{""action"":""ACTION_Q"",""expected_value"":""9""}],""final_action"":""ACTION_Q""}",modified,ACTION_Q,False
meta_llama.oi_conf_0003.ROLE_B.injection.original,4.690110445022583,meta_llama.oi_conf_0003.ROLE_B.injection,injection,meta_llama,local-tree-07e868d130fa5c390541f4ee236305b9073ae26c771c7e6b00bea3cfe4adf7d4,ACTION_Q,"[5018, 4109, 794, 53208, 57793, 407, 794, 30233, 3664, 1106, 498, 1, 7475, 3220, 794, 1, 1032, 14682, 90, 57793, 407, 794, 30233, 3664, 13640, 2247, 7475, 3220, 3332, 1114, 9388, 29603, 12085, 8090, 3332, 42995, 13640, 9388, 128009]",852f9ead0e4e426ad02c0dc891942f3453421bcbea6834a64b63ea833e055590,oi_conf_0003.ROLE_B,"{""actions"":[{""action"":""ACTION_P"",""expected_value"":""13""},{""action"":""ACTION_Q"",""expected_value"":""17""}],""final_action"":""ACTION_Q""}",original,ACTION_Q,True
meta_llama.oi_conf_0003.ROLE_B.injection.modified,4.769862413406372,meta_llama.oi_conf_0003.ROLE_B.injection,injection,meta_llama,local-tree-07e868d130fa5c390541f4ee236305b9073ae26c771c7e6b00bea3cfe4adf7d4,ACTION_Q,"[5018, 4109, 794, 53208, 57793, 407, 794, 30233, 3664, 1106, 498, 1, 7475, 3220, 794, 1, 15, 9388, 28937, 57793, 407, 794, 30233, 3664, 13640, 498, 1, 7475, 3220, 794, 1, 15, 9388, 29603, 12085, 8090, 3332, 42995, 1106, 9388, 128009]",939cb6c8d143fe9003ea8331e5a1ce2b1a256eb9a0bb19ba0432d801257b93e3,oi_conf_0003.ROLE_B,"{""actions"":[{""action"":""ACTION_P"",""expected_value"":""0""},{""action"":""ACTION_Q"",""expected_value"":""0""}],""final_action"":""ACTION_P""}",modified,ACTION_P,False
meta_llama.oi_conf_0006.ROLE_B.injection.original,4.79211163520813,meta_llama.oi_conf_0006.ROLE_B.injection,injection,meta_llama,local-tree-07e868d130fa5c390541f4ee236305b9073ae26c771c7e6b00bea3cfe4adf7d4,ACTION_P,"[5018, 4109, 794, 53208, 57793, 407, 794, 30233, 3664, 1106, 498, 1, 7475, 3220, 794, 1, 15, 9388, 28937, 57793, 407, 794, 30233, 3664, 13640, 498, 1, 7475, 3220, 794, 1, 15, 9388, 29603, 12085, 8090, 3332, 42995, 1106, 9388, 128009]",1de2936fc45342d20b5d3ad7e985a03ff607ccbdfec4926a2dcbad4e72f2185b,oi_conf_0006.ROLE_B,"{""actions"":[{""action"":""ACTION_P"",""expected_value"":""0""},{""action"":""ACTION_Q"",""expected_value"":""0""}],""final_action"":""ACTION_P""}",original,ACTION_P,True
meta_llama.oi_conf_0006.ROLE_B.injection.modified,4.284762144088745,meta_llama.oi_conf_0006.ROLE_B.injection,injection,meta_llama,local-tree-07e868d130fa5c390541f4ee236305b9073ae26c771c7e6b00bea3cfe4adf7d4,ACTION_P,"[5018, 4109, 794, 53208, 57793, 407, 794, 30233, 3664, 1106, 498, 1, 7475, 3220, 794, 35394, 845, 14, 23, 14682, 90, 57793, 407, 794, 30233, 3664, 13640, 2247, 7475, 3220, 3332, 2148, 14, 23, 9388, 29603, 12085, 8090, 3332, 42995, 13640, 9388, 128009]",cb48ebfd5c20090cc041e52eb179dfbc5ff6534391660cb2e60de1dec3501190,oi_conf_0006.ROLE_B,"{""actions"":[{""action"":""ACTION_P"",""expected_value"":""-16/8""},{""action"":""ACTION_Q"",""expected_value"":""31/8""}],""final_action"":""ACTION_Q""}",modified,ACTION_Q,False
meta_llama.oi_conf_0007.ROLE_B.injection.original,4.822001934051514,meta_llama.oi_conf_0007.ROLE_B.injection,injection,meta_llama,local-tree-07e868d130fa5c390541f4ee236305b9073ae26c771c7e6b00bea3cfe4adf7d4,ACTION_Q,"[5018, 4109, 794, 53208, 57793, 407, 794, 30233, 3664, 1106, 498, 1, 7475, 3220, 794, 1, 975, 14682, 90, 57793, 407, 794, 30233, 3664, 13640, 2247, 7475, 3220, 3332, 605, 9388, 29603, 12085, 8090, 3332, 42995, 1106, 9388, 128009]",7c8c345fcc451d4860bd4f611c20e945fcdf013d7fe316749cb1d66d9294468a,oi_conf_0007.ROLE_B,"{""actions"":[{""action"":""ACTION_P"",""expected_value"":""14""},{""action"":""ACTION_Q"",""expected_value"":""10""}],""final_action"":""ACTION_P""}",original,ACTION_P,False
meta_llama.oi_conf_0007.ROLE_B.injection.modified,5.084874153137207,meta_llama.oi_conf_0007.ROLE_B.injection,injection,meta_llama,local-tree-07e868d130fa5c390541f4ee236305b9073ae26c771c7e6b00bea3cfe4adf7d4,ACTION_Q,"[5018, 4109, 794, 53208, 57793, 407, 794, 30233, 3664, 1106, 498, 1, 7475, 3220, 794, 35394, 16, 14, 17, 14682, 90, 57793, 407, 794, 30233, 3664, 13640, 2247, 7475, 3220, 3332, 24, 9388, 29603, 12085, 8090, 3332, 42995, 13640, 9388, 128009]",4a3b055a4336b80a0d1208b1576ca1cc7907f976fa9f83037622ce8d85f539a1,oi_conf_0007.ROLE_B,"{""actions"":[{""action"":""ACTION_P"",""expected_value"":""-1/2""},{""action"":""ACTION_Q"",""expected_value"":""9""}],""final_action"":""ACTION_Q""}",modified,ACTION_Q,True
meta_llama.oi_conf_0008.ROLE_A.injection.original,4.94248104095459,meta_llama.oi_conf_0008.ROLE_A.injection,injection,meta_llama,local-tree-07e868d130fa5c390541f4ee236305b9073ae26c771c7e6b00bea3cfe4adf7d4,ACTION_P,"[5018, 4109, 794, 53208, 57793, 407, 794, 30233, 3664, 13640, 498, 1, 7475, 3220, 794, 1, 914, 14, 21, 14682, 90, 57793, 407, 794, 30233, 3664, 1106, 2247, 7475, 3220, 3332, 2148, 14, 717, 9388, 29603, 12085, 8090, 3332, 42995, 13640, 9388, 128009]",a9a68d2406a0bf4ada721f11d42a6fd21b49cbd1d6e89c824cd0f7f2e7959fbc,oi_conf_0008.ROLE_A,"{""actions"":[{""action"":""ACTION_Q"",""expected_value"":""25/6""},{""action"":""ACTION_P"",""expected_value"":""31/12""}],""final_action"":""ACTION_Q""}",original,ACTION_Q,False
meta_llama.oi_conf_0008.ROLE_A.injection.modified,4.450263023376465,meta_llama.oi_conf_0008.ROLE_A.injection,injection,meta_llama,local-tree-07e868d130fa5c390541f4ee236305b9073ae26c771c7e6b00bea3cfe4adf7d4,ACTION_P,"[5018, 4109, 794, 53208, 57793, 407, 794, 30233, 3664, 13640, 498, 1, 7475, 3220, 794, 35394, 24, 14, 17, 14682, 90, 57793, 407, 794, 30233, 3664, 1106, 2247, 7475, 3220, 3332, 2148, 14, 17, 9388, 29603, 12085, 8090, 3332, 42995, 1106, 9388, 128009]",570951567ce27ff4e148f7be0ffce238d68e5f57b971b662e0346ccad2d5a338,oi_conf_0008.ROLE_A,"{""actions"":[{""action"":""ACTION_Q"",""expected_value"":""-9/2""},{""action"":""ACTION_P"",""expected_value"":""31/2""}],""final_action"":""ACTION_P""}",modified,ACTION_P,True
meta_llama.oi_conf_0010.ROLE_B.injection.original,4.674664735794067,meta_llama.oi_conf_0010.ROLE_B.injection,injection,meta_llama,local-tree-07e868d130fa5c390541f4ee236305b9073ae26c771c7e6b00bea3cfe4adf7d4,ACTION_P,"[5018, 4109, 794, 53208, 57793, 407, 794, 30233, 3664, 13640, 498, 1, 7475, 3220, 794, 1, 717, 14682, 90, 57793, 407, 794, 30233, 3664, 1106, 2247, 7475, 3220, 3332, 972, 9388, 29603, 12085, 8090, 3332, 42995, 1106, 9388, 128009]",a7be7281e1ba6c7c33afdc67233614f53d2d62f7afed1a51063d4163d22f95a0,oi_conf_0010.ROLE_B,"{""actions"":[{""action"":""ACTION_Q"",""expected_value"":""12""},{""action"":""ACTION_P"",""expected_value"":""18""}],""final_action"":""ACTION_P""}",original,ACTION_P,True
meta_llama.oi_conf_0010.ROLE_B.injection.modified,4.70293664932251,meta_llama.oi_conf_0010.ROLE_B.injection,injection,meta_llama,local-tree-07e868d130fa5c390541f4ee236305b9073ae26c771c7e6b00bea3cfe4adf7d4,ACTION_P,"[5018, 4109, 794, 53208, 57793, 407, 794, 30233, 3664, 13640, 498, 1, 7475, 3220, 794, 1, 717, 14682, 90, 57793, 407, 794, 30233, 3664, 1106, 2247, 7475, 3220, 3332, 972, 9388, 29603, 12085, 8090, 3332, 42995, 1106, 9388, 128009]",4620b49ac723b899fc3138c9c297a842b3f065571f0d7d14ee751564ca75d4c7,oi_conf_0010.ROLE_B,"{""actions"":[{""action"":""ACTION_Q"",""expected_value"":""12""},{""action"":""ACTION_P"",""expected_value"":""18""}],""final_action"":""ACTION_P""}",modified,ACTION_P,True
meta_llama.oi_conf_0012.ROLE_A.injection.original,4.73580265045166,meta_llama.oi_conf_0012.ROLE_A.injection,injection,meta_llama,local-tree-07e868d130fa5c390541f4ee236305b9073ae26c771c7e6b00bea3cfe4adf7d4,ACTION_P,"[5018, 4109, 794, 53208, 57793, 407, 794, 30233, 3664, 13640, 498, 1, 7475, 3220, 794, 1, 1032, 14682, 90, 57793, 407, 794, 30233, 3664, 1106, 2247, 7475, 3220, 3332, 868, 9388, 29603, 12085, 8090, 3332, 42995, 1106, 9388, 128009]",f6ea86007c733f12d975b2329f3674c5ec83487e610e593bc1c433ae8a9e4a3d,oi_conf_0012.ROLE_A,"{""actions"":[{""action"":""ACTION_Q"",""expected_value"":""13""},{""action"":""ACTION_P"",""expected_value"":""15""}],""final_action"":""ACTION_P""}",original,ACTION_P,True
meta_llama.oi_conf_0012.ROLE_A.injection.modified,4.956696271896362,meta_llama.oi_conf_0012.ROLE_A.injection,injection,meta_llama,local-tree-07e868d130fa5c390541f4ee236305b9073ae26c771c7e6b00bea3cfe4adf7d4,ACTION_P,"[5018, 4109, 794, 53208, 57793, 407, 794, 30233, 3664, 13640, 498, 1, 7475, 3220, 794, 1, 19, 14, 18, 9388, 28937, 57793, 407, 794, 30233, 3664, 1106, 2247, 7475, 3220, 3332, 843, 14, 18, 9388, 29603, 12085, 8090, 3332, 42995, 1106, 9388, 128009]",f9cc03e0859f163f6142c1af1990c147e64be1fba8e82e800b8af25fab1a6b46,oi_conf_0012.ROLE_A,"{""actions"":[{""action"":""ACTION_Q"",""expected_value"":""4/3""},{""action"":""ACTION_P"",""expected_value"":""32/3""}],""final_action"":""ACTION_P""}",modified,ACTION_P,True
meta_llama.oi_conf_0014.ROLE_A.injection.original,4.504518270492554,meta_llama.oi_conf_0014.ROLE_A.injection,injection,meta_llama,local-tree-07e868d130fa5c390541f4ee236305b9073ae26c771c7e6b00bea3cfe4adf7d4,ACTION_Q,"[5018, 4109, 794, 53208, 57793, 407, 794, 30233, 3664, 13640, 498, 1, 7475, 3220, 794, 35394, 24, 14, 19, 14682, 90, 57793, 407, 794, 30233, 3664, 1106, 498, 1, 7475, 3220, 3332, 12, 23, 14, 19, 9388, 1145, 1, 12085, 8090, 3332, 42995, 13640, 9388, 128009]",b57f88e258bc4f08ab59fc609132337d7f45a10c2726109ac763787c6950abb8,oi_conf_0014.ROLE_A,"{""actions"":[{""action"":""ACTION_Q"",""expected_value"":""-9/4""},{""action"":""ACTION_P"",""expected_value"":""-8/4""}],""final_action"":""ACTION_Q""}",original,ACTION_Q,True
meta_llama.oi_conf_0014.ROLE_A.injection.modified,4.732915878295898,meta_llama.oi_conf_0014.ROLE_A.injection,injection,meta_llama,local-tree-07e868d130fa5c390541f4ee236305b9073ae26c771c7e6b00bea3cfe4adf7d4,ACTION_Q,"[5018, 4109, 794, 53208, 57793, 407, 794, 30233, 3664, 13640, 498, 1, 7475, 3220, 794, 35394, 15, 14682, 90, 57793, 407, 794, 30233, 3664, 1106, 2247, 7475, 3220, 3332, 12, 17, 9388, 29603, 12085, 8090, 3332, 42995, 13640, 9388, 128009]",c2349172519175c57ed86106ce82756e69ec692d938586322d7e79f10b3b2168,oi_conf_0014.ROLE_A,"{""actions"":[{""action"":""ACTION_Q"",""expected_value"":""-0""},{""action"":""ACTION_P"",""expected_value"":""-2""}],""final_action"":""ACTION_Q""}",modified,ACTION_Q,True
meta_llama.oi_conf_0014.ROLE_B.injection.original,4.735590219497681,meta_llama.oi_conf_0014.ROLE_B.injection,injection,meta_llama,local-tree-07e868d130fa5c390541f4ee236305b9073ae26c771c7e6b00bea3cfe4adf7d4,ACTION_P,"[5018, 4109, 794, 53208, 57793, 407, 794, 30233, 3664, 13640, 498, 1, 7475, 3220, 794, 1, 19, 14682, 90, 57793, 407, 794, 30233, 3664, 1106, 2247, 7475, 3220, 3332, 21, 9388, 29603, 12085, 8090, 3332, 42995, 1106, 9388, 128009]",c7b5432bc9584f11a7941e5205d47f6dd151727c6adbb4ff7a6b9e54fbaf4eb3,oi_conf_0014.ROLE_B,"{""actions"":[{""action"":""ACTION_Q"",""expected_value"":""4""},{""action"":""ACTION_P"",""expected_value"":""6""}],""final_action"":""ACTION_P""}",original,ACTION_P,True
meta_llama.oi_conf_0014.ROLE_B.injection.modified,4.864006996154785,meta_llama.oi_conf_0014.ROLE_B.injection,injection,meta_llama,local-tree-07e868d130fa5c390541f4ee236305b9073ae26c771c7e6b00bea3cfe4adf7d4,ACTION_P,"[5018, 4109, 794, 53208, 57793, 407, 794, 30233, 3664, 13640, 498, 1, 7475, 3220, 794, 35394, 24, 14, 19, 9388, 28937, 57793, 407, 794, 30233, 3664, 1106, 498, 1, 7475, 3220, 3332, 1114, 14, 19, 9388, 29603, 12085, 8090, 3332, 42995, 1106, 9388, 128009]",22ca62a95d6203fc81c3a5490aea757f7ae4b6d05de347b0e27cf98443ad567b,oi_conf_0014.ROLE_B,"{""actions"":[{""action"":""ACTION_Q"",""expected_value"":""-9/4""},{""action"":""ACTION_P"",""expected_value"":""17/4""}],""final_action"":""ACTION_P""}",modified,ACTION_P,True
meta_llama.oi_conf_0015.ROLE_A.injection.original,4.233691215515137,meta_llama.oi_conf_0015.ROLE_A.injection,injection,meta_llama,local-tree-07e868d130fa5c390541f4ee236305b9073ae26c771c7e6b00bea3cfe4adf7d4,ACTION_P,"[5018, 4109, 794, 53208, 57793, 407, 794, 1, 42995, 13640, 498, 1, 7475, 3220, 794, 35394, 16, 14682, 90, 57793, 407, 3332, 42995, 1106, 2247, 7475, 3220, 3332, 12, 16, 9388, 29603, 12085, 8090, 3332, 42995, 1106, 9388, 128009]",748ab6d5f0c3ce81ad368703553bba41209584c05b5ed977f7ed15cd0f9e69c8,oi_conf_0015.ROLE_A,"{""actions"":[{""action"":""ACTION_Q"",""expected_value"":""-1""},{""action"":""ACTION_P"",""expected_value"":""-1""}],""final_action"":""ACTION_P""}",original,ACTION_P,True
meta_llama.oi_conf_0015.ROLE_A.injection.modified,4.8740880489349365,meta_llama.oi_conf_0015.ROLE_A.injection,injection,meta_llama,local-tree-07e868d130fa5c390541f4ee236305b9073ae26c771c7e6b00bea3cfe4adf7d4,ACTION_P,"[5018, 4109, 794, 53208, 57793, 407, 794, 1, 42995, 13640, 498, 1, 7475, 3220, 794, 35394, 15, 14682, 90, 57793, 407, 3332, 42995, 1106, 2247, 7475, 3220, 3332, 12, 16, 9388, 29603, 12085, 8090, 3332, 42995, 1106, 9388, 128009]",7decb1d672cfed2075e7d4a27479074316c1aae0b3de0e00a9f29d7b2cef5298,oi_conf_0015.ROLE_A,"{""actions"":[{""action"":""ACTION_Q"",""expected_value"":""-0""},{""action"":""ACTION_P"",""expected_value"":""-1""}],""final_action"":""ACTION_P""}",modified,ACTION_P,True
meta_llama.oi_conf_0016.ROLE_A.injection.original,5.17628026008606,meta_llama.oi_conf_0016.ROLE_A.injection,injection,meta_llama,local-tree-07e868d130fa5c390541f4ee236305b9073ae26c771c7e6b00bea3cfe4adf7d4,ACTION_P,"[5018, 4109, 794, 53208, 57793, 407, 794, 30233, 3664, 1106, 498, 1, 7475, 3220, 794, 1, 2148, 14, 17, 14682, 90, 57793, 407, 794, 30233, 3664, 13640, 2247, 7475, 3220, 3332, 1114, 14, 17, 9388, 29603, 12085, 8090, 3332, 42995, 1106, 9388, 128009]",80fa37982f88d6c8e93d78283037f0d9a4640b93618811d9fc3c544dfbf0cc9b,oi_conf_0016.ROLE_A,"{""actions"":[{""action"":""ACTION_P"",""expected_value"":""31/2""},{""action"":""ACTION_Q"",""expected_value"":""17/2""}],""final_action"":""ACTION_P""}",original,ACTION_P,True
meta_llama.oi_conf_0016.ROLE_A.injection.modified,4.9385011196136475,meta_llama.oi_conf_0016.ROLE_A.injection,injection,meta_llama,local-tree-07e868d130fa5c390541f4ee236305b9073ae26c771c7e6b00bea3cfe4adf7d4,ACTION_P,"[5018, 4109, 794, 53208, 57793, 407, 794, 30233, 3664, 1106, 498, 1, 7475, 3220, 794, 1, 18, 14, 20, 14682, 90, 57793, 407, 794, 30233, 3664, 13640, 2247, 7475, 3220, 3332, 17, 14, 20, 9388, 29603, 12085, 8090, 3332, 42995, 1106, 9388, 128009]",6cb9559a5ba5f386e9ac10f8701abd7d8789bc844ce3cf86f1116059b48c24be,oi_conf_0016.ROLE_A,"{""actions"":[{""action"":""ACTION_P"",""expected_value"":""3/5""},{""action"":""ACTION_Q"",""expected_value"":""2/5""}],""final_action"":""ACTION_P""}",modified,ACTION_P,True
meta_llama.oi_conf_0017.ROLE_A.injection.original,4.454972505569458,meta_llama.oi_conf_0017.ROLE_A.injection,injection,meta_llama,local-tree-07e868d130fa5c390541f4ee236305b9073ae26c771c7e6b00bea3cfe4adf7d4,ACTION_Q,"[5018, 4109, 794, 53208, 57793, 407, 794, 30233, 3664, 1106, 498, 1, 7475, 3220, 794, 35394, 18, 14, 23, 14682, 90, 57793, 407, 794, 30233, 3664, 13640, 2247, 7475, 3220, 3332, 12, 20, 14, 23, 9388, 29603, 12085, 8090, 3332, 42995, 13640, 9388, 128009]",98b3cd7b75f6e8d92b95f15e2c299ac9ce1c0ad13650b09d9cc921907e6467e1,oi_conf_0017.ROLE_A,"{""actions"":[{""action"":""ACTION_P"",""expected_value"":""-3/8""},{""action"":""ACTION_Q"",""expected_value"":""-5/8""}],""final_action"":""ACTION_Q""}",original,ACTION_Q,True
meta_llama.oi_conf_0017.ROLE_A.injection.modified,4.734242677688599,meta_llama.oi_conf_0017.ROLE_A.injection,injection,meta_llama,local-tree-07e868d130fa5c390541f4ee236305b9073ae26c771c7e6b00bea3cfe4adf7d4,ACTION_Q,"[5018, 4109, 794, 53208, 57793, 407, 794, 30233, 3664, 1106, 498, 1, 7475, 3220, 794, 35394, 1691, 14, 845, 37609, 1335, 3332, 42995, 13640, 2247, 7475, 3220, 3332, 1644, 14, 845, 9388, 29603, 12085, 8090, 3332, 42995, 13640, 9388, 128009]",5d5dcafd6b4f73b90c53cfa7086e76ffc39dbdb98fb4dcc78d7b009d515f22fa,oi_conf_0017.ROLE_A,"{""actions"":[{""action"":""ACTION_P"",""expected_value"":""-21/16""},{""action"":""ACTION_Q"",""expected_value"":""33/16""}],""final_action"":""ACTION_Q""}",modified,ACTION_Q,True
meta_llama.oi_conf_0018.ROLE_B.injection.original,4.712079048156738,meta_llama.oi_conf_0018.ROLE_B.injection,injection,meta_llama,local-tree-07e868d130fa5c390541f4ee236305b9073ae26c771c7e6b00bea3cfe4adf7d4,ACTION_P,"[5018, 4109, 794, 53208, 57793, 407, 794, 30233, 3664, 1106, 498, 1, 7475, 3220, 794, 1, 19, 14682, 90, 57793, 407, 794, 30233, 3664, 13640, 2247, 7475, 3220, 3332, 19, 9388, 29603, 12085, 8090, 3332, 42995, 1106, 9388, 128009]",5fb924e2c40f4e2145b6433d80be3b9a5b778ca0fc4834571e2df771916a30cb,oi_conf_0018.ROLE_B,"{""actions"":[{""action"":""ACTION_P"",""expected_value"":""4""},{""action"":""ACTION_Q"",""expected_value"":""4""}],""final_action"":""ACTION_P""}",original,ACTION_P,True
meta_llama.oi_conf_0018.ROLE_B.injection.modified,4.674860239028931,meta_llama.oi_conf_0018.ROLE_B.injection,injection,meta_llama,local-tree-07e868d130fa5c390541f4ee236305b9073ae26c771c7e6b00bea3cfe4adf7d4,ACTION_P,"[5018, 4109, 794, 53208, 57793, 407, 794, 30233, 3664, 1106, 498, 1, 7475, 3220, 794, 35394, 16, 37609, 1335, 3332, 42995, 13640, 2247, 7475, 3220, 3332, 19, 9388, 29603, 12085, 8090, 3332, 42995, 13640, 9388, 128009]",29b3325d0082476349cb4bd35f490acfbf0fa498c995c87d4dd8f6c38e5b6f3e,oi_conf_0018.ROLE_B,"{""actions"":[{""action"":""ACTION_P"",""expected_value"":""-1""},{""action"":""ACTION_Q"",""expected_value"":""4""}],""final_action"":""ACTION_Q""}",modified,ACTION_Q,False
meta_llama.oi_conf_0019.ROLE_B.injection.original,4.8404858112335205,meta_llama.oi_conf_0019.ROLE_B.injection,injection,meta_llama,local-tree-07e868d130fa5c390541f4ee236305b9073ae26c771c7e6b00bea3cfe4adf7d4,ACTION_Q,"[5018, 4109, 794, 53208, 57793, 407, 794, 30233, 3664, 1106, 498, 1, 7475, 3220, 794, 1, 24, 14682, 90, 57793, 407, 794, 30233, 3664, 13640, 2247, 7475, 3220, 3332, 1032, 9388, 29603, 12085, 8090, 3332, 42995, 13640, 9388, 128009]",2b6761414411126a0f4da3e7f2d555981f25b8759d1e32cd9e4c2c2c889d1046,oi_conf_0019.ROLE_B,"{""actions"":[{""action"":""ACTION_P"",""expected_value"":""9""},{""action"":""ACTION_Q"",""expected_value"":""13""}],""final_action"":""ACTION_Q""}",original,ACTION_Q,True
meta_llama.oi_conf_0019.ROLE_B.injection.modified,4.386732578277588,meta_llama.oi_conf_0019.ROLE_B.injection,injection,meta_llama,local-tree-07e868d130fa5c390541f4ee236305b9073ae26c771c7e6b00bea3cfe4adf7d4,ACTION_Q,"[5018, 4109, 794, 53208, 57793, 407, 794, 30233, 3664, 1106, 498, 1, 7475, 3220, 794, 1, 15, 9388, 28937, 57793, 407, 794, 30233, 3664, 13640, 498, 1, 7475, 3220, 794, 1, 15, 9388, 29603, 12085, 8090, 3332, 42995, 1106, 9388, 128009]",343c1977e0e87edb0e00cf2d2df59ea5861443225be3d92ac23f41f8afa410b7,oi_conf_0019.ROLE_B,"{""actions"":[{""action"":""ACTION_P"",""expected_value"":""0""},{""action"":""ACTION_Q"",""expected_value"":""0""}],""final_action"":""ACTION_P""}",modified,ACTION_P,False
meta_llama.oi_conf_0020.ROLE_A.injection.original,4.694760084152222,meta_llama.oi_conf_0020.ROLE_A.injection,injection,meta_llama,local-tree-07e868d130fa5c390541f4ee236305b9073ae26c771c7e6b00bea3cfe4adf7d4,ACTION_P,"[5018, 4109, 794, 53208, 57793, 407, 794, 30233, 3664, 1106, 498, 1, 7475, 3220, 794, 1, 1032, 14682, 90, 57793, 407, 794, 30233, 3664, 13640, 2247, 7475, 3220, 3332, 806, 9388, 29603, 12085, 8090, 3332, 42995, 1106, 9388, 128009]",b295cad7b86ecf5f411ca566542a5b3c716afd698b3ebc451094251729a63977,oi_conf_0020.ROLE_A,"{""actions"":[{""action"":""ACTION_P"",""expected_value"":""13""},{""action"":""ACTION_Q"",""expected_value"":""11""}],""final_action"":""ACTION_P""}",original,ACTION_P,True
meta_llama.oi_conf_0020.ROLE_A.injection.modified,4.742898225784302,meta_llama.oi_conf_0020.ROLE_A.injection,injection,meta_llama,local-tree-07e868d130fa5c390541f4ee236305b9073ae26c771c7e6b00bea3cfe4adf7d4,ACTION_P,"[5018, 4109, 794, 53208, 57793, 407, 794, 30233, 3664, 1106, 498, 1, 7475, 3220, 794, 35394, 18, 14682, 90, 57793, 407, 794, 30233, 3664, 13640, 2247, 7475, 3220, 3332, 806, 9388, 29603, 12085, 8090, 3332, 42995, 13640, 9388, 128009]",bd27a170695209c055be3f7d2e2b551fd10fe8a53c184d9757cf1723eb160849,oi_conf_0020.ROLE_A,"{""actions"":[{""action"":""ACTION_P"",""expected_value"":""-3""},{""action"":""ACTION_Q"",""expected_value"":""11""}],""final_action"":""ACTION_Q""}",modified,ACTION_Q,False
meta_llama.oi_conf_0021.ROLE_A.injection.original,4.761858224868774,meta_llama.oi_conf_0021.ROLE_A.injection,injection,meta_llama,local-tree-07e868d130fa5c390541f4ee236305b9073ae26c771c7e6b00bea3cfe4adf7d4,ACTION_Q,"[5018, 4109, 794, 53208, 57793, 407, 794, 30233, 3664, 1106, 498, 1, 7475, 3220, 794, 1, 15, 9388, 28937, 57793, 407, 794, 30233, 3664, 13640, 498, 1, 7475, 3220, 794, 1, 15, 9388, 29603, 12085, 8090, 3332, 42995, 1106, 9388, 128009]",13e8b7463cf3b9a2a2184b05b5bc23fd286bfb5d65c7c9f6342f0a45835436c0,oi_conf_0021.ROLE_A,"{""actions"":[{""action"":""ACTION_P"",""expected_value"":""0""},{""action"":""ACTION_Q"",""expected_value"":""0""}],""final_action"":""ACTION_P""}",original,ACTION_P,False
meta_llama.oi_conf_0021.ROLE_A.injection.modified,4.222121477127075,meta_llama.oi_conf_0021.ROLE_A.injection,injection,meta_llama,local-tree-07e868d130fa5c390541f4ee236305b9073ae26c771c7e6b00bea3cfe4adf7d4,ACTION_Q,"[5018, 4109, 794, 53208, 57793, 407, 794, 30233, 3664, 1106, 498, 1, 7475, 3220, 794, 35394, 16, 14682, 90, 57793, 407, 794, 30233, 3664, 13640, 2247, 7475, 3220, 3332, 845, 9388, 29603, 12085, 8090, 3332, 42995, 13640, 9388, 128009]",e41d1f378ab1842b7712d23379fcfacf92fd93cbc45dff283050420a180136fd,oi_conf_0021.ROLE_A,"{""actions"":[{""action"":""ACTION_P"",""expected_value"":""-1""},{""action"":""ACTION_Q"",""expected_value"":""16""}],""final_action"":""ACTION_Q""}",modified,ACTION_Q,True
meta_llama.oi_conf_0022.ROLE_B.injection.original,4.831283092498779,meta_llama.oi_conf_0022.ROLE_B.injection,injection,meta_llama,local-tree-07e868d130fa5c390541f4ee236305b9073ae26c771c7e6b00bea3cfe4adf7d4,ACTION_P,"[5018, 4109, 794, 53208, 57793, 407, 794, 30233, 3664, 1106, 498, 1, 7475, 3220, 794, 1, 15, 9388, 28937, 57793, 407, 794, 30233, 3664, 13640, 498, 1, 7475, 3220, 3332, 15, 9388, 29603, 12085, 8090, 3332, 42995, 1106, 9388, 128009]",be35417911e438730047a279ffbda87be414fd7486fb03f683461d1a3b17f321,oi_conf_0022.ROLE_B,"{""actions"":[{""action"":""ACTION_P"",""expected_value"":""0""},{""action"":""ACTION_Q"",""expected_value"":""0""}],""final_action"":""ACTION_P""}",original,ACTION_P,True
meta_llama.oi_conf_0022.ROLE_B.injection.modified,5.095137119293213,meta_llama.oi_conf_0022.ROLE_B.injection,injection,meta_llama,local-tree-07e868d130fa5c390541f4ee236305b9073ae26c771c7e6b00bea3cfe4adf7d4,ACTION_P,"[5018, 4109, 794, 53208, 57793, 407, 794, 30233, 3664, 1106, 498, 1, 7475, 3220, 794, 35394, 24, 14, 19, 14682, 90, 57793, 407, 794, 30233, 3664, 13640, 2247, 7475, 3220, 3332, 17, 14, 19, 9388, 29603, 12085, 8090, 3332, 42995, 13640, 9388, 128009]",5a0caabd43d85c324773bb218fcb8713a7135654988a14d0a2773879d1b2dc97,oi_conf_0022.ROLE_B,"{""actions"":[{""action"":""ACTION_P"",""expected_value"":""-9/4""},{""action"":""ACTION_Q"",""expected_value"":""2/4""}],""final_action"":""ACTION_Q""}",modified,ACTION_Q,False
meta_llama.oi_conf_0023.ROLE_A.injection.original,4.947117567062378,meta_llama.oi_conf_0023.ROLE_A.injection,injection,meta_llama,local-tree-07e868d130fa5c390541f4ee236305b9073ae26c771c7e6b00bea3cfe4adf7d4,ACTION_P,"[5018, 4109, 794, 53208, 57793, 407, 794, 30233, 3664, 1106, 498, 1, 7475, 3220, 794, 35394, 17, 14, 18, 9388, 28937, 57793, 407, 794, 30233, 3664, 13640, 2247, 7475, 3220, 3332, 12, 17, 14, 18, 9388, 29603, 12085, 8090, 3332, 42995, 1106, 9388, 128009]",4f8aef9d2132c7a77785e2d481d04a81b368962f0c51256420ec710275e7620f,oi_conf_0023.ROLE_A,"{""actions"":[{""action"":""ACTION_P"",""expected_value"":""-2/3""},{""action"":""ACTION_Q"",""expected_value"":""-2/3""}],""final_action"":""ACTION_P""}",original,ACTION_P,True
meta_llama.oi_conf_0023.ROLE_A.injection.modified,4.368768692016602,meta_llama.oi_conf_0023.ROLE_A.injection,injection,meta_llama,local-tree-07e868d130fa5c390541f4ee236305b9073ae26c771c7e6b00bea3cfe4adf7d4,ACTION_P,"[5018, 4109, 794, 53208, 57793, 407, 794, 30233, 3664, 1106, 498, 1, 7475, 3220, 794, 1, 15, 14682, 90, 57793, 407, 794, 30233, 3664, 13640, 2247, 7475, 3220, 3332, 12, 15, 9388, 29603, 12085, 8090, 3332, 42995, 1106, 9388, 128009]",eb0cb69683eea366933b0ecd4e44c90eb265023205659439da2f82ac91b0fc4f,oi_conf_0023.ROLE_A,"{""actions"":[{""action"":""ACTION_P"",""expected_value"":""0""},{""action"":""ACTION_Q"",""expected_value"":""-0""}],""final_action"":""ACTION_P""}",modified,ACTION_P,True
meta_llama.oi_conf_0023.ROLE_B.injection.original,4.674243688583374,meta_llama.oi_conf_0023.ROLE_B.injection,injection,meta_llama,local-tree-07e868d130fa5c390541f4ee236305b9073ae26c771c7e6b00bea3cfe4adf7d4,ACTION_Q,"[5018, 4109, 794, 53208, 57793, 407, 794, 30233, 3664, 1106, 498, 1, 7475, 3220, 794, 1, 1032, 14682, 90, 57793, 407, 794, 30233, 3664, 13640, 2247, 7475, 3220, 3332, 1032, 9388, 29603, 12085, 8090, 3332, 42995, 1106, 9388, 128009]",e284f8868c12ed7bbb96e9a9dd70accf9e8e901a9d2817b91ae7784342260fdd,oi_conf_0023.ROLE_B,"{""actions"":[{""action"":""ACTION_P"",""expected_value"":""13""},{""action"":""ACTION_Q"",""expected_value"":""13""}],""final_action"":""ACTION_P""}",original,ACTION_P,False
meta_llama.oi_conf_0023.ROLE_B.injection.modified,4.735628366470337,meta_llama.oi_conf_0023.ROLE_B.injection,injection,meta_llama,local-tree-07e868d130fa5c390541f4ee236305b9073ae26c771c7e6b00bea3cfe4adf7d4,ACTION_Q,"[5018, 4109, 794, 53208, 57793, 407, 794, 30233, 3664, 1106, 498, 1, 7475, 3220, 794, 1, 15, 9388, 28937, 57793, 407, 794, 30233, 3664, 13640, 498, 1, 7475, 3220, 794, 1, 15, 9388, 29603, 12085, 8090, 3332, 42995, 1106, 9388, 128009]",b0bc690134bc56e2b5127e29eb3f1498dc198687f7fa540a92d5df5ab2042698,oi_conf_0023.ROLE_B,"{""actions"":[{""action"":""ACTION_P"",""expected_value"":""0""},{""action"":""ACTION_Q"",""expected_value"":""0""}],""final_action"":""ACTION_P""}",modified,ACTION_P,False
meta_llama.oi_conf_0024.ROLE_A.injection.original,4.7434163093566895,meta_llama.oi_conf_0024.ROLE_A.injection,injection,meta_llama,local-tree-07e868d130fa5c390541f4ee236305b9073ae26c771c7e6b00bea3cfe4adf7d4,ACTION_P,"[5018, 4109, 794, 53208, 57793, 407, 794, 1, 42995, 13640, 498, 1, 7475, 3220, 794, 1, 15, 14682, 90, 57793, 407, 794, 1, 42995, 1106, 498, 1, 7475, 3220, 3332, 15, 9388, 29603, 12085, 8090, 3332, 42995, 13640, 9388, 128009]",7f1bafb9569d0abcce1e5bdcf6c31a992b28b4c52379e1b8238f7dc8c329568a,oi_conf_0024.ROLE_A,"{""actions"":[{""action"":""ACTION_Q"",""expected_value"":""0""},{""action"":""ACTION_P"",""expected_value"":""0""}],""final_action"":""ACTION_Q""}",original,ACTION_Q,False
meta_llama.oi_conf_0024.ROLE_A.injection.modified,4.935386657714844,meta_llama.oi_conf_0024.ROLE_A.injection,injection,meta_llama,local-tree-07e868d130fa5c390541f4ee236305b9073ae26c771c7e6b00bea3cfe4adf7d4,ACTION_P,"[5018, 4109, 794, 53208, 57793, 407, 794, 30233, 3664, 13640, 498, 1, 7475, 3220, 794, 35394, 806, 14, 17, 14682, 90, 57793, 407, 794, 30233, 3664, 1106, 2247, 7475, 3220, 3332, 20, 14, 23, 9388, 29603, 12085, 8090, 3332, 42995, 1106, 9388, 128009]",f56071fc40ac8bd9d17db2d623b6466f4547cefc14db73e3f5a0a638bb400825,oi_conf_0024.ROLE_A,"{""actions"":[{""action"":""ACTION_Q"",""expected_value"":""-11/2""},{""action"":""ACTION_P"",""expected_value"":""5/8""}],""final_action"":""ACTION_P""}",modified,ACTION_P,True
meta_llama.oi_conf_0027.ROLE_A.injection.original,4.472615957260132,meta_llama.oi_conf_0027.ROLE_A.injection,injection,meta_llama,local-tree-07e868d130fa5c390541f4ee236305b9073ae26c771c7e6b00bea3cfe4adf7d4,ACTION_P,"[5018, 4109, 794, 53208, 57793, 407, 794, 30233, 3664, 13640, 498, 1, 7475, 3220, 794, 35394, 19, 14, 17, 14682, 90, 57793, 407, 794, 30233, 3664, 1106, 498, 1, 7475, 3220, 3332, 12, 22, 14, 17, 9388, 29603, 12085, 8090, 3332, 42995, 13640, 9388, 128009]",964fe86c2de10649cfd5ca9131a347430bb788626dfea4364cd8d68c61dc7ba7,oi_conf_0027.ROLE_A,"{""actions"":[{""action"":""ACTION_Q"",""expected_value"":""-4/2""},{""action"":""ACTION_P"",""expected_value"":""-7/2""}],""final_action"":""ACTION_Q""}",original,ACTION_Q,False
meta_llama.oi_conf_0027.ROLE_A.injection.modified,4.700878620147705,meta_llama.oi_conf_0027.ROLE_A.injection,injection,meta_llama,local-tree-07e868d130fa5c390541f4ee236305b9073ae26c771c7e6b00bea3cfe4adf7d4,ACTION_P,"[5018, 4109, 794, 53208, 57793, 407, 794, 30233, 3664, 13640, 498, 1, 7475, 3220, 794, 1, 15, 14682, 90, 57793, 407, 794, 30233, 3664, 1106, 2247, 7475, 3220, 3332, 15, 9388, 29603, 12085, 8090, 3332, 42995, 13640, 9388, 128009]",66de6da2bf847d732e9535de8995c4acc7fa7c9b1f3bb68414baa5ec42bc6fab,oi_conf_0027.ROLE_A,"{""actions"":[{""action"":""ACTION_Q"",""expected_value"":""0""},{""action"":""ACTION_P"",""expected_value"":""0""}],""final_action"":""ACTION_Q""}",modified,ACTION_Q,False
meta_llama.oi_conf_0027.ROLE_B.injection.original,4.676578044891357,meta_llama.oi_conf_0027.ROLE_B.injection,injection,meta_llama,local-tree-07e868d130fa5c390541f4ee236305b9073ae26c771c7e6b00bea3cfe4adf7d4,ACTION_Q,"[5018, 4109, 794, 53208, 57793, 407, 794, 30233, 3664, 13640, 498, 1, 7475, 3220, 794, 1, 24, 14682, 90, 57793, 407, 794, 30233, 3664, 1106, 2247, 7475, 3220, 3332, 22, 9388, 29603, 12085, 8090, 3332, 42995, 13640, 9388, 128009]",532546156541c4397c081ca7eb77c05f2f81b4515ccee652af11ea43f2b7d9f9,oi_conf_0027.ROLE_B,"{""actions"":[{""action"":""ACTION_Q"",""expected_value"":""9""},{""action"":""ACTION_P"",""expected_value"":""7""}],""final_action"":""ACTION_Q""}",original,ACTION_Q,True
meta_llama.oi_conf_0027.ROLE_B.injection.modified,4.686508655548096,meta_llama.oi_conf_0027.ROLE_B.injection,injection,meta_llama,local-tree-07e868d130fa5c390541f4ee236305b9073ae26c771c7e6b00bea3cfe4adf7d4,ACTION_Q,"[5018, 4109, 794, 53208, 57793, 407, 794, 30233, 3664, 13640, 498, 1, 7475, 3220, 794, 35394, 17, 37609, 1335, 3332, 42995, 1106, 2247, 7475, 3220, 3332, 22, 9388, 29603, 12085, 8090, 3332, 42995, 1106, 9388, 128009]",b2d95cebf1649c3524f2b8a72df0eca085cf25f8a247cc5e346823fe3886f5dd,oi_conf_0027.ROLE_B,"{""actions"":[{""action"":""ACTION_Q"",""expected_value"":""-2""},{""action"":""ACTION_P"",""expected_value"":""7""}],""final_action"":""ACTION_P""}",modified,ACTION_P,False
meta_llama.oi_conf_0029.ROLE_A.injection.original,4.235995292663574,meta_llama.oi_conf_0029.ROLE_A.injection,injection,meta_llama,local-tree-07e868d130fa5c390541f4ee236305b9073ae26c771c7e6b00bea3cfe4adf7d4,ACTION_Q,"[5018, 4109, 794, 53208, 57793, 407, 794, 30233, 3664, 13640, 498, 1, 7475, 3220, 794, 1, 15, 9388, 28937, 57793, 407, 794, 30233, 3664, 1106, 498, 1, 7475, 3220, 794, 1, 15, 9388, 29603, 12085, 8090, 3332, 42995, 13640, 9388, 128009]",8c92c7713999b4cdaadf7e1d61bad036c93ca3322fe0634e22b51809256a7ead,oi_conf_0029.ROLE_A,"{""actions"":[{""action"":""ACTION_Q"",""expected_value"":""0""},{""action"":""ACTION_P"",""expected_value"":""0""}],""final_action"":""ACTION_Q""}",original,ACTION_Q,True
meta_llama.oi_conf_0029.ROLE_A.injection.modified,4.920515775680542,meta_llama.oi_conf_0029.ROLE_A.injection,injection,meta_llama,local-tree-07e868d130fa5c390541f4ee236305b9073ae26c771c7e6b00bea3cfe4adf7d4,ACTION_Q,"[5018, 4109, 794, 53208, 57793, 407, 794, 30233, 3664, 13640, 498, 1, 7475, 3220, 794, 35394, 22, 14, 17, 14682, 90, 57793, 407, 794, 30233, 3664, 1106, 498, 1, 7475, 3220, 3332, 717, 14, 17, 9388, 29603, 12085, 8090, 3332, 42995, 1106, 9388, 128009]",fc0ede544148ba49a791174a69cf0e8ca3d1c3e53dde3699bc772f55cdd5305c,oi_conf_0029.ROLE_A,"{""actions"":[{""action"":""ACTION_Q"",""expected_value"":""-7/2""},{""action"":""ACTION_P"",""expected_value"":""12/2""}],""final_action"":""ACTION_P""}",modified,ACTION_P,False
meta_llama.oi_conf_0030.ROLE_B.injection.original,5.022976875305176,meta_llama.oi_conf_0030.ROLE_B.injection,injection,meta_llama,local-tree-07e868d130fa5c390541f4ee236305b9073ae26c771c7e6b00bea3cfe4adf7d4,ACTION_P,"[5018, 4109, 794, 53208, 57793, 407, 794, 30233, 3664, 13640, 498, 1, 7475, 3220, 794, 1, 15, 14682, 90, 57793, 407, 794, 30233, 3664, 1106, 2247, 7475, 3220, 3332, 15, 9388, 29603, 12085, 8090, 3332, 42995, 1106, 9388, 128009]",29cbbc786a4163a165835ea13adbabb31e60cab577b6379d130b79dd196b5c7d,oi_conf_0030.ROLE_B,"{""actions"":[{""action"":""ACTION_Q"",""expected_value"":""0""},{""action"":""ACTION_P"",""expected_value"":""0""}],""final_action"":""ACTION_P""}",original,ACTION_P,True
meta_llama.oi_conf_0030.ROLE_B.injection.modified,4.9279093742370605,meta_llama.oi_conf_0030.ROLE_B.injection,injection,meta_llama,local-tree-07e868d130fa5c390541f4ee236305b9073ae26c771c7e6b00bea3cfe4adf7d4,ACTION_P,"[5018, 4109, 794, 53208, 57793, 407, 794, 30233, 3664, 13640, 498, 1, 7475, 3220, 794, 1, 16, 14, 18, 14682, 90, 57793, 407, 794, 30233, 3664, 1106, 498, 1, 7475, 3220, 3332, 17, 14, 18, 9388, 29603, 12085, 8090, 3332, 42995, 1106, 9388, 128009]",7bc50ce8f399de1a8a2f912afa6e7e387f1f5cab09928ee2ef657ffb6b68e249,oi_conf_0030.ROLE_B,"{""actions"":[{""action"":""ACTION_Q"",""expected_value"":""1/3""},{""action"":""ACTION_P"",""expected_value"":""2/3""}],""final_action"":""ACTION_P""}",modified,ACTION_P,True
meta_llama.oi_conf_0031.ROLE_A.injection.original,4.346951007843018,meta_llama.oi_conf_0031.ROLE_A.injection,injection,meta_llama,local-tree-07e868d130fa5c390541f4ee236305b9073ae26c771c7e6b00bea3cfe4adf7d4,ACTION_P,"[5018, 4109, 794, 53208, 57793, 407, 794, 30233, 3664, 13640, 498, 1, 7475, 3220, 794, 35394, 19, 14, 18, 37609, 1335, 3332, 42995, 1106, 2247, 7475, 3220, 3332, 24, 14, 18, 9388, 29603, 12085, 8090, 3332, 42995, 1106, 9388, 128009]",b8defe5b6d74e1d4728d5f2bbee3f5ee59db2ae3d9029d7420759af0646b28a5,oi_conf_0031.ROLE_A,"{""actions"":[{""action"":""ACTION_Q"",""expected_value"":""-4/3""},{""action"":""ACTION_P"",""expected_value"":""9/3""}],""final_action"":""ACTION_P""}",original,ACTION_P,True
meta_llama.oi_conf_0031.ROLE_A.injection.modified,4.764993667602539,meta_llama.oi_conf_0031.ROLE_A.injection,injection,meta_llama,local-tree-07e868d130fa5c390541f4ee236305b9073ae26c771c7e6b00bea3cfe4adf7d4,ACTION_P,"[5018, 4109, 794, 53208, 57793, 407, 794, 30233, 3664, 13640, 498, 1, 7475, 3220, 794, 35394, 16, 14, 18, 14682, 90, 57793, 407, 794, 30233, 3664, 1106, 2247, 7475, 3220, 3332, 16, 14, 18, 9388, 29603, 12085, 8090, 3332, 42995, 1106, 9388, 128009]",4813a1add54ba283403c3c9e65c50b33194daa8d690110309e0fbae9965f88c1,oi_conf_0031.ROLE_A,"{""actions"":[{""action"":""ACTION_Q"",""expected_value"":""-1/3""},{""action"":""ACTION_P"",""expected_value"":""1/3""}],""final_action"":""ACTION_P""}",modified,ACTION_P,True
meta_llama.oi_conf_0032.ROLE_A.injection.original,4.6999289989471436,meta_llama.oi_conf_0032.ROLE_A.injection,injection,meta_llama,local-tree-07e868d130fa5c390541f4ee236305b9073ae26c771c7e6b00bea3cfe4adf7d4,ACTION_P,"[5018, 4109, 794, 53208, 57793, 407, 794, 30233, 3664, 1106, 498, 1, 7475, 3220, 794, 1, 1032, 14682, 90, 57793, 407, 794, 30233, 3664, 13640, 2247, 7475, 3220, 3332, 806, 9388, 29603, 12085, 8090, 3332, 42995, 1106, 9388, 128009]",522cbfc1d2a5bbd09d105c194d673bc4b957b0e5ebf67ba5cf0d7bc2ce6b53c3,oi_conf_0032.ROLE_A,"{""actions"":[{""action"":""ACTION_P"",""expected_value"":""13""},{""action"":""ACTION_Q"",""expected_value"":""11""}],""final_action"":""ACTION_P""}",original,ACTION_P,True
meta_llama.oi_conf_0032.ROLE_A.injection.modified,4.845951080322266,meta_llama.oi_conf_0032.ROLE_A.injection,injection,meta_llama,local-tree-07e868d130fa5c390541f4ee236305b9073ae26c771c7e6b00bea3cfe4adf7d4,ACTION_P,"[5018, 4109, 794, 53208, 57793, 407, 794, 30233, 3664, 1106, 498, 1, 7475, 3220, 794, 35394, 16, 14, 18, 14682, 90, 57793, 407, 794, 30233, 3664, 13640, 2247, 7475, 3220, 3332, 12, 17, 14, 18, 9388, 29603, 12085, 8090, 3332, 42995, 1106, 9388, 128009]",625cbf87bfb28aa1e6b5364dc249cd33522acd4b49ae50203a492b2286645b25,oi_conf_0032.ROLE_A,"{""actions"":[{""action"":""ACTION_P"",""expected_value"":""-1/3""},{""action"":""ACTION_Q"",""expected_value"":""-2/3""}],""final_action"":""ACTION_P""}",modified,ACTION_P,True
meta_llama.oi_conf_0034.ROLE_B.injection.original,4.861145973205566,meta_llama.oi_conf_0034.ROLE_B.injection,injection,meta_llama,local-tree-07e868d130fa5c390541f4ee236305b9073ae26c771c7e6b00bea3cfe4adf7d4,ACTION_P,"[5018, 4109, 794, 53208, 57793, 407, 794, 30233, 3664, 1106, 498, 1, 7475, 3220, 794, 1, 15, 14682, 90, 57793, 407, 794, 30233, 3664, 13640, 2247, 7475, 3220, 3332, 15, 9388, 29603, 12085, 8090, 3332, 42995, 1106, 9388, 128009]",afe477462a503f74a5fbba62805f98db3a4a5f505185c7dd26f58788f4b5a5ba,oi_conf_0034.ROLE_B,"{""actions"":[{""action"":""ACTION_P"",""expected_value"":""0""},{""action"":""ACTION_Q"",""expected_value"":""0""}],""final_action"":""ACTION_P""}",original,ACTION_P,True
meta_llama.oi_conf_0034.ROLE_B.injection.modified,4.362442255020142,meta_llama.oi_conf_0034.ROLE_B.injection,injection,meta_llama,local-tree-07e868d130fa5c390541f4ee236305b9073ae26c771c7e6b00bea3cfe4adf7d4,ACTION_P,"[5018, 4109, 794, 53208, 57793, 407, 794, 30233, 3664, 1106, 498, 1, 7475, 3220, 794, 35394, 16, 14, 18, 37609, 1335, 3332, 42995, 13640, 2247, 7475, 3220, 3332, 1032, 14, 21, 9388, 29603, 12085, 8090, 3332, 42995, 13640, 9388, 128009]",cc36438859cb563987b0ecc364762e605640020f32182959e28d01d483fc758a,oi_conf_0034.ROLE_B,"{""actions"":[{""action"":""ACTION_P"",""expected_value"":""-1/3""},{""action"":""ACTION_Q"",""expected_value"":""13/6""}],""final_action"":""ACTION_Q""}",modified,ACTION_Q,False
meta_llama.oi_conf_0035.ROLE_A.injection.original,4.850642919540405,meta_llama.oi_conf_0035.ROLE_A.injection,injection,meta_llama,local-tree-07e868d130fa5c390541f4ee236305b9073ae26c771c7e6b00bea3cfe4adf7d4,ACTION_P,"[5018, 4109, 794, 53208, 57793, 407, 794, 30233, 3664, 1106, 498, 1, 7475, 3220, 794, 35394, 16, 14, 21, 14682, 90, 57793, 407, 794, 30233, 3664, 13640, 498, 1, 7475, 3220, 3332, 12, 16, 14, 21, 9388, 29603, 12085, 8090, 3332, 42995, 1106, 9388, 128009]",b6d5565960a638fa2c3a81fcf588ade9415483f46ec075ecb4450ed328d6e168,oi_conf_0035.ROLE_A,"{""actions"":[{""action"":""ACTION_P"",""expected_value"":""-1/6""},{""action"":""ACTION_Q"",""expected_value"":""-1/6""}],""final_action"":""ACTION_P""}",original,ACTION_P,True
meta_llama.oi_conf_0035.ROLE_A.injection.modified,4.733260631561279,meta_llama.oi_conf_0035.ROLE_A.injection,injection,meta_llama,local-tree-07e868d130fa5c390541f4ee236305b9073ae26c771c7e6b00bea3cfe4adf7d4,ACTION_P,"[5018, 4109, 794, 53208, 57793, 407, 794, 30233, 3664, 1106, 498, 1, 7475, 3220, 794, 35394, 15, 14682, 90, 57793, 407, 794, 30233, 3664, 13640, 2247, 7475, 3220, 3332, 12, 605, 9388, 29603, 12085, 8090, 3332, 42995, 13640, 9388, 128009]",06fd396f38fdaef4566d1aa1c81786a56e5326cda36016e42307641e60288f0a,oi_conf_0035.ROLE_A,"{""actions"":[{""action"":""ACTION_P"",""expected_value"":""-0""},{""action"":""ACTION_Q"",""expected_value"":""-10""}],""final_action"":""ACTION_Q""}",modified,ACTION_Q,False
meta_llama.oi_conf_0035.ROLE_B.injection.original,4.830610752105713,meta_llama.oi_conf_0035.ROLE_B.injection,injection,meta_llama,local-tree-07e868d130fa5c390541f4ee236305b9073ae26c771c7e6b00bea3cfe4adf7d4,ACTION_Q,"[5018, 4109, 794, 53208, 57793, 407, 794, 30233, 3664, 1106, 498, 1, 7475, 3220, 794, 1, 16, 14, 21, 14682, 90, 57793, 407, 794, 30233, 3664, 13640, 2247, 7475, 3220, 3332, 20, 14, 21, 9388, 29603, 12085, 8090, 3332, 42995, 13640, 9388, 128009]",58449cce81de2bad5e69d4f2b8936ef99cbe73139e0868fbc9aba735bcdbdd7e,oi_conf_0035.ROLE_B,"{""actions"":[{""action"":""ACTION_P"",""expected_value"":""1/6""},{""action"":""ACTION_Q"",""expected_value"":""5/6""}],""final_action"":""ACTION_Q""}",original,ACTION_Q,True
meta_llama.oi_conf_0035.ROLE_B.injection.modified,4.291994094848633,meta_llama.oi_conf_0035.ROLE_B.injection,injection,meta_llama,local-tree-07e868d130fa5c390541f4ee236305b9073ae26c771c7e6b00bea3cfe4adf7d4,ACTION_Q,"[5018, 4109, 794, 53208, 57793, 407, 794, 30233, 3664, 1106, 498, 1, 7475, 3220, 794, 35394, 16, 14, 17, 14682, 90, 57793, 407, 794, 30233, 3664, 13640, 2247, 7475, 3220, 3332, 806, 14, 21, 9388, 29603, 12085, 8090, 3332, 42995, 13640, 9388, 128009]",3f7c4a46de70585877d39136cd652c7a33bd887a94729a6fbe81727b10924d02,oi_conf_0035.ROLE_B,"{""actions"":[{""action"":""ACTION_P"",""expected_value"":""-1/2""},{""action"":""ACTION_Q"",""expected_value"":""11/6""}],""final_action"":""ACTION_Q""}",modified,ACTION_Q,True
meta_llama.oi_conf_0037.ROLE_A.injection.original,4.808697462081909,meta_llama.oi_conf_0037.ROLE_A.injection,injection,meta_llama,local-tree-07e868d130fa5c390541f4ee236305b9073ae26c771c7e6b00bea3cfe4adf7d4,ACTION_Q,"[5018, 4109, 794, 53208, 57793, 407, 794, 30233, 3664, 1106, 498, 1, 7475, 3220, 794, 1, 18, 14682, 90, 57793, 407, 794, 30233, 3664, 13640, 2247, 7475, 3220, 3332, 605, 9388, 29603, 12085, 8090, 3332, 42995, 13640, 9388, 128009]",a278a51021bbed6982b9bb36588ac5ab8f22e87ff16d3b8e4f0c43ac6d450f43,oi_conf_0037.ROLE_A,"{""actions"":[{""action"":""ACTION_P"",""expected_value"":""3""},{""action"":""ACTION_Q"",""expected_value"":""10""}],""final_action"":""ACTION_Q""}",original,ACTION_Q,True
meta_llama.oi_conf_0037.ROLE_A.injection.modified,4.961413860321045,meta_llama.oi_conf_0037.ROLE_A.injection,injection,meta_llama,local-tree-07e868d130fa5c390541f4ee236305b9073ae26c771c7e6b00bea3cfe4adf7d4,ACTION_Q,"[5018, 4109, 794, 53208, 57793, 407, 794, 30233, 3664, 1106, 498, 1, 7475, 3220, 794, 35394, 17, 37609, 1335, 3332, 42995, 13640, 2247, 7475, 3220, 3332, 605, 9388, 29603, 12085, 8090, 3332, 42995, 13640, 9388, 128009]",2eab3007be1b794701e6ae99b18e038d3b6bb356468452161b142abb72b10def,oi_conf_0037.ROLE_A,"{""actions"":[{""action"":""ACTION_P"",""expected_value"":""-2""},{""action"":""ACTION_Q"",""expected_value"":""10""}],""final_action"":""ACTION_Q""}",modified,ACTION_Q,True
meta_llama.oi_conf_0037.ROLE_B.injection.original,4.975574731826782,meta_llama.oi_conf_0037.ROLE_B.injection,injection,meta_llama,local-tree-07e868d130fa5c390541f4ee236305b9073ae26c771c7e6b00bea3cfe4adf7d4,ACTION_P,"[5018, 4109, 794, 53208, 57793, 407, 794, 30233, 3664, 1106, 498, 1, 7475, 3220, 794, 35394, 19, 14, 17, 14682, 90, 57793, 407, 794, 30233, 3664, 13640, 498, 1, 7475, 3220, 3332, 12, 24, 14, 17, 9388, 29603, 12085, 8090, 3332, 42995, 1106, 9388, 128009]",8b6570eaa0d6aca45247e45147e66719656bc219cd52762366b09b2edb89d12d,oi_conf_0037.ROLE_B,"{""actions"":[{""action"":""ACTION_P"",""expected_value"":""-4/2""},{""action"":""ACTION_Q"",""expected_value"":""-9/2""}],""final_action"":""ACTION_P""}",original,ACTION_P,True
meta_llama.oi_conf_0037.ROLE_B.injection.modified,4.329083204269409,meta_llama.oi_conf_0037.ROLE_B.injection,injection,meta_llama,local-tree-07e868d130fa5c390541f4ee236305b9073ae26c771c7e6b00bea3cfe4adf7d4,ACTION_P,"[5018, 4109, 794, 53208, 57793, 407, 794, 30233, 3664, 1106, 498, 1, 7475, 3220, 794, 35394, 16, 14682, 90, 57793, 407, 794, 30233, 3664, 13640, 2247, 7475, 3220, 3332, 12, 23, 9388, 29603, 12085, 8090, 3332, 42995, 1106, 9388, 128009]",0ecca6a40c707f07f2c0e5e4f4f498ded8e275b1b9924bc5bdb85747a55e3fe8,oi_conf_0037.ROLE_B,"{""actions"":[{""action"":""ACTION_P"",""expected_value"":""-1""},{""action"":""ACTION_Q"",""expected_value"":""-8""}],""final_action"":""ACTION_P""}",modified,ACTION_P,True
meta_llama.oi_conf_0038.ROLE_B.injection.original,4.648874759674072,meta_llama.oi_conf_0038.ROLE_B.injection,injection,meta_llama,local-tree-07e868d130fa5c390541f4ee236305b9073ae26c771c7e6b00bea3cfe4adf7d4,ACTION_P,"[5018, 4109, 794, 53208, 57793, 407, 794, 30233, 3664, 1106, 498, 1, 7475, 3220, 794, 1, 18, 14682, 90, 57793, 407, 794, 30233, 3664, 13640, 2247, 7475, 3220, 3332, 17, 9388, 29603, 12085, 8090, 3332, 42995, 1106, 9388, 128009]",423ede4cb9cf09a8809e0d632432af7c299e8a32a9278d32c77cb0cfea83e059,oi_conf_0038.ROLE_B,"{""actions"":[{""action"":""ACTION_P"",""expected_value"":""3""},{""action"":""ACTION_Q"",""expected_value"":""2""}],""final_action"":""ACTION_P""}",original,ACTION_P,True
meta_llama.oi_conf_0038.ROLE_B.injection.modified,4.673914670944214,meta_llama.oi_conf_0038.ROLE_B.injection,injection,meta_llama,local-tree-07e868d130fa5c390541f4ee236305b9073ae26c771c7e6b00bea3cfe4adf7d4,ACTION_P,"[5018, 4109, 794, 53208, 57793, 407, 794, 30233, 3664, 1106, 498, 1, 7475, 3220, 794, 1, 806, 14682, 90, 57793, 407, 794, 30233, 3664, 13640, 2247, 7475, 3220, 3332, 20, 9388, 29603, 12085, 8090, 3332, 42995, 1106, 9388, 128009]",3f21f2d6a5fbe8e9d81ea9d069b9fb00c46b5b4650b206810493e164bd1b08a8,oi_conf_0038.ROLE_B,"{""actions"":[{""action"":""ACTION_P"",""expected_value"":""11""},{""action"":""ACTION_Q"",""expected_value"":""5""}],""final_action"":""ACTION_P""}",modified,ACTION_P,True
meta_llama.oi_conf_0039.ROLE_A.injection.original,4.833904504776001,meta_llama.oi_conf_0039.ROLE_A.injection,injection,meta_llama,local-tree-07e868d130fa5c390541f4ee236305b9073ae26c771c7e6b00bea3cfe4adf7d4,ACTION_P,"[5018, 4109, 794, 53208, 57793, 407, 794, 30233, 3664, 1106, 498, 1, 7475, 3220, 794, 35394, 18, 14, 19, 14682, 90, 57793, 407, 794, 30233, 3664, 13640, 2247, 7475, 3220, 3332, 18, 14, 19, 9388, 29603, 12085, 8090, 3332, 42995, 13640, 9388, 128009]",4efead992d9b1f22fd775a0e197a6b636642916a491ba40625dbc87991a83765,oi_conf_0039.ROLE_A,"{""actions"":[{""action"":""ACTION_P"",""expected_value"":""-3/4""},{""action"":""ACTION_Q"",""expected_value"":""3/4""}],""final_action"":""ACTION_Q""}",original,ACTION_Q,False
meta_llama.oi_conf_0039.ROLE_A.injection.modified,4.816725969314575,meta_llama.oi_conf_0039.ROLE_A.injection,injection,meta_llama,local-tree-07e868d130fa5c390541f4ee236305b9073ae26c771c7e6b00bea3cfe4adf7d4,ACTION_P,"[5018, 4109, 794, 53208, 57793, 407, 794, 30233, 3664, 1106, 498, 1, 7475, 3220, 794, 35394, 15, 14682, 90, 57793, 407, 794, 30233, 3664, 13640, 2247, 7475, 3220, 3332, 15, 9388, 29603, 12085, 8090, 3332, 42995, 13640, 9388, 128009]",401f707f2d0636444506e712a252bdcc445a106d09b3656f77d4319403c619dd,oi_conf_0039.ROLE_A,"{""actions"":[{""action"":""ACTION_P"",""expected_value"":""-0""},{""action"":""ACTION_Q"",""expected_value"":""0""}],""final_action"":""ACTION_Q""}",modified,ACTION_Q,False
meta_llama.oi_conf_0039.ROLE_B.injection.original,4.335130929946899,meta_llama.oi_conf_0039.ROLE_B.injection,injection,meta_llama,local-tree-07e868d130fa5c390541f4ee236305b9073ae26c771c7e6b00bea3cfe4adf7d4,ACTION_Q,"[5018, 4109, 794, 53208, 57793, 407, 794, 30233, 3664, 1106, 498, 1, 7475, 3220, 794, 1, 18, 14682, 90, 57793, 407, 794, 30233, 3664, 13640, 2247, 7475, 3220, 3332, 19, 9388, 29603, 12085, 8090, 3332, 42995, 13640, 9388, 128009]",f56a8c59c0f754e2224cfe8fb1e600faa916a99d74428e8a6bbbd096b169ede4,oi_conf_0039.ROLE_B,"{""actions"":[{""action"":""ACTION_P"",""expected_value"":""3""},{""action"":""ACTION_Q"",""expected_value"":""4""}],""final_action"":""ACTION_Q""}",original,ACTION_Q,True
meta_llama.oi_conf_0039.ROLE_B.injection.modified,4.704949378967285,meta_llama.oi_conf_0039.ROLE_B.injection,injection,meta_llama,local-tree-07e868d130fa5c390541f4ee236305b9073ae26c771c7e6b00bea3cfe4adf7d4,ACTION_Q,"[5018, 4109, 794, 53208, 57793, 407, 794, 30233, 3664, 1106, 498, 1, 7475, 3220, 794, 35394, 18, 14682, 90, 57793, 407, 794, 30233, 3664, 13640, 2247, 7475, 3220, 3332, 975, 9388, 29603, 12085, 8090, 3332, 42995, 13640, 9388, 128009]",c42b100dbcd5112a610d797fda1b22d0e5aaab1037cdea14a6de7f9b7fa64168,oi_conf_0039.ROLE_B,"{""actions"":[{""action"":""ACTION_P"",""expected_value"":""-3""},{""action"":""ACTION_Q"",""expected_value"":""14""}],""final_action"":""ACTION_Q""}",modified,ACTION_Q,True
meta_llama.oi_conf_0040.ROLE_A.injection.original,4.6809163093566895,meta_llama.oi_conf_0040.ROLE_A.injection,injection,meta_llama,local-tree-07e868d130fa5c390541f4ee236305b9073ae26c771c7e6b00bea3cfe4adf7d4,ACTION_P,"[5018, 4109, 794, 53208, 57793, 407, 794, 30233, 3664, 13640, 498, 1, 7475, 3220, 794, 1, 19, 14682, 90, 57793, 407, 794, 30233, 3664, 1106, 2247, 7475, 3220, 3332, 717, 9388, 29603, 12085, 8090, 3332, 42995, 1106, 9388, 128009]",538394ba705baf93cdf605c5fdd38b0b02829b969f1d36ca05c9dad0cc929cb2,oi_conf_0040.ROLE_A,"{""actions"":[{""action"":""ACTION_Q"",""expected_value"":""4""},{""action"":""ACTION_P"",""expected_value"":""12""}],""final_action"":""ACTION_P""}",original,ACTION_P,True
meta_llama.oi_conf_0040.ROLE_A.injection.modified,4.8423309326171875,meta_llama.oi_conf_0040.ROLE_A.injection,injection,meta_llama,local-tree-07e868d130fa5c390541f4ee236305b9073ae26c771c7e6b00bea3cfe4adf7d4,ACTION_P,"[5018, 4109, 794, 53208, 57793, 407, 794, 30233, 3664, 13640, 498, 1, 7475, 3220, 794, 35394, 16, 14, 18, 14682, 90, 57793, 407, 794, 30233, 3664, 1106, 2247, 7475, 3220, 3332, 12, 17, 14, 18, 9388, 29603, 12085, 8090, 3332, 42995, 13640, 9388, 128009]",738914eeb449294d45f6724c794afebae13b882cea0923546a6b0f5383181992,oi_conf_0040.ROLE_A,"{""actions"":[{""action"":""ACTION_Q"",""expected_value"":""-1/3""},{""action"":""ACTION_P"",""expected_value"":""-2/3""}],""final_action"":""ACTION_Q""}",modified,ACTION_Q,False
meta_llama.oi_conf_0042.ROLE_B.injection.original,4.2988739013671875,meta_llama.oi_conf_0042.ROLE_B.injection,injection,meta_llama,local-tree-07e868d130fa5c390541f4ee236305b9073ae26c771c7e6b00bea3cfe4adf7d4,ACTION_P,"[5018, 4109, 794, 53208, 57793, 407, 794, 30233, 3664, 13640, 498, 1, 7475, 3220, 794, 35394, 18, 14, 845, 14682, 90, 57793, 407, 794, 30233, 3664, 1106, 2247, 7475, 3220, 3332, 5547, 14, 845, 9388, 29603, 12085, 8090, 3332, 42995, 1106, 9388, 128009]",653fd79e1b59e12ce6f5c42535d1c0d08a4f5353e031abee10376fcd58c2789e,oi_conf_0042.ROLE_B,"{""actions"":[{""action"":""ACTION_Q"",""expected_value"":""-3/16""},{""action"":""ACTION_P"",""expected_value"":""61/16""}],""final_action"":""ACTION_P""}",original,ACTION_P,True
meta_llama.oi_conf_0042.ROLE_B.injection.modified,4.917115688323975,meta_llama.oi_conf_0042.ROLE_B.injection,injection,meta_llama,local-tree-07e868d130fa5c390541f4ee236305b9073ae26c771c7e6b00bea3cfe4adf7d4,ACTION_P,"[5018, 4109, 794, 53208, 57793, 407, 794, 30233, 3664, 13640, 498, 1, 7475, 3220, 794, 35394, 1032, 14, 23, 14682, 90, 57793, 407, 794, 30233, 3664, 1106, 2247, 7475, 3220, 3332, 1419, 14, 845, 9388, 29603, 12085, 8090, 3332, 42995, 1106, 9388, 128009]",f46b977be94b2ee54cfb04985372aa8fc049e1e822ea1b63366987c0fb127b2c,oi_conf_0042.ROLE_B,"{""actions"":[{""action"":""ACTION_Q"",""expected_value"":""-13/8""},{""action"":""ACTION_P"",""expected_value"":""23/16""}],""final_action"":""ACTION_P""}",modified,ACTION_P,True
