model_id,prompt_mode,pair_id,pair_correct,self_correct,opponent_correct,flipped,same_action,both_parsed,error_type,domain,difficulty,self_prediction,opponent_prediction,safe_action,branching_action
qwen25_math7b,bellman,cf_0000,0.0,0.0,0.0,1.0,0.0,1.0,reversed_flip,abstract_game,1,TIDAL,VELVET,TIDAL,VELVET
qwen25_math7b,bellman,cf_0001,1.0,1.0,1.0,1.0,0.0,1.0,correct_flip,cyber_defense,1,KITE,SUMMIT,SUMMIT,KITE
qwen25_math7b,bellman,cf_0002,1.0,1.0,1.0,1.0,0.0,1.0,correct_flip,tool_agent,1,SUMMIT,WILLOW,WILLOW,SUMMIT
qwen25_math7b,bellman,cf_0003,1.0,1.0,1.0,1.0,0.0,1.0,correct_flip,logistics,1,EMBER,VELVET,VELVET,EMBER
qwen25_math7b,bellman,cf_0004,1.0,1.0,1.0,1.0,0.0,1.0,correct_flip,exploration,1,VELVET,RAVEN,RAVEN,VELVET
qwen25_math7b,bellman,cf_0005,0.0,1.0,0.0,0.0,1.0,1.0,branching_both,resource_game,1,ORBIT,ORBIT,CIPHER,ORBIT
qwen25_math7b,bellman,cf_0006,0.0,1.0,0.0,0.0,1.0,1.0,branching_both,abstract_game,2,LANTERN,LANTERN,ZENITH,LANTERN
qwen25_math7b,bellman,cf_0007,1.0,1.0,1.0,1.0,0.0,1.0,correct_flip,cyber_defense,2,SUMMIT,EMBER,EMBER,SUMMIT
qwen25_math7b,bellman,cf_0008,0.0,1.0,0.0,0.0,1.0,1.0,branching_both,tool_agent,2,WILLOW,WILLOW,KITE,WILLOW
qwen25_math7b,bellman,cf_0009,0.0,1.0,0.0,0.0,1.0,1.0,branching_both,logistics,2,TIDAL,TIDAL,ORBIT,TIDAL
qwen25_math7b,bellman,cf_0010,0.0,0.0,0.0,1.0,0.0,1.0,reversed_flip,exploration,2,CIPHER,WILLOW,CIPHER,WILLOW
qwen25_math7b,bellman,cf_0011,1.0,1.0,1.0,1.0,0.0,1.0,correct_flip,resource_game,2,ORBIT,QUARTZ,QUARTZ,ORBIT
qwen25_math7b,bellman,cf_0012,0.0,1.0,0.0,0.0,1.0,1.0,branching_both,abstract_game,3,VELVET,VELVET,ORBIT,VELVET
qwen25_math7b,bellman,cf_0013,0.0,1.0,0.0,0.0,1.0,1.0,branching_both,cyber_defense,3,VELVET,VELVET,QUARTZ,VELVET
qwen25_math7b,bellman,cf_0014,0.0,1.0,0.0,0.0,1.0,1.0,branching_both,tool_agent,3,ZENITH,ZENITH,EMBER,ZENITH
qwen25_math7b,bellman,cf_0015,0.0,1.0,0.0,0.0,1.0,1.0,branching_both,logistics,3,WILLOW,WILLOW,LANTERN,WILLOW
qwen25_math7b,bellman,cf_0016,0.0,0.0,0.0,1.0,0.0,1.0,reversed_flip,exploration,3,ZENITH,VELVET,ZENITH,VELVET
qwen25_math7b,bellman,cf_0017,0.0,1.0,0.0,0.0,1.0,1.0,branching_both,resource_game,3,QUARTZ,QUARTZ,ZENITH,QUARTZ
qwen25_math7b,bellman,cf_0018,1.0,1.0,1.0,1.0,0.0,1.0,correct_flip,abstract_game,1,VELVET,RAVEN,RAVEN,VELVET
qwen25_math7b,bellman,cf_0019,1.0,1.0,1.0,1.0,0.0,1.0,correct_flip,cyber_defense,1,TIDAL,SUMMIT,SUMMIT,TIDAL
qwen25_math7b,bellman,cf_0020,0.0,0.0,1.0,0.0,1.0,1.0,safe_both,tool_agent,1,ZENITH,ZENITH,ZENITH,QUARTZ
qwen25_math7b,bellman,cf_0021,0.0,0.0,1.0,0.0,1.0,1.0,safe_both,logistics,1,ZENITH,ZENITH,ZENITH,ORBIT
qwen25_math7b,bellman,cf_0022,0.0,1.0,0.0,0.0,1.0,1.0,branching_both,exploration,1,ZENITH,ZENITH,RAVEN,ZENITH
qwen25_math7b,bellman,cf_0023,0.0,0.0,1.0,0.0,1.0,1.0,safe_both,resource_game,1,KITE,KITE,KITE,SUMMIT
qwen25_math7b,bellman,cf_0024,0.0,1.0,0.0,0.0,1.0,1.0,branching_both,abstract_game,2,WILLOW,WILLOW,QUARTZ,WILLOW
qwen25_math7b,bellman,cf_0025,0.0,0.0,1.0,0.0,1.0,1.0,safe_both,cyber_defense,2,ORBIT,ORBIT,ORBIT,VELVET
qwen25_math7b,bellman,cf_0026,1.0,1.0,1.0,1.0,0.0,1.0,correct_flip,tool_agent,2,LANTERN,ORBIT,ORBIT,LANTERN
qwen25_math7b,bellman,cf_0027,0.0,1.0,0.0,0.0,1.0,1.0,branching_both,logistics,2,CIPHER,CIPHER,EMBER,CIPHER
qwen25_math7b,bellman,cf_0028,0.0,1.0,0.0,0.0,1.0,1.0,branching_both,exploration,2,EMBER,EMBER,ORBIT,EMBER
qwen25_math7b,bellman,cf_0029,0.0,0.0,0.0,1.0,0.0,1.0,reversed_flip,resource_game,2,VELVET,EMBER,VELVET,EMBER
qwen25_math7b,bellman,cf_0030,0.0,1.0,0.0,0.0,1.0,1.0,branching_both,abstract_game,3,ZENITH,ZENITH,TIDAL,ZENITH
qwen25_math7b,bellman,cf_0031,0.0,1.0,0.0,0.0,1.0,1.0,branching_both,cyber_defense,3,WILLOW,WILLOW,LANTERN,WILLOW
qwen25_math7b,bellman,cf_0032,1.0,1.0,1.0,1.0,0.0,1.0,correct_flip,tool_agent,3,ORBIT,QUARTZ,QUARTZ,ORBIT
qwen25_math7b,bellman,cf_0033,0.0,1.0,0.0,0.0,1.0,1.0,branching_both,logistics,3,EMBER,EMBER,KITE,EMBER
qwen25_math7b,bellman,cf_0034,0.0,1.0,0.0,0.0,1.0,1.0,branching_both,exploration,3,VELVET,VELVET,KITE,VELVET
qwen25_math7b,bellman,cf_0035,1.0,1.0,1.0,1.0,0.0,1.0,correct_flip,resource_game,3,WILLOW,TIDAL,TIDAL,WILLOW
qwen25_math7b,bellman,cf_0036,0.0,1.0,0.0,0.0,1.0,1.0,branching_both,abstract_game,1,CIPHER,CIPHER,LANTERN,CIPHER
qwen25_math7b,bellman,cf_0037,0.0,1.0,0.0,0.0,1.0,1.0,branching_both,cyber_defense,1,CIPHER,CIPHER,RAVEN,CIPHER
qwen25_math7b,bellman,cf_0038,1.0,1.0,1.0,1.0,0.0,1.0,correct_flip,tool_agent,1,CIPHER,ZENITH,ZENITH,CIPHER
qwen25_math7b,bellman,cf_0039,0.0,1.0,0.0,0.0,1.0,1.0,branching_both,logistics,1,LANTERN,LANTERN,VELVET,LANTERN
qwen25_math7b,bellman,cf_0040,0.0,0.0,1.0,0.0,1.0,1.0,safe_both,exploration,1,TIDAL,TIDAL,TIDAL,VELVET
qwen25_math7b,bellman,cf_0041,1.0,1.0,1.0,1.0,0.0,1.0,correct_flip,resource_game,1,ZENITH,LANTERN,LANTERN,ZENITH
qwen25_math7b,bellman,cf_0042,0.0,1.0,0.0,0.0,1.0,1.0,branching_both,abstract_game,2,WILLOW,WILLOW,RAVEN,WILLOW
qwen25_math7b,bellman,cf_0043,0.0,1.0,0.0,0.0,1.0,1.0,branching_both,cyber_defense,2,ORBIT,ORBIT,TIDAL,ORBIT
qwen25_math7b,bellman,cf_0044,0.0,1.0,0.0,0.0,1.0,1.0,branching_both,tool_agent,2,WILLOW,WILLOW,KITE,WILLOW
qwen25_math7b,bellman,cf_0045,0.0,0.0,0.0,1.0,0.0,1.0,reversed_flip,logistics,2,WILLOW,CIPHER,WILLOW,CIPHER
qwen25_math7b,bellman,cf_0046,0.0,0.0,0.0,1.0,0.0,1.0,reversed_flip,exploration,2,ORBIT,QUARTZ,ORBIT,QUARTZ
qwen25_math7b,bellman,cf_0047,0.0,1.0,0.0,0.0,1.0,1.0,branching_both,resource_game,2,KITE,KITE,RAVEN,KITE
qwen25_math7b,bellman,cf_0048,1.0,1.0,1.0,1.0,0.0,1.0,correct_flip,abstract_game,3,LANTERN,CIPHER,CIPHER,LANTERN
qwen25_math7b,bellman,cf_0049,0.0,0.0,0.0,1.0,0.0,1.0,reversed_flip,cyber_defense,3,VELVET,RAVEN,VELVET,RAVEN
qwen25_math7b,bellman,cf_0050,0.0,0.0,0.0,1.0,0.0,1.0,reversed_flip,tool_agent,3,LANTERN,KITE,LANTERN,KITE
qwen25_math7b,bellman,cf_0051,0.0,1.0,0.0,0.0,1.0,1.0,branching_both,logistics,3,RAVEN,RAVEN,CIPHER,RAVEN
qwen25_math7b,bellman,cf_0052,1.0,1.0,1.0,1.0,0.0,1.0,correct_flip,exploration,3,CIPHER,RAVEN,RAVEN,CIPHER
qwen25_math7b,bellman,cf_0053,0.0,0.0,1.0,0.0,1.0,1.0,safe_both,resource_game,3,TIDAL,TIDAL,TIDAL,ZENITH
qwen25_math7b,bellman,cf_0054,0.0,0.0,0.0,1.0,0.0,1.0,reversed_flip,abstract_game,1,KITE,ORBIT,KITE,ORBIT
qwen25_math7b,bellman,cf_0055,1.0,1.0,1.0,1.0,0.0,1.0,correct_flip,cyber_defense,1,RAVEN,ZENITH,ZENITH,RAVEN
qwen25_math7b,bellman,cf_0056,0.0,1.0,0.0,0.0,1.0,1.0,branching_both,tool_agent,1,SUMMIT,SUMMIT,RAVEN,SUMMIT
qwen25_math7b,bellman,cf_0057,0.0,0.0,0.0,1.0,0.0,1.0,reversed_flip,logistics,1,WILLOW,ORBIT,WILLOW,ORBIT
qwen25_math7b,bellman,cf_0058,1.0,1.0,1.0,1.0,0.0,1.0,correct_flip,exploration,1,VELVET,CIPHER,CIPHER,VELVET
qwen25_math7b,bellman,cf_0059,0.0,1.0,0.0,0.0,1.0,1.0,branching_both,resource_game,1,EMBER,EMBER,RAVEN,EMBER
qwen25_math7b,bellman,cf_0060,0.0,1.0,0.0,0.0,1.0,1.0,branching_both,abstract_game,2,ORBIT,ORBIT,RAVEN,ORBIT
qwen25_math7b,bellman,cf_0061,1.0,1.0,1.0,1.0,0.0,1.0,correct_flip,cyber_defense,2,EMBER,CIPHER,CIPHER,EMBER
qwen25_math7b,bellman,cf_0062,0.0,1.0,0.0,0.0,1.0,1.0,branching_both,tool_agent,2,EMBER,EMBER,VELVET,EMBER
qwen25_math7b,bellman,cf_0063,0.0,1.0,0.0,0.0,1.0,1.0,branching_both,logistics,2,RAVEN,RAVEN,QUARTZ,RAVEN
qwen25_math7b,bellman,cf_0064,0.0,1.0,0.0,0.0,1.0,1.0,branching_both,exploration,2,ORBIT,ORBIT,QUARTZ,ORBIT
qwen25_math7b,bellman,cf_0065,0.0,0.0,0.0,1.0,0.0,1.0,reversed_flip,resource_game,2,SUMMIT,TIDAL,SUMMIT,TIDAL
qwen25_math7b,bellman,cf_0066,1.0,1.0,1.0,1.0,0.0,1.0,correct_flip,abstract_game,3,TIDAL,VELVET,VELVET,TIDAL
qwen25_math7b,bellman,cf_0067,0.0,0.0,1.0,0.0,1.0,1.0,safe_both,cyber_defense,3,ORBIT,ORBIT,ORBIT,QUARTZ
qwen25_math7b,bellman,cf_0068,0.0,0.0,0.0,1.0,0.0,1.0,reversed_flip,tool_agent,3,RAVEN,KITE,RAVEN,KITE
qwen25_math7b,bellman,cf_0069,0.0,1.0,0.0,0.0,1.0,1.0,branching_both,logistics,3,QUARTZ,QUARTZ,CIPHER,QUARTZ
qwen25_math7b,bellman,cf_0070,0.0,1.0,0.0,0.0,1.0,1.0,branching_both,exploration,3,QUARTZ,QUARTZ,RAVEN,QUARTZ
qwen25_math7b,bellman,cf_0071,0.0,1.0,0.0,0.0,1.0,1.0,branching_both,resource_game,3,VELVET,VELVET,CIPHER,VELVET
qwen25_math7b,bellman,cf_0072,0.0,0.0,1.0,0.0,1.0,1.0,safe_both,abstract_game,1,WILLOW,WILLOW,WILLOW,EMBER
qwen25_math7b,bellman,cf_0073,1.0,1.0,1.0,1.0,0.0,1.0,correct_flip,cyber_defense,1,SUMMIT,LANTERN,LANTERN,SUMMIT
qwen25_math7b,bellman,cf_0074,0.0,0.0,1.0,0.0,1.0,1.0,safe_both,tool_agent,1,WILLOW,WILLOW,WILLOW,EMBER
qwen25_math7b,bellman,cf_0075,1.0,1.0,1.0,1.0,0.0,1.0,correct_flip,logistics,1,ORBIT,WILLOW,WILLOW,ORBIT
qwen25_math7b,bellman,cf_0076,1.0,1.0,1.0,1.0,0.0,1.0,correct_flip,exploration,1,CIPHER,LANTERN,LANTERN,CIPHER
qwen25_math7b,bellman,cf_0077,0.0,0.0,0.0,1.0,0.0,1.0,reversed_flip,resource_game,1,LANTERN,EMBER,LANTERN,EMBER
qwen25_math7b,bellman,cf_0078,0.0,1.0,0.0,0.0,1.0,1.0,branching_both,abstract_game,2,QUARTZ,QUARTZ,TIDAL,QUARTZ
qwen25_math7b,bellman,cf_0079,0.0,0.0,0.0,1.0,0.0,1.0,reversed_flip,cyber_defense,2,SUMMIT,QUARTZ,SUMMIT,QUARTZ
qwen25_math7b,bellman,cf_0080,0.0,1.0,0.0,0.0,1.0,1.0,branching_both,tool_agent,2,SUMMIT,SUMMIT,LANTERN,SUMMIT
qwen25_math7b,bellman,cf_0081,0.0,0.0,1.0,0.0,1.0,1.0,safe_both,logistics,2,EMBER,EMBER,EMBER,ZENITH
qwen25_math7b,bellman,cf_0082,0.0,1.0,0.0,0.0,1.0,1.0,branching_both,exploration,2,QUARTZ,QUARTZ,ZENITH,QUARTZ
qwen25_math7b,bellman,cf_0083,0.0,0.0,0.0,1.0,0.0,1.0,reversed_flip,resource_game,2,QUARTZ,ORBIT,QUARTZ,ORBIT
qwen25_math7b,bellman,cf_0084,0.0,1.0,0.0,0.0,1.0,1.0,branching_both,abstract_game,3,RAVEN,RAVEN,QUARTZ,RAVEN
qwen25_math7b,bellman,cf_0085,0.0,1.0,0.0,0.0,1.0,1.0,branching_both,cyber_defense,3,KITE,KITE,CIPHER,KITE
qwen25_math7b,bellman,cf_0086,0.0,1.0,0.0,0.0,1.0,1.0,branching_both,tool_agent,3,SUMMIT,SUMMIT,ORBIT,SUMMIT
qwen25_math7b,bellman,cf_0087,0.0,1.0,0.0,0.0,1.0,1.0,branching_both,logistics,3,SUMMIT,SUMMIT,WILLOW,SUMMIT
qwen25_math7b,bellman,cf_0088,0.0,1.0,0.0,0.0,1.0,1.0,branching_both,exploration,3,TIDAL,TIDAL,CIPHER,TIDAL
qwen25_math7b,bellman,cf_0089,0.0,1.0,0.0,0.0,1.0,1.0,branching_both,resource_game,3,KITE,KITE,TIDAL,KITE
qwen25_math7b,bellman,cf_0090,0.0,1.0,0.0,0.0,1.0,1.0,branching_both,abstract_game,1,KITE,KITE,ORBIT,KITE
qwen25_math7b,bellman,cf_0091,0.0,1.0,0.0,0.0,1.0,1.0,branching_both,cyber_defense,1,CIPHER,CIPHER,KITE,CIPHER
qwen25_math7b,bellman,cf_0092,0.0,1.0,0.0,0.0,1.0,1.0,branching_both,tool_agent,1,KITE,KITE,SUMMIT,KITE
qwen25_math7b,bellman,cf_0093,0.0,1.0,0.0,0.0,1.0,1.0,branching_both,logistics,1,EMBER,EMBER,CIPHER,EMBER
qwen25_math7b,bellman,cf_0094,1.0,1.0,1.0,1.0,0.0,1.0,correct_flip,exploration,1,WILLOW,EMBER,EMBER,WILLOW
qwen25_math7b,bellman,cf_0095,1.0,1.0,1.0,1.0,0.0,1.0,correct_flip,resource_game,1,RAVEN,KITE,KITE,RAVEN
qwen25_math7b,bellman,cf_0096,0.0,0.0,1.0,0.0,1.0,1.0,safe_both,abstract_game,2,VELVET,VELVET,VELVET,LANTERN
qwen25_math7b,bellman,cf_0097,0.0,0.0,1.0,0.0,1.0,1.0,safe_both,cyber_defense,2,QUARTZ,QUARTZ,QUARTZ,SUMMIT
qwen25_math7b,bellman,cf_0098,0.0,1.0,0.0,0.0,1.0,1.0,branching_both,tool_agent,2,QUARTZ,QUARTZ,VELVET,QUARTZ
qwen25_math7b,bellman,cf_0099,0.0,0.0,1.0,0.0,1.0,1.0,safe_both,logistics,2,EMBER,EMBER,EMBER,QUARTZ
qwen25_math7b,bellman,cf_0100,0.0,0.0,1.0,0.0,1.0,1.0,safe_both,exploration,2,RAVEN,RAVEN,RAVEN,LANTERN
qwen25_math7b,bellman,cf_0101,0.0,1.0,0.0,0.0,1.0,1.0,branching_both,resource_game,2,RAVEN,RAVEN,VELVET,RAVEN
qwen25_math7b,bellman,cf_0102,0.0,1.0,0.0,0.0,1.0,1.0,branching_both,abstract_game,3,ZENITH,ZENITH,ORBIT,ZENITH
qwen25_math7b,bellman,cf_0103,0.0,0.0,0.0,1.0,0.0,1.0,reversed_flip,cyber_defense,3,RAVEN,TIDAL,RAVEN,TIDAL
qwen25_math7b,bellman,cf_0104,0.0,1.0,0.0,0.0,1.0,1.0,branching_both,tool_agent,3,KITE,KITE,SUMMIT,KITE
qwen25_math7b,bellman,cf_0105,0.0,1.0,0.0,0.0,1.0,1.0,branching_both,logistics,3,TIDAL,TIDAL,ORBIT,TIDAL
qwen25_math7b,bellman,cf_0106,0.0,1.0,0.0,0.0,1.0,1.0,branching_both,exploration,3,RAVEN,RAVEN,VELVET,RAVEN
qwen25_math7b,bellman,cf_0107,0.0,0.0,0.0,1.0,0.0,1.0,reversed_flip,resource_game,3,CIPHER,EMBER,CIPHER,EMBER
qwen25_math7b,bellman,cf_0108,0.0,1.0,0.0,0.0,1.0,1.0,branching_both,abstract_game,1,TIDAL,TIDAL,SUMMIT,TIDAL
qwen25_math7b,bellman,cf_0109,1.0,1.0,1.0,1.0,0.0,1.0,correct_flip,cyber_defense,1,CIPHER,WILLOW,WILLOW,CIPHER
qwen25_math7b,bellman,cf_0110,0.0,0.0,0.0,1.0,0.0,1.0,reversed_flip,tool_agent,1,WILLOW,QUARTZ,WILLOW,QUARTZ
qwen25_math7b,bellman,cf_0111,1.0,1.0,1.0,1.0,0.0,1.0,correct_flip,logistics,1,VELVET,LANTERN,LANTERN,VELVET
qwen25_math7b,bellman,cf_0112,1.0,1.0,1.0,1.0,0.0,1.0,correct_flip,exploration,1,WILLOW,TIDAL,TIDAL,WILLOW
qwen25_math7b,bellman,cf_0113,0.0,0.0,0.0,1.0,0.0,1.0,reversed_flip,resource_game,1,QUARTZ,KITE,QUARTZ,KITE
qwen25_math7b,bellman,cf_0114,0.0,1.0,0.0,0.0,1.0,1.0,branching_both,abstract_game,2,RAVEN,RAVEN,KITE,RAVEN
qwen25_math7b,bellman,cf_0115,1.0,1.0,1.0,1.0,0.0,1.0,correct_flip,cyber_defense,2,ZENITH,ORBIT,ORBIT,ZENITH
qwen25_math7b,bellman,cf_0116,0.0,1.0,0.0,0.0,1.0,1.0,branching_both,tool_agent,2,QUARTZ,QUARTZ,LANTERN,QUARTZ
qwen25_math7b,bellman,cf_0117,0.0,0.0,1.0,0.0,1.0,1.0,safe_both,logistics,2,ORBIT,ORBIT,ORBIT,VELVET
qwen25_math7b,bellman,cf_0118,1.0,1.0,1.0,1.0,0.0,1.0,correct_flip,exploration,2,TIDAL,SUMMIT,SUMMIT,TIDAL
qwen25_math7b,bellman,cf_0119,0.0,1.0,0.0,0.0,1.0,1.0,branching_both,resource_game,2,RAVEN,RAVEN,VELVET,RAVEN
qwen25_math7b,bellman,cf_0120,0.0,1.0,0.0,0.0,1.0,1.0,branching_both,abstract_game,3,ORBIT,ORBIT,WILLOW,ORBIT
qwen25_math7b,bellman,cf_0121,0.0,1.0,0.0,0.0,1.0,1.0,branching_both,cyber_defense,3,VELVET,VELVET,EMBER,VELVET
qwen25_math7b,bellman,cf_0122,0.0,1.0,0.0,0.0,1.0,1.0,branching_both,tool_agent,3,SUMMIT,SUMMIT,EMBER,SUMMIT
qwen25_math7b,bellman,cf_0123,0.0,0.0,0.0,1.0,0.0,1.0,reversed_flip,logistics,3,ORBIT,WILLOW,ORBIT,WILLOW
qwen25_math7b,bellman,cf_0124,0.0,0.0,0.0,1.0,0.0,1.0,reversed_flip,exploration,3,SUMMIT,ZENITH,SUMMIT,ZENITH
qwen25_math7b,bellman,cf_0125,0.0,0.0,0.0,1.0,0.0,1.0,reversed_flip,resource_game,3,TIDAL,KITE,TIDAL,KITE
qwen25_math7b,bellman,cf_0126,0.0,1.0,0.0,0.0,1.0,1.0,branching_both,abstract_game,1,KITE,KITE,CIPHER,KITE
qwen25_math7b,bellman,cf_0127,1.0,1.0,1.0,1.0,0.0,1.0,correct_flip,cyber_defense,1,QUARTZ,KITE,KITE,QUARTZ
qwen25_math7b,bellman,cf_0128,0.0,1.0,0.0,0.0,1.0,1.0,branching_both,tool_agent,1,TIDAL,TIDAL,KITE,TIDAL
qwen25_math7b,bellman,cf_0129,0.0,1.0,0.0,0.0,1.0,1.0,branching_both,logistics,1,CIPHER,CIPHER,WILLOW,CIPHER
qwen25_math7b,bellman,cf_0130,1.0,1.0,1.0,1.0,0.0,1.0,correct_flip,exploration,1,LANTERN,CIPHER,CIPHER,LANTERN
qwen25_math7b,bellman,cf_0131,1.0,1.0,1.0,1.0,0.0,1.0,correct_flip,resource_game,1,SUMMIT,ZENITH,ZENITH,SUMMIT
qwen25_math7b,bellman,cf_0132,1.0,1.0,1.0,1.0,0.0,1.0,correct_flip,abstract_game,2,ORBIT,LANTERN,LANTERN,ORBIT
qwen25_math7b,bellman,cf_0133,0.0,0.0,0.0,1.0,0.0,1.0,reversed_flip,cyber_defense,2,ORBIT,SUMMIT,ORBIT,SUMMIT
qwen25_math7b,bellman,cf_0134,0.0,0.0,1.0,0.0,1.0,1.0,safe_both,tool_agent,2,KITE,KITE,KITE,LANTERN
qwen25_math7b,bellman,cf_0135,0.0,0.0,0.0,1.0,0.0,1.0,reversed_flip,logistics,2,KITE,LANTERN,KITE,LANTERN
qwen25_math7b,bellman,cf_0136,0.0,0.0,1.0,0.0,1.0,1.0,safe_both,exploration,2,KITE,KITE,KITE,CIPHER
qwen25_math7b,bellman,cf_0137,0.0,0.0,1.0,0.0,1.0,1.0,safe_both,resource_game,2,RAVEN,RAVEN,RAVEN,CIPHER
qwen25_math7b,bellman,cf_0138,0.0,1.0,0.0,0.0,1.0,1.0,branching_both,abstract_game,3,ZENITH,ZENITH,EMBER,ZENITH
qwen25_math7b,bellman,cf_0139,0.0,0.0,0.0,1.0,0.0,1.0,reversed_flip,cyber_defense,3,RAVEN,VELVET,RAVEN,VELVET
qwen25_math7b,bellman,cf_0140,0.0,1.0,0.0,0.0,1.0,1.0,branching_both,tool_agent,3,ORBIT,ORBIT,TIDAL,ORBIT
qwen25_math7b,bellman,cf_0141,0.0,0.0,1.0,0.0,1.0,1.0,safe_both,logistics,3,ORBIT,ORBIT,ORBIT,RAVEN
qwen25_math7b,bellman,cf_0142,0.0,1.0,0.0,0.0,1.0,1.0,branching_both,exploration,3,CIPHER,CIPHER,ZENITH,CIPHER
qwen25_math7b,bellman,cf_0143,1.0,1.0,1.0,1.0,0.0,1.0,correct_flip,resource_game,3,WILLOW,VELVET,VELVET,WILLOW
qwen25_math7b,bellman,cf_0144,0.0,1.0,0.0,0.0,1.0,1.0,branching_both,abstract_game,1,WILLOW,WILLOW,ZENITH,WILLOW
qwen25_math7b,bellman,cf_0145,1.0,1.0,1.0,1.0,0.0,1.0,correct_flip,cyber_defense,1,RAVEN,ORBIT,ORBIT,RAVEN
qwen25_math7b,bellman,cf_0146,1.0,1.0,1.0,1.0,0.0,1.0,correct_flip,tool_agent,1,LANTERN,EMBER,EMBER,LANTERN
qwen25_math7b,bellman,cf_0147,1.0,1.0,1.0,1.0,0.0,1.0,correct_flip,logistics,1,RAVEN,LANTERN,LANTERN,RAVEN
qwen25_math7b,bellman,cf_0148,0.0,1.0,0.0,0.0,1.0,1.0,branching_both,exploration,1,ZENITH,ZENITH,TIDAL,ZENITH
qwen25_math7b,bellman,cf_0149,0.0,1.0,0.0,0.0,1.0,1.0,branching_both,resource_game,1,LANTERN,LANTERN,ZENITH,LANTERN
qwen25_math7b,bellman,cf_0150,0.0,1.0,0.0,0.0,1.0,1.0,branching_both,abstract_game,2,LANTERN,LANTERN,VELVET,LANTERN
qwen25_math7b,bellman,cf_0151,1.0,1.0,1.0,1.0,0.0,1.0,correct_flip,cyber_defense,2,CIPHER,VELVET,VELVET,CIPHER
qwen25_math7b,bellman,cf_0152,0.0,1.0,0.0,0.0,1.0,1.0,branching_both,tool_agent,2,ZENITH,ZENITH,VELVET,ZENITH
qwen25_math7b,bellman,cf_0153,0.0,1.0,0.0,0.0,1.0,1.0,branching_both,logistics,2,ORBIT,ORBIT,CIPHER,ORBIT
qwen25_math7b,bellman,cf_0154,0.0,0.0,1.0,0.0,1.0,1.0,safe_both,exploration,2,VELVET,VELVET,VELVET,LANTERN
qwen25_math7b,bellman,cf_0155,0.0,1.0,0.0,0.0,1.0,1.0,branching_both,resource_game,2,RAVEN,RAVEN,QUARTZ,RAVEN
qwen25_math7b,bellman,cf_0156,0.0,1.0,0.0,0.0,1.0,1.0,branching_both,abstract_game,3,ZENITH,ZENITH,QUARTZ,ZENITH
qwen25_math7b,bellman,cf_0157,0.0,0.0,1.0,0.0,1.0,1.0,safe_both,cyber_defense,3,EMBER,EMBER,EMBER,SUMMIT
qwen25_math7b,bellman,cf_0158,1.0,1.0,1.0,1.0,0.0,1.0,correct_flip,tool_agent,3,KITE,TIDAL,TIDAL,KITE
qwen25_math7b,bellman,cf_0159,0.0,1.0,0.0,0.0,1.0,1.0,branching_both,logistics,3,VELVET,VELVET,WILLOW,VELVET
qwen25_math7b,bellman,cf_0160,1.0,1.0,1.0,1.0,0.0,1.0,correct_flip,exploration,3,LANTERN,ORBIT,ORBIT,LANTERN
qwen25_math7b,bellman,cf_0161,0.0,0.0,0.0,1.0,0.0,1.0,reversed_flip,resource_game,3,RAVEN,WILLOW,RAVEN,WILLOW
qwen25_math7b,bellman,cf_0162,0.0,1.0,0.0,0.0,1.0,1.0,branching_both,abstract_game,1,TIDAL,TIDAL,LANTERN,TIDAL
qwen25_math7b,bellman,cf_0163,0.0,1.0,0.0,0.0,1.0,1.0,branching_both,cyber_defense,1,QUARTZ,QUARTZ,TIDAL,QUARTZ
qwen25_math7b,bellman,cf_0164,0.0,1.0,0.0,0.0,1.0,1.0,branching_both,tool_agent,1,WILLOW,WILLOW,RAVEN,WILLOW
qwen25_math7b,bellman,cf_0165,0.0,1.0,0.0,0.0,1.0,1.0,branching_both,logistics,1,EMBER,EMBER,LANTERN,EMBER
qwen25_math7b,bellman,cf_0166,0.0,1.0,0.0,0.0,1.0,1.0,branching_both,exploration,1,WILLOW,WILLOW,ORBIT,WILLOW
qwen25_math7b,bellman,cf_0167,0.0,0.0,0.0,1.0,0.0,1.0,reversed_flip,resource_game,1,RAVEN,CIPHER,RAVEN,CIPHER
qwen25_math7b,bellman,cf_0168,0.0,0.0,0.0,1.0,0.0,1.0,reversed_flip,abstract_game,2,KITE,ORBIT,KITE,ORBIT
qwen25_math7b,bellman,cf_0169,0.0,0.0,1.0,0.0,1.0,1.0,safe_both,cyber_defense,2,EMBER,EMBER,EMBER,LANTERN
qwen25_math7b,bellman,cf_0170,0.0,0.0,0.0,1.0,0.0,1.0,reversed_flip,tool_agent,2,ZENITH,RAVEN,ZENITH,RAVEN
qwen25_math7b,bellman,cf_0171,1.0,1.0,1.0,1.0,0.0,1.0,correct_flip,logistics,2,ZENITH,TIDAL,TIDAL,ZENITH
qwen25_math7b,bellman,cf_0172,0.0,1.0,0.0,0.0,1.0,1.0,branching_both,exploration,2,QUARTZ,QUARTZ,KITE,QUARTZ
qwen25_math7b,bellman,cf_0173,1.0,1.0,1.0,1.0,0.0,1.0,correct_flip,resource_game,2,KITE,EMBER,EMBER,KITE
qwen25_math7b,bellman,cf_0174,0.0,1.0,0.0,0.0,1.0,1.0,branching_both,abstract_game,3,WILLOW,WILLOW,ORBIT,WILLOW
qwen25_math7b,bellman,cf_0175,0.0,0.0,0.0,1.0,0.0,1.0,reversed_flip,cyber_defense,3,ZENITH,EMBER,ZENITH,EMBER
qwen25_math7b,bellman,cf_0176,0.0,1.0,0.0,0.0,1.0,1.0,branching_both,tool_agent,3,EMBER,EMBER,CIPHER,EMBER
qwen25_math7b,bellman,cf_0177,0.0,1.0,0.0,0.0,1.0,1.0,branching_both,logistics,3,RAVEN,RAVEN,KITE,RAVEN
qwen25_math7b,bellman,cf_0178,1.0,1.0,1.0,1.0,0.0,1.0,correct_flip,exploration,3,LANTERN,QUARTZ,QUARTZ,LANTERN
qwen25_math7b,bellman,cf_0179,0.0,1.0,0.0,0.0,1.0,1.0,branching_both,resource_game,3,RAVEN,RAVEN,SUMMIT,RAVEN
qwen25_math7b,cot,cf_0000,0.0,1.0,0.0,0.0,1.0,1.0,branching_both,abstract_game,1,VELVET,VELVET,TIDAL,VELVET
qwen25_math7b,cot,cf_0001,1.0,1.0,1.0,1.0,0.0,1.0,correct_flip,cyber_defense,1,KITE,SUMMIT,SUMMIT,KITE
qwen25_math7b,cot,cf_0002,1.0,1.0,1.0,1.0,0.0,1.0,correct_flip,tool_agent,1,SUMMIT,WILLOW,WILLOW,SUMMIT
qwen25_math7b,cot,cf_0003,1.0,1.0,1.0,1.0,0.0,1.0,correct_flip,logistics,1,EMBER,VELVET,VELVET,EMBER
qwen25_math7b,cot,cf_0004,0.0,0.0,0.0,1.0,0.0,1.0,reversed_flip,exploration,1,RAVEN,VELVET,RAVEN,VELVET
qwen25_math7b,cot,cf_0005,1.0,1.0,1.0,1.0,0.0,1.0,correct_flip,resource_game,1,ORBIT,CIPHER,CIPHER,ORBIT
qwen25_math7b,cot,cf_0006,0.0,1.0,0.0,0.0,1.0,1.0,branching_both,abstract_game,2,LANTERN,LANTERN,ZENITH,LANTERN
qwen25_math7b,cot,cf_0007,0.0,1.0,0.0,0.0,1.0,1.0,branching_both,cyber_defense,2,SUMMIT,SUMMIT,EMBER,SUMMIT
qwen25_math7b,cot,cf_0008,0.0,1.0,0.0,0.0,1.0,1.0,branching_both,tool_agent,2,WILLOW,WILLOW,KITE,WILLOW
qwen25_math7b,cot,cf_0009,0.0,0.0,0.0,1.0,0.0,1.0,reversed_flip,logistics,2,ORBIT,TIDAL,ORBIT,TIDAL
qwen25_math7b,cot,cf_0010,1.0,1.0,1.0,1.0,0.0,1.0,correct_flip,exploration,2,WILLOW,CIPHER,CIPHER,WILLOW
qwen25_math7b,cot,cf_0011,0.0,0.0,0.0,1.0,0.0,1.0,reversed_flip,resource_game,2,QUARTZ,ORBIT,QUARTZ,ORBIT
qwen25_math7b,cot,cf_0012,0.0,1.0,0.0,0.0,1.0,1.0,branching_both,abstract_game,3,VELVET,VELVET,ORBIT,VELVET
qwen25_math7b,cot,cf_0013,0.0,1.0,0.0,0.0,1.0,1.0,branching_both,cyber_defense,3,VELVET,VELVET,QUARTZ,VELVET
qwen25_math7b,cot,cf_0014,0.0,1.0,0.0,0.0,1.0,1.0,branching_both,tool_agent,3,ZENITH,ZENITH,EMBER,ZENITH
qwen25_math7b,cot,cf_0015,0.0,1.0,0.0,0.0,1.0,1.0,branching_both,logistics,3,WILLOW,WILLOW,LANTERN,WILLOW
qwen25_math7b,cot,cf_0016,0.0,1.0,0.0,0.0,1.0,1.0,branching_both,exploration,3,VELVET,VELVET,ZENITH,VELVET
qwen25_math7b,cot,cf_0017,0.0,1.0,0.0,0.0,1.0,1.0,branching_both,resource_game,3,QUARTZ,QUARTZ,ZENITH,QUARTZ
qwen25_math7b,cot,cf_0018,1.0,1.0,1.0,1.0,0.0,1.0,correct_flip,abstract_game,1,VELVET,RAVEN,RAVEN,VELVET
qwen25_math7b,cot,cf_0019,0.0,1.0,0.0,0.0,1.0,1.0,branching_both,cyber_defense,1,TIDAL,TIDAL,SUMMIT,TIDAL
qwen25_math7b,cot,cf_0020,1.0,1.0,1.0,1.0,0.0,1.0,correct_flip,tool_agent,1,QUARTZ,ZENITH,ZENITH,QUARTZ
qwen25_math7b,cot,cf_0021,0.0,0.0,1.0,0.0,1.0,1.0,safe_both,logistics,1,ZENITH,ZENITH,ZENITH,ORBIT
qwen25_math7b,cot,cf_0022,1.0,1.0,1.0,1.0,0.0,1.0,correct_flip,exploration,1,ZENITH,RAVEN,RAVEN,ZENITH
qwen25_math7b,cot,cf_0023,1.0,1.0,1.0,1.0,0.0,1.0,correct_flip,resource_game,1,SUMMIT,KITE,KITE,SUMMIT
qwen25_math7b,cot,cf_0024,0.0,1.0,0.0,0.0,1.0,1.0,branching_both,abstract_game,2,WILLOW,WILLOW,QUARTZ,WILLOW
qwen25_math7b,cot,cf_0025,1.0,1.0,1.0,1.0,0.0,1.0,correct_flip,cyber_defense,2,VELVET,ORBIT,ORBIT,VELVET
qwen25_math7b,cot,cf_0026,1.0,1.0,1.0,1.0,0.0,1.0,correct_flip,tool_agent,2,LANTERN,ORBIT,ORBIT,LANTERN
qwen25_math7b,cot,cf_0027,0.0,0.0,0.0,1.0,0.0,1.0,reversed_flip,logistics,2,EMBER,CIPHER,EMBER,CIPHER
qwen25_math7b,cot,cf_0028,0.0,1.0,0.0,0.0,1.0,1.0,branching_both,exploration,2,EMBER,EMBER,ORBIT,EMBER
qwen25_math7b,cot,cf_0029,0.0,1.0,0.0,0.0,1.0,1.0,branching_both,resource_game,2,EMBER,EMBER,VELVET,EMBER
qwen25_math7b,cot,cf_0030,0.0,1.0,0.0,0.0,1.0,1.0,branching_both,abstract_game,3,ZENITH,ZENITH,TIDAL,ZENITH
qwen25_math7b,cot,cf_0031,0.0,1.0,0.0,0.0,1.0,1.0,branching_both,cyber_defense,3,WILLOW,WILLOW,LANTERN,WILLOW
qwen25_math7b,cot,cf_0032,0.0,1.0,0.0,0.0,1.0,1.0,branching_both,tool_agent,3,ORBIT,ORBIT,QUARTZ,ORBIT
qwen25_math7b,cot,cf_0033,0.0,1.0,0.0,0.0,1.0,1.0,branching_both,logistics,3,EMBER,EMBER,KITE,EMBER
qwen25_math7b,cot,cf_0034,0.0,1.0,0.0,0.0,1.0,1.0,branching_both,exploration,3,VELVET,VELVET,KITE,VELVET
qwen25_math7b,cot,cf_0035,0.0,1.0,0.0,0.0,1.0,1.0,branching_both,resource_game,3,WILLOW,WILLOW,TIDAL,WILLOW
qwen25_math7b,cot,cf_0036,0.0,0.0,1.0,0.0,1.0,1.0,safe_both,abstract_game,1,LANTERN,LANTERN,LANTERN,CIPHER
qwen25_math7b,cot,cf_0037,1.0,1.0,1.0,1.0,0.0,1.0,correct_flip,cyber_defense,1,CIPHER,RAVEN,RAVEN,CIPHER
qwen25_math7b,cot,cf_0038,0.0,1.0,0.0,0.0,1.0,1.0,branching_both,tool_agent,1,CIPHER,CIPHER,ZENITH,CIPHER
qwen25_math7b,cot,cf_0039,1.0,1.0,1.0,1.0,0.0,1.0,correct_flip,logistics,1,LANTERN,VELVET,VELVET,LANTERN
qwen25_math7b,cot,cf_0040,0.0,1.0,0.0,0.0,1.0,1.0,branching_both,exploration,1,VELVET,VELVET,TIDAL,VELVET
qwen25_math7b,cot,cf_0041,0.0,1.0,0.0,0.0,1.0,1.0,branching_both,resource_game,1,ZENITH,ZENITH,LANTERN,ZENITH
qwen25_math7b,cot,cf_0042,1.0,1.0,1.0,1.0,0.0,1.0,correct_flip,abstract_game,2,WILLOW,RAVEN,RAVEN,WILLOW
qwen25_math7b,cot,cf_0043,0.0,1.0,0.0,0.0,1.0,1.0,branching_both,cyber_defense,2,ORBIT,ORBIT,TIDAL,ORBIT
qwen25_math7b,cot,cf_0044,1.0,1.0,1.0,1.0,0.0,1.0,correct_flip,tool_agent,2,WILLOW,KITE,KITE,WILLOW
qwen25_math7b,cot,cf_0045,1.0,1.0,1.0,1.0,0.0,1.0,correct_flip,logistics,2,CIPHER,WILLOW,WILLOW,CIPHER
qwen25_math7b,cot,cf_0046,1.0,1.0,1.0,1.0,0.0,1.0,correct_flip,exploration,2,QUARTZ,ORBIT,ORBIT,QUARTZ
qwen25_math7b,cot,cf_0047,0.0,0.0,1.0,0.0,1.0,1.0,safe_both,resource_game,2,RAVEN,RAVEN,RAVEN,KITE
qwen25_math7b,cot,cf_0048,0.0,1.0,0.0,0.0,1.0,1.0,branching_both,abstract_game,3,LANTERN,LANTERN,CIPHER,LANTERN
qwen25_math7b,cot,cf_0049,0.0,1.0,0.0,0.0,1.0,1.0,branching_both,cyber_defense,3,RAVEN,RAVEN,VELVET,RAVEN
qwen25_math7b,cot,cf_0050,0.0,1.0,0.0,0.0,1.0,1.0,branching_both,tool_agent,3,KITE,KITE,LANTERN,KITE
qwen25_math7b,cot,cf_0051,0.0,1.0,0.0,0.0,1.0,1.0,branching_both,logistics,3,RAVEN,RAVEN,CIPHER,RAVEN
qwen25_math7b,cot,cf_0052,1.0,1.0,1.0,1.0,0.0,1.0,correct_flip,exploration,3,CIPHER,RAVEN,RAVEN,CIPHER
qwen25_math7b,cot,cf_0053,0.0,1.0,0.0,0.0,1.0,1.0,branching_both,resource_game,3,ZENITH,ZENITH,TIDAL,ZENITH
qwen25_math7b,cot,cf_0054,0.0,0.0,1.0,0.0,1.0,1.0,safe_both,abstract_game,1,KITE,KITE,KITE,ORBIT
qwen25_math7b,cot,cf_0055,1.0,1.0,1.0,1.0,0.0,1.0,correct_flip,cyber_defense,1,RAVEN,ZENITH,ZENITH,RAVEN
qwen25_math7b,cot,cf_0056,1.0,1.0,1.0,1.0,0.0,1.0,correct_flip,tool_agent,1,SUMMIT,RAVEN,RAVEN,SUMMIT
qwen25_math7b,cot,cf_0057,1.0,1.0,1.0,1.0,0.0,1.0,correct_flip,logistics,1,ORBIT,WILLOW,WILLOW,ORBIT
qwen25_math7b,cot,cf_0058,1.0,1.0,1.0,1.0,0.0,1.0,correct_flip,exploration,1,VELVET,CIPHER,CIPHER,VELVET
qwen25_math7b,cot,cf_0059,0.0,0.0,1.0,0.0,1.0,1.0,safe_both,resource_game,1,RAVEN,RAVEN,RAVEN,EMBER
qwen25_math7b,cot,cf_0060,0.0,0.0,0.0,1.0,0.0,1.0,reversed_flip,abstract_game,2,RAVEN,ORBIT,RAVEN,ORBIT
qwen25_math7b,cot,cf_0061,0.0,1.0,0.0,0.0,1.0,1.0,branching_both,cyber_defense,2,EMBER,EMBER,CIPHER,EMBER
qwen25_math7b,cot,cf_0062,0.0,1.0,0.0,0.0,1.0,1.0,branching_both,tool_agent,2,EMBER,EMBER,VELVET,EMBER
qwen25_math7b,cot,cf_0063,0.0,0.0,1.0,0.0,1.0,1.0,safe_both,logistics,2,QUARTZ,QUARTZ,QUARTZ,RAVEN
qwen25_math7b,cot,cf_0064,0.0,0.0,0.0,1.0,0.0,1.0,reversed_flip,exploration,2,QUARTZ,ORBIT,QUARTZ,ORBIT
qwen25_math7b,cot,cf_0065,0.0,1.0,0.0,0.0,1.0,1.0,branching_both,resource_game,2,TIDAL,TIDAL,SUMMIT,TIDAL
qwen25_math7b,cot,cf_0066,0.0,1.0,0.0,0.0,1.0,1.0,branching_both,abstract_game,3,TIDAL,TIDAL,VELVET,TIDAL
qwen25_math7b,cot,cf_0067,0.0,1.0,0.0,0.0,1.0,1.0,branching_both,cyber_defense,3,QUARTZ,QUARTZ,ORBIT,QUARTZ
qwen25_math7b,cot,cf_0068,0.0,1.0,0.0,0.0,1.0,1.0,branching_both,tool_agent,3,KITE,KITE,RAVEN,KITE
qwen25_math7b,cot,cf_0069,0.0,1.0,0.0,0.0,1.0,1.0,branching_both,logistics,3,QUARTZ,QUARTZ,CIPHER,QUARTZ
qwen25_math7b,cot,cf_0070,0.0,1.0,0.0,0.0,1.0,1.0,branching_both,exploration,3,QUARTZ,QUARTZ,RAVEN,QUARTZ
qwen25_math7b,cot,cf_0071,0.0,1.0,0.0,0.0,1.0,1.0,branching_both,resource_game,3,VELVET,VELVET,CIPHER,VELVET
qwen25_math7b,cot,cf_0072,1.0,1.0,1.0,1.0,0.0,1.0,correct_flip,abstract_game,1,EMBER,WILLOW,WILLOW,EMBER
qwen25_math7b,cot,cf_0073,0.0,1.0,0.0,0.0,1.0,1.0,branching_both,cyber_defense,1,SUMMIT,SUMMIT,LANTERN,SUMMIT
qwen25_math7b,cot,cf_0074,0.0,0.0,0.0,1.0,0.0,1.0,reversed_flip,tool_agent,1,WILLOW,EMBER,WILLOW,EMBER
qwen25_math7b,cot,cf_0075,0.0,1.0,0.0,0.0,1.0,1.0,branching_both,logistics,1,ORBIT,ORBIT,WILLOW,ORBIT
qwen25_math7b,cot,cf_0076,0.0,1.0,0.0,0.0,1.0,1.0,branching_both,exploration,1,CIPHER,CIPHER,LANTERN,CIPHER
qwen25_math7b,cot,cf_0077,0.0,1.0,0.0,0.0,1.0,1.0,branching_both,resource_game,1,EMBER,EMBER,LANTERN,EMBER
qwen25_math7b,cot,cf_0078,0.0,1.0,0.0,0.0,1.0,1.0,branching_both,abstract_game,2,QUARTZ,QUARTZ,TIDAL,QUARTZ
qwen25_math7b,cot,cf_0079,0.0,1.0,0.0,0.0,1.0,1.0,branching_both,cyber_defense,2,QUARTZ,QUARTZ,SUMMIT,QUARTZ
qwen25_math7b,cot,cf_0080,0.0,1.0,0.0,0.0,1.0,1.0,branching_both,tool_agent,2,SUMMIT,SUMMIT,LANTERN,SUMMIT
qwen25_math7b,cot,cf_0081,0.0,1.0,0.0,0.0,1.0,1.0,branching_both,logistics,2,ZENITH,ZENITH,EMBER,ZENITH
qwen25_math7b,cot,cf_0082,0.0,1.0,0.0,0.0,1.0,1.0,branching_both,exploration,2,QUARTZ,QUARTZ,ZENITH,QUARTZ
qwen25_math7b,cot,cf_0083,0.0,1.0,0.0,0.0,1.0,1.0,branching_both,resource_game,2,ORBIT,ORBIT,QUARTZ,ORBIT
qwen25_math7b,cot,cf_0084,1.0,1.0,1.0,1.0,0.0,1.0,correct_flip,abstract_game,3,RAVEN,QUARTZ,QUARTZ,RAVEN
qwen25_math7b,cot,cf_0085,0.0,1.0,0.0,0.0,1.0,1.0,branching_both,cyber_defense,3,KITE,KITE,CIPHER,KITE
qwen25_math7b,cot,cf_0086,0.0,1.0,0.0,0.0,0.0,0.0,unparsed,tool_agent,3,SUMMIT,,ORBIT,SUMMIT
qwen25_math7b,cot,cf_0087,0.0,1.0,0.0,0.0,1.0,1.0,branching_both,logistics,3,SUMMIT,SUMMIT,WILLOW,SUMMIT
qwen25_math7b,cot,cf_0088,0.0,1.0,0.0,0.0,1.0,1.0,branching_both,exploration,3,TIDAL,TIDAL,CIPHER,TIDAL
qwen25_math7b,cot,cf_0089,0.0,1.0,0.0,0.0,1.0,1.0,branching_both,resource_game,3,KITE,KITE,TIDAL,KITE
qwen25_math7b,cot,cf_0090,1.0,1.0,1.0,1.0,0.0,1.0,correct_flip,abstract_game,1,KITE,ORBIT,ORBIT,KITE
qwen25_math7b,cot,cf_0091,1.0,1.0,1.0,1.0,0.0,1.0,correct_flip,cyber_defense,1,CIPHER,KITE,KITE,CIPHER
qwen25_math7b,cot,cf_0092,0.0,1.0,0.0,0.0,1.0,1.0,branching_both,tool_agent,1,KITE,KITE,SUMMIT,KITE
qwen25_math7b,cot,cf_0093,1.0,1.0,1.0,1.0,0.0,1.0,correct_flip,logistics,1,EMBER,CIPHER,CIPHER,EMBER
qwen25_math7b,cot,cf_0094,1.0,1.0,1.0,1.0,0.0,1.0,correct_flip,exploration,1,WILLOW,EMBER,EMBER,WILLOW
qwen25_math7b,cot,cf_0095,0.0,1.0,0.0,0.0,1.0,1.0,branching_both,resource_game,1,RAVEN,RAVEN,KITE,RAVEN
qwen25_math7b,cot,cf_0096,1.0,1.0,1.0,1.0,0.0,1.0,correct_flip,abstract_game,2,LANTERN,VELVET,VELVET,LANTERN
qwen25_math7b,cot,cf_0097,0.0,1.0,0.0,0.0,1.0,1.0,branching_both,cyber_defense,2,SUMMIT,SUMMIT,QUARTZ,SUMMIT
qwen25_math7b,cot,cf_0098,0.0,1.0,0.0,0.0,1.0,1.0,branching_both,tool_agent,2,QUARTZ,QUARTZ,VELVET,QUARTZ
qwen25_math7b,cot,cf_0099,0.0,1.0,0.0,0.0,1.0,1.0,branching_both,logistics,2,QUARTZ,QUARTZ,EMBER,QUARTZ
qwen25_math7b,cot,cf_0100,0.0,1.0,0.0,0.0,1.0,1.0,branching_both,exploration,2,LANTERN,LANTERN,RAVEN,LANTERN
qwen25_math7b,cot,cf_0101,1.0,1.0,1.0,1.0,0.0,1.0,correct_flip,resource_game,2,RAVEN,VELVET,VELVET,RAVEN
qwen25_math7b,cot,cf_0102,1.0,1.0,1.0,1.0,0.0,1.0,correct_flip,abstract_game,3,ZENITH,ORBIT,ORBIT,ZENITH
qwen25_math7b,cot,cf_0103,0.0,1.0,0.0,0.0,1.0,1.0,branching_both,cyber_defense,3,TIDAL,TIDAL,RAVEN,TIDAL
qwen25_math7b,cot,cf_0104,0.0,1.0,0.0,0.0,1.0,1.0,branching_both,tool_agent,3,KITE,KITE,SUMMIT,KITE
qwen25_math7b,cot,cf_0105,1.0,1.0,1.0,1.0,0.0,1.0,correct_flip,logistics,3,TIDAL,ORBIT,ORBIT,TIDAL
qwen25_math7b,cot,cf_0106,0.0,1.0,0.0,0.0,1.0,1.0,branching_both,exploration,3,RAVEN,RAVEN,VELVET,RAVEN
qwen25_math7b,cot,cf_0107,0.0,1.0,0.0,0.0,1.0,1.0,branching_both,resource_game,3,EMBER,EMBER,CIPHER,EMBER
qwen25_math7b,cot,cf_0108,1.0,1.0,1.0,1.0,0.0,1.0,correct_flip,abstract_game,1,TIDAL,SUMMIT,SUMMIT,TIDAL
qwen25_math7b,cot,cf_0109,1.0,1.0,1.0,1.0,0.0,1.0,correct_flip,cyber_defense,1,CIPHER,WILLOW,WILLOW,CIPHER
qwen25_math7b,cot,cf_0110,1.0,1.0,1.0,1.0,0.0,1.0,correct_flip,tool_agent,1,QUARTZ,WILLOW,WILLOW,QUARTZ
qwen25_math7b,cot,cf_0111,1.0,1.0,1.0,1.0,0.0,1.0,correct_flip,logistics,1,VELVET,LANTERN,LANTERN,VELVET
qwen25_math7b,cot,cf_0112,0.0,0.0,1.0,0.0,1.0,1.0,safe_both,exploration,1,TIDAL,TIDAL,TIDAL,WILLOW
qwen25_math7b,cot,cf_0113,1.0,1.0,1.0,1.0,0.0,1.0,correct_flip,resource_game,1,KITE,QUARTZ,QUARTZ,KITE
qwen25_math7b,cot,cf_0114,1.0,1.0,1.0,1.0,0.0,1.0,correct_flip,abstract_game,2,RAVEN,KITE,KITE,RAVEN
qwen25_math7b,cot,cf_0115,0.0,1.0,0.0,0.0,1.0,1.0,branching_both,cyber_defense,2,ZENITH,ZENITH,ORBIT,ZENITH
qwen25_math7b,cot,cf_0116,0.0,1.0,0.0,0.0,1.0,1.0,branching_both,tool_agent,2,QUARTZ,QUARTZ,LANTERN,QUARTZ
qwen25_math7b,cot,cf_0117,0.0,1.0,0.0,0.0,1.0,1.0,branching_both,logistics,2,VELVET,VELVET,ORBIT,VELVET
qwen25_math7b,cot,cf_0118,1.0,1.0,1.0,1.0,0.0,1.0,correct_flip,exploration,2,TIDAL,SUMMIT,SUMMIT,TIDAL
qwen25_math7b,cot,cf_0119,1.0,1.0,1.0,1.0,0.0,1.0,correct_flip,resource_game,2,RAVEN,VELVET,VELVET,RAVEN
qwen25_math7b,cot,cf_0120,0.0,1.0,0.0,0.0,1.0,1.0,branching_both,abstract_game,3,ORBIT,ORBIT,WILLOW,ORBIT
qwen25_math7b,cot,cf_0121,0.0,1.0,0.0,0.0,1.0,1.0,branching_both,cyber_defense,3,VELVET,VELVET,EMBER,VELVET
qwen25_math7b,cot,cf_0122,0.0,0.0,1.0,0.0,1.0,1.0,safe_both,tool_agent,3,EMBER,EMBER,EMBER,SUMMIT
qwen25_math7b,cot,cf_0123,0.0,1.0,0.0,0.0,1.0,1.0,branching_both,logistics,3,WILLOW,WILLOW,ORBIT,WILLOW
qwen25_math7b,cot,cf_0124,0.0,1.0,0.0,0.0,1.0,1.0,branching_both,exploration,3,ZENITH,ZENITH,SUMMIT,ZENITH
qwen25_math7b,cot,cf_0125,1.0,1.0,1.0,1.0,0.0,1.0,correct_flip,resource_game,3,KITE,TIDAL,TIDAL,KITE
qwen25_math7b,cot,cf_0126,0.0,0.0,1.0,0.0,1.0,1.0,safe_both,abstract_game,1,CIPHER,CIPHER,CIPHER,KITE
qwen25_math7b,cot,cf_0127,0.0,0.0,1.0,0.0,1.0,1.0,safe_both,cyber_defense,1,KITE,KITE,KITE,QUARTZ
qwen25_math7b,cot,cf_0128,0.0,1.0,0.0,0.0,1.0,1.0,branching_both,tool_agent,1,TIDAL,TIDAL,KITE,TIDAL
qwen25_math7b,cot,cf_0129,1.0,1.0,1.0,1.0,0.0,1.0,correct_flip,logistics,1,CIPHER,WILLOW,WILLOW,CIPHER
qwen25_math7b,cot,cf_0130,0.0,0.0,1.0,0.0,1.0,1.0,safe_both,exploration,1,CIPHER,CIPHER,CIPHER,LANTERN
qwen25_math7b,cot,cf_0131,1.0,1.0,1.0,1.0,0.0,1.0,correct_flip,resource_game,1,SUMMIT,ZENITH,ZENITH,SUMMIT
qwen25_math7b,cot,cf_0132,0.0,0.0,0.0,1.0,0.0,1.0,reversed_flip,abstract_game,2,LANTERN,ORBIT,LANTERN,ORBIT
qwen25_math7b,cot,cf_0133,0.0,1.0,0.0,0.0,1.0,1.0,branching_both,cyber_defense,2,SUMMIT,SUMMIT,ORBIT,SUMMIT
qwen25_math7b,cot,cf_0134,0.0,1.0,0.0,0.0,1.0,1.0,branching_both,tool_agent,2,LANTERN,LANTERN,KITE,LANTERN
qwen25_math7b,cot,cf_0135,0.0,1.0,0.0,0.0,1.0,1.0,branching_both,logistics,2,LANTERN,LANTERN,KITE,LANTERN
qwen25_math7b,cot,cf_0136,0.0,1.0,0.0,0.0,1.0,1.0,branching_both,exploration,2,CIPHER,CIPHER,KITE,CIPHER
qwen25_math7b,cot,cf_0137,0.0,1.0,0.0,0.0,1.0,1.0,branching_both,resource_game,2,CIPHER,CIPHER,RAVEN,CIPHER
qwen25_math7b,cot,cf_0138,0.0,1.0,0.0,0.0,1.0,1.0,branching_both,abstract_game,3,ZENITH,ZENITH,EMBER,ZENITH
qwen25_math7b,cot,cf_0139,1.0,1.0,1.0,1.0,0.0,1.0,correct_flip,cyber_defense,3,VELVET,RAVEN,RAVEN,VELVET
qwen25_math7b,cot,cf_0140,0.0,1.0,0.0,0.0,1.0,1.0,branching_both,tool_agent,3,ORBIT,ORBIT,TIDAL,ORBIT
qwen25_math7b,cot,cf_0141,0.0,1.0,0.0,0.0,1.0,1.0,branching_both,logistics,3,RAVEN,RAVEN,ORBIT,RAVEN
qwen25_math7b,cot,cf_0142,0.0,1.0,0.0,0.0,1.0,1.0,branching_both,exploration,3,CIPHER,CIPHER,ZENITH,CIPHER
qwen25_math7b,cot,cf_0143,0.0,1.0,0.0,0.0,1.0,1.0,branching_both,resource_game,3,WILLOW,WILLOW,VELVET,WILLOW
qwen25_math7b,cot,cf_0144,1.0,1.0,1.0,1.0,0.0,1.0,correct_flip,abstract_game,1,WILLOW,ZENITH,ZENITH,WILLOW
qwen25_math7b,cot,cf_0145,0.0,1.0,0.0,0.0,1.0,1.0,branching_both,cyber_defense,1,RAVEN,RAVEN,ORBIT,RAVEN
qwen25_math7b,cot,cf_0146,1.0,1.0,1.0,1.0,0.0,1.0,correct_flip,tool_agent,1,LANTERN,EMBER,EMBER,LANTERN
qwen25_math7b,cot,cf_0147,0.0,1.0,0.0,0.0,1.0,1.0,branching_both,logistics,1,RAVEN,RAVEN,LANTERN,RAVEN
qwen25_math7b,cot,cf_0148,1.0,1.0,1.0,1.0,0.0,1.0,correct_flip,exploration,1,ZENITH,TIDAL,TIDAL,ZENITH
qwen25_math7b,cot,cf_0149,1.0,1.0,1.0,1.0,0.0,1.0,correct_flip,resource_game,1,LANTERN,ZENITH,ZENITH,LANTERN
qwen25_math7b,cot,cf_0150,0.0,0.0,1.0,0.0,1.0,1.0,safe_both,abstract_game,2,VELVET,VELVET,VELVET,LANTERN
qwen25_math7b,cot,cf_0151,0.0,1.0,0.0,0.0,1.0,1.0,branching_both,cyber_defense,2,CIPHER,CIPHER,VELVET,CIPHER
qwen25_math7b,cot,cf_0152,1.0,1.0,1.0,1.0,0.0,1.0,correct_flip,tool_agent,2,ZENITH,VELVET,VELVET,ZENITH
qwen25_math7b,cot,cf_0153,0.0,1.0,0.0,0.0,1.0,1.0,branching_both,logistics,2,ORBIT,ORBIT,CIPHER,ORBIT
qwen25_math7b,cot,cf_0154,1.0,1.0,1.0,1.0,0.0,1.0,correct_flip,exploration,2,LANTERN,VELVET,VELVET,LANTERN
qwen25_math7b,cot,cf_0155,1.0,1.0,1.0,1.0,0.0,1.0,correct_flip,resource_game,2,RAVEN,QUARTZ,QUARTZ,RAVEN
qwen25_math7b,cot,cf_0156,1.0,1.0,1.0,1.0,0.0,1.0,correct_flip,abstract_game,3,ZENITH,QUARTZ,QUARTZ,ZENITH
qwen25_math7b,cot,cf_0157,1.0,1.0,1.0,1.0,0.0,1.0,correct_flip,cyber_defense,3,SUMMIT,EMBER,EMBER,SUMMIT
qwen25_math7b,cot,cf_0158,0.0,1.0,0.0,0.0,1.0,1.0,branching_both,tool_agent,3,KITE,KITE,TIDAL,KITE
qwen25_math7b,cot,cf_0159,0.0,1.0,0.0,0.0,1.0,1.0,branching_both,logistics,3,VELVET,VELVET,WILLOW,VELVET
qwen25_math7b,cot,cf_0160,0.0,1.0,0.0,0.0,1.0,1.0,branching_both,exploration,3,LANTERN,LANTERN,ORBIT,LANTERN
qwen25_math7b,cot,cf_0161,0.0,1.0,0.0,0.0,1.0,1.0,branching_both,resource_game,3,WILLOW,WILLOW,RAVEN,WILLOW
qwen25_math7b,cot,cf_0162,0.0,1.0,0.0,0.0,1.0,1.0,branching_both,abstract_game,1,TIDAL,TIDAL,LANTERN,TIDAL
qwen25_math7b,cot,cf_0163,0.0,0.0,1.0,0.0,1.0,1.0,safe_both,cyber_defense,1,TIDAL,TIDAL,TIDAL,QUARTZ
qwen25_math7b,cot,cf_0164,0.0,1.0,0.0,0.0,1.0,1.0,branching_both,tool_agent,1,WILLOW,WILLOW,RAVEN,WILLOW
qwen25_math7b,cot,cf_0165,0.0,1.0,0.0,0.0,1.0,1.0,branching_both,logistics,1,EMBER,EMBER,LANTERN,EMBER
qwen25_math7b,cot,cf_0166,0.0,1.0,0.0,0.0,1.0,1.0,branching_both,exploration,1,WILLOW,WILLOW,ORBIT,WILLOW
qwen25_math7b,cot,cf_0167,0.0,1.0,0.0,0.0,1.0,1.0,branching_both,resource_game,1,CIPHER,CIPHER,RAVEN,CIPHER
qwen25_math7b,cot,cf_0168,0.0,1.0,0.0,0.0,1.0,1.0,branching_both,abstract_game,2,ORBIT,ORBIT,KITE,ORBIT
qwen25_math7b,cot,cf_0169,0.0,0.0,0.0,1.0,0.0,1.0,reversed_flip,cyber_defense,2,EMBER,LANTERN,EMBER,LANTERN
qwen25_math7b,cot,cf_0170,0.0,1.0,0.0,0.0,1.0,1.0,branching_both,tool_agent,2,RAVEN,RAVEN,ZENITH,RAVEN
qwen25_math7b,cot,cf_0171,0.0,1.0,0.0,0.0,1.0,1.0,branching_both,logistics,2,ZENITH,ZENITH,TIDAL,ZENITH
qwen25_math7b,cot,cf_0172,0.0,1.0,0.0,0.0,1.0,1.0,branching_both,exploration,2,QUARTZ,QUARTZ,KITE,QUARTZ
qwen25_math7b,cot,cf_0173,0.0,1.0,0.0,0.0,1.0,1.0,branching_both,resource_game,2,KITE,KITE,EMBER,KITE
qwen25_math7b,cot,cf_0174,0.0,1.0,0.0,0.0,1.0,1.0,branching_both,abstract_game,3,WILLOW,WILLOW,ORBIT,WILLOW
qwen25_math7b,cot,cf_0175,0.0,1.0,0.0,0.0,1.0,1.0,branching_both,cyber_defense,3,EMBER,EMBER,ZENITH,EMBER
qwen25_math7b,cot,cf_0176,0.0,1.0,0.0,0.0,1.0,1.0,branching_both,tool_agent,3,EMBER,EMBER,CIPHER,EMBER
qwen25_math7b,cot,cf_0177,0.0,1.0,0.0,0.0,1.0,1.0,branching_both,logistics,3,RAVEN,RAVEN,KITE,RAVEN
qwen25_math7b,cot,cf_0178,1.0,1.0,1.0,1.0,0.0,1.0,correct_flip,exploration,3,LANTERN,QUARTZ,QUARTZ,LANTERN
qwen25_math7b,cot,cf_0179,0.0,1.0,0.0,0.0,1.0,1.0,branching_both,resource_game,3,RAVEN,RAVEN,SUMMIT,RAVEN
qwen25_math7b,direct,cf_0000,0.0,0.0,1.0,0.0,1.0,1.0,safe_both,abstract_game,1,TIDAL,TIDAL,TIDAL,VELVET
qwen25_math7b,direct,cf_0001,0.0,0.0,1.0,0.0,1.0,1.0,safe_both,cyber_defense,1,SUMMIT,SUMMIT,SUMMIT,KITE
qwen25_math7b,direct,cf_0002,0.0,0.0,1.0,0.0,1.0,1.0,safe_both,tool_agent,1,WILLOW,WILLOW,WILLOW,SUMMIT
qwen25_math7b,direct,cf_0003,0.0,0.0,1.0,0.0,1.0,1.0,safe_both,logistics,1,VELVET,VELVET,VELVET,EMBER
qwen25_math7b,direct,cf_0004,0.0,0.0,1.0,0.0,1.0,1.0,safe_both,exploration,1,RAVEN,RAVEN,RAVEN,VELVET
qwen25_math7b,direct,cf_0005,0.0,0.0,1.0,0.0,1.0,1.0,safe_both,resource_game,1,CIPHER,CIPHER,CIPHER,ORBIT
qwen25_math7b,direct,cf_0006,0.0,0.0,1.0,0.0,1.0,1.0,safe_both,abstract_game,2,ZENITH,ZENITH,ZENITH,LANTERN
qwen25_math7b,direct,cf_0007,0.0,0.0,1.0,0.0,1.0,1.0,safe_both,cyber_defense,2,EMBER,EMBER,EMBER,SUMMIT
qwen25_math7b,direct,cf_0008,0.0,0.0,1.0,0.0,1.0,1.0,safe_both,tool_agent,2,KITE,KITE,KITE,WILLOW
qwen25_math7b,direct,cf_0009,0.0,0.0,1.0,0.0,1.0,1.0,safe_both,logistics,2,ORBIT,ORBIT,ORBIT,TIDAL
qwen25_math7b,direct,cf_0010,0.0,0.0,1.0,0.0,1.0,1.0,safe_both,exploration,2,CIPHER,CIPHER,CIPHER,WILLOW
qwen25_math7b,direct,cf_0011,0.0,0.0,1.0,0.0,1.0,1.0,safe_both,resource_game,2,QUARTZ,QUARTZ,QUARTZ,ORBIT
qwen25_math7b,direct,cf_0012,0.0,0.0,1.0,0.0,1.0,1.0,safe_both,abstract_game,3,ORBIT,ORBIT,ORBIT,VELVET
qwen25_math7b,direct,cf_0013,0.0,0.0,1.0,0.0,1.0,1.0,safe_both,cyber_defense,3,QUARTZ,QUARTZ,QUARTZ,VELVET
qwen25_math7b,direct,cf_0014,0.0,0.0,1.0,0.0,1.0,1.0,safe_both,tool_agent,3,EMBER,EMBER,EMBER,ZENITH
qwen25_math7b,direct,cf_0015,0.0,0.0,1.0,0.0,1.0,1.0,safe_both,logistics,3,LANTERN,LANTERN,LANTERN,WILLOW
qwen25_math7b,direct,cf_0016,0.0,0.0,1.0,0.0,1.0,1.0,safe_both,exploration,3,ZENITH,ZENITH,ZENITH,VELVET
qwen25_math7b,direct,cf_0017,0.0,0.0,1.0,0.0,1.0,1.0,safe_both,resource_game,3,ZENITH,ZENITH,ZENITH,QUARTZ
qwen25_math7b,direct,cf_0018,0.0,0.0,1.0,0.0,1.0,1.0,safe_both,abstract_game,1,RAVEN,RAVEN,RAVEN,VELVET
qwen25_math7b,direct,cf_0019,0.0,0.0,1.0,0.0,1.0,1.0,safe_both,cyber_defense,1,SUMMIT,SUMMIT,SUMMIT,TIDAL
qwen25_math7b,direct,cf_0020,0.0,0.0,1.0,0.0,1.0,1.0,safe_both,tool_agent,1,ZENITH,ZENITH,ZENITH,QUARTZ
qwen25_math7b,direct,cf_0021,0.0,0.0,1.0,0.0,1.0,1.0,safe_both,logistics,1,ZENITH,ZENITH,ZENITH,ORBIT
qwen25_math7b,direct,cf_0022,0.0,0.0,1.0,0.0,1.0,1.0,safe_both,exploration,1,RAVEN,RAVEN,RAVEN,ZENITH
qwen25_math7b,direct,cf_0023,0.0,0.0,1.0,0.0,1.0,1.0,safe_both,resource_game,1,KITE,KITE,KITE,SUMMIT
qwen25_math7b,direct,cf_0024,0.0,0.0,1.0,0.0,1.0,1.0,safe_both,abstract_game,2,QUARTZ,QUARTZ,QUARTZ,WILLOW
qwen25_math7b,direct,cf_0025,0.0,0.0,1.0,0.0,1.0,1.0,safe_both,cyber_defense,2,ORBIT,ORBIT,ORBIT,VELVET
qwen25_math7b,direct,cf_0026,0.0,0.0,1.0,0.0,1.0,1.0,safe_both,tool_agent,2,ORBIT,ORBIT,ORBIT,LANTERN
qwen25_math7b,direct,cf_0027,0.0,0.0,0.0,1.0,0.0,1.0,reversed_flip,logistics,2,EMBER,CIPHER,EMBER,CIPHER
qwen25_math7b,direct,cf_0028,0.0,0.0,1.0,0.0,1.0,1.0,safe_both,exploration,2,ORBIT,ORBIT,ORBIT,EMBER
qwen25_math7b,direct,cf_0029,0.0,0.0,1.0,0.0,1.0,1.0,safe_both,resource_game,2,VELVET,VELVET,VELVET,EMBER
qwen25_math7b,direct,cf_0030,0.0,0.0,1.0,0.0,1.0,1.0,safe_both,abstract_game,3,TIDAL,TIDAL,TIDAL,ZENITH
qwen25_math7b,direct,cf_0031,0.0,0.0,1.0,0.0,1.0,1.0,safe_both,cyber_defense,3,LANTERN,LANTERN,LANTERN,WILLOW
qwen25_math7b,direct,cf_0032,0.0,0.0,1.0,0.0,1.0,1.0,safe_both,tool_agent,3,QUARTZ,QUARTZ,QUARTZ,ORBIT
qwen25_math7b,direct,cf_0033,0.0,0.0,1.0,0.0,1.0,1.0,safe_both,logistics,3,KITE,KITE,KITE,EMBER
qwen25_math7b,direct,cf_0034,0.0,0.0,1.0,0.0,1.0,1.0,safe_both,exploration,3,KITE,KITE,KITE,VELVET
qwen25_math7b,direct,cf_0035,0.0,0.0,1.0,0.0,1.0,1.0,safe_both,resource_game,3,TIDAL,TIDAL,TIDAL,WILLOW
qwen25_math7b,direct,cf_0036,0.0,0.0,1.0,0.0,1.0,1.0,safe_both,abstract_game,1,LANTERN,LANTERN,LANTERN,CIPHER
qwen25_math7b,direct,cf_0037,0.0,0.0,1.0,0.0,1.0,1.0,safe_both,cyber_defense,1,RAVEN,RAVEN,RAVEN,CIPHER
qwen25_math7b,direct,cf_0038,0.0,0.0,1.0,0.0,1.0,1.0,safe_both,tool_agent,1,ZENITH,ZENITH,ZENITH,CIPHER
qwen25_math7b,direct,cf_0039,0.0,0.0,1.0,0.0,1.0,1.0,safe_both,logistics,1,VELVET,VELVET,VELVET,LANTERN
qwen25_math7b,direct,cf_0040,0.0,0.0,1.0,0.0,1.0,1.0,safe_both,exploration,1,TIDAL,TIDAL,TIDAL,VELVET
qwen25_math7b,direct,cf_0041,0.0,0.0,1.0,0.0,1.0,1.0,safe_both,resource_game,1,LANTERN,LANTERN,LANTERN,ZENITH
qwen25_math7b,direct,cf_0042,0.0,0.0,1.0,0.0,1.0,1.0,safe_both,abstract_game,2,RAVEN,RAVEN,RAVEN,WILLOW
qwen25_math7b,direct,cf_0043,0.0,0.0,1.0,0.0,1.0,1.0,safe_both,cyber_defense,2,TIDAL,TIDAL,TIDAL,ORBIT
qwen25_math7b,direct,cf_0044,0.0,0.0,1.0,0.0,1.0,1.0,safe_both,tool_agent,2,KITE,KITE,KITE,WILLOW
qwen25_math7b,direct,cf_0045,0.0,0.0,1.0,0.0,1.0,1.0,safe_both,logistics,2,WILLOW,WILLOW,WILLOW,CIPHER
qwen25_math7b,direct,cf_0046,0.0,0.0,1.0,0.0,1.0,1.0,safe_both,exploration,2,ORBIT,ORBIT,ORBIT,QUARTZ
qwen25_math7b,direct,cf_0047,0.0,0.0,1.0,0.0,1.0,1.0,safe_both,resource_game,2,RAVEN,RAVEN,RAVEN,KITE
qwen25_math7b,direct,cf_0048,0.0,0.0,1.0,0.0,1.0,1.0,safe_both,abstract_game,3,CIPHER,CIPHER,CIPHER,LANTERN
qwen25_math7b,direct,cf_0049,0.0,0.0,1.0,0.0,1.0,1.0,safe_both,cyber_defense,3,VELVET,VELVET,VELVET,RAVEN
qwen25_math7b,direct,cf_0050,0.0,0.0,1.0,0.0,1.0,1.0,safe_both,tool_agent,3,LANTERN,LANTERN,LANTERN,KITE
qwen25_math7b,direct,cf_0051,0.0,0.0,1.0,0.0,1.0,1.0,safe_both,logistics,3,CIPHER,CIPHER,CIPHER,RAVEN
qwen25_math7b,direct,cf_0052,0.0,0.0,1.0,0.0,1.0,1.0,safe_both,exploration,3,RAVEN,RAVEN,RAVEN,CIPHER
qwen25_math7b,direct,cf_0053,0.0,0.0,1.0,0.0,1.0,1.0,safe_both,resource_game,3,TIDAL,TIDAL,TIDAL,ZENITH
qwen25_math7b,direct,cf_0054,0.0,0.0,1.0,0.0,1.0,1.0,safe_both,abstract_game,1,KITE,KITE,KITE,ORBIT
qwen25_math7b,direct,cf_0055,0.0,0.0,1.0,0.0,1.0,1.0,safe_both,cyber_defense,1,ZENITH,ZENITH,ZENITH,RAVEN
qwen25_math7b,direct,cf_0056,0.0,0.0,1.0,0.0,1.0,1.0,safe_both,tool_agent,1,RAVEN,RAVEN,RAVEN,SUMMIT
qwen25_math7b,direct,cf_0057,0.0,0.0,1.0,0.0,1.0,1.0,safe_both,logistics,1,WILLOW,WILLOW,WILLOW,ORBIT
qwen25_math7b,direct,cf_0058,0.0,0.0,1.0,0.0,1.0,1.0,safe_both,exploration,1,CIPHER,CIPHER,CIPHER,VELVET
qwen25_math7b,direct,cf_0059,0.0,0.0,1.0,0.0,1.0,1.0,safe_both,resource_game,1,RAVEN,RAVEN,RAVEN,EMBER
qwen25_math7b,direct,cf_0060,0.0,0.0,1.0,0.0,1.0,1.0,safe_both,abstract_game,2,RAVEN,RAVEN,RAVEN,ORBIT
qwen25_math7b,direct,cf_0061,0.0,0.0,1.0,0.0,1.0,1.0,safe_both,cyber_defense,2,CIPHER,CIPHER,CIPHER,EMBER
qwen25_math7b,direct,cf_0062,0.0,0.0,1.0,0.0,1.0,1.0,safe_both,tool_agent,2,VELVET,VELVET,VELVET,EMBER
qwen25_math7b,direct,cf_0063,0.0,0.0,1.0,0.0,1.0,1.0,safe_both,logistics,2,QUARTZ,QUARTZ,QUARTZ,RAVEN
qwen25_math7b,direct,cf_0064,0.0,0.0,1.0,0.0,1.0,1.0,safe_both,exploration,2,QUARTZ,QUARTZ,QUARTZ,ORBIT
qwen25_math7b,direct,cf_0065,0.0,0.0,1.0,0.0,1.0,1.0,safe_both,resource_game,2,SUMMIT,SUMMIT,SUMMIT,TIDAL
qwen25_math7b,direct,cf_0066,0.0,0.0,1.0,0.0,1.0,1.0,safe_both,abstract_game,3,VELVET,VELVET,VELVET,TIDAL
qwen25_math7b,direct,cf_0067,0.0,0.0,1.0,0.0,1.0,1.0,safe_both,cyber_defense,3,ORBIT,ORBIT,ORBIT,QUARTZ
qwen25_math7b,direct,cf_0068,0.0,0.0,1.0,0.0,1.0,1.0,safe_both,tool_agent,3,RAVEN,RAVEN,RAVEN,KITE
qwen25_math7b,direct,cf_0069,0.0,0.0,1.0,0.0,1.0,1.0,safe_both,logistics,3,CIPHER,CIPHER,CIPHER,QUARTZ
qwen25_math7b,direct,cf_0070,0.0,0.0,1.0,0.0,1.0,1.0,safe_both,exploration,3,RAVEN,RAVEN,RAVEN,QUARTZ
qwen25_math7b,direct,cf_0071,0.0,0.0,1.0,0.0,1.0,1.0,safe_both,resource_game,3,CIPHER,CIPHER,CIPHER,VELVET
qwen25_math7b,direct,cf_0072,0.0,0.0,1.0,0.0,1.0,1.0,safe_both,abstract_game,1,WILLOW,WILLOW,WILLOW,EMBER
qwen25_math7b,direct,cf_0073,0.0,0.0,1.0,0.0,1.0,1.0,safe_both,cyber_defense,1,LANTERN,LANTERN,LANTERN,SUMMIT
qwen25_math7b,direct,cf_0074,0.0,0.0,1.0,0.0,1.0,1.0,safe_both,tool_agent,1,WILLOW,WILLOW,WILLOW,EMBER
qwen25_math7b,direct,cf_0075,0.0,0.0,1.0,0.0,1.0,1.0,safe_both,logistics,1,WILLOW,WILLOW,WILLOW,ORBIT
qwen25_math7b,direct,cf_0076,0.0,0.0,1.0,0.0,1.0,1.0,safe_both,exploration,1,LANTERN,LANTERN,LANTERN,CIPHER
qwen25_math7b,direct,cf_0077,0.0,0.0,1.0,0.0,1.0,1.0,safe_both,resource_game,1,LANTERN,LANTERN,LANTERN,EMBER
qwen25_math7b,direct,cf_0078,0.0,0.0,1.0,0.0,1.0,1.0,safe_both,abstract_game,2,TIDAL,TIDAL,TIDAL,QUARTZ
qwen25_math7b,direct,cf_0079,0.0,0.0,1.0,0.0,1.0,1.0,safe_both,cyber_defense,2,SUMMIT,SUMMIT,SUMMIT,QUARTZ
qwen25_math7b,direct,cf_0080,0.0,0.0,1.0,0.0,1.0,1.0,safe_both,tool_agent,2,LANTERN,LANTERN,LANTERN,SUMMIT
qwen25_math7b,direct,cf_0081,0.0,0.0,1.0,0.0,1.0,1.0,safe_both,logistics,2,EMBER,EMBER,EMBER,ZENITH
qwen25_math7b,direct,cf_0082,0.0,0.0,1.0,0.0,1.0,1.0,safe_both,exploration,2,ZENITH,ZENITH,ZENITH,QUARTZ
qwen25_math7b,direct,cf_0083,0.0,0.0,1.0,0.0,1.0,1.0,safe_both,resource_game,2,QUARTZ,QUARTZ,QUARTZ,ORBIT
qwen25_math7b,direct,cf_0084,0.0,0.0,1.0,0.0,1.0,1.0,safe_both,abstract_game,3,QUARTZ,QUARTZ,QUARTZ,RAVEN
qwen25_math7b,direct,cf_0085,0.0,0.0,1.0,0.0,1.0,1.0,safe_both,cyber_defense,3,CIPHER,CIPHER,CIPHER,KITE
qwen25_math7b,direct,cf_0086,0.0,0.0,1.0,0.0,1.0,1.0,safe_both,tool_agent,3,ORBIT,ORBIT,ORBIT,SUMMIT
qwen25_math7b,direct,cf_0087,0.0,0.0,1.0,0.0,1.0,1.0,safe_both,logistics,3,WILLOW,WILLOW,WILLOW,SUMMIT
qwen25_math7b,direct,cf_0088,0.0,0.0,1.0,0.0,1.0,1.0,safe_both,exploration,3,CIPHER,CIPHER,CIPHER,TIDAL
qwen25_math7b,direct,cf_0089,0.0,0.0,1.0,0.0,1.0,1.0,safe_both,resource_game,3,TIDAL,TIDAL,TIDAL,KITE
qwen25_math7b,direct,cf_0090,0.0,0.0,0.0,0.0,0.0,0.0,unparsed,abstract_game,1,ORBIT,,ORBIT,KITE
qwen25_math7b,direct,cf_0091,0.0,0.0,1.0,0.0,1.0,1.0,safe_both,cyber_defense,1,KITE,KITE,KITE,CIPHER
qwen25_math7b,direct,cf_0092,0.0,0.0,1.0,0.0,1.0,1.0,safe_both,tool_agent,1,SUMMIT,SUMMIT,SUMMIT,KITE
qwen25_math7b,direct,cf_0093,0.0,0.0,1.0,0.0,1.0,1.0,safe_both,logistics,1,CIPHER,CIPHER,CIPHER,EMBER
qwen25_math7b,direct,cf_0094,0.0,0.0,1.0,0.0,1.0,1.0,safe_both,exploration,1,EMBER,EMBER,EMBER,WILLOW
qwen25_math7b,direct,cf_0095,0.0,0.0,1.0,0.0,1.0,1.0,safe_both,resource_game,1,KITE,KITE,KITE,RAVEN
qwen25_math7b,direct,cf_0096,0.0,0.0,1.0,0.0,1.0,1.0,safe_both,abstract_game,2,VELVET,VELVET,VELVET,LANTERN
qwen25_math7b,direct,cf_0097,0.0,0.0,1.0,0.0,1.0,1.0,safe_both,cyber_defense,2,QUARTZ,QUARTZ,QUARTZ,SUMMIT
qwen25_math7b,direct,cf_0098,0.0,0.0,1.0,0.0,1.0,1.0,safe_both,tool_agent,2,VELVET,VELVET,VELVET,QUARTZ
qwen25_math7b,direct,cf_0099,0.0,0.0,1.0,0.0,1.0,1.0,safe_both,logistics,2,EMBER,EMBER,EMBER,QUARTZ
qwen25_math7b,direct,cf_0100,0.0,0.0,1.0,0.0,1.0,1.0,safe_both,exploration,2,RAVEN,RAVEN,RAVEN,LANTERN
qwen25_math7b,direct,cf_0101,0.0,0.0,1.0,0.0,1.0,1.0,safe_both,resource_game,2,VELVET,VELVET,VELVET,RAVEN
qwen25_math7b,direct,cf_0102,0.0,0.0,1.0,0.0,1.0,1.0,safe_both,abstract_game,3,ORBIT,ORBIT,ORBIT,ZENITH
qwen25_math7b,direct,cf_0103,0.0,0.0,1.0,0.0,1.0,1.0,safe_both,cyber_defense,3,RAVEN,RAVEN,RAVEN,TIDAL
qwen25_math7b,direct,cf_0104,0.0,0.0,1.0,0.0,1.0,1.0,safe_both,tool_agent,3,SUMMIT,SUMMIT,SUMMIT,KITE
qwen25_math7b,direct,cf_0105,0.0,0.0,1.0,0.0,1.0,1.0,safe_both,logistics,3,ORBIT,ORBIT,ORBIT,TIDAL
qwen25_math7b,direct,cf_0106,0.0,0.0,1.0,0.0,1.0,1.0,safe_both,exploration,3,VELVET,VELVET,VELVET,RAVEN
qwen25_math7b,direct,cf_0107,0.0,0.0,1.0,0.0,1.0,1.0,safe_both,resource_game,3,CIPHER,CIPHER,CIPHER,EMBER
qwen25_math7b,direct,cf_0108,0.0,0.0,1.0,0.0,1.0,1.0,safe_both,abstract_game,1,SUMMIT,SUMMIT,SUMMIT,TIDAL
qwen25_math7b,direct,cf_0109,0.0,0.0,1.0,0.0,1.0,1.0,safe_both,cyber_defense,1,WILLOW,WILLOW,WILLOW,CIPHER
qwen25_math7b,direct,cf_0110,0.0,0.0,1.0,0.0,1.0,1.0,safe_both,tool_agent,1,WILLOW,WILLOW,WILLOW,QUARTZ
qwen25_math7b,direct,cf_0111,0.0,0.0,1.0,0.0,1.0,1.0,safe_both,logistics,1,LANTERN,LANTERN,LANTERN,VELVET
qwen25_math7b,direct,cf_0112,0.0,0.0,1.0,0.0,1.0,1.0,safe_both,exploration,1,TIDAL,TIDAL,TIDAL,WILLOW
qwen25_math7b,direct,cf_0113,0.0,0.0,1.0,0.0,1.0,1.0,safe_both,resource_game,1,QUARTZ,QUARTZ,QUARTZ,KITE
qwen25_math7b,direct,cf_0114,0.0,0.0,1.0,0.0,1.0,1.0,safe_both,abstract_game,2,KITE,KITE,KITE,RAVEN
qwen25_math7b,direct,cf_0115,0.0,0.0,1.0,0.0,1.0,1.0,safe_both,cyber_defense,2,ORBIT,ORBIT,ORBIT,ZENITH
qwen25_math7b,direct,cf_0116,0.0,0.0,1.0,0.0,1.0,1.0,safe_both,tool_agent,2,LANTERN,LANTERN,LANTERN,QUARTZ
qwen25_math7b,direct,cf_0117,0.0,0.0,1.0,0.0,1.0,1.0,safe_both,logistics,2,ORBIT,ORBIT,ORBIT,VELVET
qwen25_math7b,direct,cf_0118,0.0,0.0,1.0,0.0,1.0,1.0,safe_both,exploration,2,SUMMIT,SUMMIT,SUMMIT,TIDAL
qwen25_math7b,direct,cf_0119,0.0,0.0,1.0,0.0,1.0,1.0,safe_both,resource_game,2,VELVET,VELVET,VELVET,RAVEN
qwen25_math7b,direct,cf_0120,1.0,1.0,1.0,1.0,0.0,1.0,correct_flip,abstract_game,3,ORBIT,WILLOW,WILLOW,ORBIT
qwen25_math7b,direct,cf_0121,0.0,0.0,1.0,0.0,1.0,1.0,safe_both,cyber_defense,3,EMBER,EMBER,EMBER,VELVET
qwen25_math7b,direct,cf_0122,0.0,0.0,1.0,0.0,1.0,1.0,safe_both,tool_agent,3,EMBER,EMBER,EMBER,SUMMIT
qwen25_math7b,direct,cf_0123,0.0,0.0,1.0,0.0,1.0,1.0,safe_both,logistics,3,ORBIT,ORBIT,ORBIT,WILLOW
qwen25_math7b,direct,cf_0124,0.0,0.0,1.0,0.0,1.0,1.0,safe_both,exploration,3,SUMMIT,SUMMIT,SUMMIT,ZENITH
qwen25_math7b,direct,cf_0125,0.0,0.0,1.0,0.0,1.0,1.0,safe_both,resource_game,3,TIDAL,TIDAL,TIDAL,KITE
qwen25_math7b,direct,cf_0126,0.0,0.0,1.0,0.0,1.0,1.0,safe_both,abstract_game,1,CIPHER,CIPHER,CIPHER,KITE
qwen25_math7b,direct,cf_0127,0.0,0.0,1.0,0.0,1.0,1.0,safe_both,cyber_defense,1,KITE,KITE,KITE,QUARTZ
qwen25_math7b,direct,cf_0128,0.0,0.0,1.0,0.0,1.0,1.0,safe_both,tool_agent,1,KITE,KITE,KITE,TIDAL
qwen25_math7b,direct,cf_0129,0.0,0.0,1.0,0.0,1.0,1.0,safe_both,logistics,1,WILLOW,WILLOW,WILLOW,CIPHER
qwen25_math7b,direct,cf_0130,0.0,0.0,1.0,0.0,1.0,1.0,safe_both,exploration,1,CIPHER,CIPHER,CIPHER,LANTERN
qwen25_math7b,direct,cf_0131,0.0,0.0,1.0,0.0,1.0,1.0,safe_both,resource_game,1,ZENITH,ZENITH,ZENITH,SUMMIT
qwen25_math7b,direct,cf_0132,0.0,0.0,1.0,0.0,1.0,1.0,safe_both,abstract_game,2,LANTERN,LANTERN,LANTERN,ORBIT
qwen25_math7b,direct,cf_0133,0.0,0.0,1.0,0.0,1.0,1.0,safe_both,cyber_defense,2,ORBIT,ORBIT,ORBIT,SUMMIT
qwen25_math7b,direct,cf_0134,0.0,0.0,1.0,0.0,1.0,1.0,safe_both,tool_agent,2,KITE,KITE,KITE,LANTERN
qwen25_math7b,direct,cf_0135,0.0,0.0,1.0,0.0,1.0,1.0,safe_both,logistics,2,KITE,KITE,KITE,LANTERN
qwen25_math7b,direct,cf_0136,0.0,0.0,1.0,0.0,1.0,1.0,safe_both,exploration,2,KITE,KITE,KITE,CIPHER
qwen25_math7b,direct,cf_0137,0.0,0.0,1.0,0.0,1.0,1.0,safe_both,resource_game,2,RAVEN,RAVEN,RAVEN,CIPHER
qwen25_math7b,direct,cf_0138,0.0,0.0,1.0,0.0,1.0,1.0,safe_both,abstract_game,3,EMBER,EMBER,EMBER,ZENITH
qwen25_math7b,direct,cf_0139,0.0,0.0,1.0,0.0,1.0,1.0,safe_both,cyber_defense,3,RAVEN,RAVEN,RAVEN,VELVET
qwen25_math7b,direct,cf_0140,0.0,0.0,1.0,0.0,1.0,1.0,safe_both,tool_agent,3,TIDAL,TIDAL,TIDAL,ORBIT
qwen25_math7b,direct,cf_0141,0.0,0.0,1.0,0.0,1.0,1.0,safe_both,logistics,3,ORBIT,ORBIT,ORBIT,RAVEN
qwen25_math7b,direct,cf_0142,0.0,0.0,1.0,0.0,1.0,1.0,safe_both,exploration,3,ZENITH,ZENITH,ZENITH,CIPHER
qwen25_math7b,direct,cf_0143,0.0,0.0,1.0,0.0,1.0,1.0,safe_both,resource_game,3,VELVET,VELVET,VELVET,WILLOW
qwen25_math7b,direct,cf_0144,0.0,0.0,1.0,0.0,1.0,1.0,safe_both,abstract_game,1,ZENITH,ZENITH,ZENITH,WILLOW
qwen25_math7b,direct,cf_0145,0.0,0.0,1.0,0.0,1.0,1.0,safe_both,cyber_defense,1,ORBIT,ORBIT,ORBIT,RAVEN
qwen25_math7b,direct,cf_0146,0.0,0.0,1.0,0.0,1.0,1.0,safe_both,tool_agent,1,EMBER,EMBER,EMBER,LANTERN
qwen25_math7b,direct,cf_0147,0.0,0.0,1.0,0.0,1.0,1.0,safe_both,logistics,1,LANTERN,LANTERN,LANTERN,RAVEN
qwen25_math7b,direct,cf_0148,0.0,0.0,1.0,0.0,1.0,1.0,safe_both,exploration,1,TIDAL,TIDAL,TIDAL,ZENITH
qwen25_math7b,direct,cf_0149,0.0,0.0,1.0,0.0,1.0,1.0,safe_both,resource_game,1,ZENITH,ZENITH,ZENITH,LANTERN
qwen25_math7b,direct,cf_0150,0.0,0.0,1.0,0.0,1.0,1.0,safe_both,abstract_game,2,VELVET,VELVET,VELVET,LANTERN
qwen25_math7b,direct,cf_0151,0.0,0.0,1.0,0.0,1.0,1.0,safe_both,cyber_defense,2,VELVET,VELVET,VELVET,CIPHER
qwen25_math7b,direct,cf_0152,0.0,0.0,1.0,0.0,1.0,1.0,safe_both,tool_agent,2,VELVET,VELVET,VELVET,ZENITH
qwen25_math7b,direct,cf_0153,0.0,0.0,1.0,0.0,1.0,1.0,safe_both,logistics,2,CIPHER,CIPHER,CIPHER,ORBIT
qwen25_math7b,direct,cf_0154,0.0,0.0,1.0,0.0,1.0,1.0,safe_both,exploration,2,VELVET,VELVET,VELVET,LANTERN
qwen25_math7b,direct,cf_0155,0.0,0.0,1.0,0.0,1.0,1.0,safe_both,resource_game,2,QUARTZ,QUARTZ,QUARTZ,RAVEN
qwen25_math7b,direct,cf_0156,0.0,0.0,1.0,0.0,1.0,1.0,safe_both,abstract_game,3,QUARTZ,QUARTZ,QUARTZ,ZENITH
qwen25_math7b,direct,cf_0157,0.0,0.0,1.0,0.0,1.0,1.0,safe_both,cyber_defense,3,EMBER,EMBER,EMBER,SUMMIT
qwen25_math7b,direct,cf_0158,0.0,0.0,1.0,0.0,1.0,1.0,safe_both,tool_agent,3,TIDAL,TIDAL,TIDAL,KITE
qwen25_math7b,direct,cf_0159,0.0,0.0,1.0,0.0,1.0,1.0,safe_both,logistics,3,WILLOW,WILLOW,WILLOW,VELVET
qwen25_math7b,direct,cf_0160,0.0,0.0,1.0,0.0,1.0,1.0,safe_both,exploration,3,ORBIT,ORBIT,ORBIT,LANTERN
qwen25_math7b,direct,cf_0161,0.0,0.0,1.0,0.0,1.0,1.0,safe_both,resource_game,3,RAVEN,RAVEN,RAVEN,WILLOW
qwen25_math7b,direct,cf_0162,0.0,0.0,1.0,0.0,0.0,0.0,unparsed,abstract_game,1,,LANTERN,LANTERN,TIDAL
qwen25_math7b,direct,cf_0163,0.0,0.0,1.0,0.0,1.0,1.0,safe_both,cyber_defense,1,TIDAL,TIDAL,TIDAL,QUARTZ
qwen25_math7b,direct,cf_0164,0.0,0.0,1.0,0.0,1.0,1.0,safe_both,tool_agent,1,RAVEN,RAVEN,RAVEN,WILLOW
qwen25_math7b,direct,cf_0165,0.0,0.0,1.0,0.0,1.0,1.0,safe_both,logistics,1,LANTERN,LANTERN,LANTERN,EMBER
qwen25_math7b,direct,cf_0166,0.0,0.0,1.0,0.0,1.0,1.0,safe_both,exploration,1,ORBIT,ORBIT,ORBIT,WILLOW
qwen25_math7b,direct,cf_0167,0.0,0.0,1.0,0.0,1.0,1.0,safe_both,resource_game,1,RAVEN,RAVEN,RAVEN,CIPHER
qwen25_math7b,direct,cf_0168,0.0,0.0,1.0,0.0,1.0,1.0,safe_both,abstract_game,2,KITE,KITE,KITE,ORBIT
qwen25_math7b,direct,cf_0169,0.0,0.0,1.0,0.0,1.0,1.0,safe_both,cyber_defense,2,EMBER,EMBER,EMBER,LANTERN
qwen25_math7b,direct,cf_0170,0.0,0.0,1.0,0.0,1.0,1.0,safe_both,tool_agent,2,ZENITH,ZENITH,ZENITH,RAVEN
qwen25_math7b,direct,cf_0171,0.0,0.0,1.0,0.0,1.0,1.0,safe_both,logistics,2,TIDAL,TIDAL,TIDAL,ZENITH
qwen25_math7b,direct,cf_0172,0.0,0.0,1.0,0.0,1.0,1.0,safe_both,exploration,2,KITE,KITE,KITE,QUARTZ
qwen25_math7b,direct,cf_0173,0.0,0.0,1.0,0.0,1.0,1.0,safe_both,resource_game,2,EMBER,EMBER,EMBER,KITE
qwen25_math7b,direct,cf_0174,1.0,1.0,1.0,1.0,0.0,1.0,correct_flip,abstract_game,3,WILLOW,ORBIT,ORBIT,WILLOW
qwen25_math7b,direct,cf_0175,0.0,0.0,1.0,0.0,1.0,1.0,safe_both,cyber_defense,3,ZENITH,ZENITH,ZENITH,EMBER
qwen25_math7b,direct,cf_0176,0.0,0.0,1.0,0.0,1.0,1.0,safe_both,tool_agent,3,CIPHER,CIPHER,CIPHER,EMBER
qwen25_math7b,direct,cf_0177,0.0,0.0,1.0,0.0,1.0,1.0,safe_both,logistics,3,KITE,KITE,KITE,RAVEN
qwen25_math7b,direct,cf_0178,0.0,0.0,1.0,0.0,1.0,1.0,safe_both,exploration,3,QUARTZ,QUARTZ,QUARTZ,LANTERN
qwen25_math7b,direct,cf_0179,0.0,0.0,1.0,0.0,1.0,1.0,safe_both,resource_game,3,SUMMIT,SUMMIT,SUMMIT,RAVEN
qwen25_math7b,local_operator,cf_0000,1.0,1.0,1.0,1.0,0.0,1.0,correct_flip,abstract_game,1,VELVET,TIDAL,TIDAL,VELVET
qwen25_math7b,local_operator,cf_0001,0.0,0.0,1.0,0.0,1.0,1.0,safe_both,cyber_defense,1,SUMMIT,SUMMIT,SUMMIT,KITE
qwen25_math7b,local_operator,cf_0002,0.0,1.0,0.0,0.0,1.0,1.0,branching_both,tool_agent,1,SUMMIT,SUMMIT,WILLOW,SUMMIT
qwen25_math7b,local_operator,cf_0003,1.0,1.0,1.0,1.0,0.0,1.0,correct_flip,logistics,1,EMBER,VELVET,VELVET,EMBER
qwen25_math7b,local_operator,cf_0004,0.0,1.0,0.0,0.0,1.0,1.0,branching_both,exploration,1,VELVET,VELVET,RAVEN,VELVET
qwen25_math7b,local_operator,cf_0005,1.0,1.0,1.0,1.0,0.0,1.0,correct_flip,resource_game,1,ORBIT,CIPHER,CIPHER,ORBIT
qwen25_math7b,local_operator,cf_0006,0.0,1.0,0.0,0.0,1.0,1.0,branching_both,abstract_game,2,LANTERN,LANTERN,ZENITH,LANTERN
qwen25_math7b,local_operator,cf_0007,1.0,1.0,1.0,1.0,0.0,1.0,correct_flip,cyber_defense,2,SUMMIT,EMBER,EMBER,SUMMIT
qwen25_math7b,local_operator,cf_0008,0.0,1.0,0.0,0.0,1.0,1.0,branching_both,tool_agent,2,WILLOW,WILLOW,KITE,WILLOW
qwen25_math7b,local_operator,cf_0009,0.0,1.0,0.0,0.0,1.0,1.0,branching_both,logistics,2,TIDAL,TIDAL,ORBIT,TIDAL
qwen25_math7b,local_operator,cf_0010,0.0,1.0,0.0,0.0,1.0,1.0,branching_both,exploration,2,WILLOW,WILLOW,CIPHER,WILLOW
qwen25_math7b,local_operator,cf_0011,0.0,1.0,0.0,0.0,1.0,1.0,branching_both,resource_game,2,ORBIT,ORBIT,QUARTZ,ORBIT
qwen25_math7b,local_operator,cf_0012,1.0,1.0,1.0,1.0,0.0,1.0,correct_flip,abstract_game,3,VELVET,ORBIT,ORBIT,VELVET
qwen25_math7b,local_operator,cf_0013,0.0,1.0,0.0,0.0,1.0,1.0,branching_both,cyber_defense,3,VELVET,VELVET,QUARTZ,VELVET
qwen25_math7b,local_operator,cf_0014,0.0,1.0,0.0,0.0,1.0,1.0,branching_both,tool_agent,3,ZENITH,ZENITH,EMBER,ZENITH
qwen25_math7b,local_operator,cf_0015,0.0,1.0,0.0,0.0,1.0,1.0,branching_both,logistics,3,WILLOW,WILLOW,LANTERN,WILLOW
qwen25_math7b,local_operator,cf_0016,0.0,1.0,0.0,0.0,1.0,1.0,branching_both,exploration,3,VELVET,VELVET,ZENITH,VELVET
qwen25_math7b,local_operator,cf_0017,1.0,1.0,1.0,1.0,0.0,1.0,correct_flip,resource_game,3,QUARTZ,ZENITH,ZENITH,QUARTZ
qwen25_math7b,local_operator,cf_0018,1.0,1.0,1.0,1.0,0.0,1.0,correct_flip,abstract_game,1,VELVET,RAVEN,RAVEN,VELVET
qwen25_math7b,local_operator,cf_0019,1.0,1.0,1.0,1.0,0.0,1.0,correct_flip,cyber_defense,1,TIDAL,SUMMIT,SUMMIT,TIDAL
qwen25_math7b,local_operator,cf_0020,1.0,1.0,1.0,1.0,0.0,1.0,correct_flip,tool_agent,1,QUARTZ,ZENITH,ZENITH,QUARTZ
qwen25_math7b,local_operator,cf_0021,0.0,0.0,1.0,0.0,1.0,1.0,safe_both,logistics,1,ZENITH,ZENITH,ZENITH,ORBIT
qwen25_math7b,local_operator,cf_0022,0.0,1.0,0.0,0.0,1.0,1.0,branching_both,exploration,1,ZENITH,ZENITH,RAVEN,ZENITH
qwen25_math7b,local_operator,cf_0023,0.0,0.0,1.0,0.0,1.0,1.0,safe_both,resource_game,1,KITE,KITE,KITE,SUMMIT
qwen25_math7b,local_operator,cf_0024,0.0,1.0,0.0,0.0,1.0,1.0,branching_both,abstract_game,2,WILLOW,WILLOW,QUARTZ,WILLOW
qwen25_math7b,local_operator,cf_0025,0.0,1.0,0.0,0.0,1.0,1.0,branching_both,cyber_defense,2,VELVET,VELVET,ORBIT,VELVET
qwen25_math7b,local_operator,cf_0026,0.0,0.0,0.0,1.0,0.0,1.0,reversed_flip,tool_agent,2,ORBIT,LANTERN,ORBIT,LANTERN
qwen25_math7b,local_operator,cf_0027,0.0,0.0,0.0,1.0,0.0,1.0,reversed_flip,logistics,2,EMBER,CIPHER,EMBER,CIPHER
qwen25_math7b,local_operator,cf_0028,0.0,1.0,0.0,0.0,1.0,1.0,branching_both,exploration,2,EMBER,EMBER,ORBIT,EMBER
qwen25_math7b,local_operator,cf_0029,0.0,1.0,0.0,0.0,1.0,1.0,branching_both,resource_game,2,EMBER,EMBER,VELVET,EMBER
qwen25_math7b,local_operator,cf_0030,1.0,1.0,1.0,1.0,0.0,1.0,correct_flip,abstract_game,3,ZENITH,TIDAL,TIDAL,ZENITH
qwen25_math7b,local_operator,cf_0031,0.0,1.0,0.0,0.0,1.0,1.0,branching_both,cyber_defense,3,WILLOW,WILLOW,LANTERN,WILLOW
qwen25_math7b,local_operator,cf_0032,0.0,0.0,0.0,1.0,0.0,1.0,reversed_flip,tool_agent,3,QUARTZ,ORBIT,QUARTZ,ORBIT
qwen25_math7b,local_operator,cf_0033,0.0,1.0,0.0,0.0,1.0,1.0,branching_both,logistics,3,EMBER,EMBER,KITE,EMBER
qwen25_math7b,local_operator,cf_0034,1.0,1.0,1.0,1.0,0.0,1.0,correct_flip,exploration,3,VELVET,KITE,KITE,VELVET
qwen25_math7b,local_operator,cf_0035,0.0,1.0,0.0,0.0,1.0,1.0,branching_both,resource_game,3,WILLOW,WILLOW,TIDAL,WILLOW
qwen25_math7b,local_operator,cf_0036,0.0,0.0,1.0,0.0,1.0,1.0,safe_both,abstract_game,1,LANTERN,LANTERN,LANTERN,CIPHER
qwen25_math7b,local_operator,cf_0037,0.0,1.0,0.0,0.0,1.0,1.0,branching_both,cyber_defense,1,CIPHER,CIPHER,RAVEN,CIPHER
qwen25_math7b,local_operator,cf_0038,0.0,1.0,0.0,0.0,1.0,1.0,branching_both,tool_agent,1,CIPHER,CIPHER,ZENITH,CIPHER
qwen25_math7b,local_operator,cf_0039,0.0,0.0,0.0,1.0,0.0,1.0,reversed_flip,logistics,1,VELVET,LANTERN,VELVET,LANTERN
qwen25_math7b,local_operator,cf_0040,0.0,1.0,0.0,0.0,1.0,1.0,branching_both,exploration,1,VELVET,VELVET,TIDAL,VELVET
qwen25_math7b,local_operator,cf_0041,0.0,1.0,0.0,0.0,1.0,1.0,branching_both,resource_game,1,ZENITH,ZENITH,LANTERN,ZENITH
qwen25_math7b,local_operator,cf_0042,0.0,1.0,0.0,0.0,1.0,1.0,branching_both,abstract_game,2,WILLOW,WILLOW,RAVEN,WILLOW
qwen25_math7b,local_operator,cf_0043,0.0,1.0,0.0,0.0,1.0,1.0,branching_both,cyber_defense,2,ORBIT,ORBIT,TIDAL,ORBIT
qwen25_math7b,local_operator,cf_0044,0.0,1.0,0.0,0.0,1.0,1.0,branching_both,tool_agent,2,WILLOW,WILLOW,KITE,WILLOW
qwen25_math7b,local_operator,cf_0045,1.0,1.0,1.0,1.0,0.0,1.0,correct_flip,logistics,2,CIPHER,WILLOW,WILLOW,CIPHER
qwen25_math7b,local_operator,cf_0046,0.0,1.0,0.0,0.0,1.0,1.0,branching_both,exploration,2,QUARTZ,QUARTZ,ORBIT,QUARTZ
qwen25_math7b,local_operator,cf_0047,0.0,0.0,1.0,0.0,1.0,1.0,safe_both,resource_game,2,RAVEN,RAVEN,RAVEN,KITE
qwen25_math7b,local_operator,cf_0048,0.0,0.0,0.0,1.0,0.0,1.0,reversed_flip,abstract_game,3,CIPHER,LANTERN,CIPHER,LANTERN
qwen25_math7b,local_operator,cf_0049,0.0,1.0,0.0,0.0,1.0,1.0,branching_both,cyber_defense,3,RAVEN,RAVEN,VELVET,RAVEN
qwen25_math7b,local_operator,cf_0050,0.0,1.0,0.0,0.0,1.0,1.0,branching_both,tool_agent,3,KITE,KITE,LANTERN,KITE
qwen25_math7b,local_operator,cf_0051,0.0,1.0,0.0,0.0,1.0,1.0,branching_both,logistics,3,RAVEN,RAVEN,CIPHER,RAVEN
qwen25_math7b,local_operator,cf_0052,0.0,1.0,0.0,0.0,1.0,1.0,branching_both,exploration,3,CIPHER,CIPHER,RAVEN,CIPHER
qwen25_math7b,local_operator,cf_0053,0.0,1.0,0.0,0.0,1.0,1.0,branching_both,resource_game,3,ZENITH,ZENITH,TIDAL,ZENITH
qwen25_math7b,local_operator,cf_0054,0.0,1.0,0.0,0.0,1.0,1.0,branching_both,abstract_game,1,ORBIT,ORBIT,KITE,ORBIT
qwen25_math7b,local_operator,cf_0055,1.0,1.0,1.0,1.0,0.0,1.0,correct_flip,cyber_defense,1,RAVEN,ZENITH,ZENITH,RAVEN
qwen25_math7b,local_operator,cf_0056,1.0,1.0,1.0,1.0,0.0,1.0,correct_flip,tool_agent,1,SUMMIT,RAVEN,RAVEN,SUMMIT
qwen25_math7b,local_operator,cf_0057,0.0,1.0,0.0,0.0,1.0,1.0,branching_both,logistics,1,ORBIT,ORBIT,WILLOW,ORBIT
qwen25_math7b,local_operator,cf_0058,0.0,1.0,0.0,0.0,1.0,1.0,branching_both,exploration,1,VELVET,VELVET,CIPHER,VELVET
qwen25_math7b,local_operator,cf_0059,0.0,1.0,0.0,0.0,1.0,1.0,branching_both,resource_game,1,EMBER,EMBER,RAVEN,EMBER
qwen25_math7b,local_operator,cf_0060,1.0,1.0,1.0,1.0,0.0,1.0,correct_flip,abstract_game,2,ORBIT,RAVEN,RAVEN,ORBIT
qwen25_math7b,local_operator,cf_0061,1.0,1.0,1.0,1.0,0.0,1.0,correct_flip,cyber_defense,2,EMBER,CIPHER,CIPHER,EMBER
qwen25_math7b,local_operator,cf_0062,0.0,1.0,0.0,0.0,1.0,1.0,branching_both,tool_agent,2,EMBER,EMBER,VELVET,EMBER
qwen25_math7b,local_operator,cf_0063,0.0,1.0,0.0,0.0,1.0,1.0,branching_both,logistics,2,RAVEN,RAVEN,QUARTZ,RAVEN
qwen25_math7b,local_operator,cf_0064,0.0,0.0,1.0,0.0,1.0,1.0,safe_both,exploration,2,QUARTZ,QUARTZ,QUARTZ,ORBIT
qwen25_math7b,local_operator,cf_0065,0.0,1.0,0.0,0.0,1.0,1.0,branching_both,resource_game,2,TIDAL,TIDAL,SUMMIT,TIDAL
qwen25_math7b,local_operator,cf_0066,0.0,1.0,0.0,0.0,1.0,1.0,branching_both,abstract_game,3,TIDAL,TIDAL,VELVET,TIDAL
qwen25_math7b,local_operator,cf_0067,0.0,1.0,0.0,0.0,1.0,1.0,branching_both,cyber_defense,3,QUARTZ,QUARTZ,ORBIT,QUARTZ
qwen25_math7b,local_operator,cf_0068,0.0,1.0,0.0,0.0,1.0,1.0,branching_both,tool_agent,3,KITE,KITE,RAVEN,KITE
qwen25_math7b,local_operator,cf_0069,1.0,1.0,1.0,1.0,0.0,1.0,correct_flip,logistics,3,QUARTZ,CIPHER,CIPHER,QUARTZ
qwen25_math7b,local_operator,cf_0070,0.0,1.0,0.0,0.0,1.0,1.0,branching_both,exploration,3,QUARTZ,QUARTZ,RAVEN,QUARTZ
qwen25_math7b,local_operator,cf_0071,0.0,1.0,0.0,0.0,1.0,1.0,branching_both,resource_game,3,VELVET,VELVET,CIPHER,VELVET
qwen25_math7b,local_operator,cf_0072,1.0,1.0,1.0,1.0,0.0,1.0,correct_flip,abstract_game,1,EMBER,WILLOW,WILLOW,EMBER
qwen25_math7b,local_operator,cf_0073,0.0,1.0,0.0,0.0,1.0,1.0,branching_both,cyber_defense,1,SUMMIT,SUMMIT,LANTERN,SUMMIT
qwen25_math7b,local_operator,cf_0074,0.0,1.0,0.0,0.0,1.0,1.0,branching_both,tool_agent,1,EMBER,EMBER,WILLOW,EMBER
qwen25_math7b,local_operator,cf_0075,0.0,1.0,0.0,0.0,1.0,1.0,branching_both,logistics,1,ORBIT,ORBIT,WILLOW,ORBIT
qwen25_math7b,local_operator,cf_0076,1.0,1.0,1.0,1.0,0.0,1.0,correct_flip,exploration,1,CIPHER,LANTERN,LANTERN,CIPHER
qwen25_math7b,local_operator,cf_0077,0.0,1.0,0.0,0.0,1.0,1.0,branching_both,resource_game,1,EMBER,EMBER,LANTERN,EMBER
qwen25_math7b,local_operator,cf_0078,0.0,1.0,0.0,0.0,1.0,1.0,branching_both,abstract_game,2,QUARTZ,QUARTZ,TIDAL,QUARTZ
qwen25_math7b,local_operator,cf_0079,0.0,1.0,0.0,0.0,1.0,1.0,branching_both,cyber_defense,2,QUARTZ,QUARTZ,SUMMIT,QUARTZ
qwen25_math7b,local_operator,cf_0080,0.0,1.0,0.0,0.0,1.0,1.0,branching_both,tool_agent,2,SUMMIT,SUMMIT,LANTERN,SUMMIT
qwen25_math7b,local_operator,cf_0081,0.0,1.0,0.0,0.0,1.0,1.0,branching_both,logistics,2,ZENITH,ZENITH,EMBER,ZENITH
qwen25_math7b,local_operator,cf_0082,0.0,1.0,0.0,0.0,1.0,1.0,branching_both,exploration,2,QUARTZ,QUARTZ,ZENITH,QUARTZ
qwen25_math7b,local_operator,cf_0083,1.0,1.0,1.0,1.0,0.0,1.0,correct_flip,resource_game,2,ORBIT,QUARTZ,QUARTZ,ORBIT
qwen25_math7b,local_operator,cf_0084,1.0,1.0,1.0,1.0,0.0,1.0,correct_flip,abstract_game,3,RAVEN,QUARTZ,QUARTZ,RAVEN
qwen25_math7b,local_operator,cf_0085,0.0,1.0,0.0,0.0,1.0,1.0,branching_both,cyber_defense,3,KITE,KITE,CIPHER,KITE
qwen25_math7b,local_operator,cf_0086,0.0,1.0,0.0,0.0,1.0,1.0,branching_both,tool_agent,3,SUMMIT,SUMMIT,ORBIT,SUMMIT
qwen25_math7b,local_operator,cf_0087,0.0,1.0,0.0,0.0,1.0,1.0,branching_both,logistics,3,SUMMIT,SUMMIT,WILLOW,SUMMIT
qwen25_math7b,local_operator,cf_0088,0.0,1.0,0.0,0.0,1.0,1.0,branching_both,exploration,3,TIDAL,TIDAL,CIPHER,TIDAL
qwen25_math7b,local_operator,cf_0089,0.0,1.0,0.0,0.0,1.0,1.0,branching_both,resource_game,3,KITE,KITE,TIDAL,KITE
qwen25_math7b,local_operator,cf_0090,1.0,1.0,1.0,1.0,0.0,1.0,correct_flip,abstract_game,1,KITE,ORBIT,ORBIT,KITE
qwen25_math7b,local_operator,cf_0091,0.0,1.0,0.0,0.0,1.0,1.0,branching_both,cyber_defense,1,CIPHER,CIPHER,KITE,CIPHER
qwen25_math7b,local_operator,cf_0092,0.0,1.0,0.0,0.0,1.0,1.0,branching_both,tool_agent,1,KITE,KITE,SUMMIT,KITE
qwen25_math7b,local_operator,cf_0093,1.0,1.0,1.0,1.0,0.0,1.0,correct_flip,logistics,1,EMBER,CIPHER,CIPHER,EMBER
qwen25_math7b,local_operator,cf_0094,1.0,1.0,1.0,1.0,0.0,1.0,correct_flip,exploration,1,WILLOW,EMBER,EMBER,WILLOW
qwen25_math7b,local_operator,cf_0095,1.0,1.0,1.0,1.0,0.0,1.0,correct_flip,resource_game,1,RAVEN,KITE,KITE,RAVEN
qwen25_math7b,local_operator,cf_0096,0.0,0.0,1.0,0.0,1.0,1.0,safe_both,abstract_game,2,VELVET,VELVET,VELVET,LANTERN
qwen25_math7b,local_operator,cf_0097,0.0,1.0,0.0,0.0,1.0,1.0,branching_both,cyber_defense,2,SUMMIT,SUMMIT,QUARTZ,SUMMIT
qwen25_math7b,local_operator,cf_0098,0.0,0.0,0.0,1.0,0.0,1.0,reversed_flip,tool_agent,2,VELVET,QUARTZ,VELVET,QUARTZ
qwen25_math7b,local_operator,cf_0099,0.0,1.0,0.0,0.0,1.0,1.0,branching_both,logistics,2,QUARTZ,QUARTZ,EMBER,QUARTZ
qwen25_math7b,local_operator,cf_0100,0.0,1.0,0.0,0.0,1.0,1.0,branching_both,exploration,2,LANTERN,LANTERN,RAVEN,LANTERN
qwen25_math7b,local_operator,cf_0101,0.0,1.0,0.0,0.0,1.0,1.0,branching_both,resource_game,2,RAVEN,RAVEN,VELVET,RAVEN
qwen25_math7b,local_operator,cf_0102,0.0,1.0,0.0,0.0,1.0,1.0,branching_both,abstract_game,3,ZENITH,ZENITH,ORBIT,ZENITH
qwen25_math7b,local_operator,cf_0103,0.0,1.0,0.0,0.0,1.0,1.0,branching_both,cyber_defense,3,TIDAL,TIDAL,RAVEN,TIDAL
qwen25_math7b,local_operator,cf_0104,0.0,1.0,0.0,0.0,1.0,1.0,branching_both,tool_agent,3,KITE,KITE,SUMMIT,KITE
qwen25_math7b,local_operator,cf_0105,0.0,1.0,0.0,0.0,1.0,1.0,branching_both,logistics,3,TIDAL,TIDAL,ORBIT,TIDAL
qwen25_math7b,local_operator,cf_0106,0.0,1.0,0.0,0.0,1.0,1.0,branching_both,exploration,3,RAVEN,RAVEN,VELVET,RAVEN
qwen25_math7b,local_operator,cf_0107,1.0,1.0,1.0,1.0,0.0,1.0,correct_flip,resource_game,3,EMBER,CIPHER,CIPHER,EMBER
qwen25_math7b,local_operator,cf_0108,0.0,0.0,1.0,0.0,1.0,1.0,safe_both,abstract_game,1,SUMMIT,SUMMIT,SUMMIT,TIDAL
qwen25_math7b,local_operator,cf_0109,0.0,0.0,0.0,1.0,0.0,1.0,reversed_flip,cyber_defense,1,WILLOW,CIPHER,WILLOW,CIPHER
qwen25_math7b,local_operator,cf_0110,1.0,1.0,1.0,1.0,0.0,1.0,correct_flip,tool_agent,1,QUARTZ,WILLOW,WILLOW,QUARTZ
qwen25_math7b,local_operator,cf_0111,0.0,1.0,0.0,0.0,1.0,1.0,branching_both,logistics,1,VELVET,VELVET,LANTERN,VELVET
qwen25_math7b,local_operator,cf_0112,0.0,1.0,0.0,0.0,1.0,1.0,branching_both,exploration,1,WILLOW,WILLOW,TIDAL,WILLOW
qwen25_math7b,local_operator,cf_0113,0.0,1.0,0.0,0.0,1.0,1.0,branching_both,resource_game,1,KITE,KITE,QUARTZ,KITE
qwen25_math7b,local_operator,cf_0114,0.0,0.0,1.0,0.0,1.0,1.0,safe_both,abstract_game,2,KITE,KITE,KITE,RAVEN
qwen25_math7b,local_operator,cf_0115,0.0,1.0,0.0,0.0,1.0,1.0,branching_both,cyber_defense,2,ZENITH,ZENITH,ORBIT,ZENITH
qwen25_math7b,local_operator,cf_0116,1.0,1.0,1.0,1.0,0.0,1.0,correct_flip,tool_agent,2,QUARTZ,LANTERN,LANTERN,QUARTZ
qwen25_math7b,local_operator,cf_0117,0.0,1.0,0.0,0.0,1.0,1.0,branching_both,logistics,2,VELVET,VELVET,ORBIT,VELVET
qwen25_math7b,local_operator,cf_0118,0.0,1.0,0.0,0.0,1.0,1.0,branching_both,exploration,2,TIDAL,TIDAL,SUMMIT,TIDAL
qwen25_math7b,local_operator,cf_0119,0.0,1.0,0.0,0.0,1.0,1.0,branching_both,resource_game,2,RAVEN,RAVEN,VELVET,RAVEN
qwen25_math7b,local_operator,cf_0120,0.0,1.0,0.0,0.0,1.0,1.0,branching_both,abstract_game,3,ORBIT,ORBIT,WILLOW,ORBIT
qwen25_math7b,local_operator,cf_0121,0.0,1.0,0.0,0.0,1.0,1.0,branching_both,cyber_defense,3,VELVET,VELVET,EMBER,VELVET
qwen25_math7b,local_operator,cf_0122,0.0,0.0,0.0,1.0,0.0,1.0,reversed_flip,tool_agent,3,EMBER,SUMMIT,EMBER,SUMMIT
qwen25_math7b,local_operator,cf_0123,0.0,1.0,0.0,0.0,1.0,1.0,branching_both,logistics,3,WILLOW,WILLOW,ORBIT,WILLOW
qwen25_math7b,local_operator,cf_0124,0.0,1.0,0.0,0.0,1.0,1.0,branching_both,exploration,3,ZENITH,ZENITH,SUMMIT,ZENITH
qwen25_math7b,local_operator,cf_0125,0.0,1.0,0.0,0.0,1.0,1.0,branching_both,resource_game,3,KITE,KITE,TIDAL,KITE
qwen25_math7b,local_operator,cf_0126,1.0,1.0,1.0,1.0,0.0,1.0,correct_flip,abstract_game,1,KITE,CIPHER,CIPHER,KITE
qwen25_math7b,local_operator,cf_0127,0.0,1.0,0.0,0.0,1.0,1.0,branching_both,cyber_defense,1,QUARTZ,QUARTZ,KITE,QUARTZ
qwen25_math7b,local_operator,cf_0128,0.0,1.0,0.0,0.0,1.0,1.0,branching_both,tool_agent,1,TIDAL,TIDAL,KITE,TIDAL
qwen25_math7b,local_operator,cf_0129,1.0,1.0,1.0,1.0,0.0,1.0,correct_flip,logistics,1,CIPHER,WILLOW,WILLOW,CIPHER
qwen25_math7b,local_operator,cf_0130,1.0,1.0,1.0,1.0,0.0,1.0,correct_flip,exploration,1,LANTERN,CIPHER,CIPHER,LANTERN
qwen25_math7b,local_operator,cf_0131,0.0,1.0,0.0,0.0,1.0,1.0,branching_both,resource_game,1,SUMMIT,SUMMIT,ZENITH,SUMMIT
qwen25_math7b,local_operator,cf_0132,0.0,0.0,0.0,1.0,0.0,1.0,reversed_flip,abstract_game,2,LANTERN,ORBIT,LANTERN,ORBIT
qwen25_math7b,local_operator,cf_0133,0.0,1.0,0.0,0.0,1.0,1.0,branching_both,cyber_defense,2,SUMMIT,SUMMIT,ORBIT,SUMMIT
qwen25_math7b,local_operator,cf_0134,0.0,1.0,0.0,0.0,1.0,1.0,branching_both,tool_agent,2,LANTERN,LANTERN,KITE,LANTERN
qwen25_math7b,local_operator,cf_0135,0.0,0.0,0.0,1.0,0.0,1.0,reversed_flip,logistics,2,KITE,LANTERN,KITE,LANTERN
qwen25_math7b,local_operator,cf_0136,0.0,1.0,0.0,0.0,1.0,1.0,branching_both,exploration,2,CIPHER,CIPHER,KITE,CIPHER
qwen25_math7b,local_operator,cf_0137,0.0,1.0,0.0,0.0,1.0,1.0,branching_both,resource_game,2,CIPHER,CIPHER,RAVEN,CIPHER
qwen25_math7b,local_operator,cf_0138,0.0,1.0,0.0,0.0,1.0,1.0,branching_both,abstract_game,3,ZENITH,ZENITH,EMBER,ZENITH
qwen25_math7b,local_operator,cf_0139,0.0,0.0,0.0,1.0,0.0,1.0,reversed_flip,cyber_defense,3,RAVEN,VELVET,RAVEN,VELVET
qwen25_math7b,local_operator,cf_0140,0.0,1.0,0.0,0.0,1.0,1.0,branching_both,tool_agent,3,ORBIT,ORBIT,TIDAL,ORBIT
qwen25_math7b,local_operator,cf_0141,0.0,1.0,0.0,0.0,1.0,1.0,branching_both,logistics,3,RAVEN,RAVEN,ORBIT,RAVEN
qwen25_math7b,local_operator,cf_0142,0.0,1.0,0.0,0.0,1.0,1.0,branching_both,exploration,3,CIPHER,CIPHER,ZENITH,CIPHER
qwen25_math7b,local_operator,cf_0143,0.0,1.0,0.0,0.0,1.0,1.0,branching_both,resource_game,3,WILLOW,WILLOW,VELVET,WILLOW
qwen25_math7b,local_operator,cf_0144,0.0,1.0,0.0,0.0,1.0,1.0,branching_both,abstract_game,1,WILLOW,WILLOW,ZENITH,WILLOW
qwen25_math7b,local_operator,cf_0145,0.0,0.0,1.0,0.0,1.0,1.0,safe_both,cyber_defense,1,ORBIT,ORBIT,ORBIT,RAVEN
qwen25_math7b,local_operator,cf_0146,0.0,0.0,1.0,0.0,1.0,1.0,safe_both,tool_agent,1,EMBER,EMBER,EMBER,LANTERN
qwen25_math7b,local_operator,cf_0147,1.0,1.0,1.0,1.0,0.0,1.0,correct_flip,logistics,1,RAVEN,LANTERN,LANTERN,RAVEN
qwen25_math7b,local_operator,cf_0148,0.0,1.0,0.0,0.0,1.0,1.0,branching_both,exploration,1,ZENITH,ZENITH,TIDAL,ZENITH
qwen25_math7b,local_operator,cf_0149,1.0,1.0,1.0,1.0,0.0,1.0,correct_flip,resource_game,1,LANTERN,ZENITH,ZENITH,LANTERN
qwen25_math7b,local_operator,cf_0150,0.0,0.0,1.0,0.0,1.0,1.0,safe_both,abstract_game,2,VELVET,VELVET,VELVET,LANTERN
qwen25_math7b,local_operator,cf_0151,0.0,1.0,0.0,0.0,1.0,1.0,branching_both,cyber_defense,2,CIPHER,CIPHER,VELVET,CIPHER
qwen25_math7b,local_operator,cf_0152,1.0,1.0,1.0,1.0,0.0,1.0,correct_flip,tool_agent,2,ZENITH,VELVET,VELVET,ZENITH
qwen25_math7b,local_operator,cf_0153,0.0,1.0,0.0,0.0,1.0,1.0,branching_both,logistics,2,ORBIT,ORBIT,CIPHER,ORBIT
qwen25_math7b,local_operator,cf_0154,1.0,1.0,1.0,1.0,0.0,1.0,correct_flip,exploration,2,LANTERN,VELVET,VELVET,LANTERN
qwen25_math7b,local_operator,cf_0155,1.0,1.0,1.0,1.0,0.0,1.0,correct_flip,resource_game,2,RAVEN,QUARTZ,QUARTZ,RAVEN
qwen25_math7b,local_operator,cf_0156,0.0,1.0,0.0,0.0,1.0,1.0,branching_both,abstract_game,3,ZENITH,ZENITH,QUARTZ,ZENITH
qwen25_math7b,local_operator,cf_0157,1.0,1.0,1.0,1.0,0.0,1.0,correct_flip,cyber_defense,3,SUMMIT,EMBER,EMBER,SUMMIT
qwen25_math7b,local_operator,cf_0158,0.0,1.0,0.0,0.0,1.0,1.0,branching_both,tool_agent,3,KITE,KITE,TIDAL,KITE
qwen25_math7b,local_operator,cf_0159,1.0,1.0,1.0,1.0,0.0,1.0,correct_flip,logistics,3,VELVET,WILLOW,WILLOW,VELVET
qwen25_math7b,local_operator,cf_0160,0.0,0.0,0.0,1.0,0.0,1.0,reversed_flip,exploration,3,ORBIT,LANTERN,ORBIT,LANTERN
qwen25_math7b,local_operator,cf_0161,0.0,1.0,0.0,0.0,1.0,1.0,branching_both,resource_game,3,WILLOW,WILLOW,RAVEN,WILLOW
qwen25_math7b,local_operator,cf_0162,1.0,1.0,1.0,1.0,0.0,1.0,correct_flip,abstract_game,1,TIDAL,LANTERN,LANTERN,TIDAL
qwen25_math7b,local_operator,cf_0163,0.0,1.0,0.0,0.0,1.0,1.0,branching_both,cyber_defense,1,QUARTZ,QUARTZ,TIDAL,QUARTZ
qwen25_math7b,local_operator,cf_0164,1.0,1.0,1.0,1.0,0.0,1.0,correct_flip,tool_agent,1,WILLOW,RAVEN,RAVEN,WILLOW
qwen25_math7b,local_operator,cf_0165,0.0,1.0,0.0,0.0,1.0,1.0,branching_both,logistics,1,EMBER,EMBER,LANTERN,EMBER
qwen25_math7b,local_operator,cf_0166,0.0,1.0,0.0,0.0,1.0,1.0,branching_both,exploration,1,WILLOW,WILLOW,ORBIT,WILLOW
qwen25_math7b,local_operator,cf_0167,1.0,1.0,1.0,1.0,0.0,1.0,correct_flip,resource_game,1,CIPHER,RAVEN,RAVEN,CIPHER
qwen25_math7b,local_operator,cf_0168,0.0,1.0,0.0,0.0,1.0,1.0,branching_both,abstract_game,2,ORBIT,ORBIT,KITE,ORBIT
qwen25_math7b,local_operator,cf_0169,1.0,1.0,1.0,1.0,0.0,1.0,correct_flip,cyber_defense,2,LANTERN,EMBER,EMBER,LANTERN
qwen25_math7b,local_operator,cf_0170,0.0,1.0,0.0,0.0,1.0,1.0,branching_both,tool_agent,2,RAVEN,RAVEN,ZENITH,RAVEN
qwen25_math7b,local_operator,cf_0171,0.0,1.0,0.0,0.0,1.0,1.0,branching_both,logistics,2,ZENITH,ZENITH,TIDAL,ZENITH
qwen25_math7b,local_operator,cf_0172,0.0,1.0,0.0,0.0,1.0,1.0,branching_both,exploration,2,QUARTZ,QUARTZ,KITE,QUARTZ
qwen25_math7b,local_operator,cf_0173,0.0,1.0,0.0,0.0,1.0,1.0,branching_both,resource_game,2,KITE,KITE,EMBER,KITE
qwen25_math7b,local_operator,cf_0174,0.0,1.0,0.0,0.0,1.0,1.0,branching_both,abstract_game,3,WILLOW,WILLOW,ORBIT,WILLOW
qwen25_math7b,local_operator,cf_0175,0.0,1.0,0.0,0.0,1.0,1.0,branching_both,cyber_defense,3,EMBER,EMBER,ZENITH,EMBER
qwen25_math7b,local_operator,cf_0176,0.0,1.0,0.0,0.0,1.0,1.0,branching_both,tool_agent,3,EMBER,EMBER,CIPHER,EMBER
qwen25_math7b,local_operator,cf_0177,0.0,1.0,0.0,0.0,1.0,1.0,branching_both,logistics,3,RAVEN,RAVEN,KITE,RAVEN
qwen25_math7b,local_operator,cf_0178,0.0,1.0,0.0,0.0,1.0,1.0,branching_both,exploration,3,LANTERN,LANTERN,QUARTZ,LANTERN
qwen25_math7b,local_operator,cf_0179,1.0,1.0,1.0,1.0,0.0,1.0,correct_flip,resource_game,3,RAVEN,SUMMIT,SUMMIT,RAVEN
qwen25_math7b,positive_operator,cf_0000,0.0,1.0,0.0,0.0,1.0,1.0,branching_both,abstract_game,1,VELVET,VELVET,TIDAL,VELVET
qwen25_math7b,positive_operator,cf_0001,0.0,1.0,0.0,0.0,1.0,1.0,branching_both,cyber_defense,1,KITE,KITE,SUMMIT,KITE
qwen25_math7b,positive_operator,cf_0002,1.0,1.0,1.0,1.0,0.0,1.0,correct_flip,tool_agent,1,SUMMIT,WILLOW,WILLOW,SUMMIT
qwen25_math7b,positive_operator,cf_0003,0.0,1.0,0.0,0.0,1.0,1.0,branching_both,logistics,1,EMBER,EMBER,VELVET,EMBER
qwen25_math7b,positive_operator,cf_0004,0.0,1.0,0.0,0.0,1.0,1.0,branching_both,exploration,1,VELVET,VELVET,RAVEN,VELVET
qwen25_math7b,positive_operator,cf_0005,0.0,0.0,1.0,0.0,1.0,1.0,safe_both,resource_game,1,CIPHER,CIPHER,CIPHER,ORBIT
qwen25_math7b,positive_operator,cf_0006,0.0,0.0,0.0,1.0,0.0,1.0,reversed_flip,abstract_game,2,ZENITH,LANTERN,ZENITH,LANTERN
qwen25_math7b,positive_operator,cf_0007,0.0,1.0,0.0,0.0,1.0,1.0,branching_both,cyber_defense,2,SUMMIT,SUMMIT,EMBER,SUMMIT
qwen25_math7b,positive_operator,cf_0008,0.0,1.0,0.0,0.0,1.0,1.0,branching_both,tool_agent,2,WILLOW,WILLOW,KITE,WILLOW
qwen25_math7b,positive_operator,cf_0009,0.0,0.0,0.0,1.0,0.0,1.0,reversed_flip,logistics,2,ORBIT,TIDAL,ORBIT,TIDAL
qwen25_math7b,positive_operator,cf_0010,0.0,1.0,0.0,0.0,1.0,1.0,branching_both,exploration,2,WILLOW,WILLOW,CIPHER,WILLOW
qwen25_math7b,positive_operator,cf_0011,0.0,0.0,0.0,1.0,0.0,1.0,reversed_flip,resource_game,2,QUARTZ,ORBIT,QUARTZ,ORBIT
qwen25_math7b,positive_operator,cf_0012,0.0,1.0,0.0,0.0,1.0,1.0,branching_both,abstract_game,3,VELVET,VELVET,ORBIT,VELVET
qwen25_math7b,positive_operator,cf_0013,0.0,1.0,0.0,0.0,1.0,1.0,branching_both,cyber_defense,3,VELVET,VELVET,QUARTZ,VELVET
qwen25_math7b,positive_operator,cf_0014,0.0,1.0,0.0,0.0,1.0,1.0,branching_both,tool_agent,3,ZENITH,ZENITH,EMBER,ZENITH
qwen25_math7b,positive_operator,cf_0015,0.0,1.0,0.0,0.0,1.0,1.0,branching_both,logistics,3,WILLOW,WILLOW,LANTERN,WILLOW
qwen25_math7b,positive_operator,cf_0016,0.0,1.0,0.0,0.0,1.0,1.0,branching_both,exploration,3,VELVET,VELVET,ZENITH,VELVET
qwen25_math7b,positive_operator,cf_0017,0.0,1.0,0.0,0.0,1.0,1.0,branching_both,resource_game,3,QUARTZ,QUARTZ,ZENITH,QUARTZ
qwen25_math7b,positive_operator,cf_0018,1.0,1.0,1.0,1.0,0.0,1.0,correct_flip,abstract_game,1,VELVET,RAVEN,RAVEN,VELVET
qwen25_math7b,positive_operator,cf_0019,0.0,1.0,0.0,0.0,1.0,1.0,branching_both,cyber_defense,1,TIDAL,TIDAL,SUMMIT,TIDAL
qwen25_math7b,positive_operator,cf_0020,0.0,1.0,0.0,0.0,1.0,1.0,branching_both,tool_agent,1,QUARTZ,QUARTZ,ZENITH,QUARTZ
qwen25_math7b,positive_operator,cf_0021,1.0,1.0,1.0,1.0,0.0,1.0,correct_flip,logistics,1,ORBIT,ZENITH,ZENITH,ORBIT
qwen25_math7b,positive_operator,cf_0022,0.0,0.0,0.0,1.0,0.0,1.0,reversed_flip,exploration,1,RAVEN,ZENITH,RAVEN,ZENITH
qwen25_math7b,positive_operator,cf_0023,1.0,1.0,1.0,1.0,0.0,1.0,correct_flip,resource_game,1,SUMMIT,KITE,KITE,SUMMIT
qwen25_math7b,positive_operator,cf_0024,1.0,1.0,1.0,1.0,0.0,1.0,correct_flip,abstract_game,2,WILLOW,QUARTZ,QUARTZ,WILLOW
qwen25_math7b,positive_operator,cf_0025,1.0,1.0,1.0,1.0,0.0,1.0,correct_flip,cyber_defense,2,VELVET,ORBIT,ORBIT,VELVET
qwen25_math7b,positive_operator,cf_0026,1.0,1.0,1.0,1.0,0.0,1.0,correct_flip,tool_agent,2,LANTERN,ORBIT,ORBIT,LANTERN
qwen25_math7b,positive_operator,cf_0027,0.0,1.0,0.0,0.0,1.0,1.0,branching_both,logistics,2,CIPHER,CIPHER,EMBER,CIPHER
qwen25_math7b,positive_operator,cf_0028,0.0,1.0,0.0,0.0,1.0,1.0,branching_both,exploration,2,EMBER,EMBER,ORBIT,EMBER
qwen25_math7b,positive_operator,cf_0029,0.0,1.0,0.0,0.0,1.0,1.0,branching_both,resource_game,2,EMBER,EMBER,VELVET,EMBER
qwen25_math7b,positive_operator,cf_0030,0.0,1.0,0.0,0.0,1.0,1.0,branching_both,abstract_game,3,ZENITH,ZENITH,TIDAL,ZENITH
qwen25_math7b,positive_operator,cf_0031,0.0,1.0,0.0,0.0,1.0,1.0,branching_both,cyber_defense,3,WILLOW,WILLOW,LANTERN,WILLOW
qwen25_math7b,positive_operator,cf_0032,0.0,1.0,0.0,0.0,1.0,1.0,branching_both,tool_agent,3,ORBIT,ORBIT,QUARTZ,ORBIT
qwen25_math7b,positive_operator,cf_0033,0.0,1.0,0.0,0.0,1.0,1.0,branching_both,logistics,3,EMBER,EMBER,KITE,EMBER
qwen25_math7b,positive_operator,cf_0034,0.0,1.0,0.0,0.0,1.0,1.0,branching_both,exploration,3,VELVET,VELVET,KITE,VELVET
qwen25_math7b,positive_operator,cf_0035,0.0,1.0,0.0,0.0,1.0,1.0,branching_both,resource_game,3,WILLOW,WILLOW,TIDAL,WILLOW
qwen25_math7b,positive_operator,cf_0036,1.0,1.0,1.0,1.0,0.0,1.0,correct_flip,abstract_game,1,CIPHER,LANTERN,LANTERN,CIPHER
qwen25_math7b,positive_operator,cf_0037,0.0,1.0,0.0,0.0,1.0,1.0,branching_both,cyber_defense,1,CIPHER,CIPHER,RAVEN,CIPHER
qwen25_math7b,positive_operator,cf_0038,1.0,1.0,1.0,1.0,0.0,1.0,correct_flip,tool_agent,1,CIPHER,ZENITH,ZENITH,CIPHER
qwen25_math7b,positive_operator,cf_0039,1.0,1.0,1.0,1.0,0.0,1.0,correct_flip,logistics,1,LANTERN,VELVET,VELVET,LANTERN
qwen25_math7b,positive_operator,cf_0040,0.0,1.0,0.0,0.0,1.0,1.0,branching_both,exploration,1,VELVET,VELVET,TIDAL,VELVET
qwen25_math7b,positive_operator,cf_0041,0.0,1.0,0.0,0.0,1.0,1.0,branching_both,resource_game,1,ZENITH,ZENITH,LANTERN,ZENITH
qwen25_math7b,positive_operator,cf_0042,1.0,1.0,1.0,1.0,0.0,1.0,correct_flip,abstract_game,2,WILLOW,RAVEN,RAVEN,WILLOW
qwen25_math7b,positive_operator,cf_0043,0.0,1.0,0.0,0.0,1.0,1.0,branching_both,cyber_defense,2,ORBIT,ORBIT,TIDAL,ORBIT
qwen25_math7b,positive_operator,cf_0044,0.0,1.0,0.0,0.0,1.0,1.0,branching_both,tool_agent,2,WILLOW,WILLOW,KITE,WILLOW
qwen25_math7b,positive_operator,cf_0045,0.0,1.0,0.0,0.0,1.0,1.0,branching_both,logistics,2,CIPHER,CIPHER,WILLOW,CIPHER
qwen25_math7b,positive_operator,cf_0046,0.0,1.0,0.0,0.0,1.0,1.0,branching_both,exploration,2,QUARTZ,QUARTZ,ORBIT,QUARTZ
qwen25_math7b,positive_operator,cf_0047,0.0,1.0,0.0,0.0,1.0,1.0,branching_both,resource_game,2,KITE,KITE,RAVEN,KITE
qwen25_math7b,positive_operator,cf_0048,1.0,1.0,1.0,1.0,0.0,1.0,correct_flip,abstract_game,3,LANTERN,CIPHER,CIPHER,LANTERN
qwen25_math7b,positive_operator,cf_0049,0.0,1.0,0.0,0.0,1.0,1.0,branching_both,cyber_defense,3,RAVEN,RAVEN,VELVET,RAVEN
qwen25_math7b,positive_operator,cf_0050,0.0,0.0,0.0,1.0,0.0,1.0,reversed_flip,tool_agent,3,LANTERN,KITE,LANTERN,KITE
qwen25_math7b,positive_operator,cf_0051,0.0,1.0,0.0,0.0,1.0,1.0,branching_both,logistics,3,RAVEN,RAVEN,CIPHER,RAVEN
qwen25_math7b,positive_operator,cf_0052,0.0,1.0,0.0,0.0,1.0,1.0,branching_both,exploration,3,CIPHER,CIPHER,RAVEN,CIPHER
qwen25_math7b,positive_operator,cf_0053,0.0,1.0,0.0,0.0,1.0,1.0,branching_both,resource_game,3,ZENITH,ZENITH,TIDAL,ZENITH
qwen25_math7b,positive_operator,cf_0054,1.0,1.0,1.0,1.0,0.0,1.0,correct_flip,abstract_game,1,ORBIT,KITE,KITE,ORBIT
qwen25_math7b,positive_operator,cf_0055,0.0,1.0,0.0,0.0,1.0,1.0,branching_both,cyber_defense,1,RAVEN,RAVEN,ZENITH,RAVEN
qwen25_math7b,positive_operator,cf_0056,1.0,1.0,1.0,1.0,0.0,1.0,correct_flip,tool_agent,1,SUMMIT,RAVEN,RAVEN,SUMMIT
qwen25_math7b,positive_operator,cf_0057,1.0,1.0,1.0,1.0,0.0,1.0,correct_flip,logistics,1,ORBIT,WILLOW,WILLOW,ORBIT
qwen25_math7b,positive_operator,cf_0058,0.0,1.0,0.0,0.0,1.0,1.0,branching_both,exploration,1,VELVET,VELVET,CIPHER,VELVET
qwen25_math7b,positive_operator,cf_0059,0.0,1.0,0.0,0.0,1.0,1.0,branching_both,resource_game,1,EMBER,EMBER,RAVEN,EMBER
qwen25_math7b,positive_operator,cf_0060,0.0,1.0,0.0,0.0,1.0,1.0,branching_both,abstract_game,2,ORBIT,ORBIT,RAVEN,ORBIT
qwen25_math7b,positive_operator,cf_0061,0.0,1.0,0.0,0.0,1.0,1.0,branching_both,cyber_defense,2,EMBER,EMBER,CIPHER,EMBER
qwen25_math7b,positive_operator,cf_0062,0.0,1.0,0.0,0.0,1.0,1.0,branching_both,tool_agent,2,EMBER,EMBER,VELVET,EMBER
qwen25_math7b,positive_operator,cf_0063,0.0,1.0,0.0,0.0,1.0,1.0,branching_both,logistics,2,RAVEN,RAVEN,QUARTZ,RAVEN
qwen25_math7b,positive_operator,cf_0064,1.0,1.0,1.0,1.0,0.0,1.0,correct_flip,exploration,2,ORBIT,QUARTZ,QUARTZ,ORBIT
qwen25_math7b,positive_operator,cf_0065,1.0,1.0,1.0,1.0,0.0,1.0,correct_flip,resource_game,2,TIDAL,SUMMIT,SUMMIT,TIDAL
qwen25_math7b,positive_operator,cf_0066,0.0,1.0,0.0,0.0,1.0,1.0,branching_both,abstract_game,3,TIDAL,TIDAL,VELVET,TIDAL
qwen25_math7b,positive_operator,cf_0067,0.0,1.0,0.0,0.0,1.0,1.0,branching_both,cyber_defense,3,QUARTZ,QUARTZ,ORBIT,QUARTZ
qwen25_math7b,positive_operator,cf_0068,0.0,1.0,0.0,0.0,1.0,1.0,branching_both,tool_agent,3,KITE,KITE,RAVEN,KITE
qwen25_math7b,positive_operator,cf_0069,1.0,1.0,1.0,1.0,0.0,1.0,correct_flip,logistics,3,QUARTZ,CIPHER,CIPHER,QUARTZ
qwen25_math7b,positive_operator,cf_0070,0.0,1.0,0.0,0.0,1.0,1.0,branching_both,exploration,3,QUARTZ,QUARTZ,RAVEN,QUARTZ
qwen25_math7b,positive_operator,cf_0071,0.0,1.0,0.0,0.0,1.0,1.0,branching_both,resource_game,3,VELVET,VELVET,CIPHER,VELVET
qwen25_math7b,positive_operator,cf_0072,0.0,1.0,0.0,0.0,1.0,1.0,branching_both,abstract_game,1,EMBER,EMBER,WILLOW,EMBER
qwen25_math7b,positive_operator,cf_0073,0.0,1.0,0.0,0.0,1.0,1.0,branching_both,cyber_defense,1,SUMMIT,SUMMIT,LANTERN,SUMMIT
qwen25_math7b,positive_operator,cf_0074,1.0,1.0,1.0,1.0,0.0,1.0,correct_flip,tool_agent,1,EMBER,WILLOW,WILLOW,EMBER
qwen25_math7b,positive_operator,cf_0075,0.0,1.0,0.0,0.0,1.0,1.0,branching_both,logistics,1,ORBIT,ORBIT,WILLOW,ORBIT
qwen25_math7b,positive_operator,cf_0076,0.0,1.0,0.0,0.0,1.0,1.0,branching_both,exploration,1,CIPHER,CIPHER,LANTERN,CIPHER
qwen25_math7b,positive_operator,cf_0077,1.0,1.0,1.0,1.0,0.0,1.0,correct_flip,resource_game,1,EMBER,LANTERN,LANTERN,EMBER
qwen25_math7b,positive_operator,cf_0078,0.0,1.0,0.0,0.0,1.0,1.0,branching_both,abstract_game,2,QUARTZ,QUARTZ,TIDAL,QUARTZ
qwen25_math7b,positive_operator,cf_0079,0.0,1.0,0.0,0.0,1.0,1.0,branching_both,cyber_defense,2,QUARTZ,QUARTZ,SUMMIT,QUARTZ
qwen25_math7b,positive_operator,cf_0080,1.0,1.0,1.0,1.0,0.0,1.0,correct_flip,tool_agent,2,SUMMIT,LANTERN,LANTERN,SUMMIT
qwen25_math7b,positive_operator,cf_0081,0.0,0.0,1.0,0.0,1.0,1.0,safe_both,logistics,2,EMBER,EMBER,EMBER,ZENITH
qwen25_math7b,positive_operator,cf_0082,0.0,0.0,0.0,1.0,0.0,1.0,reversed_flip,exploration,2,ZENITH,QUARTZ,ZENITH,QUARTZ
qwen25_math7b,positive_operator,cf_0083,1.0,1.0,1.0,1.0,0.0,1.0,correct_flip,resource_game,2,ORBIT,QUARTZ,QUARTZ,ORBIT
qwen25_math7b,positive_operator,cf_0084,0.0,1.0,0.0,0.0,1.0,1.0,branching_both,abstract_game,3,RAVEN,RAVEN,QUARTZ,RAVEN
qwen25_math7b,positive_operator,cf_0085,0.0,1.0,0.0,0.0,1.0,1.0,branching_both,cyber_defense,3,KITE,KITE,CIPHER,KITE
qwen25_math7b,positive_operator,cf_0086,0.0,1.0,0.0,0.0,1.0,1.0,branching_both,tool_agent,3,SUMMIT,SUMMIT,ORBIT,SUMMIT
qwen25_math7b,positive_operator,cf_0087,0.0,1.0,0.0,0.0,1.0,1.0,branching_both,logistics,3,SUMMIT,SUMMIT,WILLOW,SUMMIT
qwen25_math7b,positive_operator,cf_0088,0.0,1.0,0.0,0.0,1.0,1.0,branching_both,exploration,3,TIDAL,TIDAL,CIPHER,TIDAL
qwen25_math7b,positive_operator,cf_0089,0.0,1.0,0.0,0.0,1.0,1.0,branching_both,resource_game,3,KITE,KITE,TIDAL,KITE
qwen25_math7b,positive_operator,cf_0090,0.0,1.0,0.0,0.0,1.0,1.0,branching_both,abstract_game,1,KITE,KITE,ORBIT,KITE
qwen25_math7b,positive_operator,cf_0091,0.0,1.0,0.0,0.0,1.0,1.0,branching_both,cyber_defense,1,CIPHER,CIPHER,KITE,CIPHER
qwen25_math7b,positive_operator,cf_0092,0.0,1.0,0.0,0.0,1.0,1.0,branching_both,tool_agent,1,KITE,KITE,SUMMIT,KITE
qwen25_math7b,positive_operator,cf_0093,0.0,1.0,0.0,0.0,1.0,1.0,branching_both,logistics,1,EMBER,EMBER,CIPHER,EMBER
qwen25_math7b,positive_operator,cf_0094,0.0,1.0,0.0,0.0,1.0,1.0,branching_both,exploration,1,WILLOW,WILLOW,EMBER,WILLOW
qwen25_math7b,positive_operator,cf_0095,0.0,1.0,0.0,0.0,1.0,1.0,branching_both,resource_game,1,RAVEN,RAVEN,KITE,RAVEN
qwen25_math7b,positive_operator,cf_0096,0.0,0.0,1.0,0.0,1.0,1.0,safe_both,abstract_game,2,VELVET,VELVET,VELVET,LANTERN
qwen25_math7b,positive_operator,cf_0097,0.0,0.0,0.0,1.0,0.0,1.0,reversed_flip,cyber_defense,2,QUARTZ,SUMMIT,QUARTZ,SUMMIT
qwen25_math7b,positive_operator,cf_0098,0.0,1.0,0.0,0.0,1.0,1.0,branching_both,tool_agent,2,QUARTZ,QUARTZ,VELVET,QUARTZ
qwen25_math7b,positive_operator,cf_0099,0.0,1.0,0.0,0.0,1.0,1.0,branching_both,logistics,2,QUARTZ,QUARTZ,EMBER,QUARTZ
qwen25_math7b,positive_operator,cf_0100,0.0,1.0,0.0,0.0,1.0,1.0,branching_both,exploration,2,LANTERN,LANTERN,RAVEN,LANTERN
qwen25_math7b,positive_operator,cf_0101,0.0,1.0,0.0,0.0,1.0,1.0,branching_both,resource_game,2,RAVEN,RAVEN,VELVET,RAVEN
qwen25_math7b,positive_operator,cf_0102,0.0,1.0,0.0,0.0,1.0,1.0,branching_both,abstract_game,3,ZENITH,ZENITH,ORBIT,ZENITH
qwen25_math7b,positive_operator,cf_0103,0.0,1.0,0.0,0.0,1.0,1.0,branching_both,cyber_defense,3,TIDAL,TIDAL,RAVEN,TIDAL
qwen25_math7b,positive_operator,cf_0104,1.0,1.0,1.0,1.0,0.0,1.0,correct_flip,tool_agent,3,KITE,SUMMIT,SUMMIT,KITE
qwen25_math7b,positive_operator,cf_0105,1.0,1.0,1.0,1.0,0.0,1.0,correct_flip,logistics,3,TIDAL,ORBIT,ORBIT,TIDAL
qwen25_math7b,positive_operator,cf_0106,1.0,1.0,1.0,1.0,0.0,1.0,correct_flip,exploration,3,RAVEN,VELVET,VELVET,RAVEN
qwen25_math7b,positive_operator,cf_0107,1.0,1.0,1.0,1.0,0.0,1.0,correct_flip,resource_game,3,EMBER,CIPHER,CIPHER,EMBER
qwen25_math7b,positive_operator,cf_0108,1.0,1.0,1.0,1.0,0.0,1.0,correct_flip,abstract_game,1,TIDAL,SUMMIT,SUMMIT,TIDAL
qwen25_math7b,positive_operator,cf_0109,0.0,1.0,0.0,0.0,1.0,1.0,branching_both,cyber_defense,1,CIPHER,CIPHER,WILLOW,CIPHER
qwen25_math7b,positive_operator,cf_0110,1.0,1.0,1.0,1.0,0.0,1.0,correct_flip,tool_agent,1,QUARTZ,WILLOW,WILLOW,QUARTZ
qwen25_math7b,positive_operator,cf_0111,1.0,1.0,1.0,1.0,0.0,1.0,correct_flip,logistics,1,VELVET,LANTERN,LANTERN,VELVET
qwen25_math7b,positive_operator,cf_0112,0.0,0.0,1.0,0.0,1.0,1.0,safe_both,exploration,1,TIDAL,TIDAL,TIDAL,WILLOW
qwen25_math7b,positive_operator,cf_0113,0.0,1.0,0.0,0.0,1.0,1.0,branching_both,resource_game,1,KITE,KITE,QUARTZ,KITE
qwen25_math7b,positive_operator,cf_0114,0.0,1.0,0.0,0.0,1.0,1.0,branching_both,abstract_game,2,RAVEN,RAVEN,KITE,RAVEN
qwen25_math7b,positive_operator,cf_0115,1.0,1.0,1.0,1.0,0.0,1.0,correct_flip,cyber_defense,2,ZENITH,ORBIT,ORBIT,ZENITH
qwen25_math7b,positive_operator,cf_0116,0.0,0.0,0.0,1.0,0.0,1.0,reversed_flip,tool_agent,2,LANTERN,QUARTZ,LANTERN,QUARTZ
qwen25_math7b,positive_operator,cf_0117,1.0,1.0,1.0,1.0,0.0,1.0,correct_flip,logistics,2,VELVET,ORBIT,ORBIT,VELVET
qwen25_math7b,positive_operator,cf_0118,1.0,1.0,1.0,1.0,0.0,1.0,correct_flip,exploration,2,TIDAL,SUMMIT,SUMMIT,TIDAL
qwen25_math7b,positive_operator,cf_0119,0.0,1.0,0.0,0.0,1.0,1.0,branching_both,resource_game,2,RAVEN,RAVEN,VELVET,RAVEN
qwen25_math7b,positive_operator,cf_0120,0.0,0.0,1.0,0.0,1.0,1.0,safe_both,abstract_game,3,WILLOW,WILLOW,WILLOW,ORBIT
qwen25_math7b,positive_operator,cf_0121,0.0,1.0,0.0,0.0,1.0,1.0,branching_both,cyber_defense,3,VELVET,VELVET,EMBER,VELVET
qwen25_math7b,positive_operator,cf_0122,1.0,1.0,1.0,1.0,0.0,1.0,correct_flip,tool_agent,3,SUMMIT,EMBER,EMBER,SUMMIT
qwen25_math7b,positive_operator,cf_0123,0.0,1.0,0.0,0.0,1.0,1.0,branching_both,logistics,3,WILLOW,WILLOW,ORBIT,WILLOW
qwen25_math7b,positive_operator,cf_0124,0.0,1.0,0.0,0.0,1.0,1.0,branching_both,exploration,3,ZENITH,ZENITH,SUMMIT,ZENITH
qwen25_math7b,positive_operator,cf_0125,0.0,1.0,0.0,0.0,1.0,1.0,branching_both,resource_game,3,KITE,KITE,TIDAL,KITE
qwen25_math7b,positive_operator,cf_0126,0.0,1.0,0.0,0.0,1.0,1.0,branching_both,abstract_game,1,KITE,KITE,CIPHER,KITE
qwen25_math7b,positive_operator,cf_0127,1.0,1.0,1.0,1.0,0.0,1.0,correct_flip,cyber_defense,1,QUARTZ,KITE,KITE,QUARTZ
qwen25_math7b,positive_operator,cf_0128,1.0,1.0,1.0,1.0,0.0,1.0,correct_flip,tool_agent,1,TIDAL,KITE,KITE,TIDAL
qwen25_math7b,positive_operator,cf_0129,1.0,1.0,1.0,1.0,0.0,1.0,correct_flip,logistics,1,CIPHER,WILLOW,WILLOW,CIPHER
qwen25_math7b,positive_operator,cf_0130,1.0,1.0,1.0,1.0,0.0,1.0,correct_flip,exploration,1,LANTERN,CIPHER,CIPHER,LANTERN
qwen25_math7b,positive_operator,cf_0131,1.0,1.0,1.0,1.0,0.0,1.0,correct_flip,resource_game,1,SUMMIT,ZENITH,ZENITH,SUMMIT
qwen25_math7b,positive_operator,cf_0132,0.0,0.0,1.0,0.0,1.0,1.0,safe_both,abstract_game,2,LANTERN,LANTERN,LANTERN,ORBIT
qwen25_math7b,positive_operator,cf_0133,0.0,1.0,0.0,0.0,1.0,1.0,branching_both,cyber_defense,2,SUMMIT,SUMMIT,ORBIT,SUMMIT
qwen25_math7b,positive_operator,cf_0134,1.0,1.0,1.0,1.0,0.0,1.0,correct_flip,tool_agent,2,LANTERN,KITE,KITE,LANTERN
qwen25_math7b,positive_operator,cf_0135,0.0,1.0,0.0,0.0,1.0,1.0,branching_both,logistics,2,LANTERN,LANTERN,KITE,LANTERN
qwen25_math7b,positive_operator,cf_0136,0.0,0.0,1.0,0.0,1.0,1.0,safe_both,exploration,2,KITE,KITE,KITE,CIPHER
qwen25_math7b,positive_operator,cf_0137,0.0,1.0,0.0,0.0,1.0,1.0,branching_both,resource_game,2,CIPHER,CIPHER,RAVEN,CIPHER
qwen25_math7b,positive_operator,cf_0138,0.0,1.0,0.0,0.0,1.0,1.0,branching_both,abstract_game,3,ZENITH,ZENITH,EMBER,ZENITH
qwen25_math7b,positive_operator,cf_0139,0.0,1.0,0.0,0.0,1.0,1.0,branching_both,cyber_defense,3,VELVET,VELVET,RAVEN,VELVET
qwen25_math7b,positive_operator,cf_0140,0.0,1.0,0.0,0.0,1.0,1.0,branching_both,tool_agent,3,ORBIT,ORBIT,TIDAL,ORBIT
qwen25_math7b,positive_operator,cf_0141,0.0,1.0,0.0,0.0,1.0,1.0,branching_both,logistics,3,RAVEN,RAVEN,ORBIT,RAVEN
qwen25_math7b,positive_operator,cf_0142,0.0,1.0,0.0,0.0,1.0,1.0,branching_both,exploration,3,CIPHER,CIPHER,ZENITH,CIPHER
qwen25_math7b,positive_operator,cf_0143,0.0,1.0,0.0,0.0,1.0,1.0,branching_both,resource_game,3,WILLOW,WILLOW,VELVET,WILLOW
qwen25_math7b,positive_operator,cf_0144,1.0,1.0,1.0,1.0,0.0,1.0,correct_flip,abstract_game,1,WILLOW,ZENITH,ZENITH,WILLOW
qwen25_math7b,positive_operator,cf_0145,1.0,1.0,1.0,1.0,0.0,1.0,correct_flip,cyber_defense,1,RAVEN,ORBIT,ORBIT,RAVEN
qwen25_math7b,positive_operator,cf_0146,1.0,1.0,1.0,1.0,0.0,1.0,correct_flip,tool_agent,1,LANTERN,EMBER,EMBER,LANTERN
qwen25_math7b,positive_operator,cf_0147,1.0,1.0,1.0,1.0,0.0,1.0,correct_flip,logistics,1,RAVEN,LANTERN,LANTERN,RAVEN
qwen25_math7b,positive_operator,cf_0148,1.0,1.0,1.0,1.0,0.0,1.0,correct_flip,exploration,1,ZENITH,TIDAL,TIDAL,ZENITH
qwen25_math7b,positive_operator,cf_0149,0.0,1.0,0.0,0.0,1.0,1.0,branching_both,resource_game,1,LANTERN,LANTERN,ZENITH,LANTERN
qwen25_math7b,positive_operator,cf_0150,0.0,0.0,1.0,0.0,1.0,1.0,safe_both,abstract_game,2,VELVET,VELVET,VELVET,LANTERN
qwen25_math7b,positive_operator,cf_0151,0.0,1.0,0.0,0.0,1.0,1.0,branching_both,cyber_defense,2,CIPHER,CIPHER,VELVET,CIPHER
qwen25_math7b,positive_operator,cf_0152,1.0,1.0,1.0,1.0,0.0,1.0,correct_flip,tool_agent,2,ZENITH,VELVET,VELVET,ZENITH
qwen25_math7b,positive_operator,cf_0153,1.0,1.0,1.0,1.0,0.0,1.0,correct_flip,logistics,2,ORBIT,CIPHER,CIPHER,ORBIT
qwen25_math7b,positive_operator,cf_0154,1.0,1.0,1.0,1.0,0.0,1.0,correct_flip,exploration,2,LANTERN,VELVET,VELVET,LANTERN
qwen25_math7b,positive_operator,cf_0155,1.0,1.0,1.0,1.0,0.0,1.0,correct_flip,resource_game,2,RAVEN,QUARTZ,QUARTZ,RAVEN
qwen25_math7b,positive_operator,cf_0156,0.0,1.0,0.0,0.0,1.0,1.0,branching_both,abstract_game,3,ZENITH,ZENITH,QUARTZ,ZENITH
qwen25_math7b,positive_operator,cf_0157,0.0,0.0,0.0,1.0,0.0,1.0,reversed_flip,cyber_defense,3,EMBER,SUMMIT,EMBER,SUMMIT
qwen25_math7b,positive_operator,cf_0158,0.0,1.0,0.0,0.0,1.0,1.0,branching_both,tool_agent,3,KITE,KITE,TIDAL,KITE
qwen25_math7b,positive_operator,cf_0159,1.0,1.0,1.0,1.0,0.0,1.0,correct_flip,logistics,3,VELVET,WILLOW,WILLOW,VELVET
qwen25_math7b,positive_operator,cf_0160,0.0,1.0,0.0,0.0,1.0,1.0,branching_both,exploration,3,LANTERN,LANTERN,ORBIT,LANTERN
qwen25_math7b,positive_operator,cf_0161,0.0,1.0,0.0,0.0,1.0,1.0,branching_both,resource_game,3,WILLOW,WILLOW,RAVEN,WILLOW
qwen25_math7b,positive_operator,cf_0162,0.0,1.0,0.0,0.0,1.0,1.0,branching_both,abstract_game,1,TIDAL,TIDAL,LANTERN,TIDAL
qwen25_math7b,positive_operator,cf_0163,0.0,1.0,0.0,0.0,1.0,1.0,branching_both,cyber_defense,1,QUARTZ,QUARTZ,TIDAL,QUARTZ
qwen25_math7b,positive_operator,cf_0164,1.0,1.0,1.0,1.0,0.0,1.0,correct_flip,tool_agent,1,WILLOW,RAVEN,RAVEN,WILLOW
qwen25_math7b,positive_operator,cf_0165,1.0,1.0,1.0,1.0,0.0,1.0,correct_flip,logistics,1,EMBER,LANTERN,LANTERN,EMBER
qwen25_math7b,positive_operator,cf_0166,0.0,1.0,0.0,0.0,1.0,1.0,branching_both,exploration,1,WILLOW,WILLOW,ORBIT,WILLOW
qwen25_math7b,positive_operator,cf_0167,0.0,1.0,0.0,0.0,1.0,1.0,branching_both,resource_game,1,CIPHER,CIPHER,RAVEN,CIPHER
qwen25_math7b,positive_operator,cf_0168,0.0,0.0,0.0,1.0,0.0,1.0,reversed_flip,abstract_game,2,KITE,ORBIT,KITE,ORBIT
qwen25_math7b,positive_operator,cf_0169,0.0,0.0,0.0,1.0,0.0,1.0,reversed_flip,cyber_defense,2,EMBER,LANTERN,EMBER,LANTERN
qwen25_math7b,positive_operator,cf_0170,1.0,1.0,1.0,1.0,0.0,1.0,correct_flip,tool_agent,2,RAVEN,ZENITH,ZENITH,RAVEN
qwen25_math7b,positive_operator,cf_0171,0.0,1.0,0.0,0.0,1.0,1.0,branching_both,logistics,2,ZENITH,ZENITH,TIDAL,ZENITH
qwen25_math7b,positive_operator,cf_0172,0.0,0.0,1.0,0.0,1.0,1.0,safe_both,exploration,2,KITE,KITE,KITE,QUARTZ
qwen25_math7b,positive_operator,cf_0173,0.0,1.0,0.0,0.0,1.0,1.0,branching_both,resource_game,2,KITE,KITE,EMBER,KITE
qwen25_math7b,positive_operator,cf_0174,0.0,1.0,0.0,0.0,1.0,1.0,branching_both,abstract_game,3,WILLOW,WILLOW,ORBIT,WILLOW
qwen25_math7b,positive_operator,cf_0175,0.0,1.0,0.0,0.0,1.0,1.0,branching_both,cyber_defense,3,EMBER,EMBER,ZENITH,EMBER
qwen25_math7b,positive_operator,cf_0176,0.0,1.0,0.0,0.0,1.0,1.0,branching_both,tool_agent,3,EMBER,EMBER,CIPHER,EMBER
qwen25_math7b,positive_operator,cf_0177,0.0,1.0,0.0,0.0,1.0,1.0,branching_both,logistics,3,RAVEN,RAVEN,KITE,RAVEN
qwen25_math7b,positive_operator,cf_0178,1.0,1.0,1.0,1.0,0.0,1.0,correct_flip,exploration,3,LANTERN,QUARTZ,QUARTZ,LANTERN
qwen25_math7b,positive_operator,cf_0179,0.0,1.0,0.0,0.0,1.0,1.0,branching_both,resource_game,3,RAVEN,RAVEN,SUMMIT,RAVEN
qwen35_4b,bellman,cf_0000,0.0,1.0,0.0,0.0,1.0,1.0,branching_both,abstract_game,1,VELVET,VELVET,TIDAL,VELVET
qwen35_4b,bellman,cf_0001,1.0,1.0,1.0,1.0,0.0,1.0,correct_flip,cyber_defense,1,KITE,SUMMIT,SUMMIT,KITE
qwen35_4b,bellman,cf_0002,1.0,1.0,1.0,1.0,0.0,1.0,correct_flip,tool_agent,1,SUMMIT,WILLOW,WILLOW,SUMMIT
qwen35_4b,bellman,cf_0003,1.0,1.0,1.0,1.0,0.0,1.0,correct_flip,logistics,1,EMBER,VELVET,VELVET,EMBER
qwen35_4b,bellman,cf_0004,1.0,1.0,1.0,1.0,0.0,1.0,correct_flip,exploration,1,VELVET,RAVEN,RAVEN,VELVET
qwen35_4b,bellman,cf_0005,1.0,1.0,1.0,1.0,0.0,1.0,correct_flip,resource_game,1,ORBIT,CIPHER,CIPHER,ORBIT
qwen35_4b,bellman,cf_0006,1.0,1.0,1.0,1.0,0.0,1.0,correct_flip,abstract_game,2,LANTERN,ZENITH,ZENITH,LANTERN
qwen35_4b,bellman,cf_0007,1.0,1.0,1.0,1.0,0.0,1.0,correct_flip,cyber_defense,2,SUMMIT,EMBER,EMBER,SUMMIT
qwen35_4b,bellman,cf_0008,1.0,1.0,1.0,1.0,0.0,1.0,correct_flip,tool_agent,2,WILLOW,KITE,KITE,WILLOW
qwen35_4b,bellman,cf_0009,1.0,1.0,1.0,1.0,0.0,1.0,correct_flip,logistics,2,TIDAL,ORBIT,ORBIT,TIDAL
qwen35_4b,bellman,cf_0010,1.0,1.0,1.0,1.0,0.0,1.0,correct_flip,exploration,2,WILLOW,CIPHER,CIPHER,WILLOW
qwen35_4b,bellman,cf_0011,0.0,1.0,0.0,0.0,1.0,1.0,branching_both,resource_game,2,ORBIT,ORBIT,QUARTZ,ORBIT
qwen35_4b,bellman,cf_0012,1.0,1.0,1.0,1.0,0.0,1.0,correct_flip,abstract_game,3,VELVET,ORBIT,ORBIT,VELVET
qwen35_4b,bellman,cf_0013,1.0,1.0,1.0,1.0,0.0,1.0,correct_flip,cyber_defense,3,VELVET,QUARTZ,QUARTZ,VELVET
qwen35_4b,bellman,cf_0014,1.0,1.0,1.0,1.0,0.0,1.0,correct_flip,tool_agent,3,ZENITH,EMBER,EMBER,ZENITH
qwen35_4b,bellman,cf_0015,0.0,1.0,0.0,0.0,1.0,1.0,branching_both,logistics,3,WILLOW,WILLOW,LANTERN,WILLOW
qwen35_4b,bellman,cf_0016,1.0,1.0,1.0,1.0,0.0,1.0,correct_flip,exploration,3,VELVET,ZENITH,ZENITH,VELVET
qwen35_4b,bellman,cf_0017,1.0,1.0,1.0,1.0,0.0,1.0,correct_flip,resource_game,3,QUARTZ,ZENITH,ZENITH,QUARTZ
qwen35_4b,bellman,cf_0018,1.0,1.0,1.0,1.0,0.0,1.0,correct_flip,abstract_game,1,VELVET,RAVEN,RAVEN,VELVET
qwen35_4b,bellman,cf_0019,1.0,1.0,1.0,1.0,0.0,1.0,correct_flip,cyber_defense,1,TIDAL,SUMMIT,SUMMIT,TIDAL
qwen35_4b,bellman,cf_0020,1.0,1.0,1.0,1.0,0.0,1.0,correct_flip,tool_agent,1,QUARTZ,ZENITH,ZENITH,QUARTZ
qwen35_4b,bellman,cf_0021,1.0,1.0,1.0,1.0,0.0,1.0,correct_flip,logistics,1,ORBIT,ZENITH,ZENITH,ORBIT
qwen35_4b,bellman,cf_0022,1.0,1.0,1.0,1.0,0.0,1.0,correct_flip,exploration,1,ZENITH,RAVEN,RAVEN,ZENITH
qwen35_4b,bellman,cf_0023,1.0,1.0,1.0,1.0,0.0,1.0,correct_flip,resource_game,1,SUMMIT,KITE,KITE,SUMMIT
qwen35_4b,bellman,cf_0024,1.0,1.0,1.0,1.0,0.0,1.0,correct_flip,abstract_game,2,WILLOW,QUARTZ,QUARTZ,WILLOW
qwen35_4b,bellman,cf_0025,1.0,1.0,1.0,1.0,0.0,1.0,correct_flip,cyber_defense,2,VELVET,ORBIT,ORBIT,VELVET
qwen35_4b,bellman,cf_0026,1.0,1.0,1.0,1.0,0.0,1.0,correct_flip,tool_agent,2,LANTERN,ORBIT,ORBIT,LANTERN
qwen35_4b,bellman,cf_0027,1.0,1.0,1.0,1.0,0.0,1.0,correct_flip,logistics,2,CIPHER,EMBER,EMBER,CIPHER
qwen35_4b,bellman,cf_0028,1.0,1.0,1.0,1.0,0.0,1.0,correct_flip,exploration,2,EMBER,ORBIT,ORBIT,EMBER
qwen35_4b,bellman,cf_0029,1.0,1.0,1.0,1.0,0.0,1.0,correct_flip,resource_game,2,EMBER,VELVET,VELVET,EMBER
qwen35_4b,bellman,cf_0030,1.0,1.0,1.0,1.0,0.0,1.0,correct_flip,abstract_game,3,ZENITH,TIDAL,TIDAL,ZENITH
qwen35_4b,bellman,cf_0031,0.0,1.0,0.0,0.0,1.0,1.0,branching_both,cyber_defense,3,WILLOW,WILLOW,LANTERN,WILLOW
qwen35_4b,bellman,cf_0032,1.0,1.0,1.0,1.0,0.0,1.0,correct_flip,tool_agent,3,ORBIT,QUARTZ,QUARTZ,ORBIT
qwen35_4b,bellman,cf_0033,1.0,1.0,1.0,1.0,0.0,1.0,correct_flip,logistics,3,EMBER,KITE,KITE,EMBER
qwen35_4b,bellman,cf_0034,1.0,1.0,1.0,1.0,0.0,1.0,correct_flip,exploration,3,VELVET,KITE,KITE,VELVET
qwen35_4b,bellman,cf_0035,1.0,1.0,1.0,1.0,0.0,1.0,correct_flip,resource_game,3,WILLOW,TIDAL,TIDAL,WILLOW
qwen35_4b,bellman,cf_0036,1.0,1.0,1.0,1.0,0.0,1.0,correct_flip,abstract_game,1,CIPHER,LANTERN,LANTERN,CIPHER
qwen35_4b,bellman,cf_0037,1.0,1.0,1.0,1.0,0.0,1.0,correct_flip,cyber_defense,1,CIPHER,RAVEN,RAVEN,CIPHER
qwen35_4b,bellman,cf_0038,1.0,1.0,1.0,1.0,0.0,1.0,correct_flip,tool_agent,1,CIPHER,ZENITH,ZENITH,CIPHER
qwen35_4b,bellman,cf_0039,1.0,1.0,1.0,1.0,0.0,1.0,correct_flip,logistics,1,LANTERN,VELVET,VELVET,LANTERN
qwen35_4b,bellman,cf_0040,1.0,1.0,1.0,1.0,0.0,1.0,correct_flip,exploration,1,VELVET,TIDAL,TIDAL,VELVET
qwen35_4b,bellman,cf_0041,1.0,1.0,1.0,1.0,0.0,1.0,correct_flip,resource_game,1,ZENITH,LANTERN,LANTERN,ZENITH
qwen35_4b,bellman,cf_0042,1.0,1.0,1.0,1.0,0.0,1.0,correct_flip,abstract_game,2,WILLOW,RAVEN,RAVEN,WILLOW
qwen35_4b,bellman,cf_0043,1.0,1.0,1.0,1.0,0.0,1.0,correct_flip,cyber_defense,2,ORBIT,TIDAL,TIDAL,ORBIT
qwen35_4b,bellman,cf_0044,1.0,1.0,1.0,1.0,0.0,1.0,correct_flip,tool_agent,2,WILLOW,KITE,KITE,WILLOW
qwen35_4b,bellman,cf_0045,1.0,1.0,1.0,1.0,0.0,1.0,correct_flip,logistics,2,CIPHER,WILLOW,WILLOW,CIPHER
qwen35_4b,bellman,cf_0046,1.0,1.0,1.0,1.0,0.0,1.0,correct_flip,exploration,2,QUARTZ,ORBIT,ORBIT,QUARTZ
qwen35_4b,bellman,cf_0047,1.0,1.0,1.0,1.0,0.0,1.0,correct_flip,resource_game,2,KITE,RAVEN,RAVEN,KITE
qwen35_4b,bellman,cf_0048,1.0,1.0,1.0,1.0,0.0,1.0,correct_flip,abstract_game,3,LANTERN,CIPHER,CIPHER,LANTERN
qwen35_4b,bellman,cf_0049,1.0,1.0,1.0,1.0,0.0,1.0,correct_flip,cyber_defense,3,RAVEN,VELVET,VELVET,RAVEN
qwen35_4b,bellman,cf_0050,1.0,1.0,1.0,1.0,0.0,1.0,correct_flip,tool_agent,3,KITE,LANTERN,LANTERN,KITE
qwen35_4b,bellman,cf_0051,1.0,1.0,1.0,1.0,0.0,1.0,correct_flip,logistics,3,RAVEN,CIPHER,CIPHER,RAVEN
qwen35_4b,bellman,cf_0052,1.0,1.0,1.0,1.0,0.0,1.0,correct_flip,exploration,3,CIPHER,RAVEN,RAVEN,CIPHER
qwen35_4b,bellman,cf_0053,1.0,1.0,1.0,1.0,0.0,1.0,correct_flip,resource_game,3,ZENITH,TIDAL,TIDAL,ZENITH
qwen35_4b,bellman,cf_0054,1.0,1.0,1.0,1.0,0.0,1.0,correct_flip,abstract_game,1,ORBIT,KITE,KITE,ORBIT
qwen35_4b,bellman,cf_0055,1.0,1.0,1.0,1.0,0.0,1.0,correct_flip,cyber_defense,1,RAVEN,ZENITH,ZENITH,RAVEN
qwen35_4b,bellman,cf_0056,1.0,1.0,1.0,1.0,0.0,1.0,correct_flip,tool_agent,1,SUMMIT,RAVEN,RAVEN,SUMMIT
qwen35_4b,bellman,cf_0057,1.0,1.0,1.0,1.0,0.0,1.0,correct_flip,logistics,1,ORBIT,WILLOW,WILLOW,ORBIT
qwen35_4b,bellman,cf_0058,1.0,1.0,1.0,1.0,0.0,1.0,correct_flip,exploration,1,VELVET,CIPHER,CIPHER,VELVET
qwen35_4b,bellman,cf_0059,1.0,1.0,1.0,1.0,0.0,1.0,correct_flip,resource_game,1,EMBER,RAVEN,RAVEN,EMBER
qwen35_4b,bellman,cf_0060,1.0,1.0,1.0,1.0,0.0,1.0,correct_flip,abstract_game,2,ORBIT,RAVEN,RAVEN,ORBIT
qwen35_4b,bellman,cf_0061,1.0,1.0,1.0,1.0,0.0,1.0,correct_flip,cyber_defense,2,EMBER,CIPHER,CIPHER,EMBER
qwen35_4b,bellman,cf_0062,1.0,1.0,1.0,1.0,0.0,1.0,correct_flip,tool_agent,2,EMBER,VELVET,VELVET,EMBER
qwen35_4b,bellman,cf_0063,1.0,1.0,1.0,1.0,0.0,1.0,correct_flip,logistics,2,RAVEN,QUARTZ,QUARTZ,RAVEN
qwen35_4b,bellman,cf_0064,0.0,1.0,0.0,0.0,1.0,1.0,branching_both,exploration,2,ORBIT,ORBIT,QUARTZ,ORBIT
qwen35_4b,bellman,cf_0065,1.0,1.0,1.0,1.0,0.0,1.0,correct_flip,resource_game,2,TIDAL,SUMMIT,SUMMIT,TIDAL
qwen35_4b,bellman,cf_0066,1.0,1.0,1.0,1.0,0.0,1.0,correct_flip,abstract_game,3,TIDAL,VELVET,VELVET,TIDAL
qwen35_4b,bellman,cf_0067,1.0,1.0,1.0,1.0,0.0,1.0,correct_flip,cyber_defense,3,QUARTZ,ORBIT,ORBIT,QUARTZ
qwen35_4b,bellman,cf_0068,0.0,0.0,1.0,0.0,1.0,1.0,safe_both,tool_agent,3,RAVEN,RAVEN,RAVEN,KITE
qwen35_4b,bellman,cf_0069,1.0,1.0,1.0,1.0,0.0,1.0,correct_flip,logistics,3,QUARTZ,CIPHER,CIPHER,QUARTZ
qwen35_4b,bellman,cf_0070,1.0,1.0,1.0,1.0,0.0,1.0,correct_flip,exploration,3,QUARTZ,RAVEN,RAVEN,QUARTZ
qwen35_4b,bellman,cf_0071,0.0,1.0,0.0,0.0,1.0,1.0,branching_both,resource_game,3,VELVET,VELVET,CIPHER,VELVET
qwen35_4b,bellman,cf_0072,1.0,1.0,1.0,1.0,0.0,1.0,correct_flip,abstract_game,1,EMBER,WILLOW,WILLOW,EMBER
qwen35_4b,bellman,cf_0073,1.0,1.0,1.0,1.0,0.0,1.0,correct_flip,cyber_defense,1,SUMMIT,LANTERN,LANTERN,SUMMIT
qwen35_4b,bellman,cf_0074,1.0,1.0,1.0,1.0,0.0,1.0,correct_flip,tool_agent,1,EMBER,WILLOW,WILLOW,EMBER
qwen35_4b,bellman,cf_0075,1.0,1.0,1.0,1.0,0.0,1.0,correct_flip,logistics,1,ORBIT,WILLOW,WILLOW,ORBIT
qwen35_4b,bellman,cf_0076,1.0,1.0,1.0,1.0,0.0,1.0,correct_flip,exploration,1,CIPHER,LANTERN,LANTERN,CIPHER
qwen35_4b,bellman,cf_0077,1.0,1.0,1.0,1.0,0.0,1.0,correct_flip,resource_game,1,EMBER,LANTERN,LANTERN,EMBER
qwen35_4b,bellman,cf_0078,1.0,1.0,1.0,1.0,0.0,1.0,correct_flip,abstract_game,2,QUARTZ,TIDAL,TIDAL,QUARTZ
qwen35_4b,bellman,cf_0079,0.0,1.0,0.0,0.0,1.0,1.0,branching_both,cyber_defense,2,QUARTZ,QUARTZ,SUMMIT,QUARTZ
qwen35_4b,bellman,cf_0080,1.0,1.0,1.0,1.0,0.0,1.0,correct_flip,tool_agent,2,SUMMIT,LANTERN,LANTERN,SUMMIT
qwen35_4b,bellman,cf_0081,1.0,1.0,1.0,1.0,0.0,1.0,correct_flip,logistics,2,ZENITH,EMBER,EMBER,ZENITH
qwen35_4b,bellman,cf_0082,0.0,1.0,0.0,0.0,1.0,1.0,branching_both,exploration,2,QUARTZ,QUARTZ,ZENITH,QUARTZ
qwen35_4b,bellman,cf_0083,1.0,1.0,1.0,1.0,0.0,1.0,correct_flip,resource_game,2,ORBIT,QUARTZ,QUARTZ,ORBIT
qwen35_4b,bellman,cf_0084,0.0,1.0,0.0,0.0,1.0,1.0,branching_both,abstract_game,3,RAVEN,RAVEN,QUARTZ,RAVEN
qwen35_4b,bellman,cf_0085,1.0,1.0,1.0,1.0,0.0,1.0,correct_flip,cyber_defense,3,KITE,CIPHER,CIPHER,KITE
qwen35_4b,bellman,cf_0086,1.0,1.0,1.0,1.0,0.0,1.0,correct_flip,tool_agent,3,SUMMIT,ORBIT,ORBIT,SUMMIT
qwen35_4b,bellman,cf_0087,0.0,1.0,0.0,0.0,1.0,1.0,branching_both,logistics,3,SUMMIT,SUMMIT,WILLOW,SUMMIT
qwen35_4b,bellman,cf_0088,1.0,1.0,1.0,1.0,0.0,1.0,correct_flip,exploration,3,TIDAL,CIPHER,CIPHER,TIDAL
qwen35_4b,bellman,cf_0089,1.0,1.0,1.0,1.0,0.0,1.0,correct_flip,resource_game,3,KITE,TIDAL,TIDAL,KITE
qwen35_4b,bellman,cf_0090,1.0,1.0,1.0,1.0,0.0,1.0,correct_flip,abstract_game,1,KITE,ORBIT,ORBIT,KITE
qwen35_4b,bellman,cf_0091,1.0,1.0,1.0,1.0,0.0,1.0,correct_flip,cyber_defense,1,CIPHER,KITE,KITE,CIPHER
qwen35_4b,bellman,cf_0092,1.0,1.0,1.0,1.0,0.0,1.0,correct_flip,tool_agent,1,KITE,SUMMIT,SUMMIT,KITE
qwen35_4b,bellman,cf_0093,1.0,1.0,1.0,1.0,0.0,1.0,correct_flip,logistics,1,EMBER,CIPHER,CIPHER,EMBER
qwen35_4b,bellman,cf_0094,1.0,1.0,1.0,1.0,0.0,1.0,correct_flip,exploration,1,WILLOW,EMBER,EMBER,WILLOW
qwen35_4b,bellman,cf_0095,1.0,1.0,1.0,1.0,0.0,1.0,correct_flip,resource_game,1,RAVEN,KITE,KITE,RAVEN
qwen35_4b,bellman,cf_0096,1.0,1.0,1.0,1.0,0.0,1.0,correct_flip,abstract_game,2,LANTERN,VELVET,VELVET,LANTERN
qwen35_4b,bellman,cf_0097,1.0,1.0,1.0,1.0,0.0,1.0,correct_flip,cyber_defense,2,SUMMIT,QUARTZ,QUARTZ,SUMMIT
qwen35_4b,bellman,cf_0098,1.0,1.0,1.0,1.0,0.0,1.0,correct_flip,tool_agent,2,QUARTZ,VELVET,VELVET,QUARTZ
qwen35_4b,bellman,cf_0099,1.0,1.0,1.0,1.0,0.0,1.0,correct_flip,logistics,2,QUARTZ,EMBER,EMBER,QUARTZ
qwen35_4b,bellman,cf_0100,1.0,1.0,1.0,1.0,0.0,1.0,correct_flip,exploration,2,LANTERN,RAVEN,RAVEN,LANTERN
qwen35_4b,bellman,cf_0101,1.0,1.0,1.0,1.0,0.0,1.0,correct_flip,resource_game,2,RAVEN,VELVET,VELVET,RAVEN
qwen35_4b,bellman,cf_0102,1.0,1.0,1.0,1.0,0.0,1.0,correct_flip,abstract_game,3,ZENITH,ORBIT,ORBIT,ZENITH
qwen35_4b,bellman,cf_0103,1.0,1.0,1.0,1.0,0.0,1.0,correct_flip,cyber_defense,3,TIDAL,RAVEN,RAVEN,TIDAL
qwen35_4b,bellman,cf_0104,1.0,1.0,1.0,1.0,0.0,1.0,correct_flip,tool_agent,3,KITE,SUMMIT,SUMMIT,KITE
qwen35_4b,bellman,cf_0105,1.0,1.0,1.0,1.0,0.0,1.0,correct_flip,logistics,3,TIDAL,ORBIT,ORBIT,TIDAL
qwen35_4b,bellman,cf_0106,1.0,1.0,1.0,1.0,0.0,1.0,correct_flip,exploration,3,RAVEN,VELVET,VELVET,RAVEN
qwen35_4b,bellman,cf_0107,0.0,1.0,0.0,0.0,1.0,1.0,branching_both,resource_game,3,EMBER,EMBER,CIPHER,EMBER
qwen35_4b,bellman,cf_0108,1.0,1.0,1.0,1.0,0.0,1.0,correct_flip,abstract_game,1,TIDAL,SUMMIT,SUMMIT,TIDAL
qwen35_4b,bellman,cf_0109,0.0,1.0,0.0,0.0,1.0,1.0,branching_both,cyber_defense,1,CIPHER,CIPHER,WILLOW,CIPHER
qwen35_4b,bellman,cf_0110,1.0,1.0,1.0,1.0,0.0,1.0,correct_flip,tool_agent,1,QUARTZ,WILLOW,WILLOW,QUARTZ
qwen35_4b,bellman,cf_0111,1.0,1.0,1.0,1.0,0.0,1.0,correct_flip,logistics,1,VELVET,LANTERN,LANTERN,VELVET
qwen35_4b,bellman,cf_0112,1.0,1.0,1.0,1.0,0.0,1.0,correct_flip,exploration,1,WILLOW,TIDAL,TIDAL,WILLOW
qwen35_4b,bellman,cf_0113,1.0,1.0,1.0,1.0,0.0,1.0,correct_flip,resource_game,1,KITE,QUARTZ,QUARTZ,KITE
qwen35_4b,bellman,cf_0114,1.0,1.0,1.0,1.0,0.0,1.0,correct_flip,abstract_game,2,RAVEN,KITE,KITE,RAVEN
qwen35_4b,bellman,cf_0115,1.0,1.0,1.0,1.0,0.0,1.0,correct_flip,cyber_defense,2,ZENITH,ORBIT,ORBIT,ZENITH
qwen35_4b,bellman,cf_0116,1.0,1.0,1.0,1.0,0.0,1.0,correct_flip,tool_agent,2,QUARTZ,LANTERN,LANTERN,QUARTZ
qwen35_4b,bellman,cf_0117,1.0,1.0,1.0,1.0,0.0,1.0,correct_flip,logistics,2,VELVET,ORBIT,ORBIT,VELVET
qwen35_4b,bellman,cf_0118,1.0,1.0,1.0,1.0,0.0,1.0,correct_flip,exploration,2,TIDAL,SUMMIT,SUMMIT,TIDAL
qwen35_4b,bellman,cf_0119,1.0,1.0,1.0,1.0,0.0,1.0,correct_flip,resource_game,2,RAVEN,VELVET,VELVET,RAVEN
qwen35_4b,bellman,cf_0120,1.0,1.0,1.0,1.0,0.0,1.0,correct_flip,abstract_game,3,ORBIT,WILLOW,WILLOW,ORBIT
qwen35_4b,bellman,cf_0121,0.0,1.0,0.0,0.0,1.0,1.0,branching_both,cyber_defense,3,VELVET,VELVET,EMBER,VELVET
qwen35_4b,bellman,cf_0122,1.0,1.0,1.0,1.0,0.0,1.0,correct_flip,tool_agent,3,SUMMIT,EMBER,EMBER,SUMMIT
qwen35_4b,bellman,cf_0123,1.0,1.0,1.0,1.0,0.0,1.0,correct_flip,logistics,3,WILLOW,ORBIT,ORBIT,WILLOW
qwen35_4b,bellman,cf_0124,1.0,1.0,1.0,1.0,0.0,1.0,correct_flip,exploration,3,ZENITH,SUMMIT,SUMMIT,ZENITH
qwen35_4b,bellman,cf_0125,1.0,1.0,1.0,1.0,0.0,1.0,correct_flip,resource_game,3,KITE,TIDAL,TIDAL,KITE
qwen35_4b,bellman,cf_0126,1.0,1.0,1.0,1.0,0.0,1.0,correct_flip,abstract_game,1,KITE,CIPHER,CIPHER,KITE
qwen35_4b,bellman,cf_0127,1.0,1.0,1.0,1.0,0.0,1.0,correct_flip,cyber_defense,1,QUARTZ,KITE,KITE,QUARTZ
qwen35_4b,bellman,cf_0128,1.0,1.0,1.0,1.0,0.0,1.0,correct_flip,tool_agent,1,TIDAL,KITE,KITE,TIDAL
qwen35_4b,bellman,cf_0129,1.0,1.0,1.0,1.0,0.0,1.0,correct_flip,logistics,1,CIPHER,WILLOW,WILLOW,CIPHER
qwen35_4b,bellman,cf_0130,1.0,1.0,1.0,1.0,0.0,1.0,correct_flip,exploration,1,LANTERN,CIPHER,CIPHER,LANTERN
qwen35_4b,bellman,cf_0131,1.0,1.0,1.0,1.0,0.0,1.0,correct_flip,resource_game,1,SUMMIT,ZENITH,ZENITH,SUMMIT
qwen35_4b,bellman,cf_0132,1.0,1.0,1.0,1.0,0.0,1.0,correct_flip,abstract_game,2,ORBIT,LANTERN,LANTERN,ORBIT
qwen35_4b,bellman,cf_0133,1.0,1.0,1.0,1.0,0.0,1.0,correct_flip,cyber_defense,2,SUMMIT,ORBIT,ORBIT,SUMMIT
qwen35_4b,bellman,cf_0134,1.0,1.0,1.0,1.0,0.0,1.0,correct_flip,tool_agent,2,LANTERN,KITE,KITE,LANTERN
qwen35_4b,bellman,cf_0135,1.0,1.0,1.0,1.0,0.0,1.0,correct_flip,logistics,2,LANTERN,KITE,KITE,LANTERN
qwen35_4b,bellman,cf_0136,1.0,1.0,1.0,1.0,0.0,1.0,correct_flip,exploration,2,CIPHER,KITE,KITE,CIPHER
qwen35_4b,bellman,cf_0137,1.0,1.0,1.0,1.0,0.0,1.0,correct_flip,resource_game,2,CIPHER,RAVEN,RAVEN,CIPHER
qwen35_4b,bellman,cf_0138,1.0,1.0,1.0,1.0,0.0,1.0,correct_flip,abstract_game,3,ZENITH,EMBER,EMBER,ZENITH
qwen35_4b,bellman,cf_0139,1.0,1.0,1.0,1.0,0.0,1.0,correct_flip,cyber_defense,3,VELVET,RAVEN,RAVEN,VELVET
qwen35_4b,bellman,cf_0140,1.0,1.0,1.0,1.0,0.0,1.0,correct_flip,tool_agent,3,ORBIT,TIDAL,TIDAL,ORBIT
qwen35_4b,bellman,cf_0141,1.0,1.0,1.0,1.0,0.0,1.0,correct_flip,logistics,3,RAVEN,ORBIT,ORBIT,RAVEN
qwen35_4b,bellman,cf_0142,1.0,1.0,1.0,1.0,0.0,1.0,correct_flip,exploration,3,CIPHER,ZENITH,ZENITH,CIPHER
qwen35_4b,bellman,cf_0143,1.0,1.0,1.0,1.0,0.0,1.0,correct_flip,resource_game,3,WILLOW,VELVET,VELVET,WILLOW
qwen35_4b,bellman,cf_0144,1.0,1.0,1.0,1.0,0.0,1.0,correct_flip,abstract_game,1,WILLOW,ZENITH,ZENITH,WILLOW
qwen35_4b,bellman,cf_0145,1.0,1.0,1.0,1.0,0.0,1.0,correct_flip,cyber_defense,1,RAVEN,ORBIT,ORBIT,RAVEN
qwen35_4b,bellman,cf_0146,1.0,1.0,1.0,1.0,0.0,1.0,correct_flip,tool_agent,1,LANTERN,EMBER,EMBER,LANTERN
qwen35_4b,bellman,cf_0147,1.0,1.0,1.0,1.0,0.0,1.0,correct_flip,logistics,1,RAVEN,LANTERN,LANTERN,RAVEN
qwen35_4b,bellman,cf_0148,1.0,1.0,1.0,1.0,0.0,1.0,correct_flip,exploration,1,ZENITH,TIDAL,TIDAL,ZENITH
qwen35_4b,bellman,cf_0149,1.0,1.0,1.0,1.0,0.0,1.0,correct_flip,resource_game,1,LANTERN,ZENITH,ZENITH,LANTERN
qwen35_4b,bellman,cf_0150,0.0,1.0,0.0,0.0,1.0,1.0,branching_both,abstract_game,2,LANTERN,LANTERN,VELVET,LANTERN
qwen35_4b,bellman,cf_0151,1.0,1.0,1.0,1.0,0.0,1.0,correct_flip,cyber_defense,2,CIPHER,VELVET,VELVET,CIPHER
qwen35_4b,bellman,cf_0152,1.0,1.0,1.0,1.0,0.0,1.0,correct_flip,tool_agent,2,ZENITH,VELVET,VELVET,ZENITH
qwen35_4b,bellman,cf_0153,1.0,1.0,1.0,1.0,0.0,1.0,correct_flip,logistics,2,ORBIT,CIPHER,CIPHER,ORBIT
qwen35_4b,bellman,cf_0154,1.0,1.0,1.0,1.0,0.0,1.0,correct_flip,exploration,2,LANTERN,VELVET,VELVET,LANTERN
qwen35_4b,bellman,cf_0155,1.0,1.0,1.0,1.0,0.0,1.0,correct_flip,resource_game,2,RAVEN,QUARTZ,QUARTZ,RAVEN
qwen35_4b,bellman,cf_0156,1.0,1.0,1.0,1.0,0.0,1.0,correct_flip,abstract_game,3,ZENITH,QUARTZ,QUARTZ,ZENITH
qwen35_4b,bellman,cf_0157,1.0,1.0,1.0,1.0,0.0,1.0,correct_flip,cyber_defense,3,SUMMIT,EMBER,EMBER,SUMMIT
qwen35_4b,bellman,cf_0158,1.0,1.0,1.0,1.0,0.0,1.0,correct_flip,tool_agent,3,KITE,TIDAL,TIDAL,KITE
qwen35_4b,bellman,cf_0159,0.0,1.0,0.0,0.0,1.0,1.0,branching_both,logistics,3,VELVET,VELVET,WILLOW,VELVET
qwen35_4b,bellman,cf_0160,1.0,1.0,1.0,1.0,0.0,1.0,correct_flip,exploration,3,LANTERN,ORBIT,ORBIT,LANTERN
qwen35_4b,bellman,cf_0161,1.0,1.0,1.0,1.0,0.0,1.0,correct_flip,resource_game,3,WILLOW,RAVEN,RAVEN,WILLOW
qwen35_4b,bellman,cf_0162,1.0,1.0,1.0,1.0,0.0,1.0,correct_flip,abstract_game,1,TIDAL,LANTERN,LANTERN,TIDAL
qwen35_4b,bellman,cf_0163,1.0,1.0,1.0,1.0,0.0,1.0,correct_flip,cyber_defense,1,QUARTZ,TIDAL,TIDAL,QUARTZ
qwen35_4b,bellman,cf_0164,1.0,1.0,1.0,1.0,0.0,1.0,correct_flip,tool_agent,1,WILLOW,RAVEN,RAVEN,WILLOW
qwen35_4b,bellman,cf_0165,1.0,1.0,1.0,1.0,0.0,1.0,correct_flip,logistics,1,EMBER,LANTERN,LANTERN,EMBER
qwen35_4b,bellman,cf_0166,1.0,1.0,1.0,1.0,0.0,1.0,correct_flip,exploration,1,WILLOW,ORBIT,ORBIT,WILLOW
qwen35_4b,bellman,cf_0167,1.0,1.0,1.0,1.0,0.0,1.0,correct_flip,resource_game,1,CIPHER,RAVEN,RAVEN,CIPHER
qwen35_4b,bellman,cf_0168,1.0,1.0,1.0,1.0,0.0,1.0,correct_flip,abstract_game,2,ORBIT,KITE,KITE,ORBIT
qwen35_4b,bellman,cf_0169,1.0,1.0,1.0,1.0,0.0,1.0,correct_flip,cyber_defense,2,LANTERN,EMBER,EMBER,LANTERN
qwen35_4b,bellman,cf_0170,0.0,1.0,0.0,0.0,1.0,1.0,branching_both,tool_agent,2,RAVEN,RAVEN,ZENITH,RAVEN
qwen35_4b,bellman,cf_0171,1.0,1.0,1.0,1.0,0.0,1.0,correct_flip,logistics,2,ZENITH,TIDAL,TIDAL,ZENITH
qwen35_4b,bellman,cf_0172,0.0,1.0,0.0,0.0,1.0,1.0,branching_both,exploration,2,QUARTZ,QUARTZ,KITE,QUARTZ
qwen35_4b,bellman,cf_0173,1.0,1.0,1.0,1.0,0.0,1.0,correct_flip,resource_game,2,KITE,EMBER,EMBER,KITE
qwen35_4b,bellman,cf_0174,1.0,1.0,1.0,1.0,0.0,1.0,correct_flip,abstract_game,3,WILLOW,ORBIT,ORBIT,WILLOW
qwen35_4b,bellman,cf_0175,1.0,1.0,1.0,1.0,0.0,1.0,correct_flip,cyber_defense,3,EMBER,ZENITH,ZENITH,EMBER
qwen35_4b,bellman,cf_0176,1.0,1.0,1.0,1.0,0.0,1.0,correct_flip,tool_agent,3,EMBER,CIPHER,CIPHER,EMBER
qwen35_4b,bellman,cf_0177,1.0,1.0,1.0,1.0,0.0,1.0,correct_flip,logistics,3,RAVEN,KITE,KITE,RAVEN
qwen35_4b,bellman,cf_0178,0.0,1.0,0.0,0.0,1.0,1.0,branching_both,exploration,3,LANTERN,LANTERN,QUARTZ,LANTERN
qwen35_4b,bellman,cf_0179,1.0,1.0,1.0,1.0,0.0,1.0,correct_flip,resource_game,3,RAVEN,SUMMIT,SUMMIT,RAVEN
qwen35_4b,cot,cf_0000,1.0,1.0,1.0,1.0,0.0,1.0,correct_flip,abstract_game,1,VELVET,TIDAL,TIDAL,VELVET
qwen35_4b,cot,cf_0001,1.0,1.0,1.0,1.0,0.0,1.0,correct_flip,cyber_defense,1,KITE,SUMMIT,SUMMIT,KITE
qwen35_4b,cot,cf_0002,1.0,1.0,1.0,1.0,0.0,1.0,correct_flip,tool_agent,1,SUMMIT,WILLOW,WILLOW,SUMMIT
qwen35_4b,cot,cf_0003,1.0,1.0,1.0,1.0,0.0,1.0,correct_flip,logistics,1,EMBER,VELVET,VELVET,EMBER
qwen35_4b,cot,cf_0004,1.0,1.0,1.0,1.0,0.0,1.0,correct_flip,exploration,1,VELVET,RAVEN,RAVEN,VELVET
qwen35_4b,cot,cf_0005,1.0,1.0,1.0,1.0,0.0,1.0,correct_flip,resource_game,1,ORBIT,CIPHER,CIPHER,ORBIT
qwen35_4b,cot,cf_0006,1.0,1.0,1.0,1.0,0.0,1.0,correct_flip,abstract_game,2,LANTERN,ZENITH,ZENITH,LANTERN
qwen35_4b,cot,cf_0007,1.0,1.0,1.0,1.0,0.0,1.0,correct_flip,cyber_defense,2,SUMMIT,EMBER,EMBER,SUMMIT
qwen35_4b,cot,cf_0008,1.0,1.0,1.0,1.0,0.0,1.0,correct_flip,tool_agent,2,WILLOW,KITE,KITE,WILLOW
qwen35_4b,cot,cf_0009,1.0,1.0,1.0,1.0,0.0,1.0,correct_flip,logistics,2,TIDAL,ORBIT,ORBIT,TIDAL
qwen35_4b,cot,cf_0010,1.0,1.0,1.0,1.0,0.0,1.0,correct_flip,exploration,2,WILLOW,CIPHER,CIPHER,WILLOW
qwen35_4b,cot,cf_0011,1.0,1.0,1.0,1.0,0.0,1.0,correct_flip,resource_game,2,ORBIT,QUARTZ,QUARTZ,ORBIT
qwen35_4b,cot,cf_0012,1.0,1.0,1.0,1.0,0.0,1.0,correct_flip,abstract_game,3,VELVET,ORBIT,ORBIT,VELVET
qwen35_4b,cot,cf_0013,1.0,1.0,1.0,1.0,0.0,1.0,correct_flip,cyber_defense,3,VELVET,QUARTZ,QUARTZ,VELVET
qwen35_4b,cot,cf_0014,1.0,1.0,1.0,1.0,0.0,1.0,correct_flip,tool_agent,3,ZENITH,EMBER,EMBER,ZENITH
qwen35_4b,cot,cf_0015,1.0,1.0,1.0,1.0,0.0,1.0,correct_flip,logistics,3,WILLOW,LANTERN,LANTERN,WILLOW
qwen35_4b,cot,cf_0016,1.0,1.0,1.0,1.0,0.0,1.0,correct_flip,exploration,3,VELVET,ZENITH,ZENITH,VELVET
qwen35_4b,cot,cf_0017,1.0,1.0,1.0,1.0,0.0,1.0,correct_flip,resource_game,3,QUARTZ,ZENITH,ZENITH,QUARTZ
qwen35_4b,cot,cf_0018,1.0,1.0,1.0,1.0,0.0,1.0,correct_flip,abstract_game,1,VELVET,RAVEN,RAVEN,VELVET
qwen35_4b,cot,cf_0019,1.0,1.0,1.0,1.0,0.0,1.0,correct_flip,cyber_defense,1,TIDAL,SUMMIT,SUMMIT,TIDAL
qwen35_4b,cot,cf_0020,1.0,1.0,1.0,1.0,0.0,1.0,correct_flip,tool_agent,1,QUARTZ,ZENITH,ZENITH,QUARTZ
qwen35_4b,cot,cf_0021,0.0,1.0,0.0,0.0,1.0,1.0,branching_both,logistics,1,ORBIT,ORBIT,ZENITH,ORBIT
qwen35_4b,cot,cf_0022,1.0,1.0,1.0,1.0,0.0,1.0,correct_flip,exploration,1,ZENITH,RAVEN,RAVEN,ZENITH
qwen35_4b,cot,cf_0023,1.0,1.0,1.0,1.0,0.0,1.0,correct_flip,resource_game,1,SUMMIT,KITE,KITE,SUMMIT
qwen35_4b,cot,cf_0024,1.0,1.0,1.0,1.0,0.0,1.0,correct_flip,abstract_game,2,WILLOW,QUARTZ,QUARTZ,WILLOW
qwen35_4b,cot,cf_0025,0.0,1.0,0.0,0.0,1.0,1.0,branching_both,cyber_defense,2,VELVET,VELVET,ORBIT,VELVET
qwen35_4b,cot,cf_0026,1.0,1.0,1.0,1.0,0.0,1.0,correct_flip,tool_agent,2,LANTERN,ORBIT,ORBIT,LANTERN
qwen35_4b,cot,cf_0027,1.0,1.0,1.0,1.0,0.0,1.0,correct_flip,logistics,2,CIPHER,EMBER,EMBER,CIPHER
qwen35_4b,cot,cf_0028,1.0,1.0,1.0,1.0,0.0,1.0,correct_flip,exploration,2,EMBER,ORBIT,ORBIT,EMBER
qwen35_4b,cot,cf_0029,1.0,1.0,1.0,1.0,0.0,1.0,correct_flip,resource_game,2,EMBER,VELVET,VELVET,EMBER
qwen35_4b,cot,cf_0030,1.0,1.0,1.0,1.0,0.0,1.0,correct_flip,abstract_game,3,ZENITH,TIDAL,TIDAL,ZENITH
qwen35_4b,cot,cf_0031,1.0,1.0,1.0,1.0,0.0,1.0,correct_flip,cyber_defense,3,WILLOW,LANTERN,LANTERN,WILLOW
qwen35_4b,cot,cf_0032,1.0,1.0,1.0,1.0,0.0,1.0,correct_flip,tool_agent,3,ORBIT,QUARTZ,QUARTZ,ORBIT
qwen35_4b,cot,cf_0033,0.0,1.0,0.0,0.0,1.0,1.0,branching_both,logistics,3,EMBER,EMBER,KITE,EMBER
qwen35_4b,cot,cf_0034,0.0,0.0,1.0,0.0,1.0,1.0,safe_both,exploration,3,KITE,KITE,KITE,VELVET
qwen35_4b,cot,cf_0035,1.0,1.0,1.0,1.0,0.0,1.0,correct_flip,resource_game,3,WILLOW,TIDAL,TIDAL,WILLOW
qwen35_4b,cot,cf_0036,1.0,1.0,1.0,1.0,0.0,1.0,correct_flip,abstract_game,1,CIPHER,LANTERN,LANTERN,CIPHER
qwen35_4b,cot,cf_0037,1.0,1.0,1.0,1.0,0.0,1.0,correct_flip,cyber_defense,1,CIPHER,RAVEN,RAVEN,CIPHER
qwen35_4b,cot,cf_0038,1.0,1.0,1.0,1.0,0.0,1.0,correct_flip,tool_agent,1,CIPHER,ZENITH,ZENITH,CIPHER
qwen35_4b,cot,cf_0039,1.0,1.0,1.0,1.0,0.0,1.0,correct_flip,logistics,1,LANTERN,VELVET,VELVET,LANTERN
qwen35_4b,cot,cf_0040,1.0,1.0,1.0,1.0,0.0,1.0,correct_flip,exploration,1,VELVET,TIDAL,TIDAL,VELVET
qwen35_4b,cot,cf_0041,1.0,1.0,1.0,1.0,0.0,1.0,correct_flip,resource_game,1,ZENITH,LANTERN,LANTERN,ZENITH
qwen35_4b,cot,cf_0042,1.0,1.0,1.0,1.0,0.0,1.0,correct_flip,abstract_game,2,WILLOW,RAVEN,RAVEN,WILLOW
qwen35_4b,cot,cf_0043,0.0,1.0,0.0,0.0,1.0,1.0,branching_both,cyber_defense,2,ORBIT,ORBIT,TIDAL,ORBIT
qwen35_4b,cot,cf_0044,1.0,1.0,1.0,1.0,0.0,1.0,correct_flip,tool_agent,2,WILLOW,KITE,KITE,WILLOW
qwen35_4b,cot,cf_0045,0.0,1.0,0.0,0.0,1.0,1.0,branching_both,logistics,2,CIPHER,CIPHER,WILLOW,CIPHER
qwen35_4b,cot,cf_0046,1.0,1.0,1.0,1.0,0.0,1.0,correct_flip,exploration,2,QUARTZ,ORBIT,ORBIT,QUARTZ
qwen35_4b,cot,cf_0047,1.0,1.0,1.0,1.0,0.0,1.0,correct_flip,resource_game,2,KITE,RAVEN,RAVEN,KITE
qwen35_4b,cot,cf_0048,1.0,1.0,1.0,1.0,0.0,1.0,correct_flip,abstract_game,3,LANTERN,CIPHER,CIPHER,LANTERN
qwen35_4b,cot,cf_0049,1.0,1.0,1.0,1.0,0.0,1.0,correct_flip,cyber_defense,3,RAVEN,VELVET,VELVET,RAVEN
qwen35_4b,cot,cf_0050,1.0,1.0,1.0,1.0,0.0,1.0,correct_flip,tool_agent,3,KITE,LANTERN,LANTERN,KITE
qwen35_4b,cot,cf_0051,1.0,1.0,1.0,1.0,0.0,1.0,correct_flip,logistics,3,RAVEN,CIPHER,CIPHER,RAVEN
qwen35_4b,cot,cf_0052,1.0,1.0,1.0,1.0,0.0,1.0,correct_flip,exploration,3,CIPHER,RAVEN,RAVEN,CIPHER
qwen35_4b,cot,cf_0053,1.0,1.0,1.0,1.0,0.0,1.0,correct_flip,resource_game,3,ZENITH,TIDAL,TIDAL,ZENITH
qwen35_4b,cot,cf_0054,1.0,1.0,1.0,1.0,0.0,1.0,correct_flip,abstract_game,1,ORBIT,KITE,KITE,ORBIT
qwen35_4b,cot,cf_0055,1.0,1.0,1.0,1.0,0.0,1.0,correct_flip,cyber_defense,1,RAVEN,ZENITH,ZENITH,RAVEN
qwen35_4b,cot,cf_0056,1.0,1.0,1.0,1.0,0.0,1.0,correct_flip,tool_agent,1,SUMMIT,RAVEN,RAVEN,SUMMIT
qwen35_4b,cot,cf_0057,1.0,1.0,1.0,1.0,0.0,1.0,correct_flip,logistics,1,ORBIT,WILLOW,WILLOW,ORBIT
qwen35_4b,cot,cf_0058,1.0,1.0,1.0,1.0,0.0,1.0,correct_flip,exploration,1,VELVET,CIPHER,CIPHER,VELVET
qwen35_4b,cot,cf_0059,1.0,1.0,1.0,1.0,0.0,1.0,correct_flip,resource_game,1,EMBER,RAVEN,RAVEN,EMBER
qwen35_4b,cot,cf_0060,1.0,1.0,1.0,1.0,0.0,1.0,correct_flip,abstract_game,2,ORBIT,RAVEN,RAVEN,ORBIT
qwen35_4b,cot,cf_0061,1.0,1.0,1.0,1.0,0.0,1.0,correct_flip,cyber_defense,2,EMBER,CIPHER,CIPHER,EMBER
qwen35_4b,cot,cf_0062,1.0,1.0,1.0,1.0,0.0,1.0,correct_flip,tool_agent,2,EMBER,VELVET,VELVET,EMBER
qwen35_4b,cot,cf_0063,1.0,1.0,1.0,1.0,0.0,1.0,correct_flip,logistics,2,RAVEN,QUARTZ,QUARTZ,RAVEN
qwen35_4b,cot,cf_0064,1.0,1.0,1.0,1.0,0.0,1.0,correct_flip,exploration,2,ORBIT,QUARTZ,QUARTZ,ORBIT
qwen35_4b,cot,cf_0065,1.0,1.0,1.0,1.0,0.0,1.0,correct_flip,resource_game,2,TIDAL,SUMMIT,SUMMIT,TIDAL
qwen35_4b,cot,cf_0066,1.0,1.0,1.0,1.0,0.0,1.0,correct_flip,abstract_game,3,TIDAL,VELVET,VELVET,TIDAL
qwen35_4b,cot,cf_0067,1.0,1.0,1.0,1.0,0.0,1.0,correct_flip,cyber_defense,3,QUARTZ,ORBIT,ORBIT,QUARTZ
qwen35_4b,cot,cf_0068,1.0,1.0,1.0,1.0,0.0,1.0,correct_flip,tool_agent,3,KITE,RAVEN,RAVEN,KITE
qwen35_4b,cot,cf_0069,0.0,1.0,0.0,0.0,1.0,1.0,branching_both,logistics,3,QUARTZ,QUARTZ,CIPHER,QUARTZ
qwen35_4b,cot,cf_0070,1.0,1.0,1.0,1.0,0.0,1.0,correct_flip,exploration,3,QUARTZ,RAVEN,RAVEN,QUARTZ
qwen35_4b,cot,cf_0071,1.0,1.0,1.0,1.0,0.0,1.0,correct_flip,resource_game,3,VELVET,CIPHER,CIPHER,VELVET
qwen35_4b,cot,cf_0072,1.0,1.0,1.0,1.0,0.0,1.0,correct_flip,abstract_game,1,EMBER,WILLOW,WILLOW,EMBER
qwen35_4b,cot,cf_0073,1.0,1.0,1.0,1.0,0.0,1.0,correct_flip,cyber_defense,1,SUMMIT,LANTERN,LANTERN,SUMMIT
qwen35_4b,cot,cf_0074,1.0,1.0,1.0,1.0,0.0,1.0,correct_flip,tool_agent,1,EMBER,WILLOW,WILLOW,EMBER
qwen35_4b,cot,cf_0075,0.0,1.0,0.0,0.0,1.0,1.0,branching_both,logistics,1,ORBIT,ORBIT,WILLOW,ORBIT
qwen35_4b,cot,cf_0076,0.0,1.0,0.0,0.0,1.0,1.0,branching_both,exploration,1,CIPHER,CIPHER,LANTERN,CIPHER
qwen35_4b,cot,cf_0077,1.0,1.0,1.0,1.0,0.0,1.0,correct_flip,resource_game,1,EMBER,LANTERN,LANTERN,EMBER
qwen35_4b,cot,cf_0078,1.0,1.0,1.0,1.0,0.0,1.0,correct_flip,abstract_game,2,QUARTZ,TIDAL,TIDAL,QUARTZ
qwen35_4b,cot,cf_0079,1.0,1.0,1.0,1.0,0.0,1.0,correct_flip,cyber_defense,2,QUARTZ,SUMMIT,SUMMIT,QUARTZ
qwen35_4b,cot,cf_0080,1.0,1.0,1.0,1.0,0.0,1.0,correct_flip,tool_agent,2,SUMMIT,LANTERN,LANTERN,SUMMIT
qwen35_4b,cot,cf_0081,0.0,1.0,0.0,0.0,1.0,1.0,branching_both,logistics,2,ZENITH,ZENITH,EMBER,ZENITH
qwen35_4b,cot,cf_0082,1.0,1.0,1.0,1.0,0.0,1.0,correct_flip,exploration,2,QUARTZ,ZENITH,ZENITH,QUARTZ
qwen35_4b,cot,cf_0083,1.0,1.0,1.0,1.0,0.0,1.0,correct_flip,resource_game,2,ORBIT,QUARTZ,QUARTZ,ORBIT
qwen35_4b,cot,cf_0084,1.0,1.0,1.0,1.0,0.0,1.0,correct_flip,abstract_game,3,RAVEN,QUARTZ,QUARTZ,RAVEN
qwen35_4b,cot,cf_0085,0.0,1.0,0.0,0.0,1.0,1.0,branching_both,cyber_defense,3,KITE,KITE,CIPHER,KITE
qwen35_4b,cot,cf_0086,1.0,1.0,1.0,1.0,0.0,1.0,correct_flip,tool_agent,3,SUMMIT,ORBIT,ORBIT,SUMMIT
qwen35_4b,cot,cf_0087,0.0,1.0,0.0,0.0,1.0,1.0,branching_both,logistics,3,SUMMIT,SUMMIT,WILLOW,SUMMIT
qwen35_4b,cot,cf_0088,1.0,1.0,1.0,1.0,0.0,1.0,correct_flip,exploration,3,TIDAL,CIPHER,CIPHER,TIDAL
qwen35_4b,cot,cf_0089,1.0,1.0,1.0,1.0,0.0,1.0,correct_flip,resource_game,3,KITE,TIDAL,TIDAL,KITE
qwen35_4b,cot,cf_0090,0.0,1.0,0.0,0.0,1.0,1.0,branching_both,abstract_game,1,KITE,KITE,ORBIT,KITE
qwen35_4b,cot,cf_0091,1.0,1.0,1.0,1.0,0.0,1.0,correct_flip,cyber_defense,1,CIPHER,KITE,KITE,CIPHER
qwen35_4b,cot,cf_0092,1.0,1.0,1.0,1.0,0.0,1.0,correct_flip,tool_agent,1,KITE,SUMMIT,SUMMIT,KITE
qwen35_4b,cot,cf_0093,1.0,1.0,1.0,1.0,0.0,1.0,correct_flip,logistics,1,EMBER,CIPHER,CIPHER,EMBER
qwen35_4b,cot,cf_0094,1.0,1.0,1.0,1.0,0.0,1.0,correct_flip,exploration,1,WILLOW,EMBER,EMBER,WILLOW
qwen35_4b,cot,cf_0095,1.0,1.0,1.0,1.0,0.0,1.0,correct_flip,resource_game,1,RAVEN,KITE,KITE,RAVEN
qwen35_4b,cot,cf_0096,1.0,1.0,1.0,1.0,0.0,1.0,correct_flip,abstract_game,2,LANTERN,VELVET,VELVET,LANTERN
qwen35_4b,cot,cf_0097,1.0,1.0,1.0,1.0,0.0,1.0,correct_flip,cyber_defense,2,SUMMIT,QUARTZ,QUARTZ,SUMMIT
qwen35_4b,cot,cf_0098,1.0,1.0,1.0,1.0,0.0,1.0,correct_flip,tool_agent,2,QUARTZ,VELVET,VELVET,QUARTZ
qwen35_4b,cot,cf_0099,1.0,1.0,1.0,1.0,0.0,1.0,correct_flip,logistics,2,QUARTZ,EMBER,EMBER,QUARTZ
qwen35_4b,cot,cf_0100,1.0,1.0,1.0,1.0,0.0,1.0,correct_flip,exploration,2,LANTERN,RAVEN,RAVEN,LANTERN
qwen35_4b,cot,cf_0101,1.0,1.0,1.0,1.0,0.0,1.0,correct_flip,resource_game,2,RAVEN,VELVET,VELVET,RAVEN
qwen35_4b,cot,cf_0102,1.0,1.0,1.0,1.0,0.0,1.0,correct_flip,abstract_game,3,ZENITH,ORBIT,ORBIT,ZENITH
qwen35_4b,cot,cf_0103,1.0,1.0,1.0,1.0,0.0,1.0,correct_flip,cyber_defense,3,TIDAL,RAVEN,RAVEN,TIDAL
qwen35_4b,cot,cf_0104,1.0,1.0,1.0,1.0,0.0,1.0,correct_flip,tool_agent,3,KITE,SUMMIT,SUMMIT,KITE
qwen35_4b,cot,cf_0105,1.0,1.0,1.0,1.0,0.0,1.0,correct_flip,logistics,3,TIDAL,ORBIT,ORBIT,TIDAL
qwen35_4b,cot,cf_0106,1.0,1.0,1.0,1.0,0.0,1.0,correct_flip,exploration,3,RAVEN,VELVET,VELVET,RAVEN
qwen35_4b,cot,cf_0107,1.0,1.0,1.0,1.0,0.0,1.0,correct_flip,resource_game,3,EMBER,CIPHER,CIPHER,EMBER
qwen35_4b,cot,cf_0108,1.0,1.0,1.0,1.0,0.0,1.0,correct_flip,abstract_game,1,TIDAL,SUMMIT,SUMMIT,TIDAL
qwen35_4b,cot,cf_0109,1.0,1.0,1.0,1.0,0.0,1.0,correct_flip,cyber_defense,1,CIPHER,WILLOW,WILLOW,CIPHER
qwen35_4b,cot,cf_0110,1.0,1.0,1.0,1.0,0.0,1.0,correct_flip,tool_agent,1,QUARTZ,WILLOW,WILLOW,QUARTZ
qwen35_4b,cot,cf_0111,1.0,1.0,1.0,1.0,0.0,1.0,correct_flip,logistics,1,VELVET,LANTERN,LANTERN,VELVET
qwen35_4b,cot,cf_0112,1.0,1.0,1.0,1.0,0.0,1.0,correct_flip,exploration,1,WILLOW,TIDAL,TIDAL,WILLOW
qwen35_4b,cot,cf_0113,1.0,1.0,1.0,1.0,0.0,1.0,correct_flip,resource_game,1,KITE,QUARTZ,QUARTZ,KITE
qwen35_4b,cot,cf_0114,1.0,1.0,1.0,1.0,0.0,1.0,correct_flip,abstract_game,2,RAVEN,KITE,KITE,RAVEN
qwen35_4b,cot,cf_0115,1.0,1.0,1.0,1.0,0.0,1.0,correct_flip,cyber_defense,2,ZENITH,ORBIT,ORBIT,ZENITH
qwen35_4b,cot,cf_0116,1.0,1.0,1.0,1.0,0.0,1.0,correct_flip,tool_agent,2,QUARTZ,LANTERN,LANTERN,QUARTZ
qwen35_4b,cot,cf_0117,1.0,1.0,1.0,1.0,0.0,1.0,correct_flip,logistics,2,VELVET,ORBIT,ORBIT,VELVET
qwen35_4b,cot,cf_0118,1.0,1.0,1.0,1.0,0.0,1.0,correct_flip,exploration,2,TIDAL,SUMMIT,SUMMIT,TIDAL
qwen35_4b,cot,cf_0119,1.0,1.0,1.0,1.0,0.0,1.0,correct_flip,resource_game,2,RAVEN,VELVET,VELVET,RAVEN
qwen35_4b,cot,cf_0120,1.0,1.0,1.0,1.0,0.0,1.0,correct_flip,abstract_game,3,ORBIT,WILLOW,WILLOW,ORBIT
qwen35_4b,cot,cf_0121,0.0,1.0,0.0,0.0,1.0,1.0,branching_both,cyber_defense,3,VELVET,VELVET,EMBER,VELVET
qwen35_4b,cot,cf_0122,1.0,1.0,1.0,1.0,0.0,1.0,correct_flip,tool_agent,3,SUMMIT,EMBER,EMBER,SUMMIT
qwen35_4b,cot,cf_0123,1.0,1.0,1.0,1.0,0.0,1.0,correct_flip,logistics,3,WILLOW,ORBIT,ORBIT,WILLOW
qwen35_4b,cot,cf_0124,1.0,1.0,1.0,1.0,0.0,1.0,correct_flip,exploration,3,ZENITH,SUMMIT,SUMMIT,ZENITH
qwen35_4b,cot,cf_0125,1.0,1.0,1.0,1.0,0.0,1.0,correct_flip,resource_game,3,KITE,TIDAL,TIDAL,KITE
qwen35_4b,cot,cf_0126,1.0,1.0,1.0,1.0,0.0,1.0,correct_flip,abstract_game,1,KITE,CIPHER,CIPHER,KITE
qwen35_4b,cot,cf_0127,1.0,1.0,1.0,1.0,0.0,1.0,correct_flip,cyber_defense,1,QUARTZ,KITE,KITE,QUARTZ
qwen35_4b,cot,cf_0128,1.0,1.0,1.0,1.0,0.0,1.0,correct_flip,tool_agent,1,TIDAL,KITE,KITE,TIDAL
qwen35_4b,cot,cf_0129,1.0,1.0,1.0,1.0,0.0,1.0,correct_flip,logistics,1,CIPHER,WILLOW,WILLOW,CIPHER
qwen35_4b,cot,cf_0130,1.0,1.0,1.0,1.0,0.0,1.0,correct_flip,exploration,1,LANTERN,CIPHER,CIPHER,LANTERN
qwen35_4b,cot,cf_0131,1.0,1.0,1.0,1.0,0.0,1.0,correct_flip,resource_game,1,SUMMIT,ZENITH,ZENITH,SUMMIT
qwen35_4b,cot,cf_0132,1.0,1.0,1.0,1.0,0.0,1.0,correct_flip,abstract_game,2,ORBIT,LANTERN,LANTERN,ORBIT
qwen35_4b,cot,cf_0133,1.0,1.0,1.0,1.0,0.0,1.0,correct_flip,cyber_defense,2,SUMMIT,ORBIT,ORBIT,SUMMIT
qwen35_4b,cot,cf_0134,1.0,1.0,1.0,1.0,0.0,1.0,correct_flip,tool_agent,2,LANTERN,KITE,KITE,LANTERN
qwen35_4b,cot,cf_0135,1.0,1.0,1.0,1.0,0.0,1.0,correct_flip,logistics,2,LANTERN,KITE,KITE,LANTERN
qwen35_4b,cot,cf_0136,1.0,1.0,1.0,1.0,0.0,1.0,correct_flip,exploration,2,CIPHER,KITE,KITE,CIPHER
qwen35_4b,cot,cf_0137,1.0,1.0,1.0,1.0,0.0,1.0,correct_flip,resource_game,2,CIPHER,RAVEN,RAVEN,CIPHER
qwen35_4b,cot,cf_0138,1.0,1.0,1.0,1.0,0.0,1.0,correct_flip,abstract_game,3,ZENITH,EMBER,EMBER,ZENITH
qwen35_4b,cot,cf_0139,1.0,1.0,1.0,1.0,0.0,1.0,correct_flip,cyber_defense,3,VELVET,RAVEN,RAVEN,VELVET
qwen35_4b,cot,cf_0140,1.0,1.0,1.0,1.0,0.0,1.0,correct_flip,tool_agent,3,ORBIT,TIDAL,TIDAL,ORBIT
qwen35_4b,cot,cf_0141,1.0,1.0,1.0,1.0,0.0,1.0,correct_flip,logistics,3,RAVEN,ORBIT,ORBIT,RAVEN
qwen35_4b,cot,cf_0142,1.0,1.0,1.0,1.0,0.0,1.0,correct_flip,exploration,3,CIPHER,ZENITH,ZENITH,CIPHER
qwen35_4b,cot,cf_0143,1.0,1.0,1.0,1.0,0.0,1.0,correct_flip,resource_game,3,WILLOW,VELVET,VELVET,WILLOW
qwen35_4b,cot,cf_0144,1.0,1.0,1.0,1.0,0.0,1.0,correct_flip,abstract_game,1,WILLOW,ZENITH,ZENITH,WILLOW
qwen35_4b,cot,cf_0145,1.0,1.0,1.0,1.0,0.0,1.0,correct_flip,cyber_defense,1,RAVEN,ORBIT,ORBIT,RAVEN
qwen35_4b,cot,cf_0146,1.0,1.0,1.0,1.0,0.0,1.0,correct_flip,tool_agent,1,LANTERN,EMBER,EMBER,LANTERN
qwen35_4b,cot,cf_0147,1.0,1.0,1.0,1.0,0.0,1.0,correct_flip,logistics,1,RAVEN,LANTERN,LANTERN,RAVEN
qwen35_4b,cot,cf_0148,0.0,1.0,0.0,0.0,1.0,1.0,branching_both,exploration,1,ZENITH,ZENITH,TIDAL,ZENITH
qwen35_4b,cot,cf_0149,0.0,1.0,0.0,0.0,1.0,1.0,branching_both,resource_game,1,LANTERN,LANTERN,ZENITH,LANTERN
qwen35_4b,cot,cf_0150,1.0,1.0,1.0,1.0,0.0,1.0,correct_flip,abstract_game,2,LANTERN,VELVET,VELVET,LANTERN
qwen35_4b,cot,cf_0151,1.0,1.0,1.0,1.0,0.0,1.0,correct_flip,cyber_defense,2,CIPHER,VELVET,VELVET,CIPHER
qwen35_4b,cot,cf_0152,1.0,1.0,1.0,1.0,0.0,1.0,correct_flip,tool_agent,2,ZENITH,VELVET,VELVET,ZENITH
qwen35_4b,cot,cf_0153,1.0,1.0,1.0,1.0,0.0,1.0,correct_flip,logistics,2,ORBIT,CIPHER,CIPHER,ORBIT
qwen35_4b,cot,cf_0154,1.0,1.0,1.0,1.0,0.0,1.0,correct_flip,exploration,2,LANTERN,VELVET,VELVET,LANTERN
qwen35_4b,cot,cf_0155,1.0,1.0,1.0,1.0,0.0,1.0,correct_flip,resource_game,2,RAVEN,QUARTZ,QUARTZ,RAVEN
qwen35_4b,cot,cf_0156,1.0,1.0,1.0,1.0,0.0,1.0,correct_flip,abstract_game,3,ZENITH,QUARTZ,QUARTZ,ZENITH
qwen35_4b,cot,cf_0157,1.0,1.0,1.0,1.0,0.0,1.0,correct_flip,cyber_defense,3,SUMMIT,EMBER,EMBER,SUMMIT
qwen35_4b,cot,cf_0158,1.0,1.0,1.0,1.0,0.0,1.0,correct_flip,tool_agent,3,KITE,TIDAL,TIDAL,KITE
qwen35_4b,cot,cf_0159,0.0,1.0,0.0,0.0,1.0,1.0,branching_both,logistics,3,VELVET,VELVET,WILLOW,VELVET
qwen35_4b,cot,cf_0160,1.0,1.0,1.0,1.0,0.0,1.0,correct_flip,exploration,3,LANTERN,ORBIT,ORBIT,LANTERN
qwen35_4b,cot,cf_0161,1.0,1.0,1.0,1.0,0.0,1.0,correct_flip,resource_game,3,WILLOW,RAVEN,RAVEN,WILLOW
qwen35_4b,cot,cf_0162,1.0,1.0,1.0,1.0,0.0,1.0,correct_flip,abstract_game,1,TIDAL,LANTERN,LANTERN,TIDAL
qwen35_4b,cot,cf_0163,1.0,1.0,1.0,1.0,0.0,1.0,correct_flip,cyber_defense,1,QUARTZ,TIDAL,TIDAL,QUARTZ
qwen35_4b,cot,cf_0164,1.0,1.0,1.0,1.0,0.0,1.0,correct_flip,tool_agent,1,WILLOW,RAVEN,RAVEN,WILLOW
qwen35_4b,cot,cf_0165,1.0,1.0,1.0,1.0,0.0,1.0,correct_flip,logistics,1,EMBER,LANTERN,LANTERN,EMBER
qwen35_4b,cot,cf_0166,1.0,1.0,1.0,1.0,0.0,1.0,correct_flip,exploration,1,WILLOW,ORBIT,ORBIT,WILLOW
qwen35_4b,cot,cf_0167,1.0,1.0,1.0,1.0,0.0,1.0,correct_flip,resource_game,1,CIPHER,RAVEN,RAVEN,CIPHER
qwen35_4b,cot,cf_0168,1.0,1.0,1.0,1.0,0.0,1.0,correct_flip,abstract_game,2,ORBIT,KITE,KITE,ORBIT
qwen35_4b,cot,cf_0169,1.0,1.0,1.0,1.0,0.0,1.0,correct_flip,cyber_defense,2,LANTERN,EMBER,EMBER,LANTERN
qwen35_4b,cot,cf_0170,1.0,1.0,1.0,1.0,0.0,1.0,correct_flip,tool_agent,2,RAVEN,ZENITH,ZENITH,RAVEN
qwen35_4b,cot,cf_0171,1.0,1.0,1.0,1.0,0.0,1.0,correct_flip,logistics,2,ZENITH,TIDAL,TIDAL,ZENITH
qwen35_4b,cot,cf_0172,1.0,1.0,1.0,1.0,0.0,1.0,correct_flip,exploration,2,QUARTZ,KITE,KITE,QUARTZ
qwen35_4b,cot,cf_0173,1.0,1.0,1.0,1.0,0.0,1.0,correct_flip,resource_game,2,KITE,EMBER,EMBER,KITE
qwen35_4b,cot,cf_0174,1.0,1.0,1.0,1.0,0.0,1.0,correct_flip,abstract_game,3,WILLOW,ORBIT,ORBIT,WILLOW
qwen35_4b,cot,cf_0175,1.0,1.0,1.0,1.0,0.0,1.0,correct_flip,cyber_defense,3,EMBER,ZENITH,ZENITH,EMBER
qwen35_4b,cot,cf_0176,1.0,1.0,1.0,1.0,0.0,1.0,correct_flip,tool_agent,3,EMBER,CIPHER,CIPHER,EMBER
qwen35_4b,cot,cf_0177,1.0,1.0,1.0,1.0,0.0,1.0,correct_flip,logistics,3,RAVEN,KITE,KITE,RAVEN
qwen35_4b,cot,cf_0178,1.0,1.0,1.0,1.0,0.0,1.0,correct_flip,exploration,3,LANTERN,QUARTZ,QUARTZ,LANTERN
qwen35_4b,cot,cf_0179,1.0,1.0,1.0,1.0,0.0,1.0,correct_flip,resource_game,3,RAVEN,SUMMIT,SUMMIT,RAVEN
qwen35_4b,direct,cf_0000,1.0,1.0,1.0,1.0,0.0,1.0,correct_flip,abstract_game,1,VELVET,TIDAL,TIDAL,VELVET
qwen35_4b,direct,cf_0001,0.0,1.0,0.0,0.0,1.0,1.0,branching_both,cyber_defense,1,KITE,KITE,SUMMIT,KITE
qwen35_4b,direct,cf_0002,1.0,1.0,1.0,1.0,0.0,1.0,correct_flip,tool_agent,1,SUMMIT,WILLOW,WILLOW,SUMMIT
qwen35_4b,direct,cf_0003,1.0,1.0,1.0,1.0,0.0,1.0,correct_flip,logistics,1,EMBER,VELVET,VELVET,EMBER
qwen35_4b,direct,cf_0004,1.0,1.0,1.0,1.0,0.0,1.0,correct_flip,exploration,1,VELVET,RAVEN,RAVEN,VELVET
qwen35_4b,direct,cf_0005,0.0,1.0,0.0,0.0,1.0,1.0,branching_both,resource_game,1,ORBIT,ORBIT,CIPHER,ORBIT
qwen35_4b,direct,cf_0006,1.0,1.0,1.0,1.0,0.0,1.0,correct_flip,abstract_game,2,LANTERN,ZENITH,ZENITH,LANTERN
qwen35_4b,direct,cf_0007,0.0,1.0,0.0,0.0,1.0,1.0,branching_both,cyber_defense,2,SUMMIT,SUMMIT,EMBER,SUMMIT
qwen35_4b,direct,cf_0008,1.0,1.0,1.0,1.0,0.0,1.0,correct_flip,tool_agent,2,WILLOW,KITE,KITE,WILLOW
qwen35_4b,direct,cf_0009,0.0,0.0,1.0,0.0,1.0,1.0,safe_both,logistics,2,ORBIT,ORBIT,ORBIT,TIDAL
qwen35_4b,direct,cf_0010,1.0,1.0,1.0,1.0,0.0,1.0,correct_flip,exploration,2,WILLOW,CIPHER,CIPHER,WILLOW
qwen35_4b,direct,cf_0011,1.0,1.0,1.0,1.0,0.0,1.0,correct_flip,resource_game,2,ORBIT,QUARTZ,QUARTZ,ORBIT
qwen35_4b,direct,cf_0012,0.0,0.0,1.0,0.0,1.0,1.0,safe_both,abstract_game,3,ORBIT,ORBIT,ORBIT,VELVET
qwen35_4b,direct,cf_0013,1.0,1.0,1.0,1.0,0.0,1.0,correct_flip,cyber_defense,3,VELVET,QUARTZ,QUARTZ,VELVET
qwen35_4b,direct,cf_0014,1.0,1.0,1.0,1.0,0.0,1.0,correct_flip,tool_agent,3,ZENITH,EMBER,EMBER,ZENITH
qwen35_4b,direct,cf_0015,1.0,1.0,1.0,1.0,0.0,1.0,correct_flip,logistics,3,WILLOW,LANTERN,LANTERN,WILLOW
qwen35_4b,direct,cf_0016,0.0,0.0,1.0,0.0,1.0,1.0,safe_both,exploration,3,ZENITH,ZENITH,ZENITH,VELVET
qwen35_4b,direct,cf_0017,1.0,1.0,1.0,1.0,0.0,1.0,correct_flip,resource_game,3,QUARTZ,ZENITH,ZENITH,QUARTZ
qwen35_4b,direct,cf_0018,1.0,1.0,1.0,1.0,0.0,1.0,correct_flip,abstract_game,1,VELVET,RAVEN,RAVEN,VELVET
qwen35_4b,direct,cf_0019,1.0,1.0,1.0,1.0,0.0,1.0,correct_flip,cyber_defense,1,TIDAL,SUMMIT,SUMMIT,TIDAL
qwen35_4b,direct,cf_0020,1.0,1.0,1.0,1.0,0.0,1.0,correct_flip,tool_agent,1,QUARTZ,ZENITH,ZENITH,QUARTZ
qwen35_4b,direct,cf_0021,1.0,1.0,1.0,1.0,0.0,1.0,correct_flip,logistics,1,ORBIT,ZENITH,ZENITH,ORBIT
qwen35_4b,direct,cf_0022,1.0,1.0,1.0,1.0,0.0,1.0,correct_flip,exploration,1,ZENITH,RAVEN,RAVEN,ZENITH
qwen35_4b,direct,cf_0023,1.0,1.0,1.0,1.0,0.0,1.0,correct_flip,resource_game,1,SUMMIT,KITE,KITE,SUMMIT
qwen35_4b,direct,cf_0024,1.0,1.0,1.0,1.0,0.0,1.0,correct_flip,abstract_game,2,WILLOW,QUARTZ,QUARTZ,WILLOW
qwen35_4b,direct,cf_0025,0.0,1.0,0.0,0.0,1.0,1.0,branching_both,cyber_defense,2,VELVET,VELVET,ORBIT,VELVET
qwen35_4b,direct,cf_0026,1.0,1.0,1.0,1.0,0.0,1.0,correct_flip,tool_agent,2,LANTERN,ORBIT,ORBIT,LANTERN
qwen35_4b,direct,cf_0027,1.0,1.0,1.0,1.0,0.0,1.0,correct_flip,logistics,2,CIPHER,EMBER,EMBER,CIPHER
qwen35_4b,direct,cf_0028,0.0,0.0,1.0,0.0,1.0,1.0,safe_both,exploration,2,ORBIT,ORBIT,ORBIT,EMBER
qwen35_4b,direct,cf_0029,1.0,1.0,1.0,1.0,0.0,1.0,correct_flip,resource_game,2,EMBER,VELVET,VELVET,EMBER
qwen35_4b,direct,cf_0030,0.0,1.0,0.0,0.0,1.0,1.0,branching_both,abstract_game,3,ZENITH,ZENITH,TIDAL,ZENITH
qwen35_4b,direct,cf_0031,1.0,1.0,1.0,1.0,0.0,1.0,correct_flip,cyber_defense,3,WILLOW,LANTERN,LANTERN,WILLOW
qwen35_4b,direct,cf_0032,1.0,1.0,1.0,1.0,0.0,1.0,correct_flip,tool_agent,3,ORBIT,QUARTZ,QUARTZ,ORBIT
qwen35_4b,direct,cf_0033,0.0,1.0,0.0,0.0,1.0,1.0,branching_both,logistics,3,EMBER,EMBER,KITE,EMBER
qwen35_4b,direct,cf_0034,0.0,0.0,1.0,0.0,1.0,1.0,safe_both,exploration,3,KITE,KITE,KITE,VELVET
qwen35_4b,direct,cf_0035,0.0,0.0,1.0,0.0,1.0,1.0,safe_both,resource_game,3,TIDAL,TIDAL,TIDAL,WILLOW
qwen35_4b,direct,cf_0036,1.0,1.0,1.0,1.0,0.0,1.0,correct_flip,abstract_game,1,CIPHER,LANTERN,LANTERN,CIPHER
qwen35_4b,direct,cf_0037,0.0,1.0,0.0,0.0,1.0,1.0,branching_both,cyber_defense,1,CIPHER,CIPHER,RAVEN,CIPHER
qwen35_4b,direct,cf_0038,1.0,1.0,1.0,1.0,0.0,1.0,correct_flip,tool_agent,1,CIPHER,ZENITH,ZENITH,CIPHER
qwen35_4b,direct,cf_0039,1.0,1.0,1.0,1.0,0.0,1.0,correct_flip,logistics,1,LANTERN,VELVET,VELVET,LANTERN
qwen35_4b,direct,cf_0040,1.0,1.0,1.0,1.0,0.0,1.0,correct_flip,exploration,1,VELVET,TIDAL,TIDAL,VELVET
qwen35_4b,direct,cf_0041,1.0,1.0,1.0,1.0,0.0,1.0,correct_flip,resource_game,1,ZENITH,LANTERN,LANTERN,ZENITH
qwen35_4b,direct,cf_0042,1.0,1.0,1.0,1.0,0.0,1.0,correct_flip,abstract_game,2,WILLOW,RAVEN,RAVEN,WILLOW
qwen35_4b,direct,cf_0043,0.0,1.0,0.0,0.0,1.0,1.0,branching_both,cyber_defense,2,ORBIT,ORBIT,TIDAL,ORBIT
qwen35_4b,direct,cf_0044,1.0,1.0,1.0,1.0,0.0,1.0,correct_flip,tool_agent,2,WILLOW,KITE,KITE,WILLOW
qwen35_4b,direct,cf_0045,0.0,1.0,0.0,0.0,1.0,1.0,branching_both,logistics,2,CIPHER,CIPHER,WILLOW,CIPHER
qwen35_4b,direct,cf_0046,0.0,0.0,1.0,0.0,1.0,1.0,safe_both,exploration,2,ORBIT,ORBIT,ORBIT,QUARTZ
qwen35_4b,direct,cf_0047,1.0,1.0,1.0,1.0,0.0,1.0,correct_flip,resource_game,2,KITE,RAVEN,RAVEN,KITE
qwen35_4b,direct,cf_0048,0.0,0.0,1.0,0.0,1.0,1.0,safe_both,abstract_game,3,CIPHER,CIPHER,CIPHER,LANTERN
qwen35_4b,direct,cf_0049,0.0,0.0,1.0,0.0,1.0,1.0,safe_both,cyber_defense,3,VELVET,VELVET,VELVET,RAVEN
qwen35_4b,direct,cf_0050,1.0,1.0,1.0,1.0,0.0,1.0,correct_flip,tool_agent,3,KITE,LANTERN,LANTERN,KITE
qwen35_4b,direct,cf_0051,0.0,0.0,1.0,0.0,1.0,1.0,safe_both,logistics,3,CIPHER,CIPHER,CIPHER,RAVEN
qwen35_4b,direct,cf_0052,1.0,1.0,1.0,1.0,0.0,1.0,correct_flip,exploration,3,CIPHER,RAVEN,RAVEN,CIPHER
qwen35_4b,direct,cf_0053,1.0,1.0,1.0,1.0,0.0,1.0,correct_flip,resource_game,3,ZENITH,TIDAL,TIDAL,ZENITH
qwen35_4b,direct,cf_0054,1.0,1.0,1.0,1.0,0.0,1.0,correct_flip,abstract_game,1,ORBIT,KITE,KITE,ORBIT
qwen35_4b,direct,cf_0055,1.0,1.0,1.0,1.0,0.0,1.0,correct_flip,cyber_defense,1,RAVEN,ZENITH,ZENITH,RAVEN
qwen35_4b,direct,cf_0056,1.0,1.0,1.0,1.0,0.0,1.0,correct_flip,tool_agent,1,SUMMIT,RAVEN,RAVEN,SUMMIT
qwen35_4b,direct,cf_0057,1.0,1.0,1.0,1.0,0.0,1.0,correct_flip,logistics,1,ORBIT,WILLOW,WILLOW,ORBIT
qwen35_4b,direct,cf_0058,1.0,1.0,1.0,1.0,0.0,1.0,correct_flip,exploration,1,VELVET,CIPHER,CIPHER,VELVET
qwen35_4b,direct,cf_0059,0.0,0.0,1.0,0.0,1.0,1.0,safe_both,resource_game,1,RAVEN,RAVEN,RAVEN,EMBER
qwen35_4b,direct,cf_0060,1.0,1.0,1.0,1.0,0.0,1.0,correct_flip,abstract_game,2,ORBIT,RAVEN,RAVEN,ORBIT
qwen35_4b,direct,cf_0061,0.0,1.0,0.0,0.0,1.0,1.0,branching_both,cyber_defense,2,EMBER,EMBER,CIPHER,EMBER
qwen35_4b,direct,cf_0062,1.0,1.0,1.0,1.0,0.0,1.0,correct_flip,tool_agent,2,EMBER,VELVET,VELVET,EMBER
qwen35_4b,direct,cf_0063,0.0,0.0,1.0,0.0,1.0,1.0,safe_both,logistics,2,QUARTZ,QUARTZ,QUARTZ,RAVEN
qwen35_4b,direct,cf_0064,1.0,1.0,1.0,1.0,0.0,1.0,correct_flip,exploration,2,ORBIT,QUARTZ,QUARTZ,ORBIT
qwen35_4b,direct,cf_0065,0.0,0.0,1.0,0.0,1.0,1.0,safe_both,resource_game,2,SUMMIT,SUMMIT,SUMMIT,TIDAL
qwen35_4b,direct,cf_0066,0.0,1.0,0.0,0.0,1.0,1.0,branching_both,abstract_game,3,TIDAL,TIDAL,VELVET,TIDAL
qwen35_4b,direct,cf_0067,1.0,1.0,1.0,1.0,0.0,1.0,correct_flip,cyber_defense,3,QUARTZ,ORBIT,ORBIT,QUARTZ
qwen35_4b,direct,cf_0068,1.0,1.0,1.0,1.0,0.0,1.0,correct_flip,tool_agent,3,KITE,RAVEN,RAVEN,KITE
qwen35_4b,direct,cf_0069,1.0,1.0,1.0,1.0,0.0,1.0,correct_flip,logistics,3,QUARTZ,CIPHER,CIPHER,QUARTZ
qwen35_4b,direct,cf_0070,1.0,1.0,1.0,1.0,0.0,1.0,correct_flip,exploration,3,QUARTZ,RAVEN,RAVEN,QUARTZ
qwen35_4b,direct,cf_0071,0.0,0.0,1.0,0.0,1.0,1.0,safe_both,resource_game,3,CIPHER,CIPHER,CIPHER,VELVET
qwen35_4b,direct,cf_0072,1.0,1.0,1.0,1.0,0.0,1.0,correct_flip,abstract_game,1,EMBER,WILLOW,WILLOW,EMBER
qwen35_4b,direct,cf_0073,0.0,1.0,0.0,0.0,1.0,1.0,branching_both,cyber_defense,1,SUMMIT,SUMMIT,LANTERN,SUMMIT
qwen35_4b,direct,cf_0074,1.0,1.0,1.0,1.0,0.0,1.0,correct_flip,tool_agent,1,EMBER,WILLOW,WILLOW,EMBER
qwen35_4b,direct,cf_0075,1.0,1.0,1.0,1.0,0.0,1.0,correct_flip,logistics,1,ORBIT,WILLOW,WILLOW,ORBIT
qwen35_4b,direct,cf_0076,0.0,1.0,0.0,0.0,1.0,1.0,branching_both,exploration,1,CIPHER,CIPHER,LANTERN,CIPHER
qwen35_4b,direct,cf_0077,1.0,1.0,1.0,1.0,0.0,1.0,correct_flip,resource_game,1,EMBER,LANTERN,LANTERN,EMBER
qwen35_4b,direct,cf_0078,0.0,1.0,0.0,0.0,1.0,1.0,branching_both,abstract_game,2,QUARTZ,QUARTZ,TIDAL,QUARTZ
qwen35_4b,direct,cf_0079,0.0,0.0,1.0,0.0,1.0,1.0,safe_both,cyber_defense,2,SUMMIT,SUMMIT,SUMMIT,QUARTZ
qwen35_4b,direct,cf_0080,1.0,1.0,1.0,1.0,0.0,1.0,correct_flip,tool_agent,2,SUMMIT,LANTERN,LANTERN,SUMMIT
qwen35_4b,direct,cf_0081,1.0,1.0,1.0,1.0,0.0,1.0,correct_flip,logistics,2,ZENITH,EMBER,EMBER,ZENITH
qwen35_4b,direct,cf_0082,1.0,1.0,1.0,1.0,0.0,1.0,correct_flip,exploration,2,QUARTZ,ZENITH,ZENITH,QUARTZ
qwen35_4b,direct,cf_0083,1.0,1.0,1.0,1.0,0.0,1.0,correct_flip,resource_game,2,ORBIT,QUARTZ,QUARTZ,ORBIT
qwen35_4b,direct,cf_0084,1.0,1.0,1.0,1.0,0.0,1.0,correct_flip,abstract_game,3,RAVEN,QUARTZ,QUARTZ,RAVEN
qwen35_4b,direct,cf_0085,1.0,1.0,1.0,1.0,0.0,1.0,correct_flip,cyber_defense,3,KITE,CIPHER,CIPHER,KITE
qwen35_4b,direct,cf_0086,0.0,0.0,1.0,0.0,1.0,1.0,safe_both,tool_agent,3,ORBIT,ORBIT,ORBIT,SUMMIT
qwen35_4b,direct,cf_0087,1.0,1.0,1.0,1.0,0.0,1.0,correct_flip,logistics,3,SUMMIT,WILLOW,WILLOW,SUMMIT
qwen35_4b,direct,cf_0088,1.0,1.0,1.0,1.0,0.0,1.0,correct_flip,exploration,3,TIDAL,CIPHER,CIPHER,TIDAL
qwen35_4b,direct,cf_0089,1.0,1.0,1.0,1.0,0.0,1.0,correct_flip,resource_game,3,KITE,TIDAL,TIDAL,KITE
qwen35_4b,direct,cf_0090,1.0,1.0,1.0,1.0,0.0,1.0,correct_flip,abstract_game,1,KITE,ORBIT,ORBIT,KITE
qwen35_4b,direct,cf_0091,0.0,1.0,0.0,0.0,1.0,1.0,branching_both,cyber_defense,1,CIPHER,CIPHER,KITE,CIPHER
qwen35_4b,direct,cf_0092,1.0,1.0,1.0,1.0,0.0,1.0,correct_flip,tool_agent,1,KITE,SUMMIT,SUMMIT,KITE
qwen35_4b,direct,cf_0093,1.0,1.0,1.0,1.0,0.0,1.0,correct_flip,logistics,1,EMBER,CIPHER,CIPHER,EMBER
qwen35_4b,direct,cf_0094,1.0,1.0,1.0,1.0,0.0,1.0,correct_flip,exploration,1,WILLOW,EMBER,EMBER,WILLOW
qwen35_4b,direct,cf_0095,1.0,1.0,1.0,1.0,0.0,1.0,correct_flip,resource_game,1,RAVEN,KITE,KITE,RAVEN
qwen35_4b,direct,cf_0096,1.0,1.0,1.0,1.0,0.0,1.0,correct_flip,abstract_game,2,LANTERN,VELVET,VELVET,LANTERN
qwen35_4b,direct,cf_0097,0.0,1.0,0.0,0.0,1.0,1.0,branching_both,cyber_defense,2,SUMMIT,SUMMIT,QUARTZ,SUMMIT
qwen35_4b,direct,cf_0098,1.0,1.0,1.0,1.0,0.0,1.0,correct_flip,tool_agent,2,QUARTZ,VELVET,VELVET,QUARTZ
qwen35_4b,direct,cf_0099,1.0,1.0,1.0,1.0,0.0,1.0,correct_flip,logistics,2,QUARTZ,EMBER,EMBER,QUARTZ
qwen35_4b,direct,cf_0100,0.0,0.0,1.0,0.0,1.0,1.0,safe_both,exploration,2,RAVEN,RAVEN,RAVEN,LANTERN
qwen35_4b,direct,cf_0101,1.0,1.0,1.0,1.0,0.0,1.0,correct_flip,resource_game,2,RAVEN,VELVET,VELVET,RAVEN
qwen35_4b,direct,cf_0102,1.0,1.0,1.0,1.0,0.0,1.0,correct_flip,abstract_game,3,ZENITH,ORBIT,ORBIT,ZENITH
qwen35_4b,direct,cf_0103,0.0,0.0,1.0,0.0,1.0,1.0,safe_both,cyber_defense,3,RAVEN,RAVEN,RAVEN,TIDAL
qwen35_4b,direct,cf_0104,1.0,1.0,1.0,1.0,0.0,1.0,correct_flip,tool_agent,3,KITE,SUMMIT,SUMMIT,KITE
qwen35_4b,direct,cf_0105,0.0,0.0,1.0,0.0,1.0,1.0,safe_both,logistics,3,ORBIT,ORBIT,ORBIT,TIDAL
qwen35_4b,direct,cf_0106,1.0,1.0,1.0,1.0,0.0,1.0,correct_flip,exploration,3,RAVEN,VELVET,VELVET,RAVEN
qwen35_4b,direct,cf_0107,0.0,0.0,1.0,0.0,1.0,1.0,safe_both,resource_game,3,CIPHER,CIPHER,CIPHER,EMBER
qwen35_4b,direct,cf_0108,1.0,1.0,1.0,1.0,0.0,1.0,correct_flip,abstract_game,1,TIDAL,SUMMIT,SUMMIT,TIDAL
qwen35_4b,direct,cf_0109,0.0,1.0,0.0,0.0,1.0,1.0,branching_both,cyber_defense,1,CIPHER,CIPHER,WILLOW,CIPHER
qwen35_4b,direct,cf_0110,1.0,1.0,1.0,1.0,0.0,1.0,correct_flip,tool_agent,1,QUARTZ,WILLOW,WILLOW,QUARTZ
qwen35_4b,direct,cf_0111,1.0,1.0,1.0,1.0,0.0,1.0,correct_flip,logistics,1,VELVET,LANTERN,LANTERN,VELVET
qwen35_4b,direct,cf_0112,1.0,1.0,1.0,1.0,0.0,1.0,correct_flip,exploration,1,WILLOW,TIDAL,TIDAL,WILLOW
qwen35_4b,direct,cf_0113,0.0,1.0,0.0,0.0,1.0,1.0,branching_both,resource_game,1,KITE,KITE,QUARTZ,KITE
qwen35_4b,direct,cf_0114,0.0,1.0,0.0,0.0,1.0,1.0,branching_both,abstract_game,2,RAVEN,RAVEN,KITE,RAVEN
qwen35_4b,direct,cf_0115,1.0,1.0,1.0,1.0,0.0,1.0,correct_flip,cyber_defense,2,ZENITH,ORBIT,ORBIT,ZENITH
qwen35_4b,direct,cf_0116,0.0,0.0,1.0,0.0,1.0,1.0,safe_both,tool_agent,2,LANTERN,LANTERN,LANTERN,QUARTZ
qwen35_4b,direct,cf_0117,1.0,1.0,1.0,1.0,0.0,1.0,correct_flip,logistics,2,VELVET,ORBIT,ORBIT,VELVET
qwen35_4b,direct,cf_0118,1.0,1.0,1.0,1.0,0.0,1.0,correct_flip,exploration,2,TIDAL,SUMMIT,SUMMIT,TIDAL
qwen35_4b,direct,cf_0119,1.0,1.0,1.0,1.0,0.0,1.0,correct_flip,resource_game,2,RAVEN,VELVET,VELVET,RAVEN
qwen35_4b,direct,cf_0120,1.0,1.0,1.0,1.0,0.0,1.0,correct_flip,abstract_game,3,ORBIT,WILLOW,WILLOW,ORBIT
qwen35_4b,direct,cf_0121,0.0,0.0,1.0,0.0,1.0,1.0,safe_both,cyber_defense,3,EMBER,EMBER,EMBER,VELVET
qwen35_4b,direct,cf_0122,1.0,1.0,1.0,1.0,0.0,1.0,correct_flip,tool_agent,3,SUMMIT,EMBER,EMBER,SUMMIT
qwen35_4b,direct,cf_0123,0.0,0.0,1.0,0.0,1.0,1.0,safe_both,logistics,3,ORBIT,ORBIT,ORBIT,WILLOW
qwen35_4b,direct,cf_0124,0.0,0.0,1.0,0.0,1.0,1.0,safe_both,exploration,3,SUMMIT,SUMMIT,SUMMIT,ZENITH
qwen35_4b,direct,cf_0125,1.0,1.0,1.0,1.0,0.0,1.0,correct_flip,resource_game,3,KITE,TIDAL,TIDAL,KITE
qwen35_4b,direct,cf_0126,1.0,1.0,1.0,1.0,0.0,1.0,correct_flip,abstract_game,1,KITE,CIPHER,CIPHER,KITE
qwen35_4b,direct,cf_0127,1.0,1.0,1.0,1.0,0.0,1.0,correct_flip,cyber_defense,1,QUARTZ,KITE,KITE,QUARTZ
qwen35_4b,direct,cf_0128,1.0,1.0,1.0,1.0,0.0,1.0,correct_flip,tool_agent,1,TIDAL,KITE,KITE,TIDAL
qwen35_4b,direct,cf_0129,1.0,1.0,1.0,1.0,0.0,1.0,correct_flip,logistics,1,CIPHER,WILLOW,WILLOW,CIPHER
qwen35_4b,direct,cf_0130,1.0,1.0,1.0,1.0,0.0,1.0,correct_flip,exploration,1,LANTERN,CIPHER,CIPHER,LANTERN
qwen35_4b,direct,cf_0131,1.0,1.0,1.0,1.0,0.0,1.0,correct_flip,resource_game,1,SUMMIT,ZENITH,ZENITH,SUMMIT
qwen35_4b,direct,cf_0132,1.0,1.0,1.0,1.0,0.0,1.0,correct_flip,abstract_game,2,ORBIT,LANTERN,LANTERN,ORBIT
qwen35_4b,direct,cf_0133,1.0,1.0,1.0,1.0,0.0,1.0,correct_flip,cyber_defense,2,SUMMIT,ORBIT,ORBIT,SUMMIT
qwen35_4b,direct,cf_0134,1.0,1.0,1.0,1.0,0.0,1.0,correct_flip,tool_agent,2,LANTERN,KITE,KITE,LANTERN
qwen35_4b,direct,cf_0135,0.0,0.0,1.0,0.0,1.0,1.0,safe_both,logistics,2,KITE,KITE,KITE,LANTERN
qwen35_4b,direct,cf_0136,0.0,1.0,0.0,0.0,1.0,1.0,branching_both,exploration,2,CIPHER,CIPHER,KITE,CIPHER
qwen35_4b,direct,cf_0137,1.0,1.0,1.0,1.0,0.0,1.0,correct_flip,resource_game,2,CIPHER,RAVEN,RAVEN,CIPHER
qwen35_4b,direct,cf_0138,0.0,0.0,1.0,0.0,1.0,1.0,safe_both,abstract_game,3,EMBER,EMBER,EMBER,ZENITH
qwen35_4b,direct,cf_0139,0.0,0.0,1.0,0.0,1.0,1.0,safe_both,cyber_defense,3,RAVEN,RAVEN,RAVEN,VELVET
qwen35_4b,direct,cf_0140,1.0,1.0,1.0,1.0,0.0,1.0,correct_flip,tool_agent,3,ORBIT,TIDAL,TIDAL,ORBIT
qwen35_4b,direct,cf_0141,1.0,1.0,1.0,1.0,0.0,1.0,correct_flip,logistics,3,RAVEN,ORBIT,ORBIT,RAVEN
qwen35_4b,direct,cf_0142,1.0,1.0,1.0,1.0,0.0,1.0,correct_flip,exploration,3,CIPHER,ZENITH,ZENITH,CIPHER
qwen35_4b,direct,cf_0143,1.0,1.0,1.0,1.0,0.0,1.0,correct_flip,resource_game,3,WILLOW,VELVET,VELVET,WILLOW
qwen35_4b,direct,cf_0144,1.0,1.0,1.0,1.0,0.0,1.0,correct_flip,abstract_game,1,WILLOW,ZENITH,ZENITH,WILLOW
qwen35_4b,direct,cf_0145,1.0,1.0,1.0,1.0,0.0,1.0,correct_flip,cyber_defense,1,RAVEN,ORBIT,ORBIT,RAVEN
qwen35_4b,direct,cf_0146,1.0,1.0,1.0,1.0,0.0,1.0,correct_flip,tool_agent,1,LANTERN,EMBER,EMBER,LANTERN
qwen35_4b,direct,cf_0147,1.0,1.0,1.0,1.0,0.0,1.0,correct_flip,logistics,1,RAVEN,LANTERN,LANTERN,RAVEN
qwen35_4b,direct,cf_0148,1.0,1.0,1.0,1.0,0.0,1.0,correct_flip,exploration,1,ZENITH,TIDAL,TIDAL,ZENITH
qwen35_4b,direct,cf_0149,0.0,1.0,0.0,0.0,1.0,1.0,branching_both,resource_game,1,LANTERN,LANTERN,ZENITH,LANTERN
qwen35_4b,direct,cf_0150,1.0,1.0,1.0,1.0,0.0,1.0,correct_flip,abstract_game,2,LANTERN,VELVET,VELVET,LANTERN
qwen35_4b,direct,cf_0151,0.0,1.0,0.0,0.0,1.0,1.0,branching_both,cyber_defense,2,CIPHER,CIPHER,VELVET,CIPHER
qwen35_4b,direct,cf_0152,1.0,1.0,1.0,1.0,0.0,1.0,correct_flip,tool_agent,2,ZENITH,VELVET,VELVET,ZENITH
qwen35_4b,direct,cf_0153,0.0,0.0,1.0,0.0,1.0,1.0,safe_both,logistics,2,CIPHER,CIPHER,CIPHER,ORBIT
qwen35_4b,direct,cf_0154,1.0,1.0,1.0,1.0,0.0,1.0,correct_flip,exploration,2,LANTERN,VELVET,VELVET,LANTERN
qwen35_4b,direct,cf_0155,1.0,1.0,1.0,1.0,0.0,1.0,correct_flip,resource_game,2,RAVEN,QUARTZ,QUARTZ,RAVEN
qwen35_4b,direct,cf_0156,1.0,1.0,1.0,1.0,0.0,1.0,correct_flip,abstract_game,3,ZENITH,QUARTZ,QUARTZ,ZENITH
qwen35_4b,direct,cf_0157,0.0,1.0,0.0,0.0,1.0,1.0,branching_both,cyber_defense,3,SUMMIT,SUMMIT,EMBER,SUMMIT
qwen35_4b,direct,cf_0158,1.0,1.0,1.0,1.0,0.0,1.0,correct_flip,tool_agent,3,KITE,TIDAL,TIDAL,KITE
qwen35_4b,direct,cf_0159,0.0,0.0,1.0,0.0,1.0,1.0,safe_both,logistics,3,WILLOW,WILLOW,WILLOW,VELVET
qwen35_4b,direct,cf_0160,1.0,1.0,1.0,1.0,0.0,1.0,correct_flip,exploration,3,LANTERN,ORBIT,ORBIT,LANTERN
qwen35_4b,direct,cf_0161,1.0,1.0,1.0,1.0,0.0,1.0,correct_flip,resource_game,3,WILLOW,RAVEN,RAVEN,WILLOW
qwen35_4b,direct,cf_0162,1.0,1.0,1.0,1.0,0.0,1.0,correct_flip,abstract_game,1,TIDAL,LANTERN,LANTERN,TIDAL
qwen35_4b,direct,cf_0163,0.0,1.0,0.0,0.0,1.0,1.0,branching_both,cyber_defense,1,QUARTZ,QUARTZ,TIDAL,QUARTZ
qwen35_4b,direct,cf_0164,1.0,1.0,1.0,1.0,0.0,1.0,correct_flip,tool_agent,1,WILLOW,RAVEN,RAVEN,WILLOW
qwen35_4b,direct,cf_0165,1.0,1.0,1.0,1.0,0.0,1.0,correct_flip,logistics,1,EMBER,LANTERN,LANTERN,EMBER
qwen35_4b,direct,cf_0166,0.0,1.0,0.0,0.0,1.0,1.0,branching_both,exploration,1,WILLOW,WILLOW,ORBIT,WILLOW
qwen35_4b,direct,cf_0167,1.0,1.0,1.0,1.0,0.0,1.0,correct_flip,resource_game,1,CIPHER,RAVEN,RAVEN,CIPHER
qwen35_4b,direct,cf_0168,1.0,1.0,1.0,1.0,0.0,1.0,correct_flip,abstract_game,2,ORBIT,KITE,KITE,ORBIT
qwen35_4b,direct,cf_0169,1.0,1.0,1.0,1.0,0.0,1.0,correct_flip,cyber_defense,2,LANTERN,EMBER,EMBER,LANTERN
qwen35_4b,direct,cf_0170,0.0,0.0,1.0,0.0,1.0,1.0,safe_both,tool_agent,2,ZENITH,ZENITH,ZENITH,RAVEN
qwen35_4b,direct,cf_0171,0.0,0.0,1.0,0.0,1.0,1.0,safe_both,logistics,2,TIDAL,TIDAL,TIDAL,ZENITH
qwen35_4b,direct,cf_0172,0.0,0.0,1.0,0.0,1.0,1.0,safe_both,exploration,2,KITE,KITE,KITE,QUARTZ
qwen35_4b,direct,cf_0173,0.0,0.0,1.0,0.0,1.0,1.0,safe_both,resource_game,2,EMBER,EMBER,EMBER,KITE
qwen35_4b,direct,cf_0174,0.0,0.0,1.0,0.0,1.0,1.0,safe_both,abstract_game,3,ORBIT,ORBIT,ORBIT,WILLOW
qwen35_4b,direct,cf_0175,1.0,1.0,1.0,1.0,0.0,1.0,correct_flip,cyber_defense,3,EMBER,ZENITH,ZENITH,EMBER
qwen35_4b,direct,cf_0176,1.0,1.0,1.0,1.0,0.0,1.0,correct_flip,tool_agent,3,EMBER,CIPHER,CIPHER,EMBER
qwen35_4b,direct,cf_0177,0.0,0.0,1.0,0.0,1.0,1.0,safe_both,logistics,3,KITE,KITE,KITE,RAVEN
qwen35_4b,direct,cf_0178,1.0,1.0,1.0,1.0,0.0,1.0,correct_flip,exploration,3,LANTERN,QUARTZ,QUARTZ,LANTERN
qwen35_4b,direct,cf_0179,0.0,0.0,1.0,0.0,1.0,1.0,safe_both,resource_game,3,SUMMIT,SUMMIT,SUMMIT,RAVEN
qwen35_4b,local_operator,cf_0000,1.0,1.0,1.0,1.0,0.0,1.0,correct_flip,abstract_game,1,VELVET,TIDAL,TIDAL,VELVET
qwen35_4b,local_operator,cf_0001,1.0,1.0,1.0,1.0,0.0,1.0,correct_flip,cyber_defense,1,KITE,SUMMIT,SUMMIT,KITE
qwen35_4b,local_operator,cf_0002,1.0,1.0,1.0,1.0,0.0,1.0,correct_flip,tool_agent,1,SUMMIT,WILLOW,WILLOW,SUMMIT
qwen35_4b,local_operator,cf_0003,1.0,1.0,1.0,1.0,0.0,1.0,correct_flip,logistics,1,EMBER,VELVET,VELVET,EMBER
qwen35_4b,local_operator,cf_0004,1.0,1.0,1.0,1.0,0.0,1.0,correct_flip,exploration,1,VELVET,RAVEN,RAVEN,VELVET
qwen35_4b,local_operator,cf_0005,1.0,1.0,1.0,1.0,0.0,1.0,correct_flip,resource_game,1,ORBIT,CIPHER,CIPHER,ORBIT
qwen35_4b,local_operator,cf_0006,1.0,1.0,1.0,1.0,0.0,1.0,correct_flip,abstract_game,2,LANTERN,ZENITH,ZENITH,LANTERN
qwen35_4b,local_operator,cf_0007,1.0,1.0,1.0,1.0,0.0,1.0,correct_flip,cyber_defense,2,SUMMIT,EMBER,EMBER,SUMMIT
qwen35_4b,local_operator,cf_0008,1.0,1.0,1.0,1.0,0.0,1.0,correct_flip,tool_agent,2,WILLOW,KITE,KITE,WILLOW
qwen35_4b,local_operator,cf_0009,1.0,1.0,1.0,1.0,0.0,1.0,correct_flip,logistics,2,TIDAL,ORBIT,ORBIT,TIDAL
qwen35_4b,local_operator,cf_0010,0.0,1.0,0.0,0.0,1.0,1.0,branching_both,exploration,2,WILLOW,WILLOW,CIPHER,WILLOW
qwen35_4b,local_operator,cf_0011,1.0,1.0,1.0,1.0,0.0,1.0,correct_flip,resource_game,2,ORBIT,QUARTZ,QUARTZ,ORBIT
qwen35_4b,local_operator,cf_0012,1.0,1.0,1.0,1.0,0.0,1.0,correct_flip,abstract_game,3,VELVET,ORBIT,ORBIT,VELVET
qwen35_4b,local_operator,cf_0013,1.0,1.0,1.0,1.0,0.0,1.0,correct_flip,cyber_defense,3,VELVET,QUARTZ,QUARTZ,VELVET
qwen35_4b,local_operator,cf_0014,1.0,1.0,1.0,1.0,0.0,1.0,correct_flip,tool_agent,3,ZENITH,EMBER,EMBER,ZENITH
qwen35_4b,local_operator,cf_0015,1.0,1.0,1.0,1.0,0.0,1.0,correct_flip,logistics,3,WILLOW,LANTERN,LANTERN,WILLOW
qwen35_4b,local_operator,cf_0016,1.0,1.0,1.0,1.0,0.0,1.0,correct_flip,exploration,3,VELVET,ZENITH,ZENITH,VELVET
qwen35_4b,local_operator,cf_0017,1.0,1.0,1.0,1.0,0.0,1.0,correct_flip,resource_game,3,QUARTZ,ZENITH,ZENITH,QUARTZ
qwen35_4b,local_operator,cf_0018,1.0,1.0,1.0,1.0,0.0,1.0,correct_flip,abstract_game,1,VELVET,RAVEN,RAVEN,VELVET
qwen35_4b,local_operator,cf_0019,1.0,1.0,1.0,1.0,0.0,1.0,correct_flip,cyber_defense,1,TIDAL,SUMMIT,SUMMIT,TIDAL
qwen35_4b,local_operator,cf_0020,1.0,1.0,1.0,1.0,0.0,1.0,correct_flip,tool_agent,1,QUARTZ,ZENITH,ZENITH,QUARTZ
qwen35_4b,local_operator,cf_0021,1.0,1.0,1.0,1.0,0.0,1.0,correct_flip,logistics,1,ORBIT,ZENITH,ZENITH,ORBIT
qwen35_4b,local_operator,cf_0022,1.0,1.0,1.0,1.0,0.0,1.0,correct_flip,exploration,1,ZENITH,RAVEN,RAVEN,ZENITH
qwen35_4b,local_operator,cf_0023,1.0,1.0,1.0,1.0,0.0,1.0,correct_flip,resource_game,1,SUMMIT,KITE,KITE,SUMMIT
qwen35_4b,local_operator,cf_0024,1.0,1.0,1.0,1.0,0.0,1.0,correct_flip,abstract_game,2,WILLOW,QUARTZ,QUARTZ,WILLOW
qwen35_4b,local_operator,cf_0025,1.0,1.0,1.0,1.0,0.0,1.0,correct_flip,cyber_defense,2,VELVET,ORBIT,ORBIT,VELVET
qwen35_4b,local_operator,cf_0026,0.0,1.0,0.0,0.0,1.0,1.0,branching_both,tool_agent,2,LANTERN,LANTERN,ORBIT,LANTERN
qwen35_4b,local_operator,cf_0027,1.0,1.0,1.0,1.0,0.0,1.0,correct_flip,logistics,2,CIPHER,EMBER,EMBER,CIPHER
qwen35_4b,local_operator,cf_0028,1.0,1.0,1.0,1.0,0.0,1.0,correct_flip,exploration,2,EMBER,ORBIT,ORBIT,EMBER
qwen35_4b,local_operator,cf_0029,1.0,1.0,1.0,1.0,0.0,1.0,correct_flip,resource_game,2,EMBER,VELVET,VELVET,EMBER
qwen35_4b,local_operator,cf_0030,1.0,1.0,1.0,1.0,0.0,1.0,correct_flip,abstract_game,3,ZENITH,TIDAL,TIDAL,ZENITH
qwen35_4b,local_operator,cf_0031,1.0,1.0,1.0,1.0,0.0,1.0,correct_flip,cyber_defense,3,WILLOW,LANTERN,LANTERN,WILLOW
qwen35_4b,local_operator,cf_0032,1.0,1.0,1.0,1.0,0.0,1.0,correct_flip,tool_agent,3,ORBIT,QUARTZ,QUARTZ,ORBIT
qwen35_4b,local_operator,cf_0033,0.0,1.0,0.0,0.0,1.0,1.0,branching_both,logistics,3,EMBER,EMBER,KITE,EMBER
qwen35_4b,local_operator,cf_0034,1.0,1.0,1.0,1.0,0.0,1.0,correct_flip,exploration,3,VELVET,KITE,KITE,VELVET
qwen35_4b,local_operator,cf_0035,1.0,1.0,1.0,1.0,0.0,1.0,correct_flip,resource_game,3,WILLOW,TIDAL,TIDAL,WILLOW
qwen35_4b,local_operator,cf_0036,1.0,1.0,1.0,1.0,0.0,1.0,correct_flip,abstract_game,1,CIPHER,LANTERN,LANTERN,CIPHER
qwen35_4b,local_operator,cf_0037,1.0,1.0,1.0,1.0,0.0,1.0,correct_flip,cyber_defense,1,CIPHER,RAVEN,RAVEN,CIPHER
qwen35_4b,local_operator,cf_0038,1.0,1.0,1.0,1.0,0.0,1.0,correct_flip,tool_agent,1,CIPHER,ZENITH,ZENITH,CIPHER
qwen35_4b,local_operator,cf_0039,1.0,1.0,1.0,1.0,0.0,1.0,correct_flip,logistics,1,LANTERN,VELVET,VELVET,LANTERN
qwen35_4b,local_operator,cf_0040,1.0,1.0,1.0,1.0,0.0,1.0,correct_flip,exploration,1,VELVET,TIDAL,TIDAL,VELVET
qwen35_4b,local_operator,cf_0041,1.0,1.0,1.0,1.0,0.0,1.0,correct_flip,resource_game,1,ZENITH,LANTERN,LANTERN,ZENITH
qwen35_4b,local_operator,cf_0042,1.0,1.0,1.0,1.0,0.0,1.0,correct_flip,abstract_game,2,WILLOW,RAVEN,RAVEN,WILLOW
qwen35_4b,local_operator,cf_0043,1.0,1.0,1.0,1.0,0.0,1.0,correct_flip,cyber_defense,2,ORBIT,TIDAL,TIDAL,ORBIT
qwen35_4b,local_operator,cf_0044,1.0,1.0,1.0,1.0,0.0,1.0,correct_flip,tool_agent,2,WILLOW,KITE,KITE,WILLOW
qwen35_4b,local_operator,cf_0045,0.0,1.0,0.0,0.0,1.0,1.0,branching_both,logistics,2,CIPHER,CIPHER,WILLOW,CIPHER
qwen35_4b,local_operator,cf_0046,1.0,1.0,1.0,1.0,0.0,1.0,correct_flip,exploration,2,QUARTZ,ORBIT,ORBIT,QUARTZ
qwen35_4b,local_operator,cf_0047,1.0,1.0,1.0,1.0,0.0,1.0,correct_flip,resource_game,2,KITE,RAVEN,RAVEN,KITE
qwen35_4b,local_operator,cf_0048,1.0,1.0,1.0,1.0,0.0,1.0,correct_flip,abstract_game,3,LANTERN,CIPHER,CIPHER,LANTERN
qwen35_4b,local_operator,cf_0049,1.0,1.0,1.0,1.0,0.0,1.0,correct_flip,cyber_defense,3,RAVEN,VELVET,VELVET,RAVEN
qwen35_4b,local_operator,cf_0050,1.0,1.0,1.0,1.0,0.0,1.0,correct_flip,tool_agent,3,KITE,LANTERN,LANTERN,KITE
qwen35_4b,local_operator,cf_0051,1.0,1.0,1.0,1.0,0.0,1.0,correct_flip,logistics,3,RAVEN,CIPHER,CIPHER,RAVEN
qwen35_4b,local_operator,cf_0052,1.0,1.0,1.0,1.0,0.0,1.0,correct_flip,exploration,3,CIPHER,RAVEN,RAVEN,CIPHER
qwen35_4b,local_operator,cf_0053,1.0,1.0,1.0,1.0,0.0,1.0,correct_flip,resource_game,3,ZENITH,TIDAL,TIDAL,ZENITH
qwen35_4b,local_operator,cf_0054,1.0,1.0,1.0,1.0,0.0,1.0,correct_flip,abstract_game,1,ORBIT,KITE,KITE,ORBIT
qwen35_4b,local_operator,cf_0055,1.0,1.0,1.0,1.0,0.0,1.0,correct_flip,cyber_defense,1,RAVEN,ZENITH,ZENITH,RAVEN
qwen35_4b,local_operator,cf_0056,1.0,1.0,1.0,1.0,0.0,1.0,correct_flip,tool_agent,1,SUMMIT,RAVEN,RAVEN,SUMMIT
qwen35_4b,local_operator,cf_0057,1.0,1.0,1.0,1.0,0.0,1.0,correct_flip,logistics,1,ORBIT,WILLOW,WILLOW,ORBIT
qwen35_4b,local_operator,cf_0058,1.0,1.0,1.0,1.0,0.0,1.0,correct_flip,exploration,1,VELVET,CIPHER,CIPHER,VELVET
qwen35_4b,local_operator,cf_0059,1.0,1.0,1.0,1.0,0.0,1.0,correct_flip,resource_game,1,EMBER,RAVEN,RAVEN,EMBER
qwen35_4b,local_operator,cf_0060,1.0,1.0,1.0,1.0,0.0,1.0,correct_flip,abstract_game,2,ORBIT,RAVEN,RAVEN,ORBIT
qwen35_4b,local_operator,cf_0061,1.0,1.0,1.0,1.0,0.0,1.0,correct_flip,cyber_defense,2,EMBER,CIPHER,CIPHER,EMBER
qwen35_4b,local_operator,cf_0062,1.0,1.0,1.0,1.0,0.0,1.0,correct_flip,tool_agent,2,EMBER,VELVET,VELVET,EMBER
qwen35_4b,local_operator,cf_0063,1.0,1.0,1.0,1.0,0.0,1.0,correct_flip,logistics,2,RAVEN,QUARTZ,QUARTZ,RAVEN
qwen35_4b,local_operator,cf_0064,1.0,1.0,1.0,1.0,0.0,1.0,correct_flip,exploration,2,ORBIT,QUARTZ,QUARTZ,ORBIT
qwen35_4b,local_operator,cf_0065,1.0,1.0,1.0,1.0,0.0,1.0,correct_flip,resource_game,2,TIDAL,SUMMIT,SUMMIT,TIDAL
qwen35_4b,local_operator,cf_0066,1.0,1.0,1.0,1.0,0.0,1.0,correct_flip,abstract_game,3,TIDAL,VELVET,VELVET,TIDAL
qwen35_4b,local_operator,cf_0067,1.0,1.0,1.0,1.0,0.0,1.0,correct_flip,cyber_defense,3,QUARTZ,ORBIT,ORBIT,QUARTZ
qwen35_4b,local_operator,cf_0068,1.0,1.0,1.0,1.0,0.0,1.0,correct_flip,tool_agent,3,KITE,RAVEN,RAVEN,KITE
qwen35_4b,local_operator,cf_0069,1.0,1.0,1.0,1.0,0.0,1.0,correct_flip,logistics,3,QUARTZ,CIPHER,CIPHER,QUARTZ
qwen35_4b,local_operator,cf_0070,1.0,1.0,1.0,1.0,0.0,1.0,correct_flip,exploration,3,QUARTZ,RAVEN,RAVEN,QUARTZ
qwen35_4b,local_operator,cf_0071,1.0,1.0,1.0,1.0,0.0,1.0,correct_flip,resource_game,3,VELVET,CIPHER,CIPHER,VELVET
qwen35_4b,local_operator,cf_0072,0.0,1.0,0.0,0.0,1.0,1.0,branching_both,abstract_game,1,EMBER,EMBER,WILLOW,EMBER
qwen35_4b,local_operator,cf_0073,0.0,1.0,0.0,0.0,1.0,1.0,branching_both,cyber_defense,1,SUMMIT,SUMMIT,LANTERN,SUMMIT
qwen35_4b,local_operator,cf_0074,1.0,1.0,1.0,1.0,0.0,1.0,correct_flip,tool_agent,1,EMBER,WILLOW,WILLOW,EMBER
qwen35_4b,local_operator,cf_0075,1.0,1.0,1.0,1.0,0.0,1.0,correct_flip,logistics,1,ORBIT,WILLOW,WILLOW,ORBIT
qwen35_4b,local_operator,cf_0076,1.0,1.0,1.0,1.0,0.0,1.0,correct_flip,exploration,1,CIPHER,LANTERN,LANTERN,CIPHER
qwen35_4b,local_operator,cf_0077,1.0,1.0,1.0,1.0,0.0,1.0,correct_flip,resource_game,1,EMBER,LANTERN,LANTERN,EMBER
qwen35_4b,local_operator,cf_0078,0.0,1.0,0.0,0.0,1.0,1.0,branching_both,abstract_game,2,QUARTZ,QUARTZ,TIDAL,QUARTZ
qwen35_4b,local_operator,cf_0079,1.0,1.0,1.0,1.0,0.0,1.0,correct_flip,cyber_defense,2,QUARTZ,SUMMIT,SUMMIT,QUARTZ
qwen35_4b,local_operator,cf_0080,1.0,1.0,1.0,1.0,0.0,1.0,correct_flip,tool_agent,2,SUMMIT,LANTERN,LANTERN,SUMMIT
qwen35_4b,local_operator,cf_0081,0.0,1.0,0.0,0.0,1.0,1.0,branching_both,logistics,2,ZENITH,ZENITH,EMBER,ZENITH
qwen35_4b,local_operator,cf_0082,1.0,1.0,1.0,1.0,0.0,1.0,correct_flip,exploration,2,QUARTZ,ZENITH,ZENITH,QUARTZ
qwen35_4b,local_operator,cf_0083,1.0,1.0,1.0,1.0,0.0,1.0,correct_flip,resource_game,2,ORBIT,QUARTZ,QUARTZ,ORBIT
qwen35_4b,local_operator,cf_0084,1.0,1.0,1.0,1.0,0.0,1.0,correct_flip,abstract_game,3,RAVEN,QUARTZ,QUARTZ,RAVEN
qwen35_4b,local_operator,cf_0085,0.0,1.0,0.0,0.0,1.0,1.0,branching_both,cyber_defense,3,KITE,KITE,CIPHER,KITE
qwen35_4b,local_operator,cf_0086,1.0,1.0,1.0,1.0,0.0,1.0,correct_flip,tool_agent,3,SUMMIT,ORBIT,ORBIT,SUMMIT
qwen35_4b,local_operator,cf_0087,1.0,1.0,1.0,1.0,0.0,1.0,correct_flip,logistics,3,SUMMIT,WILLOW,WILLOW,SUMMIT
qwen35_4b,local_operator,cf_0088,1.0,1.0,1.0,1.0,0.0,1.0,correct_flip,exploration,3,TIDAL,CIPHER,CIPHER,TIDAL
qwen35_4b,local_operator,cf_0089,1.0,1.0,1.0,1.0,0.0,1.0,correct_flip,resource_game,3,KITE,TIDAL,TIDAL,KITE
qwen35_4b,local_operator,cf_0090,1.0,1.0,1.0,1.0,0.0,1.0,correct_flip,abstract_game,1,KITE,ORBIT,ORBIT,KITE
qwen35_4b,local_operator,cf_0091,0.0,1.0,0.0,0.0,1.0,1.0,branching_both,cyber_defense,1,CIPHER,CIPHER,KITE,CIPHER
qwen35_4b,local_operator,cf_0092,1.0,1.0,1.0,1.0,0.0,1.0,correct_flip,tool_agent,1,KITE,SUMMIT,SUMMIT,KITE
qwen35_4b,local_operator,cf_0093,1.0,1.0,1.0,1.0,0.0,1.0,correct_flip,logistics,1,EMBER,CIPHER,CIPHER,EMBER
qwen35_4b,local_operator,cf_0094,1.0,1.0,1.0,1.0,0.0,1.0,correct_flip,exploration,1,WILLOW,EMBER,EMBER,WILLOW
qwen35_4b,local_operator,cf_0095,1.0,1.0,1.0,1.0,0.0,1.0,correct_flip,resource_game,1,RAVEN,KITE,KITE,RAVEN
qwen35_4b,local_operator,cf_0096,1.0,1.0,1.0,1.0,0.0,1.0,correct_flip,abstract_game,2,LANTERN,VELVET,VELVET,LANTERN
qwen35_4b,local_operator,cf_0097,1.0,1.0,1.0,1.0,0.0,1.0,correct_flip,cyber_defense,2,SUMMIT,QUARTZ,QUARTZ,SUMMIT
qwen35_4b,local_operator,cf_0098,1.0,1.0,1.0,1.0,0.0,1.0,correct_flip,tool_agent,2,QUARTZ,VELVET,VELVET,QUARTZ
qwen35_4b,local_operator,cf_0099,1.0,1.0,1.0,1.0,0.0,1.0,correct_flip,logistics,2,QUARTZ,EMBER,EMBER,QUARTZ
qwen35_4b,local_operator,cf_0100,1.0,1.0,1.0,1.0,0.0,1.0,correct_flip,exploration,2,LANTERN,RAVEN,RAVEN,LANTERN
qwen35_4b,local_operator,cf_0101,1.0,1.0,1.0,1.0,0.0,1.0,correct_flip,resource_game,2,RAVEN,VELVET,VELVET,RAVEN
qwen35_4b,local_operator,cf_0102,1.0,1.0,1.0,1.0,0.0,1.0,correct_flip,abstract_game,3,ZENITH,ORBIT,ORBIT,ZENITH
qwen35_4b,local_operator,cf_0103,1.0,1.0,1.0,1.0,0.0,1.0,correct_flip,cyber_defense,3,TIDAL,RAVEN,RAVEN,TIDAL
qwen35_4b,local_operator,cf_0104,1.0,1.0,1.0,1.0,0.0,1.0,correct_flip,tool_agent,3,KITE,SUMMIT,SUMMIT,KITE
qwen35_4b,local_operator,cf_0105,1.0,1.0,1.0,1.0,0.0,1.0,correct_flip,logistics,3,TIDAL,ORBIT,ORBIT,TIDAL
qwen35_4b,local_operator,cf_0106,1.0,1.0,1.0,1.0,0.0,1.0,correct_flip,exploration,3,RAVEN,VELVET,VELVET,RAVEN
qwen35_4b,local_operator,cf_0107,1.0,1.0,1.0,1.0,0.0,1.0,correct_flip,resource_game,3,EMBER,CIPHER,CIPHER,EMBER
qwen35_4b,local_operator,cf_0108,1.0,1.0,1.0,1.0,0.0,1.0,correct_flip,abstract_game,1,TIDAL,SUMMIT,SUMMIT,TIDAL
qwen35_4b,local_operator,cf_0109,1.0,1.0,1.0,1.0,0.0,1.0,correct_flip,cyber_defense,1,CIPHER,WILLOW,WILLOW,CIPHER
qwen35_4b,local_operator,cf_0110,1.0,1.0,1.0,1.0,0.0,1.0,correct_flip,tool_agent,1,QUARTZ,WILLOW,WILLOW,QUARTZ
qwen35_4b,local_operator,cf_0111,1.0,1.0,1.0,1.0,0.0,1.0,correct_flip,logistics,1,VELVET,LANTERN,LANTERN,VELVET
qwen35_4b,local_operator,cf_0112,1.0,1.0,1.0,1.0,0.0,1.0,correct_flip,exploration,1,WILLOW,TIDAL,TIDAL,WILLOW
qwen35_4b,local_operator,cf_0113,0.0,1.0,0.0,0.0,1.0,1.0,branching_both,resource_game,1,KITE,KITE,QUARTZ,KITE
qwen35_4b,local_operator,cf_0114,1.0,1.0,1.0,1.0,0.0,1.0,correct_flip,abstract_game,2,RAVEN,KITE,KITE,RAVEN
qwen35_4b,local_operator,cf_0115,1.0,1.0,1.0,1.0,0.0,1.0,correct_flip,cyber_defense,2,ZENITH,ORBIT,ORBIT,ZENITH
qwen35_4b,local_operator,cf_0116,1.0,1.0,1.0,1.0,0.0,1.0,correct_flip,tool_agent,2,QUARTZ,LANTERN,LANTERN,QUARTZ
qwen35_4b,local_operator,cf_0117,1.0,1.0,1.0,1.0,0.0,1.0,correct_flip,logistics,2,VELVET,ORBIT,ORBIT,VELVET
qwen35_4b,local_operator,cf_0118,0.0,1.0,0.0,0.0,1.0,1.0,branching_both,exploration,2,TIDAL,TIDAL,SUMMIT,TIDAL
qwen35_4b,local_operator,cf_0119,1.0,1.0,1.0,1.0,0.0,1.0,correct_flip,resource_game,2,RAVEN,VELVET,VELVET,RAVEN
qwen35_4b,local_operator,cf_0120,1.0,1.0,1.0,1.0,0.0,1.0,correct_flip,abstract_game,3,ORBIT,WILLOW,WILLOW,ORBIT
qwen35_4b,local_operator,cf_0121,1.0,1.0,1.0,1.0,0.0,1.0,correct_flip,cyber_defense,3,VELVET,EMBER,EMBER,VELVET
qwen35_4b,local_operator,cf_0122,1.0,1.0,1.0,1.0,0.0,1.0,correct_flip,tool_agent,3,SUMMIT,EMBER,EMBER,SUMMIT
qwen35_4b,local_operator,cf_0123,1.0,1.0,1.0,1.0,0.0,1.0,correct_flip,logistics,3,WILLOW,ORBIT,ORBIT,WILLOW
qwen35_4b,local_operator,cf_0124,1.0,1.0,1.0,1.0,0.0,1.0,correct_flip,exploration,3,ZENITH,SUMMIT,SUMMIT,ZENITH
qwen35_4b,local_operator,cf_0125,0.0,1.0,0.0,0.0,1.0,1.0,branching_both,resource_game,3,KITE,KITE,TIDAL,KITE
qwen35_4b,local_operator,cf_0126,1.0,1.0,1.0,1.0,0.0,1.0,correct_flip,abstract_game,1,KITE,CIPHER,CIPHER,KITE
qwen35_4b,local_operator,cf_0127,1.0,1.0,1.0,1.0,0.0,1.0,correct_flip,cyber_defense,1,QUARTZ,KITE,KITE,QUARTZ
qwen35_4b,local_operator,cf_0128,1.0,1.0,1.0,1.0,0.0,1.0,correct_flip,tool_agent,1,TIDAL,KITE,KITE,TIDAL
qwen35_4b,local_operator,cf_0129,1.0,1.0,1.0,1.0,0.0,1.0,correct_flip,logistics,1,CIPHER,WILLOW,WILLOW,CIPHER
qwen35_4b,local_operator,cf_0130,1.0,1.0,1.0,1.0,0.0,1.0,correct_flip,exploration,1,LANTERN,CIPHER,CIPHER,LANTERN
qwen35_4b,local_operator,cf_0131,1.0,1.0,1.0,1.0,0.0,1.0,correct_flip,resource_game,1,SUMMIT,ZENITH,ZENITH,SUMMIT
qwen35_4b,local_operator,cf_0132,1.0,1.0,1.0,1.0,0.0,1.0,correct_flip,abstract_game,2,ORBIT,LANTERN,LANTERN,ORBIT
qwen35_4b,local_operator,cf_0133,1.0,1.0,1.0,1.0,0.0,1.0,correct_flip,cyber_defense,2,SUMMIT,ORBIT,ORBIT,SUMMIT
qwen35_4b,local_operator,cf_0134,1.0,1.0,1.0,1.0,0.0,1.0,correct_flip,tool_agent,2,LANTERN,KITE,KITE,LANTERN
qwen35_4b,local_operator,cf_0135,1.0,1.0,1.0,1.0,0.0,1.0,correct_flip,logistics,2,LANTERN,KITE,KITE,LANTERN
qwen35_4b,local_operator,cf_0136,1.0,1.0,1.0,1.0,0.0,1.0,correct_flip,exploration,2,CIPHER,KITE,KITE,CIPHER
qwen35_4b,local_operator,cf_0137,1.0,1.0,1.0,1.0,0.0,1.0,correct_flip,resource_game,2,CIPHER,RAVEN,RAVEN,CIPHER
qwen35_4b,local_operator,cf_0138,1.0,1.0,1.0,1.0,0.0,1.0,correct_flip,abstract_game,3,ZENITH,EMBER,EMBER,ZENITH
qwen35_4b,local_operator,cf_0139,0.0,1.0,0.0,0.0,1.0,1.0,branching_both,cyber_defense,3,VELVET,VELVET,RAVEN,VELVET
qwen35_4b,local_operator,cf_0140,1.0,1.0,1.0,1.0,0.0,1.0,correct_flip,tool_agent,3,ORBIT,TIDAL,TIDAL,ORBIT
qwen35_4b,local_operator,cf_0141,1.0,1.0,1.0,1.0,0.0,1.0,correct_flip,logistics,3,RAVEN,ORBIT,ORBIT,RAVEN
qwen35_4b,local_operator,cf_0142,1.0,1.0,1.0,1.0,0.0,1.0,correct_flip,exploration,3,CIPHER,ZENITH,ZENITH,CIPHER
qwen35_4b,local_operator,cf_0143,0.0,0.0,1.0,0.0,1.0,1.0,safe_both,resource_game,3,VELVET,VELVET,VELVET,WILLOW
qwen35_4b,local_operator,cf_0144,1.0,1.0,1.0,1.0,0.0,1.0,correct_flip,abstract_game,1,WILLOW,ZENITH,ZENITH,WILLOW
qwen35_4b,local_operator,cf_0145,1.0,1.0,1.0,1.0,0.0,1.0,correct_flip,cyber_defense,1,RAVEN,ORBIT,ORBIT,RAVEN
qwen35_4b,local_operator,cf_0146,1.0,1.0,1.0,1.0,0.0,1.0,correct_flip,tool_agent,1,LANTERN,EMBER,EMBER,LANTERN
qwen35_4b,local_operator,cf_0147,1.0,1.0,1.0,1.0,0.0,1.0,correct_flip,logistics,1,RAVEN,LANTERN,LANTERN,RAVEN
qwen35_4b,local_operator,cf_0148,1.0,1.0,1.0,1.0,0.0,1.0,correct_flip,exploration,1,ZENITH,TIDAL,TIDAL,ZENITH
qwen35_4b,local_operator,cf_0149,1.0,1.0,1.0,1.0,0.0,1.0,correct_flip,resource_game,1,LANTERN,ZENITH,ZENITH,LANTERN
qwen35_4b,local_operator,cf_0150,1.0,1.0,1.0,1.0,0.0,1.0,correct_flip,abstract_game,2,LANTERN,VELVET,VELVET,LANTERN
qwen35_4b,local_operator,cf_0151,0.0,1.0,0.0,0.0,1.0,1.0,branching_both,cyber_defense,2,CIPHER,CIPHER,VELVET,CIPHER
qwen35_4b,local_operator,cf_0152,1.0,1.0,1.0,1.0,0.0,1.0,correct_flip,tool_agent,2,ZENITH,VELVET,VELVET,ZENITH
qwen35_4b,local_operator,cf_0153,1.0,1.0,1.0,1.0,0.0,1.0,correct_flip,logistics,2,ORBIT,CIPHER,CIPHER,ORBIT
qwen35_4b,local_operator,cf_0154,1.0,1.0,1.0,1.0,0.0,1.0,correct_flip,exploration,2,LANTERN,VELVET,VELVET,LANTERN
qwen35_4b,local_operator,cf_0155,1.0,1.0,1.0,1.0,0.0,1.0,correct_flip,resource_game,2,RAVEN,QUARTZ,QUARTZ,RAVEN
qwen35_4b,local_operator,cf_0156,0.0,1.0,0.0,0.0,1.0,1.0,branching_both,abstract_game,3,ZENITH,ZENITH,QUARTZ,ZENITH
qwen35_4b,local_operator,cf_0157,1.0,1.0,1.0,1.0,0.0,1.0,correct_flip,cyber_defense,3,SUMMIT,EMBER,EMBER,SUMMIT
qwen35_4b,local_operator,cf_0158,1.0,1.0,1.0,1.0,0.0,1.0,correct_flip,tool_agent,3,KITE,TIDAL,TIDAL,KITE
qwen35_4b,local_operator,cf_0159,1.0,1.0,1.0,1.0,0.0,1.0,correct_flip,logistics,3,VELVET,WILLOW,WILLOW,VELVET
qwen35_4b,local_operator,cf_0160,1.0,1.0,1.0,1.0,0.0,1.0,correct_flip,exploration,3,LANTERN,ORBIT,ORBIT,LANTERN
qwen35_4b,local_operator,cf_0161,1.0,1.0,1.0,1.0,0.0,1.0,correct_flip,resource_game,3,WILLOW,RAVEN,RAVEN,WILLOW
qwen35_4b,local_operator,cf_0162,1.0,1.0,1.0,1.0,0.0,1.0,correct_flip,abstract_game,1,TIDAL,LANTERN,LANTERN,TIDAL
qwen35_4b,local_operator,cf_0163,0.0,1.0,0.0,0.0,1.0,1.0,branching_both,cyber_defense,1,QUARTZ,QUARTZ,TIDAL,QUARTZ
qwen35_4b,local_operator,cf_0164,1.0,1.0,1.0,1.0,0.0,1.0,correct_flip,tool_agent,1,WILLOW,RAVEN,RAVEN,WILLOW
qwen35_4b,local_operator,cf_0165,1.0,1.0,1.0,1.0,0.0,1.0,correct_flip,logistics,1,EMBER,LANTERN,LANTERN,EMBER
qwen35_4b,local_operator,cf_0166,1.0,1.0,1.0,1.0,0.0,1.0,correct_flip,exploration,1,WILLOW,ORBIT,ORBIT,WILLOW
qwen35_4b,local_operator,cf_0167,1.0,1.0,1.0,1.0,0.0,1.0,correct_flip,resource_game,1,CIPHER,RAVEN,RAVEN,CIPHER
qwen35_4b,local_operator,cf_0168,1.0,1.0,1.0,1.0,0.0,1.0,correct_flip,abstract_game,2,ORBIT,KITE,KITE,ORBIT
qwen35_4b,local_operator,cf_0169,1.0,1.0,1.0,1.0,0.0,1.0,correct_flip,cyber_defense,2,LANTERN,EMBER,EMBER,LANTERN
qwen35_4b,local_operator,cf_0170,1.0,1.0,1.0,1.0,0.0,1.0,correct_flip,tool_agent,2,RAVEN,ZENITH,ZENITH,RAVEN
qwen35_4b,local_operator,cf_0171,1.0,1.0,1.0,1.0,0.0,1.0,correct_flip,logistics,2,ZENITH,TIDAL,TIDAL,ZENITH
qwen35_4b,local_operator,cf_0172,1.0,1.0,1.0,1.0,0.0,1.0,correct_flip,exploration,2,QUARTZ,KITE,KITE,QUARTZ
qwen35_4b,local_operator,cf_0173,1.0,1.0,1.0,1.0,0.0,1.0,correct_flip,resource_game,2,KITE,EMBER,EMBER,KITE
qwen35_4b,local_operator,cf_0174,1.0,1.0,1.0,1.0,0.0,1.0,correct_flip,abstract_game,3,WILLOW,ORBIT,ORBIT,WILLOW
qwen35_4b,local_operator,cf_0175,1.0,1.0,1.0,1.0,0.0,1.0,correct_flip,cyber_defense,3,EMBER,ZENITH,ZENITH,EMBER
qwen35_4b,local_operator,cf_0176,1.0,1.0,1.0,1.0,0.0,1.0,correct_flip,tool_agent,3,EMBER,CIPHER,CIPHER,EMBER
qwen35_4b,local_operator,cf_0177,1.0,1.0,1.0,1.0,0.0,1.0,correct_flip,logistics,3,RAVEN,KITE,KITE,RAVEN
qwen35_4b,local_operator,cf_0178,0.0,1.0,0.0,0.0,1.0,1.0,branching_both,exploration,3,LANTERN,LANTERN,QUARTZ,LANTERN
qwen35_4b,local_operator,cf_0179,1.0,1.0,1.0,1.0,0.0,1.0,correct_flip,resource_game,3,RAVEN,SUMMIT,SUMMIT,RAVEN
qwen35_4b,positive_operator,cf_0000,1.0,1.0,1.0,1.0,0.0,1.0,correct_flip,abstract_game,1,VELVET,TIDAL,TIDAL,VELVET
qwen35_4b,positive_operator,cf_0001,0.0,1.0,0.0,0.0,1.0,1.0,branching_both,cyber_defense,1,KITE,KITE,SUMMIT,KITE
qwen35_4b,positive_operator,cf_0002,1.0,1.0,1.0,1.0,0.0,1.0,correct_flip,tool_agent,1,SUMMIT,WILLOW,WILLOW,SUMMIT
qwen35_4b,positive_operator,cf_0003,1.0,1.0,1.0,1.0,0.0,1.0,correct_flip,logistics,1,EMBER,VELVET,VELVET,EMBER
qwen35_4b,positive_operator,cf_0004,1.0,1.0,1.0,1.0,0.0,1.0,correct_flip,exploration,1,VELVET,RAVEN,RAVEN,VELVET
qwen35_4b,positive_operator,cf_0005,0.0,1.0,0.0,0.0,1.0,1.0,branching_both,resource_game,1,ORBIT,ORBIT,CIPHER,ORBIT
qwen35_4b,positive_operator,cf_0006,1.0,1.0,1.0,1.0,0.0,1.0,correct_flip,abstract_game,2,LANTERN,ZENITH,ZENITH,LANTERN
qwen35_4b,positive_operator,cf_0007,1.0,1.0,1.0,1.0,0.0,1.0,correct_flip,cyber_defense,2,SUMMIT,EMBER,EMBER,SUMMIT
qwen35_4b,positive_operator,cf_0008,1.0,1.0,1.0,1.0,0.0,1.0,correct_flip,tool_agent,2,WILLOW,KITE,KITE,WILLOW
qwen35_4b,positive_operator,cf_0009,1.0,1.0,1.0,1.0,0.0,1.0,correct_flip,logistics,2,TIDAL,ORBIT,ORBIT,TIDAL
qwen35_4b,positive_operator,cf_0010,1.0,1.0,1.0,1.0,0.0,1.0,correct_flip,exploration,2,WILLOW,CIPHER,CIPHER,WILLOW
qwen35_4b,positive_operator,cf_0011,0.0,1.0,0.0,0.0,1.0,1.0,branching_both,resource_game,2,ORBIT,ORBIT,QUARTZ,ORBIT
qwen35_4b,positive_operator,cf_0012,1.0,1.0,1.0,1.0,0.0,1.0,correct_flip,abstract_game,3,VELVET,ORBIT,ORBIT,VELVET
qwen35_4b,positive_operator,cf_0013,1.0,1.0,1.0,1.0,0.0,1.0,correct_flip,cyber_defense,3,VELVET,QUARTZ,QUARTZ,VELVET
qwen35_4b,positive_operator,cf_0014,1.0,1.0,1.0,1.0,0.0,1.0,correct_flip,tool_agent,3,ZENITH,EMBER,EMBER,ZENITH
qwen35_4b,positive_operator,cf_0015,1.0,1.0,1.0,1.0,0.0,1.0,correct_flip,logistics,3,WILLOW,LANTERN,LANTERN,WILLOW
qwen35_4b,positive_operator,cf_0016,1.0,1.0,1.0,1.0,0.0,1.0,correct_flip,exploration,3,VELVET,ZENITH,ZENITH,VELVET
qwen35_4b,positive_operator,cf_0017,1.0,1.0,1.0,1.0,0.0,1.0,correct_flip,resource_game,3,QUARTZ,ZENITH,ZENITH,QUARTZ
qwen35_4b,positive_operator,cf_0018,1.0,1.0,1.0,1.0,0.0,1.0,correct_flip,abstract_game,1,VELVET,RAVEN,RAVEN,VELVET
qwen35_4b,positive_operator,cf_0019,1.0,1.0,1.0,1.0,0.0,1.0,correct_flip,cyber_defense,1,TIDAL,SUMMIT,SUMMIT,TIDAL
qwen35_4b,positive_operator,cf_0020,1.0,1.0,1.0,1.0,0.0,1.0,correct_flip,tool_agent,1,QUARTZ,ZENITH,ZENITH,QUARTZ
qwen35_4b,positive_operator,cf_0021,1.0,1.0,1.0,1.0,0.0,1.0,correct_flip,logistics,1,ORBIT,ZENITH,ZENITH,ORBIT
qwen35_4b,positive_operator,cf_0022,1.0,1.0,1.0,1.0,0.0,1.0,correct_flip,exploration,1,ZENITH,RAVEN,RAVEN,ZENITH
qwen35_4b,positive_operator,cf_0023,1.0,1.0,1.0,1.0,0.0,1.0,correct_flip,resource_game,1,SUMMIT,KITE,KITE,SUMMIT
qwen35_4b,positive_operator,cf_0024,1.0,1.0,1.0,1.0,0.0,1.0,correct_flip,abstract_game,2,WILLOW,QUARTZ,QUARTZ,WILLOW
qwen35_4b,positive_operator,cf_0025,1.0,1.0,1.0,1.0,0.0,1.0,correct_flip,cyber_defense,2,VELVET,ORBIT,ORBIT,VELVET
qwen35_4b,positive_operator,cf_0026,1.0,1.0,1.0,1.0,0.0,1.0,correct_flip,tool_agent,2,LANTERN,ORBIT,ORBIT,LANTERN
qwen35_4b,positive_operator,cf_0027,1.0,1.0,1.0,1.0,0.0,1.0,correct_flip,logistics,2,CIPHER,EMBER,EMBER,CIPHER
qwen35_4b,positive_operator,cf_0028,1.0,1.0,1.0,1.0,0.0,1.0,correct_flip,exploration,2,EMBER,ORBIT,ORBIT,EMBER
qwen35_4b,positive_operator,cf_0029,1.0,1.0,1.0,1.0,0.0,1.0,correct_flip,resource_game,2,EMBER,VELVET,VELVET,EMBER
qwen35_4b,positive_operator,cf_0030,1.0,1.0,1.0,1.0,0.0,1.0,correct_flip,abstract_game,3,ZENITH,TIDAL,TIDAL,ZENITH
qwen35_4b,positive_operator,cf_0031,1.0,1.0,1.0,1.0,0.0,1.0,correct_flip,cyber_defense,3,WILLOW,LANTERN,LANTERN,WILLOW
qwen35_4b,positive_operator,cf_0032,1.0,1.0,1.0,1.0,0.0,1.0,correct_flip,tool_agent,3,ORBIT,QUARTZ,QUARTZ,ORBIT
qwen35_4b,positive_operator,cf_0033,0.0,1.0,0.0,0.0,1.0,1.0,branching_both,logistics,3,EMBER,EMBER,KITE,EMBER
qwen35_4b,positive_operator,cf_0034,1.0,1.0,1.0,1.0,0.0,1.0,correct_flip,exploration,3,VELVET,KITE,KITE,VELVET
qwen35_4b,positive_operator,cf_0035,1.0,1.0,1.0,1.0,0.0,1.0,correct_flip,resource_game,3,WILLOW,TIDAL,TIDAL,WILLOW
qwen35_4b,positive_operator,cf_0036,1.0,1.0,1.0,1.0,0.0,1.0,correct_flip,abstract_game,1,CIPHER,LANTERN,LANTERN,CIPHER
qwen35_4b,positive_operator,cf_0037,1.0,1.0,1.0,1.0,0.0,1.0,correct_flip,cyber_defense,1,CIPHER,RAVEN,RAVEN,CIPHER
qwen35_4b,positive_operator,cf_0038,1.0,1.0,1.0,1.0,0.0,1.0,correct_flip,tool_agent,1,CIPHER,ZENITH,ZENITH,CIPHER
qwen35_4b,positive_operator,cf_0039,1.0,1.0,1.0,1.0,0.0,1.0,correct_flip,logistics,1,LANTERN,VELVET,VELVET,LANTERN
qwen35_4b,positive_operator,cf_0040,0.0,1.0,0.0,0.0,1.0,1.0,branching_both,exploration,1,VELVET,VELVET,TIDAL,VELVET
qwen35_4b,positive_operator,cf_0041,1.0,1.0,1.0,1.0,0.0,1.0,correct_flip,resource_game,1,ZENITH,LANTERN,LANTERN,ZENITH
qwen35_4b,positive_operator,cf_0042,1.0,1.0,1.0,1.0,0.0,1.0,correct_flip,abstract_game,2,WILLOW,RAVEN,RAVEN,WILLOW
qwen35_4b,positive_operator,cf_0043,1.0,1.0,1.0,1.0,0.0,1.0,correct_flip,cyber_defense,2,ORBIT,TIDAL,TIDAL,ORBIT
qwen35_4b,positive_operator,cf_0044,1.0,1.0,1.0,1.0,0.0,1.0,correct_flip,tool_agent,2,WILLOW,KITE,KITE,WILLOW
qwen35_4b,positive_operator,cf_0045,0.0,1.0,0.0,0.0,1.0,1.0,branching_both,logistics,2,CIPHER,CIPHER,WILLOW,CIPHER
qwen35_4b,positive_operator,cf_0046,1.0,1.0,1.0,1.0,0.0,1.0,correct_flip,exploration,2,QUARTZ,ORBIT,ORBIT,QUARTZ
qwen35_4b,positive_operator,cf_0047,1.0,1.0,1.0,1.0,0.0,1.0,correct_flip,resource_game,2,KITE,RAVEN,RAVEN,KITE
qwen35_4b,positive_operator,cf_0048,1.0,1.0,1.0,1.0,0.0,1.0,correct_flip,abstract_game,3,LANTERN,CIPHER,CIPHER,LANTERN
qwen35_4b,positive_operator,cf_0049,1.0,1.0,1.0,1.0,0.0,1.0,correct_flip,cyber_defense,3,RAVEN,VELVET,VELVET,RAVEN
qwen35_4b,positive_operator,cf_0050,1.0,1.0,1.0,1.0,0.0,1.0,correct_flip,tool_agent,3,KITE,LANTERN,LANTERN,KITE
qwen35_4b,positive_operator,cf_0051,1.0,1.0,1.0,1.0,0.0,1.0,correct_flip,logistics,3,RAVEN,CIPHER,CIPHER,RAVEN
qwen35_4b,positive_operator,cf_0052,1.0,1.0,1.0,1.0,0.0,1.0,correct_flip,exploration,3,CIPHER,RAVEN,RAVEN,CIPHER
qwen35_4b,positive_operator,cf_0053,1.0,1.0,1.0,1.0,0.0,1.0,correct_flip,resource_game,3,ZENITH,TIDAL,TIDAL,ZENITH
qwen35_4b,positive_operator,cf_0054,1.0,1.0,1.0,1.0,0.0,1.0,correct_flip,abstract_game,1,ORBIT,KITE,KITE,ORBIT
qwen35_4b,positive_operator,cf_0055,1.0,1.0,1.0,1.0,0.0,1.0,correct_flip,cyber_defense,1,RAVEN,ZENITH,ZENITH,RAVEN
qwen35_4b,positive_operator,cf_0056,1.0,1.0,1.0,1.0,0.0,1.0,correct_flip,tool_agent,1,SUMMIT,RAVEN,RAVEN,SUMMIT
qwen35_4b,positive_operator,cf_0057,1.0,1.0,1.0,1.0,0.0,1.0,correct_flip,logistics,1,ORBIT,WILLOW,WILLOW,ORBIT
qwen35_4b,positive_operator,cf_0058,1.0,1.0,1.0,1.0,0.0,1.0,correct_flip,exploration,1,VELVET,CIPHER,CIPHER,VELVET
qwen35_4b,positive_operator,cf_0059,1.0,1.0,1.0,1.0,0.0,1.0,correct_flip,resource_game,1,EMBER,RAVEN,RAVEN,EMBER
qwen35_4b,positive_operator,cf_0060,1.0,1.0,1.0,1.0,0.0,1.0,correct_flip,abstract_game,2,ORBIT,RAVEN,RAVEN,ORBIT
qwen35_4b,positive_operator,cf_0061,1.0,1.0,1.0,1.0,0.0,1.0,correct_flip,cyber_defense,2,EMBER,CIPHER,CIPHER,EMBER
qwen35_4b,positive_operator,cf_0062,1.0,1.0,1.0,1.0,0.0,1.0,correct_flip,tool_agent,2,EMBER,VELVET,VELVET,EMBER
qwen35_4b,positive_operator,cf_0063,1.0,1.0,1.0,1.0,0.0,1.0,correct_flip,logistics,2,RAVEN,QUARTZ,QUARTZ,RAVEN
qwen35_4b,positive_operator,cf_0064,1.0,1.0,1.0,1.0,0.0,1.0,correct_flip,exploration,2,ORBIT,QUARTZ,QUARTZ,ORBIT
qwen35_4b,positive_operator,cf_0065,1.0,1.0,1.0,1.0,0.0,1.0,correct_flip,resource_game,2,TIDAL,SUMMIT,SUMMIT,TIDAL
qwen35_4b,positive_operator,cf_0066,1.0,1.0,1.0,1.0,0.0,1.0,correct_flip,abstract_game,3,TIDAL,VELVET,VELVET,TIDAL
qwen35_4b,positive_operator,cf_0067,1.0,1.0,1.0,1.0,0.0,1.0,correct_flip,cyber_defense,3,QUARTZ,ORBIT,ORBIT,QUARTZ
qwen35_4b,positive_operator,cf_0068,1.0,1.0,1.0,1.0,0.0,1.0,correct_flip,tool_agent,3,KITE,RAVEN,RAVEN,KITE
qwen35_4b,positive_operator,cf_0069,0.0,1.0,0.0,0.0,1.0,1.0,branching_both,logistics,3,QUARTZ,QUARTZ,CIPHER,QUARTZ
qwen35_4b,positive_operator,cf_0070,1.0,1.0,1.0,1.0,0.0,1.0,correct_flip,exploration,3,QUARTZ,RAVEN,RAVEN,QUARTZ
qwen35_4b,positive_operator,cf_0071,1.0,1.0,1.0,1.0,0.0,1.0,correct_flip,resource_game,3,VELVET,CIPHER,CIPHER,VELVET
qwen35_4b,positive_operator,cf_0072,1.0,1.0,1.0,1.0,0.0,1.0,correct_flip,abstract_game,1,EMBER,WILLOW,WILLOW,EMBER
qwen35_4b,positive_operator,cf_0073,0.0,1.0,0.0,0.0,1.0,1.0,branching_both,cyber_defense,1,SUMMIT,SUMMIT,LANTERN,SUMMIT
qwen35_4b,positive_operator,cf_0074,1.0,1.0,1.0,1.0,0.0,1.0,correct_flip,tool_agent,1,EMBER,WILLOW,WILLOW,EMBER
qwen35_4b,positive_operator,cf_0075,1.0,1.0,1.0,1.0,0.0,1.0,correct_flip,logistics,1,ORBIT,WILLOW,WILLOW,ORBIT
qwen35_4b,positive_operator,cf_0076,0.0,1.0,0.0,0.0,1.0,1.0,branching_both,exploration,1,CIPHER,CIPHER,LANTERN,CIPHER
qwen35_4b,positive_operator,cf_0077,1.0,1.0,1.0,1.0,0.0,1.0,correct_flip,resource_game,1,EMBER,LANTERN,LANTERN,EMBER
qwen35_4b,positive_operator,cf_0078,1.0,1.0,1.0,1.0,0.0,1.0,correct_flip,abstract_game,2,QUARTZ,TIDAL,TIDAL,QUARTZ
qwen35_4b,positive_operator,cf_0079,1.0,1.0,1.0,1.0,0.0,1.0,correct_flip,cyber_defense,2,QUARTZ,SUMMIT,SUMMIT,QUARTZ
qwen35_4b,positive_operator,cf_0080,1.0,1.0,1.0,1.0,0.0,1.0,correct_flip,tool_agent,2,SUMMIT,LANTERN,LANTERN,SUMMIT
qwen35_4b,positive_operator,cf_0081,1.0,1.0,1.0,1.0,0.0,1.0,correct_flip,logistics,2,ZENITH,EMBER,EMBER,ZENITH
qwen35_4b,positive_operator,cf_0082,1.0,1.0,1.0,1.0,0.0,1.0,correct_flip,exploration,2,QUARTZ,ZENITH,ZENITH,QUARTZ
qwen35_4b,positive_operator,cf_0083,1.0,1.0,1.0,1.0,0.0,1.0,correct_flip,resource_game,2,ORBIT,QUARTZ,QUARTZ,ORBIT
qwen35_4b,positive_operator,cf_0084,1.0,1.0,1.0,1.0,0.0,1.0,correct_flip,abstract_game,3,RAVEN,QUARTZ,QUARTZ,RAVEN
qwen35_4b,positive_operator,cf_0085,0.0,1.0,0.0,0.0,1.0,1.0,branching_both,cyber_defense,3,KITE,KITE,CIPHER,KITE
qwen35_4b,positive_operator,cf_0086,0.0,0.0,1.0,0.0,1.0,1.0,safe_both,tool_agent,3,ORBIT,ORBIT,ORBIT,SUMMIT
qwen35_4b,positive_operator,cf_0087,1.0,1.0,1.0,1.0,0.0,1.0,correct_flip,logistics,3,SUMMIT,WILLOW,WILLOW,SUMMIT
qwen35_4b,positive_operator,cf_0088,1.0,1.0,1.0,1.0,0.0,1.0,correct_flip,exploration,3,TIDAL,CIPHER,CIPHER,TIDAL
qwen35_4b,positive_operator,cf_0089,1.0,1.0,1.0,1.0,0.0,1.0,correct_flip,resource_game,3,KITE,TIDAL,TIDAL,KITE
qwen35_4b,positive_operator,cf_0090,1.0,1.0,1.0,1.0,0.0,1.0,correct_flip,abstract_game,1,KITE,ORBIT,ORBIT,KITE
qwen35_4b,positive_operator,cf_0091,1.0,1.0,1.0,1.0,0.0,1.0,correct_flip,cyber_defense,1,CIPHER,KITE,KITE,CIPHER
qwen35_4b,positive_operator,cf_0092,1.0,1.0,1.0,1.0,0.0,1.0,correct_flip,tool_agent,1,KITE,SUMMIT,SUMMIT,KITE
qwen35_4b,positive_operator,cf_0093,1.0,1.0,1.0,1.0,0.0,1.0,correct_flip,logistics,1,EMBER,CIPHER,CIPHER,EMBER
qwen35_4b,positive_operator,cf_0094,1.0,1.0,1.0,1.0,0.0,1.0,correct_flip,exploration,1,WILLOW,EMBER,EMBER,WILLOW
qwen35_4b,positive_operator,cf_0095,1.0,1.0,1.0,1.0,0.0,1.0,correct_flip,resource_game,1,RAVEN,KITE,KITE,RAVEN
qwen35_4b,positive_operator,cf_0096,1.0,1.0,1.0,1.0,0.0,1.0,correct_flip,abstract_game,2,LANTERN,VELVET,VELVET,LANTERN
qwen35_4b,positive_operator,cf_0097,1.0,1.0,1.0,1.0,0.0,1.0,correct_flip,cyber_defense,2,SUMMIT,QUARTZ,QUARTZ,SUMMIT
qwen35_4b,positive_operator,cf_0098,1.0,1.0,1.0,1.0,0.0,1.0,correct_flip,tool_agent,2,QUARTZ,VELVET,VELVET,QUARTZ
qwen35_4b,positive_operator,cf_0099,1.0,1.0,1.0,1.0,0.0,1.0,correct_flip,logistics,2,QUARTZ,EMBER,EMBER,QUARTZ
qwen35_4b,positive_operator,cf_0100,1.0,1.0,1.0,1.0,0.0,1.0,correct_flip,exploration,2,LANTERN,RAVEN,RAVEN,LANTERN
qwen35_4b,positive_operator,cf_0101,1.0,1.0,1.0,1.0,0.0,1.0,correct_flip,resource_game,2,RAVEN,VELVET,VELVET,RAVEN
qwen35_4b,positive_operator,cf_0102,1.0,1.0,1.0,1.0,0.0,1.0,correct_flip,abstract_game,3,ZENITH,ORBIT,ORBIT,ZENITH
qwen35_4b,positive_operator,cf_0103,1.0,1.0,1.0,1.0,0.0,1.0,correct_flip,cyber_defense,3,TIDAL,RAVEN,RAVEN,TIDAL
qwen35_4b,positive_operator,cf_0104,1.0,1.0,1.0,1.0,0.0,1.0,correct_flip,tool_agent,3,KITE,SUMMIT,SUMMIT,KITE
qwen35_4b,positive_operator,cf_0105,1.0,1.0,1.0,1.0,0.0,1.0,correct_flip,logistics,3,TIDAL,ORBIT,ORBIT,TIDAL
qwen35_4b,positive_operator,cf_0106,1.0,1.0,1.0,1.0,0.0,1.0,correct_flip,exploration,3,RAVEN,VELVET,VELVET,RAVEN
qwen35_4b,positive_operator,cf_0107,1.0,1.0,1.0,1.0,0.0,1.0,correct_flip,resource_game,3,EMBER,CIPHER,CIPHER,EMBER
qwen35_4b,positive_operator,cf_0108,1.0,1.0,1.0,1.0,0.0,1.0,correct_flip,abstract_game,1,TIDAL,SUMMIT,SUMMIT,TIDAL
qwen35_4b,positive_operator,cf_0109,0.0,1.0,0.0,0.0,1.0,1.0,branching_both,cyber_defense,1,CIPHER,CIPHER,WILLOW,CIPHER
qwen35_4b,positive_operator,cf_0110,1.0,1.0,1.0,1.0,0.0,1.0,correct_flip,tool_agent,1,QUARTZ,WILLOW,WILLOW,QUARTZ
qwen35_4b,positive_operator,cf_0111,1.0,1.0,1.0,1.0,0.0,1.0,correct_flip,logistics,1,VELVET,LANTERN,LANTERN,VELVET
qwen35_4b,positive_operator,cf_0112,1.0,1.0,1.0,1.0,0.0,1.0,correct_flip,exploration,1,WILLOW,TIDAL,TIDAL,WILLOW
qwen35_4b,positive_operator,cf_0113,0.0,1.0,0.0,0.0,1.0,1.0,branching_both,resource_game,1,KITE,KITE,QUARTZ,KITE
qwen35_4b,positive_operator,cf_0114,1.0,1.0,1.0,1.0,0.0,1.0,correct_flip,abstract_game,2,RAVEN,KITE,KITE,RAVEN
qwen35_4b,positive_operator,cf_0115,1.0,1.0,1.0,1.0,0.0,1.0,correct_flip,cyber_defense,2,ZENITH,ORBIT,ORBIT,ZENITH
qwen35_4b,positive_operator,cf_0116,1.0,1.0,1.0,1.0,0.0,1.0,correct_flip,tool_agent,2,QUARTZ,LANTERN,LANTERN,QUARTZ
qwen35_4b,positive_operator,cf_0117,1.0,1.0,1.0,1.0,0.0,1.0,correct_flip,logistics,2,VELVET,ORBIT,ORBIT,VELVET
qwen35_4b,positive_operator,cf_0118,1.0,1.0,1.0,1.0,0.0,1.0,correct_flip,exploration,2,TIDAL,SUMMIT,SUMMIT,TIDAL
qwen35_4b,positive_operator,cf_0119,1.0,1.0,1.0,1.0,0.0,1.0,correct_flip,resource_game,2,RAVEN,VELVET,VELVET,RAVEN
qwen35_4b,positive_operator,cf_0120,1.0,1.0,1.0,1.0,0.0,1.0,correct_flip,abstract_game,3,ORBIT,WILLOW,WILLOW,ORBIT
qwen35_4b,positive_operator,cf_0121,1.0,1.0,1.0,1.0,0.0,1.0,correct_flip,cyber_defense,3,VELVET,EMBER,EMBER,VELVET
qwen35_4b,positive_operator,cf_0122,1.0,1.0,1.0,1.0,0.0,1.0,correct_flip,tool_agent,3,SUMMIT,EMBER,EMBER,SUMMIT
qwen35_4b,positive_operator,cf_0123,1.0,1.0,1.0,1.0,0.0,1.0,correct_flip,logistics,3,WILLOW,ORBIT,ORBIT,WILLOW
qwen35_4b,positive_operator,cf_0124,1.0,1.0,1.0,1.0,0.0,1.0,correct_flip,exploration,3,ZENITH,SUMMIT,SUMMIT,ZENITH
qwen35_4b,positive_operator,cf_0125,0.0,1.0,0.0,0.0,1.0,1.0,branching_both,resource_game,3,KITE,KITE,TIDAL,KITE
qwen35_4b,positive_operator,cf_0126,1.0,1.0,1.0,1.0,0.0,1.0,correct_flip,abstract_game,1,KITE,CIPHER,CIPHER,KITE
qwen35_4b,positive_operator,cf_0127,1.0,1.0,1.0,1.0,0.0,1.0,correct_flip,cyber_defense,1,QUARTZ,KITE,KITE,QUARTZ
qwen35_4b,positive_operator,cf_0128,1.0,1.0,1.0,1.0,0.0,1.0,correct_flip,tool_agent,1,TIDAL,KITE,KITE,TIDAL
qwen35_4b,positive_operator,cf_0129,1.0,1.0,1.0,1.0,0.0,1.0,correct_flip,logistics,1,CIPHER,WILLOW,WILLOW,CIPHER
qwen35_4b,positive_operator,cf_0130,1.0,1.0,1.0,1.0,0.0,1.0,correct_flip,exploration,1,LANTERN,CIPHER,CIPHER,LANTERN
qwen35_4b,positive_operator,cf_0131,1.0,1.0,1.0,1.0,0.0,1.0,correct_flip,resource_game,1,SUMMIT,ZENITH,ZENITH,SUMMIT
qwen35_4b,positive_operator,cf_0132,1.0,1.0,1.0,1.0,0.0,1.0,correct_flip,abstract_game,2,ORBIT,LANTERN,LANTERN,ORBIT
qwen35_4b,positive_operator,cf_0133,1.0,1.0,1.0,1.0,0.0,1.0,correct_flip,cyber_defense,2,SUMMIT,ORBIT,ORBIT,SUMMIT
qwen35_4b,positive_operator,cf_0134,1.0,1.0,1.0,1.0,0.0,1.0,correct_flip,tool_agent,2,LANTERN,KITE,KITE,LANTERN
qwen35_4b,positive_operator,cf_0135,1.0,1.0,1.0,1.0,0.0,1.0,correct_flip,logistics,2,LANTERN,KITE,KITE,LANTERN
qwen35_4b,positive_operator,cf_0136,1.0,1.0,1.0,1.0,0.0,1.0,correct_flip,exploration,2,CIPHER,KITE,KITE,CIPHER
qwen35_4b,positive_operator,cf_0137,1.0,1.0,1.0,1.0,0.0,1.0,correct_flip,resource_game,2,CIPHER,RAVEN,RAVEN,CIPHER
qwen35_4b,positive_operator,cf_0138,1.0,1.0,1.0,1.0,0.0,1.0,correct_flip,abstract_game,3,ZENITH,EMBER,EMBER,ZENITH
qwen35_4b,positive_operator,cf_0139,0.0,1.0,0.0,0.0,1.0,1.0,branching_both,cyber_defense,3,VELVET,VELVET,RAVEN,VELVET
qwen35_4b,positive_operator,cf_0140,1.0,1.0,1.0,1.0,0.0,1.0,correct_flip,tool_agent,3,ORBIT,TIDAL,TIDAL,ORBIT
qwen35_4b,positive_operator,cf_0141,1.0,1.0,1.0,1.0,0.0,1.0,correct_flip,logistics,3,RAVEN,ORBIT,ORBIT,RAVEN
qwen35_4b,positive_operator,cf_0142,1.0,1.0,1.0,1.0,0.0,1.0,correct_flip,exploration,3,CIPHER,ZENITH,ZENITH,CIPHER
qwen35_4b,positive_operator,cf_0143,1.0,1.0,1.0,1.0,0.0,1.0,correct_flip,resource_game,3,WILLOW,VELVET,VELVET,WILLOW
qwen35_4b,positive_operator,cf_0144,1.0,1.0,1.0,1.0,0.0,1.0,correct_flip,abstract_game,1,WILLOW,ZENITH,ZENITH,WILLOW
qwen35_4b,positive_operator,cf_0145,1.0,1.0,1.0,1.0,0.0,1.0,correct_flip,cyber_defense,1,RAVEN,ORBIT,ORBIT,RAVEN
qwen35_4b,positive_operator,cf_0146,1.0,1.0,1.0,1.0,0.0,1.0,correct_flip,tool_agent,1,LANTERN,EMBER,EMBER,LANTERN
qwen35_4b,positive_operator,cf_0147,1.0,1.0,1.0,1.0,0.0,1.0,correct_flip,logistics,1,RAVEN,LANTERN,LANTERN,RAVEN
qwen35_4b,positive_operator,cf_0148,1.0,1.0,1.0,1.0,0.0,1.0,correct_flip,exploration,1,ZENITH,TIDAL,TIDAL,ZENITH
qwen35_4b,positive_operator,cf_0149,1.0,1.0,1.0,1.0,0.0,1.0,correct_flip,resource_game,1,LANTERN,ZENITH,ZENITH,LANTERN
qwen35_4b,positive_operator,cf_0150,1.0,1.0,1.0,1.0,0.0,1.0,correct_flip,abstract_game,2,LANTERN,VELVET,VELVET,LANTERN
qwen35_4b,positive_operator,cf_0151,1.0,1.0,1.0,1.0,0.0,1.0,correct_flip,cyber_defense,2,CIPHER,VELVET,VELVET,CIPHER
qwen35_4b,positive_operator,cf_0152,1.0,1.0,1.0,1.0,0.0,1.0,correct_flip,tool_agent,2,ZENITH,VELVET,VELVET,ZENITH
qwen35_4b,positive_operator,cf_0153,1.0,1.0,1.0,1.0,0.0,1.0,correct_flip,logistics,2,ORBIT,CIPHER,CIPHER,ORBIT
qwen35_4b,positive_operator,cf_0154,1.0,1.0,1.0,1.0,0.0,1.0,correct_flip,exploration,2,LANTERN,VELVET,VELVET,LANTERN
qwen35_4b,positive_operator,cf_0155,1.0,1.0,1.0,1.0,0.0,1.0,correct_flip,resource_game,2,RAVEN,QUARTZ,QUARTZ,RAVEN
qwen35_4b,positive_operator,cf_0156,0.0,1.0,0.0,0.0,1.0,1.0,branching_both,abstract_game,3,ZENITH,ZENITH,QUARTZ,ZENITH
qwen35_4b,positive_operator,cf_0157,1.0,1.0,1.0,1.0,0.0,1.0,correct_flip,cyber_defense,3,SUMMIT,EMBER,EMBER,SUMMIT
qwen35_4b,positive_operator,cf_0158,1.0,1.0,1.0,1.0,0.0,1.0,correct_flip,tool_agent,3,KITE,TIDAL,TIDAL,KITE
qwen35_4b,positive_operator,cf_0159,1.0,1.0,1.0,1.0,0.0,1.0,correct_flip,logistics,3,VELVET,WILLOW,WILLOW,VELVET
qwen35_4b,positive_operator,cf_0160,1.0,1.0,1.0,1.0,0.0,1.0,correct_flip,exploration,3,LANTERN,ORBIT,ORBIT,LANTERN
qwen35_4b,positive_operator,cf_0161,1.0,1.0,1.0,1.0,0.0,1.0,correct_flip,resource_game,3,WILLOW,RAVEN,RAVEN,WILLOW
qwen35_4b,positive_operator,cf_0162,1.0,1.0,1.0,1.0,0.0,1.0,correct_flip,abstract_game,1,TIDAL,LANTERN,LANTERN,TIDAL
qwen35_4b,positive_operator,cf_0163,0.0,1.0,0.0,0.0,1.0,1.0,branching_both,cyber_defense,1,QUARTZ,QUARTZ,TIDAL,QUARTZ
qwen35_4b,positive_operator,cf_0164,1.0,1.0,1.0,1.0,0.0,1.0,correct_flip,tool_agent,1,WILLOW,RAVEN,RAVEN,WILLOW
qwen35_4b,positive_operator,cf_0165,1.0,1.0,1.0,1.0,0.0,1.0,correct_flip,logistics,1,EMBER,LANTERN,LANTERN,EMBER
qwen35_4b,positive_operator,cf_0166,0.0,1.0,0.0,0.0,1.0,1.0,branching_both,exploration,1,WILLOW,WILLOW,ORBIT,WILLOW
qwen35_4b,positive_operator,cf_0167,1.0,1.0,1.0,1.0,0.0,1.0,correct_flip,resource_game,1,CIPHER,RAVEN,RAVEN,CIPHER
qwen35_4b,positive_operator,cf_0168,1.0,1.0,1.0,1.0,0.0,1.0,correct_flip,abstract_game,2,ORBIT,KITE,KITE,ORBIT
qwen35_4b,positive_operator,cf_0169,1.0,1.0,1.0,1.0,0.0,1.0,correct_flip,cyber_defense,2,LANTERN,EMBER,EMBER,LANTERN
qwen35_4b,positive_operator,cf_0170,1.0,1.0,1.0,1.0,0.0,1.0,correct_flip,tool_agent,2,RAVEN,ZENITH,ZENITH,RAVEN
qwen35_4b,positive_operator,cf_0171,1.0,1.0,1.0,1.0,0.0,1.0,correct_flip,logistics,2,ZENITH,TIDAL,TIDAL,ZENITH
qwen35_4b,positive_operator,cf_0172,1.0,1.0,1.0,1.0,0.0,1.0,correct_flip,exploration,2,QUARTZ,KITE,KITE,QUARTZ
qwen35_4b,positive_operator,cf_0173,1.0,1.0,1.0,1.0,0.0,1.0,correct_flip,resource_game,2,KITE,EMBER,EMBER,KITE
qwen35_4b,positive_operator,cf_0174,1.0,1.0,1.0,1.0,0.0,1.0,correct_flip,abstract_game,3,WILLOW,ORBIT,ORBIT,WILLOW
qwen35_4b,positive_operator,cf_0175,1.0,1.0,1.0,1.0,0.0,1.0,correct_flip,cyber_defense,3,EMBER,ZENITH,ZENITH,EMBER
qwen35_4b,positive_operator,cf_0176,1.0,1.0,1.0,1.0,0.0,1.0,correct_flip,tool_agent,3,EMBER,CIPHER,CIPHER,EMBER
qwen35_4b,positive_operator,cf_0177,0.0,0.0,1.0,0.0,1.0,1.0,safe_both,logistics,3,KITE,KITE,KITE,RAVEN
qwen35_4b,positive_operator,cf_0178,0.0,1.0,0.0,0.0,1.0,1.0,branching_both,exploration,3,LANTERN,LANTERN,QUARTZ,LANTERN
qwen35_4b,positive_operator,cf_0179,1.0,1.0,1.0,1.0,0.0,1.0,correct_flip,resource_game,3,RAVEN,SUMMIT,SUMMIT,RAVEN
qwen35_9b,bellman,cf_0000,1.0,1.0,1.0,1.0,0.0,1.0,correct_flip,abstract_game,1,VELVET,TIDAL,TIDAL,VELVET
qwen35_9b,bellman,cf_0001,0.0,1.0,0.0,0.0,1.0,1.0,branching_both,cyber_defense,1,KITE,KITE,SUMMIT,KITE
qwen35_9b,bellman,cf_0002,1.0,1.0,1.0,1.0,0.0,1.0,correct_flip,tool_agent,1,SUMMIT,WILLOW,WILLOW,SUMMIT
qwen35_9b,bellman,cf_0003,1.0,1.0,1.0,1.0,0.0,1.0,correct_flip,logistics,1,EMBER,VELVET,VELVET,EMBER
qwen35_9b,bellman,cf_0004,1.0,1.0,1.0,1.0,0.0,1.0,correct_flip,exploration,1,VELVET,RAVEN,RAVEN,VELVET
qwen35_9b,bellman,cf_0005,1.0,1.0,1.0,1.0,0.0,1.0,correct_flip,resource_game,1,ORBIT,CIPHER,CIPHER,ORBIT
qwen35_9b,bellman,cf_0006,1.0,1.0,1.0,1.0,0.0,1.0,correct_flip,abstract_game,2,LANTERN,ZENITH,ZENITH,LANTERN
qwen35_9b,bellman,cf_0007,1.0,1.0,1.0,1.0,0.0,1.0,correct_flip,cyber_defense,2,SUMMIT,EMBER,EMBER,SUMMIT
qwen35_9b,bellman,cf_0008,0.0,1.0,0.0,0.0,1.0,1.0,branching_both,tool_agent,2,WILLOW,WILLOW,KITE,WILLOW
qwen35_9b,bellman,cf_0009,1.0,1.0,1.0,1.0,0.0,1.0,correct_flip,logistics,2,TIDAL,ORBIT,ORBIT,TIDAL
qwen35_9b,bellman,cf_0010,1.0,1.0,1.0,1.0,0.0,1.0,correct_flip,exploration,2,WILLOW,CIPHER,CIPHER,WILLOW
qwen35_9b,bellman,cf_0011,0.0,1.0,0.0,0.0,1.0,1.0,branching_both,resource_game,2,ORBIT,ORBIT,QUARTZ,ORBIT
qwen35_9b,bellman,cf_0012,1.0,1.0,1.0,1.0,0.0,1.0,correct_flip,abstract_game,3,VELVET,ORBIT,ORBIT,VELVET
qwen35_9b,bellman,cf_0013,1.0,1.0,1.0,1.0,0.0,1.0,correct_flip,cyber_defense,3,VELVET,QUARTZ,QUARTZ,VELVET
qwen35_9b,bellman,cf_0014,1.0,1.0,1.0,1.0,0.0,1.0,correct_flip,tool_agent,3,ZENITH,EMBER,EMBER,ZENITH
qwen35_9b,bellman,cf_0015,1.0,1.0,1.0,1.0,0.0,1.0,correct_flip,logistics,3,WILLOW,LANTERN,LANTERN,WILLOW
qwen35_9b,bellman,cf_0016,1.0,1.0,1.0,1.0,0.0,1.0,correct_flip,exploration,3,VELVET,ZENITH,ZENITH,VELVET
qwen35_9b,bellman,cf_0017,0.0,1.0,0.0,0.0,1.0,1.0,branching_both,resource_game,3,QUARTZ,QUARTZ,ZENITH,QUARTZ
qwen35_9b,bellman,cf_0018,1.0,1.0,1.0,1.0,0.0,1.0,correct_flip,abstract_game,1,VELVET,RAVEN,RAVEN,VELVET
qwen35_9b,bellman,cf_0019,1.0,1.0,1.0,1.0,0.0,1.0,correct_flip,cyber_defense,1,TIDAL,SUMMIT,SUMMIT,TIDAL
qwen35_9b,bellman,cf_0020,1.0,1.0,1.0,1.0,0.0,1.0,correct_flip,tool_agent,1,QUARTZ,ZENITH,ZENITH,QUARTZ
qwen35_9b,bellman,cf_0021,1.0,1.0,1.0,1.0,0.0,1.0,correct_flip,logistics,1,ORBIT,ZENITH,ZENITH,ORBIT
qwen35_9b,bellman,cf_0022,1.0,1.0,1.0,1.0,0.0,1.0,correct_flip,exploration,1,ZENITH,RAVEN,RAVEN,ZENITH
qwen35_9b,bellman,cf_0023,1.0,1.0,1.0,1.0,0.0,1.0,correct_flip,resource_game,1,SUMMIT,KITE,KITE,SUMMIT
qwen35_9b,bellman,cf_0024,1.0,1.0,1.0,1.0,0.0,1.0,correct_flip,abstract_game,2,WILLOW,QUARTZ,QUARTZ,WILLOW
qwen35_9b,bellman,cf_0025,0.0,1.0,0.0,0.0,1.0,1.0,branching_both,cyber_defense,2,VELVET,VELVET,ORBIT,VELVET
qwen35_9b,bellman,cf_0026,1.0,1.0,1.0,1.0,0.0,1.0,correct_flip,tool_agent,2,LANTERN,ORBIT,ORBIT,LANTERN
qwen35_9b,bellman,cf_0027,1.0,1.0,1.0,1.0,0.0,1.0,correct_flip,logistics,2,CIPHER,EMBER,EMBER,CIPHER
qwen35_9b,bellman,cf_0028,1.0,1.0,1.0,1.0,0.0,1.0,correct_flip,exploration,2,EMBER,ORBIT,ORBIT,EMBER
qwen35_9b,bellman,cf_0029,1.0,1.0,1.0,1.0,0.0,1.0,correct_flip,resource_game,2,EMBER,VELVET,VELVET,EMBER
qwen35_9b,bellman,cf_0030,1.0,1.0,1.0,1.0,0.0,1.0,correct_flip,abstract_game,3,ZENITH,TIDAL,TIDAL,ZENITH
qwen35_9b,bellman,cf_0031,1.0,1.0,1.0,1.0,0.0,1.0,correct_flip,cyber_defense,3,WILLOW,LANTERN,LANTERN,WILLOW
qwen35_9b,bellman,cf_0032,0.0,1.0,0.0,0.0,1.0,1.0,branching_both,tool_agent,3,ORBIT,ORBIT,QUARTZ,ORBIT
qwen35_9b,bellman,cf_0033,1.0,1.0,1.0,1.0,0.0,1.0,correct_flip,logistics,3,EMBER,KITE,KITE,EMBER
qwen35_9b,bellman,cf_0034,1.0,1.0,1.0,1.0,0.0,1.0,correct_flip,exploration,3,VELVET,KITE,KITE,VELVET
qwen35_9b,bellman,cf_0035,1.0,1.0,1.0,1.0,0.0,1.0,correct_flip,resource_game,3,WILLOW,TIDAL,TIDAL,WILLOW
qwen35_9b,bellman,cf_0036,1.0,1.0,1.0,1.0,0.0,1.0,correct_flip,abstract_game,1,CIPHER,LANTERN,LANTERN,CIPHER
qwen35_9b,bellman,cf_0037,1.0,1.0,1.0,1.0,0.0,1.0,correct_flip,cyber_defense,1,CIPHER,RAVEN,RAVEN,CIPHER
qwen35_9b,bellman,cf_0038,1.0,1.0,1.0,1.0,0.0,1.0,correct_flip,tool_agent,1,CIPHER,ZENITH,ZENITH,CIPHER
qwen35_9b,bellman,cf_0039,1.0,1.0,1.0,1.0,0.0,1.0,correct_flip,logistics,1,LANTERN,VELVET,VELVET,LANTERN
qwen35_9b,bellman,cf_0040,1.0,1.0,1.0,1.0,0.0,1.0,correct_flip,exploration,1,VELVET,TIDAL,TIDAL,VELVET
qwen35_9b,bellman,cf_0041,1.0,1.0,1.0,1.0,0.0,1.0,correct_flip,resource_game,1,ZENITH,LANTERN,LANTERN,ZENITH
qwen35_9b,bellman,cf_0042,1.0,1.0,1.0,1.0,0.0,1.0,correct_flip,abstract_game,2,WILLOW,RAVEN,RAVEN,WILLOW
qwen35_9b,bellman,cf_0043,1.0,1.0,1.0,1.0,0.0,1.0,correct_flip,cyber_defense,2,ORBIT,TIDAL,TIDAL,ORBIT
qwen35_9b,bellman,cf_0044,1.0,1.0,1.0,1.0,0.0,1.0,correct_flip,tool_agent,2,WILLOW,KITE,KITE,WILLOW
qwen35_9b,bellman,cf_0045,0.0,1.0,0.0,0.0,1.0,1.0,branching_both,logistics,2,CIPHER,CIPHER,WILLOW,CIPHER
qwen35_9b,bellman,cf_0046,1.0,1.0,1.0,1.0,0.0,1.0,correct_flip,exploration,2,QUARTZ,ORBIT,ORBIT,QUARTZ
qwen35_9b,bellman,cf_0047,0.0,1.0,0.0,0.0,1.0,1.0,branching_both,resource_game,2,KITE,KITE,RAVEN,KITE
qwen35_9b,bellman,cf_0048,1.0,1.0,1.0,1.0,0.0,1.0,correct_flip,abstract_game,3,LANTERN,CIPHER,CIPHER,LANTERN
qwen35_9b,bellman,cf_0049,1.0,1.0,1.0,1.0,0.0,1.0,correct_flip,cyber_defense,3,RAVEN,VELVET,VELVET,RAVEN
qwen35_9b,bellman,cf_0050,0.0,1.0,0.0,0.0,1.0,1.0,branching_both,tool_agent,3,KITE,KITE,LANTERN,KITE
qwen35_9b,bellman,cf_0051,1.0,1.0,1.0,1.0,0.0,1.0,correct_flip,logistics,3,RAVEN,CIPHER,CIPHER,RAVEN
qwen35_9b,bellman,cf_0052,1.0,1.0,1.0,1.0,0.0,1.0,correct_flip,exploration,3,CIPHER,RAVEN,RAVEN,CIPHER
qwen35_9b,bellman,cf_0053,0.0,1.0,0.0,0.0,1.0,1.0,branching_both,resource_game,3,ZENITH,ZENITH,TIDAL,ZENITH
qwen35_9b,bellman,cf_0054,1.0,1.0,1.0,1.0,0.0,1.0,correct_flip,abstract_game,1,ORBIT,KITE,KITE,ORBIT
qwen35_9b,bellman,cf_0055,1.0,1.0,1.0,1.0,0.0,1.0,correct_flip,cyber_defense,1,RAVEN,ZENITH,ZENITH,RAVEN
qwen35_9b,bellman,cf_0056,1.0,1.0,1.0,1.0,0.0,1.0,correct_flip,tool_agent,1,SUMMIT,RAVEN,RAVEN,SUMMIT
qwen35_9b,bellman,cf_0057,1.0,1.0,1.0,1.0,0.0,1.0,correct_flip,logistics,1,ORBIT,WILLOW,WILLOW,ORBIT
qwen35_9b,bellman,cf_0058,1.0,1.0,1.0,1.0,0.0,1.0,correct_flip,exploration,1,VELVET,CIPHER,CIPHER,VELVET
qwen35_9b,bellman,cf_0059,1.0,1.0,1.0,1.0,0.0,1.0,correct_flip,resource_game,1,EMBER,RAVEN,RAVEN,EMBER
qwen35_9b,bellman,cf_0060,1.0,1.0,1.0,1.0,0.0,1.0,correct_flip,abstract_game,2,ORBIT,RAVEN,RAVEN,ORBIT
qwen35_9b,bellman,cf_0061,1.0,1.0,1.0,1.0,0.0,1.0,correct_flip,cyber_defense,2,EMBER,CIPHER,CIPHER,EMBER
qwen35_9b,bellman,cf_0062,1.0,1.0,1.0,1.0,0.0,1.0,correct_flip,tool_agent,2,EMBER,VELVET,VELVET,EMBER
qwen35_9b,bellman,cf_0063,0.0,1.0,0.0,0.0,1.0,1.0,branching_both,logistics,2,RAVEN,RAVEN,QUARTZ,RAVEN
qwen35_9b,bellman,cf_0064,1.0,1.0,1.0,1.0,0.0,1.0,correct_flip,exploration,2,ORBIT,QUARTZ,QUARTZ,ORBIT
qwen35_9b,bellman,cf_0065,0.0,1.0,0.0,0.0,1.0,1.0,branching_both,resource_game,2,TIDAL,TIDAL,SUMMIT,TIDAL
qwen35_9b,bellman,cf_0066,1.0,1.0,1.0,1.0,0.0,1.0,correct_flip,abstract_game,3,TIDAL,VELVET,VELVET,TIDAL
qwen35_9b,bellman,cf_0067,0.0,1.0,0.0,0.0,1.0,1.0,branching_both,cyber_defense,3,QUARTZ,QUARTZ,ORBIT,QUARTZ
qwen35_9b,bellman,cf_0068,0.0,0.0,1.0,0.0,1.0,1.0,safe_both,tool_agent,3,RAVEN,RAVEN,RAVEN,KITE
qwen35_9b,bellman,cf_0069,0.0,1.0,0.0,0.0,1.0,1.0,branching_both,logistics,3,QUARTZ,QUARTZ,CIPHER,QUARTZ
qwen35_9b,bellman,cf_0070,1.0,1.0,1.0,1.0,0.0,1.0,correct_flip,exploration,3,QUARTZ,RAVEN,RAVEN,QUARTZ
qwen35_9b,bellman,cf_0071,0.0,1.0,0.0,0.0,1.0,1.0,branching_both,resource_game,3,VELVET,VELVET,CIPHER,VELVET
qwen35_9b,bellman,cf_0072,1.0,1.0,1.0,1.0,0.0,1.0,correct_flip,abstract_game,1,EMBER,WILLOW,WILLOW,EMBER
qwen35_9b,bellman,cf_0073,1.0,1.0,1.0,1.0,0.0,1.0,correct_flip,cyber_defense,1,SUMMIT,LANTERN,LANTERN,SUMMIT
qwen35_9b,bellman,cf_0074,1.0,1.0,1.0,1.0,0.0,1.0,correct_flip,tool_agent,1,EMBER,WILLOW,WILLOW,EMBER
qwen35_9b,bellman,cf_0075,0.0,1.0,0.0,0.0,1.0,1.0,branching_both,logistics,1,ORBIT,ORBIT,WILLOW,ORBIT
qwen35_9b,bellman,cf_0076,0.0,1.0,0.0,0.0,1.0,1.0,branching_both,exploration,1,CIPHER,CIPHER,LANTERN,CIPHER
qwen35_9b,bellman,cf_0077,1.0,1.0,1.0,1.0,0.0,1.0,correct_flip,resource_game,1,EMBER,LANTERN,LANTERN,EMBER
qwen35_9b,bellman,cf_0078,1.0,1.0,1.0,1.0,0.0,1.0,correct_flip,abstract_game,2,QUARTZ,TIDAL,TIDAL,QUARTZ
qwen35_9b,bellman,cf_0079,1.0,1.0,1.0,1.0,0.0,1.0,correct_flip,cyber_defense,2,QUARTZ,SUMMIT,SUMMIT,QUARTZ
qwen35_9b,bellman,cf_0080,0.0,1.0,0.0,0.0,1.0,1.0,branching_both,tool_agent,2,SUMMIT,SUMMIT,LANTERN,SUMMIT
qwen35_9b,bellman,cf_0081,1.0,1.0,1.0,1.0,0.0,1.0,correct_flip,logistics,2,ZENITH,EMBER,EMBER,ZENITH
qwen35_9b,bellman,cf_0082,0.0,1.0,0.0,0.0,1.0,1.0,branching_both,exploration,2,QUARTZ,QUARTZ,ZENITH,QUARTZ
qwen35_9b,bellman,cf_0083,1.0,1.0,1.0,1.0,0.0,1.0,correct_flip,resource_game,2,ORBIT,QUARTZ,QUARTZ,ORBIT
qwen35_9b,bellman,cf_0084,1.0,1.0,1.0,1.0,0.0,1.0,correct_flip,abstract_game,3,RAVEN,QUARTZ,QUARTZ,RAVEN
qwen35_9b,bellman,cf_0085,1.0,1.0,1.0,1.0,0.0,1.0,correct_flip,cyber_defense,3,KITE,CIPHER,CIPHER,KITE
qwen35_9b,bellman,cf_0086,1.0,1.0,1.0,1.0,0.0,1.0,correct_flip,tool_agent,3,SUMMIT,ORBIT,ORBIT,SUMMIT
qwen35_9b,bellman,cf_0087,1.0,1.0,1.0,1.0,0.0,1.0,correct_flip,logistics,3,SUMMIT,WILLOW,WILLOW,SUMMIT
qwen35_9b,bellman,cf_0088,1.0,1.0,1.0,1.0,0.0,1.0,correct_flip,exploration,3,TIDAL,CIPHER,CIPHER,TIDAL
qwen35_9b,bellman,cf_0089,1.0,1.0,1.0,1.0,0.0,1.0,correct_flip,resource_game,3,KITE,TIDAL,TIDAL,KITE
qwen35_9b,bellman,cf_0090,1.0,1.0,1.0,1.0,0.0,1.0,correct_flip,abstract_game,1,KITE,ORBIT,ORBIT,KITE
qwen35_9b,bellman,cf_0091,1.0,1.0,1.0,1.0,0.0,1.0,correct_flip,cyber_defense,1,CIPHER,KITE,KITE,CIPHER
qwen35_9b,bellman,cf_0092,1.0,1.0,1.0,1.0,0.0,1.0,correct_flip,tool_agent,1,KITE,SUMMIT,SUMMIT,KITE
qwen35_9b,bellman,cf_0093,0.0,1.0,0.0,0.0,1.0,1.0,branching_both,logistics,1,EMBER,EMBER,CIPHER,EMBER
qwen35_9b,bellman,cf_0094,1.0,1.0,1.0,1.0,0.0,1.0,correct_flip,exploration,1,WILLOW,EMBER,EMBER,WILLOW
qwen35_9b,bellman,cf_0095,1.0,1.0,1.0,1.0,0.0,1.0,correct_flip,resource_game,1,RAVEN,KITE,KITE,RAVEN
qwen35_9b,bellman,cf_0096,1.0,1.0,1.0,1.0,0.0,1.0,correct_flip,abstract_game,2,LANTERN,VELVET,VELVET,LANTERN
qwen35_9b,bellman,cf_0097,1.0,1.0,1.0,1.0,0.0,1.0,correct_flip,cyber_defense,2,SUMMIT,QUARTZ,QUARTZ,SUMMIT
qwen35_9b,bellman,cf_0098,1.0,1.0,1.0,1.0,0.0,1.0,correct_flip,tool_agent,2,QUARTZ,VELVET,VELVET,QUARTZ
qwen35_9b,bellman,cf_0099,0.0,1.0,0.0,0.0,1.0,1.0,branching_both,logistics,2,QUARTZ,QUARTZ,EMBER,QUARTZ
qwen35_9b,bellman,cf_0100,1.0,1.0,1.0,1.0,0.0,1.0,correct_flip,exploration,2,LANTERN,RAVEN,RAVEN,LANTERN
qwen35_9b,bellman,cf_0101,1.0,1.0,1.0,1.0,0.0,1.0,correct_flip,resource_game,2,RAVEN,VELVET,VELVET,RAVEN
qwen35_9b,bellman,cf_0102,1.0,1.0,1.0,1.0,0.0,1.0,correct_flip,abstract_game,3,ZENITH,ORBIT,ORBIT,ZENITH
qwen35_9b,bellman,cf_0103,1.0,1.0,1.0,1.0,0.0,1.0,correct_flip,cyber_defense,3,TIDAL,RAVEN,RAVEN,TIDAL
qwen35_9b,bellman,cf_0104,0.0,1.0,0.0,0.0,1.0,1.0,branching_both,tool_agent,3,KITE,KITE,SUMMIT,KITE
qwen35_9b,bellman,cf_0105,1.0,1.0,1.0,1.0,0.0,1.0,correct_flip,logistics,3,TIDAL,ORBIT,ORBIT,TIDAL
qwen35_9b,bellman,cf_0106,1.0,1.0,1.0,1.0,0.0,1.0,correct_flip,exploration,3,RAVEN,VELVET,VELVET,RAVEN
qwen35_9b,bellman,cf_0107,1.0,1.0,1.0,1.0,0.0,1.0,correct_flip,resource_game,3,EMBER,CIPHER,CIPHER,EMBER
qwen35_9b,bellman,cf_0108,1.0,1.0,1.0,1.0,0.0,1.0,correct_flip,abstract_game,1,TIDAL,SUMMIT,SUMMIT,TIDAL
qwen35_9b,bellman,cf_0109,1.0,1.0,1.0,1.0,0.0,1.0,correct_flip,cyber_defense,1,CIPHER,WILLOW,WILLOW,CIPHER
qwen35_9b,bellman,cf_0110,1.0,1.0,1.0,1.0,0.0,1.0,correct_flip,tool_agent,1,QUARTZ,WILLOW,WILLOW,QUARTZ
qwen35_9b,bellman,cf_0111,1.0,1.0,1.0,1.0,0.0,1.0,correct_flip,logistics,1,VELVET,LANTERN,LANTERN,VELVET
qwen35_9b,bellman,cf_0112,1.0,1.0,1.0,1.0,0.0,1.0,correct_flip,exploration,1,WILLOW,TIDAL,TIDAL,WILLOW
qwen35_9b,bellman,cf_0113,1.0,1.0,1.0,1.0,0.0,1.0,correct_flip,resource_game,1,KITE,QUARTZ,QUARTZ,KITE
qwen35_9b,bellman,cf_0114,1.0,1.0,1.0,1.0,0.0,1.0,correct_flip,abstract_game,2,RAVEN,KITE,KITE,RAVEN
qwen35_9b,bellman,cf_0115,1.0,1.0,1.0,1.0,0.0,1.0,correct_flip,cyber_defense,2,ZENITH,ORBIT,ORBIT,ZENITH
qwen35_9b,bellman,cf_0116,1.0,1.0,1.0,1.0,0.0,1.0,correct_flip,tool_agent,2,QUARTZ,LANTERN,LANTERN,QUARTZ
qwen35_9b,bellman,cf_0117,1.0,1.0,1.0,1.0,0.0,1.0,correct_flip,logistics,2,VELVET,ORBIT,ORBIT,VELVET
qwen35_9b,bellman,cf_0118,1.0,1.0,1.0,1.0,0.0,1.0,correct_flip,exploration,2,TIDAL,SUMMIT,SUMMIT,TIDAL
qwen35_9b,bellman,cf_0119,1.0,1.0,1.0,1.0,0.0,1.0,correct_flip,resource_game,2,RAVEN,VELVET,VELVET,RAVEN
qwen35_9b,bellman,cf_0120,1.0,1.0,1.0,1.0,0.0,1.0,correct_flip,abstract_game,3,ORBIT,WILLOW,WILLOW,ORBIT
qwen35_9b,bellman,cf_0121,0.0,1.0,0.0,0.0,1.0,1.0,branching_both,cyber_defense,3,VELVET,VELVET,EMBER,VELVET
qwen35_9b,bellman,cf_0122,1.0,1.0,1.0,1.0,0.0,1.0,correct_flip,tool_agent,3,SUMMIT,EMBER,EMBER,SUMMIT
qwen35_9b,bellman,cf_0123,1.0,1.0,1.0,1.0,0.0,1.0,correct_flip,logistics,3,WILLOW,ORBIT,ORBIT,WILLOW
qwen35_9b,bellman,cf_0124,1.0,1.0,1.0,1.0,0.0,1.0,correct_flip,exploration,3,ZENITH,SUMMIT,SUMMIT,ZENITH
qwen35_9b,bellman,cf_0125,0.0,1.0,0.0,0.0,1.0,1.0,branching_both,resource_game,3,KITE,KITE,TIDAL,KITE
qwen35_9b,bellman,cf_0126,1.0,1.0,1.0,1.0,0.0,1.0,correct_flip,abstract_game,1,KITE,CIPHER,CIPHER,KITE
qwen35_9b,bellman,cf_0127,1.0,1.0,1.0,1.0,0.0,1.0,correct_flip,cyber_defense,1,QUARTZ,KITE,KITE,QUARTZ
qwen35_9b,bellman,cf_0128,1.0,1.0,1.0,1.0,0.0,1.0,correct_flip,tool_agent,1,TIDAL,KITE,KITE,TIDAL
qwen35_9b,bellman,cf_0129,1.0,1.0,1.0,1.0,0.0,1.0,correct_flip,logistics,1,CIPHER,WILLOW,WILLOW,CIPHER
qwen35_9b,bellman,cf_0130,1.0,1.0,1.0,1.0,0.0,1.0,correct_flip,exploration,1,LANTERN,CIPHER,CIPHER,LANTERN
qwen35_9b,bellman,cf_0131,0.0,1.0,0.0,0.0,1.0,1.0,branching_both,resource_game,1,SUMMIT,SUMMIT,ZENITH,SUMMIT
qwen35_9b,bellman,cf_0132,1.0,1.0,1.0,1.0,0.0,1.0,correct_flip,abstract_game,2,ORBIT,LANTERN,LANTERN,ORBIT
qwen35_9b,bellman,cf_0133,1.0,1.0,1.0,1.0,0.0,1.0,correct_flip,cyber_defense,2,SUMMIT,ORBIT,ORBIT,SUMMIT
qwen35_9b,bellman,cf_0134,1.0,1.0,1.0,1.0,0.0,1.0,correct_flip,tool_agent,2,LANTERN,KITE,KITE,LANTERN
qwen35_9b,bellman,cf_0135,1.0,1.0,1.0,1.0,0.0,1.0,correct_flip,logistics,2,LANTERN,KITE,KITE,LANTERN
qwen35_9b,bellman,cf_0136,1.0,1.0,1.0,1.0,0.0,1.0,correct_flip,exploration,2,CIPHER,KITE,KITE,CIPHER
qwen35_9b,bellman,cf_0137,0.0,1.0,0.0,0.0,1.0,1.0,branching_both,resource_game,2,CIPHER,CIPHER,RAVEN,CIPHER
qwen35_9b,bellman,cf_0138,1.0,1.0,1.0,1.0,0.0,1.0,correct_flip,abstract_game,3,ZENITH,EMBER,EMBER,ZENITH
qwen35_9b,bellman,cf_0139,1.0,1.0,1.0,1.0,0.0,1.0,correct_flip,cyber_defense,3,VELVET,RAVEN,RAVEN,VELVET
qwen35_9b,bellman,cf_0140,1.0,1.0,1.0,1.0,0.0,1.0,correct_flip,tool_agent,3,ORBIT,TIDAL,TIDAL,ORBIT
qwen35_9b,bellman,cf_0141,1.0,1.0,1.0,1.0,0.0,1.0,correct_flip,logistics,3,RAVEN,ORBIT,ORBIT,RAVEN
qwen35_9b,bellman,cf_0142,1.0,1.0,1.0,1.0,0.0,1.0,correct_flip,exploration,3,CIPHER,ZENITH,ZENITH,CIPHER
qwen35_9b,bellman,cf_0143,1.0,1.0,1.0,1.0,0.0,1.0,correct_flip,resource_game,3,WILLOW,VELVET,VELVET,WILLOW
qwen35_9b,bellman,cf_0144,1.0,1.0,1.0,1.0,0.0,1.0,correct_flip,abstract_game,1,WILLOW,ZENITH,ZENITH,WILLOW
qwen35_9b,bellman,cf_0145,1.0,1.0,1.0,1.0,0.0,1.0,correct_flip,cyber_defense,1,RAVEN,ORBIT,ORBIT,RAVEN
qwen35_9b,bellman,cf_0146,0.0,1.0,0.0,0.0,1.0,1.0,branching_both,tool_agent,1,LANTERN,LANTERN,EMBER,LANTERN
qwen35_9b,bellman,cf_0147,1.0,1.0,1.0,1.0,0.0,1.0,correct_flip,logistics,1,RAVEN,LANTERN,LANTERN,RAVEN
qwen35_9b,bellman,cf_0148,1.0,1.0,1.0,1.0,0.0,1.0,correct_flip,exploration,1,ZENITH,TIDAL,TIDAL,ZENITH
qwen35_9b,bellman,cf_0149,0.0,1.0,0.0,0.0,1.0,1.0,branching_both,resource_game,1,LANTERN,LANTERN,ZENITH,LANTERN
qwen35_9b,bellman,cf_0150,0.0,0.0,1.0,0.0,1.0,1.0,safe_both,abstract_game,2,VELVET,VELVET,VELVET,LANTERN
qwen35_9b,bellman,cf_0151,0.0,1.0,0.0,0.0,1.0,1.0,branching_both,cyber_defense,2,CIPHER,CIPHER,VELVET,CIPHER
qwen35_9b,bellman,cf_0152,1.0,1.0,1.0,1.0,0.0,1.0,correct_flip,tool_agent,2,ZENITH,VELVET,VELVET,ZENITH
qwen35_9b,bellman,cf_0153,1.0,1.0,1.0,1.0,0.0,1.0,correct_flip,logistics,2,ORBIT,CIPHER,CIPHER,ORBIT
qwen35_9b,bellman,cf_0154,1.0,1.0,1.0,1.0,0.0,1.0,correct_flip,exploration,2,LANTERN,VELVET,VELVET,LANTERN
qwen35_9b,bellman,cf_0155,1.0,1.0,1.0,1.0,0.0,1.0,correct_flip,resource_game,2,RAVEN,QUARTZ,QUARTZ,RAVEN
qwen35_9b,bellman,cf_0156,1.0,1.0,1.0,1.0,0.0,1.0,correct_flip,abstract_game,3,ZENITH,QUARTZ,QUARTZ,ZENITH
qwen35_9b,bellman,cf_0157,0.0,1.0,0.0,0.0,1.0,1.0,branching_both,cyber_defense,3,SUMMIT,SUMMIT,EMBER,SUMMIT
qwen35_9b,bellman,cf_0158,1.0,1.0,1.0,1.0,0.0,1.0,correct_flip,tool_agent,3,KITE,TIDAL,TIDAL,KITE
qwen35_9b,bellman,cf_0159,1.0,1.0,1.0,1.0,0.0,1.0,correct_flip,logistics,3,VELVET,WILLOW,WILLOW,VELVET
qwen35_9b,bellman,cf_0160,1.0,1.0,1.0,1.0,0.0,1.0,correct_flip,exploration,3,LANTERN,ORBIT,ORBIT,LANTERN
qwen35_9b,bellman,cf_0161,1.0,1.0,1.0,1.0,0.0,1.0,correct_flip,resource_game,3,WILLOW,RAVEN,RAVEN,WILLOW
qwen35_9b,bellman,cf_0162,1.0,1.0,1.0,1.0,0.0,1.0,correct_flip,abstract_game,1,TIDAL,LANTERN,LANTERN,TIDAL
qwen35_9b,bellman,cf_0163,0.0,1.0,0.0,0.0,1.0,1.0,branching_both,cyber_defense,1,QUARTZ,QUARTZ,TIDAL,QUARTZ
qwen35_9b,bellman,cf_0164,1.0,1.0,1.0,1.0,0.0,1.0,correct_flip,tool_agent,1,WILLOW,RAVEN,RAVEN,WILLOW
qwen35_9b,bellman,cf_0165,1.0,1.0,1.0,1.0,0.0,1.0,correct_flip,logistics,1,EMBER,LANTERN,LANTERN,EMBER
qwen35_9b,bellman,cf_0166,1.0,1.0,1.0,1.0,0.0,1.0,correct_flip,exploration,1,WILLOW,ORBIT,ORBIT,WILLOW
qwen35_9b,bellman,cf_0167,1.0,1.0,1.0,1.0,0.0,1.0,correct_flip,resource_game,1,CIPHER,RAVEN,RAVEN,CIPHER
qwen35_9b,bellman,cf_0168,0.0,1.0,0.0,0.0,1.0,1.0,branching_both,abstract_game,2,ORBIT,ORBIT,KITE,ORBIT
qwen35_9b,bellman,cf_0169,0.0,1.0,0.0,0.0,1.0,1.0,branching_both,cyber_defense,2,LANTERN,LANTERN,EMBER,LANTERN
qwen35_9b,bellman,cf_0170,0.0,1.0,0.0,0.0,1.0,1.0,branching_both,tool_agent,2,RAVEN,RAVEN,ZENITH,RAVEN
qwen35_9b,bellman,cf_0171,1.0,1.0,1.0,1.0,0.0,1.0,correct_flip,logistics,2,ZENITH,TIDAL,TIDAL,ZENITH
qwen35_9b,bellman,cf_0172,1.0,1.0,1.0,1.0,0.0,1.0,correct_flip,exploration,2,QUARTZ,KITE,KITE,QUARTZ
qwen35_9b,bellman,cf_0173,1.0,1.0,1.0,1.0,0.0,1.0,correct_flip,resource_game,2,KITE,EMBER,EMBER,KITE
qwen35_9b,bellman,cf_0174,0.0,1.0,0.0,0.0,1.0,1.0,branching_both,abstract_game,3,WILLOW,WILLOW,ORBIT,WILLOW
qwen35_9b,bellman,cf_0175,1.0,1.0,1.0,1.0,0.0,1.0,correct_flip,cyber_defense,3,EMBER,ZENITH,ZENITH,EMBER
qwen35_9b,bellman,cf_0176,1.0,1.0,1.0,1.0,0.0,1.0,correct_flip,tool_agent,3,EMBER,CIPHER,CIPHER,EMBER
qwen35_9b,bellman,cf_0177,1.0,1.0,1.0,1.0,0.0,1.0,correct_flip,logistics,3,RAVEN,KITE,KITE,RAVEN
qwen35_9b,bellman,cf_0178,0.0,1.0,0.0,0.0,1.0,1.0,branching_both,exploration,3,LANTERN,LANTERN,QUARTZ,LANTERN
qwen35_9b,bellman,cf_0179,1.0,1.0,1.0,1.0,0.0,1.0,correct_flip,resource_game,3,RAVEN,SUMMIT,SUMMIT,RAVEN
qwen35_9b,cot,cf_0000,1.0,1.0,1.0,1.0,0.0,1.0,correct_flip,abstract_game,1,VELVET,TIDAL,TIDAL,VELVET
qwen35_9b,cot,cf_0001,1.0,1.0,1.0,1.0,0.0,1.0,correct_flip,cyber_defense,1,KITE,SUMMIT,SUMMIT,KITE
qwen35_9b,cot,cf_0002,1.0,1.0,1.0,1.0,0.0,1.0,correct_flip,tool_agent,1,SUMMIT,WILLOW,WILLOW,SUMMIT
qwen35_9b,cot,cf_0003,1.0,1.0,1.0,1.0,0.0,1.0,correct_flip,logistics,1,EMBER,VELVET,VELVET,EMBER
qwen35_9b,cot,cf_0004,1.0,1.0,1.0,1.0,0.0,1.0,correct_flip,exploration,1,VELVET,RAVEN,RAVEN,VELVET
qwen35_9b,cot,cf_0005,1.0,1.0,1.0,1.0,0.0,1.0,correct_flip,resource_game,1,ORBIT,CIPHER,CIPHER,ORBIT
qwen35_9b,cot,cf_0006,1.0,1.0,1.0,1.0,0.0,1.0,correct_flip,abstract_game,2,LANTERN,ZENITH,ZENITH,LANTERN
qwen35_9b,cot,cf_0007,1.0,1.0,1.0,1.0,0.0,1.0,correct_flip,cyber_defense,2,SUMMIT,EMBER,EMBER,SUMMIT
qwen35_9b,cot,cf_0008,1.0,1.0,1.0,1.0,0.0,1.0,correct_flip,tool_agent,2,WILLOW,KITE,KITE,WILLOW
qwen35_9b,cot,cf_0009,1.0,1.0,1.0,1.0,0.0,1.0,correct_flip,logistics,2,TIDAL,ORBIT,ORBIT,TIDAL
qwen35_9b,cot,cf_0010,1.0,1.0,1.0,1.0,0.0,1.0,correct_flip,exploration,2,WILLOW,CIPHER,CIPHER,WILLOW
qwen35_9b,cot,cf_0011,1.0,1.0,1.0,1.0,0.0,1.0,correct_flip,resource_game,2,ORBIT,QUARTZ,QUARTZ,ORBIT
qwen35_9b,cot,cf_0012,1.0,1.0,1.0,1.0,0.0,1.0,correct_flip,abstract_game,3,VELVET,ORBIT,ORBIT,VELVET
qwen35_9b,cot,cf_0013,1.0,1.0,1.0,1.0,0.0,1.0,correct_flip,cyber_defense,3,VELVET,QUARTZ,QUARTZ,VELVET
qwen35_9b,cot,cf_0014,1.0,1.0,1.0,1.0,0.0,1.0,correct_flip,tool_agent,3,ZENITH,EMBER,EMBER,ZENITH
qwen35_9b,cot,cf_0015,1.0,1.0,1.0,1.0,0.0,1.0,correct_flip,logistics,3,WILLOW,LANTERN,LANTERN,WILLOW
qwen35_9b,cot,cf_0016,1.0,1.0,1.0,1.0,0.0,1.0,correct_flip,exploration,3,VELVET,ZENITH,ZENITH,VELVET
qwen35_9b,cot,cf_0017,1.0,1.0,1.0,1.0,0.0,1.0,correct_flip,resource_game,3,QUARTZ,ZENITH,ZENITH,QUARTZ
qwen35_9b,cot,cf_0018,1.0,1.0,1.0,1.0,0.0,1.0,correct_flip,abstract_game,1,VELVET,RAVEN,RAVEN,VELVET
qwen35_9b,cot,cf_0019,1.0,1.0,1.0,1.0,0.0,1.0,correct_flip,cyber_defense,1,TIDAL,SUMMIT,SUMMIT,TIDAL
qwen35_9b,cot,cf_0020,1.0,1.0,1.0,1.0,0.0,1.0,correct_flip,tool_agent,1,QUARTZ,ZENITH,ZENITH,QUARTZ
qwen35_9b,cot,cf_0021,1.0,1.0,1.0,1.0,0.0,1.0,correct_flip,logistics,1,ORBIT,ZENITH,ZENITH,ORBIT
qwen35_9b,cot,cf_0022,1.0,1.0,1.0,1.0,0.0,1.0,correct_flip,exploration,1,ZENITH,RAVEN,RAVEN,ZENITH
qwen35_9b,cot,cf_0023,1.0,1.0,1.0,1.0,0.0,1.0,correct_flip,resource_game,1,SUMMIT,KITE,KITE,SUMMIT
qwen35_9b,cot,cf_0024,1.0,1.0,1.0,1.0,0.0,1.0,correct_flip,abstract_game,2,WILLOW,QUARTZ,QUARTZ,WILLOW
qwen35_9b,cot,cf_0025,1.0,1.0,1.0,1.0,0.0,1.0,correct_flip,cyber_defense,2,VELVET,ORBIT,ORBIT,VELVET
qwen35_9b,cot,cf_0026,1.0,1.0,1.0,1.0,0.0,1.0,correct_flip,tool_agent,2,LANTERN,ORBIT,ORBIT,LANTERN
qwen35_9b,cot,cf_0027,1.0,1.0,1.0,1.0,0.0,1.0,correct_flip,logistics,2,CIPHER,EMBER,EMBER,CIPHER
qwen35_9b,cot,cf_0028,1.0,1.0,1.0,1.0,0.0,1.0,correct_flip,exploration,2,EMBER,ORBIT,ORBIT,EMBER
qwen35_9b,cot,cf_0029,1.0,1.0,1.0,1.0,0.0,1.0,correct_flip,resource_game,2,EMBER,VELVET,VELVET,EMBER
qwen35_9b,cot,cf_0030,1.0,1.0,1.0,1.0,0.0,1.0,correct_flip,abstract_game,3,ZENITH,TIDAL,TIDAL,ZENITH
qwen35_9b,cot,cf_0031,1.0,1.0,1.0,1.0,0.0,1.0,correct_flip,cyber_defense,3,WILLOW,LANTERN,LANTERN,WILLOW
qwen35_9b,cot,cf_0032,1.0,1.0,1.0,1.0,0.0,1.0,correct_flip,tool_agent,3,ORBIT,QUARTZ,QUARTZ,ORBIT
qwen35_9b,cot,cf_0033,1.0,1.0,1.0,1.0,0.0,1.0,correct_flip,logistics,3,EMBER,KITE,KITE,EMBER
qwen35_9b,cot,cf_0034,1.0,1.0,1.0,1.0,0.0,1.0,correct_flip,exploration,3,VELVET,KITE,KITE,VELVET
qwen35_9b,cot,cf_0035,1.0,1.0,1.0,1.0,0.0,1.0,correct_flip,resource_game,3,WILLOW,TIDAL,TIDAL,WILLOW
qwen35_9b,cot,cf_0036,1.0,1.0,1.0,1.0,0.0,1.0,correct_flip,abstract_game,1,CIPHER,LANTERN,LANTERN,CIPHER
qwen35_9b,cot,cf_0037,1.0,1.0,1.0,1.0,0.0,1.0,correct_flip,cyber_defense,1,CIPHER,RAVEN,RAVEN,CIPHER
qwen35_9b,cot,cf_0038,1.0,1.0,1.0,1.0,0.0,1.0,correct_flip,tool_agent,1,CIPHER,ZENITH,ZENITH,CIPHER
qwen35_9b,cot,cf_0039,1.0,1.0,1.0,1.0,0.0,1.0,correct_flip,logistics,1,LANTERN,VELVET,VELVET,LANTERN
qwen35_9b,cot,cf_0040,1.0,1.0,1.0,1.0,0.0,1.0,correct_flip,exploration,1,VELVET,TIDAL,TIDAL,VELVET
qwen35_9b,cot,cf_0041,1.0,1.0,1.0,1.0,0.0,1.0,correct_flip,resource_game,1,ZENITH,LANTERN,LANTERN,ZENITH
qwen35_9b,cot,cf_0042,1.0,1.0,1.0,1.0,0.0,1.0,correct_flip,abstract_game,2,WILLOW,RAVEN,RAVEN,WILLOW
qwen35_9b,cot,cf_0043,1.0,1.0,1.0,1.0,0.0,1.0,correct_flip,cyber_defense,2,ORBIT,TIDAL,TIDAL,ORBIT
qwen35_9b,cot,cf_0044,1.0,1.0,1.0,1.0,0.0,1.0,correct_flip,tool_agent,2,WILLOW,KITE,KITE,WILLOW
qwen35_9b,cot,cf_0045,1.0,1.0,1.0,1.0,0.0,1.0,correct_flip,logistics,2,CIPHER,WILLOW,WILLOW,CIPHER
qwen35_9b,cot,cf_0046,1.0,1.0,1.0,1.0,0.0,1.0,correct_flip,exploration,2,QUARTZ,ORBIT,ORBIT,QUARTZ
qwen35_9b,cot,cf_0047,1.0,1.0,1.0,1.0,0.0,1.0,correct_flip,resource_game,2,KITE,RAVEN,RAVEN,KITE
qwen35_9b,cot,cf_0048,1.0,1.0,1.0,1.0,0.0,1.0,correct_flip,abstract_game,3,LANTERN,CIPHER,CIPHER,LANTERN
qwen35_9b,cot,cf_0049,1.0,1.0,1.0,1.0,0.0,1.0,correct_flip,cyber_defense,3,RAVEN,VELVET,VELVET,RAVEN
qwen35_9b,cot,cf_0050,1.0,1.0,1.0,1.0,0.0,1.0,correct_flip,tool_agent,3,KITE,LANTERN,LANTERN,KITE
qwen35_9b,cot,cf_0051,1.0,1.0,1.0,1.0,0.0,1.0,correct_flip,logistics,3,RAVEN,CIPHER,CIPHER,RAVEN
qwen35_9b,cot,cf_0052,1.0,1.0,1.0,1.0,0.0,1.0,correct_flip,exploration,3,CIPHER,RAVEN,RAVEN,CIPHER
qwen35_9b,cot,cf_0053,1.0,1.0,1.0,1.0,0.0,1.0,correct_flip,resource_game,3,ZENITH,TIDAL,TIDAL,ZENITH
qwen35_9b,cot,cf_0054,1.0,1.0,1.0,1.0,0.0,1.0,correct_flip,abstract_game,1,ORBIT,KITE,KITE,ORBIT
qwen35_9b,cot,cf_0055,1.0,1.0,1.0,1.0,0.0,1.0,correct_flip,cyber_defense,1,RAVEN,ZENITH,ZENITH,RAVEN
qwen35_9b,cot,cf_0056,1.0,1.0,1.0,1.0,0.0,1.0,correct_flip,tool_agent,1,SUMMIT,RAVEN,RAVEN,SUMMIT
qwen35_9b,cot,cf_0057,1.0,1.0,1.0,1.0,0.0,1.0,correct_flip,logistics,1,ORBIT,WILLOW,WILLOW,ORBIT
qwen35_9b,cot,cf_0058,1.0,1.0,1.0,1.0,0.0,1.0,correct_flip,exploration,1,VELVET,CIPHER,CIPHER,VELVET
qwen35_9b,cot,cf_0059,1.0,1.0,1.0,1.0,0.0,1.0,correct_flip,resource_game,1,EMBER,RAVEN,RAVEN,EMBER
qwen35_9b,cot,cf_0060,1.0,1.0,1.0,1.0,0.0,1.0,correct_flip,abstract_game,2,ORBIT,RAVEN,RAVEN,ORBIT
qwen35_9b,cot,cf_0061,1.0,1.0,1.0,1.0,0.0,1.0,correct_flip,cyber_defense,2,EMBER,CIPHER,CIPHER,EMBER
qwen35_9b,cot,cf_0062,1.0,1.0,1.0,1.0,0.0,1.0,correct_flip,tool_agent,2,EMBER,VELVET,VELVET,EMBER
qwen35_9b,cot,cf_0063,1.0,1.0,1.0,1.0,0.0,1.0,correct_flip,logistics,2,RAVEN,QUARTZ,QUARTZ,RAVEN
qwen35_9b,cot,cf_0064,1.0,1.0,1.0,1.0,0.0,1.0,correct_flip,exploration,2,ORBIT,QUARTZ,QUARTZ,ORBIT
qwen35_9b,cot,cf_0065,1.0,1.0,1.0,1.0,0.0,1.0,correct_flip,resource_game,2,TIDAL,SUMMIT,SUMMIT,TIDAL
qwen35_9b,cot,cf_0066,1.0,1.0,1.0,1.0,0.0,1.0,correct_flip,abstract_game,3,TIDAL,VELVET,VELVET,TIDAL
qwen35_9b,cot,cf_0067,1.0,1.0,1.0,1.0,0.0,1.0,correct_flip,cyber_defense,3,QUARTZ,ORBIT,ORBIT,QUARTZ
qwen35_9b,cot,cf_0068,1.0,1.0,1.0,1.0,0.0,1.0,correct_flip,tool_agent,3,KITE,RAVEN,RAVEN,KITE
qwen35_9b,cot,cf_0069,1.0,1.0,1.0,1.0,0.0,1.0,correct_flip,logistics,3,QUARTZ,CIPHER,CIPHER,QUARTZ
qwen35_9b,cot,cf_0070,1.0,1.0,1.0,1.0,0.0,1.0,correct_flip,exploration,3,QUARTZ,RAVEN,RAVEN,QUARTZ
qwen35_9b,cot,cf_0071,1.0,1.0,1.0,1.0,0.0,1.0,correct_flip,resource_game,3,VELVET,CIPHER,CIPHER,VELVET
qwen35_9b,cot,cf_0072,1.0,1.0,1.0,1.0,0.0,1.0,correct_flip,abstract_game,1,EMBER,WILLOW,WILLOW,EMBER
qwen35_9b,cot,cf_0073,1.0,1.0,1.0,1.0,0.0,1.0,correct_flip,cyber_defense,1,SUMMIT,LANTERN,LANTERN,SUMMIT
qwen35_9b,cot,cf_0074,1.0,1.0,1.0,1.0,0.0,1.0,correct_flip,tool_agent,1,EMBER,WILLOW,WILLOW,EMBER
qwen35_9b,cot,cf_0075,1.0,1.0,1.0,1.0,0.0,1.0,correct_flip,logistics,1,ORBIT,WILLOW,WILLOW,ORBIT
qwen35_9b,cot,cf_0076,1.0,1.0,1.0,1.0,0.0,1.0,correct_flip,exploration,1,CIPHER,LANTERN,LANTERN,CIPHER
qwen35_9b,cot,cf_0077,1.0,1.0,1.0,1.0,0.0,1.0,correct_flip,resource_game,1,EMBER,LANTERN,LANTERN,EMBER
qwen35_9b,cot,cf_0078,1.0,1.0,1.0,1.0,0.0,1.0,correct_flip,abstract_game,2,QUARTZ,TIDAL,TIDAL,QUARTZ
qwen35_9b,cot,cf_0079,1.0,1.0,1.0,1.0,0.0,1.0,correct_flip,cyber_defense,2,QUARTZ,SUMMIT,SUMMIT,QUARTZ
qwen35_9b,cot,cf_0080,1.0,1.0,1.0,1.0,0.0,1.0,correct_flip,tool_agent,2,SUMMIT,LANTERN,LANTERN,SUMMIT
qwen35_9b,cot,cf_0081,1.0,1.0,1.0,1.0,0.0,1.0,correct_flip,logistics,2,ZENITH,EMBER,EMBER,ZENITH
qwen35_9b,cot,cf_0082,0.0,1.0,0.0,0.0,1.0,1.0,branching_both,exploration,2,QUARTZ,QUARTZ,ZENITH,QUARTZ
qwen35_9b,cot,cf_0083,1.0,1.0,1.0,1.0,0.0,1.0,correct_flip,resource_game,2,ORBIT,QUARTZ,QUARTZ,ORBIT
qwen35_9b,cot,cf_0084,1.0,1.0,1.0,1.0,0.0,1.0,correct_flip,abstract_game,3,RAVEN,QUARTZ,QUARTZ,RAVEN
qwen35_9b,cot,cf_0085,0.0,1.0,0.0,0.0,1.0,1.0,branching_both,cyber_defense,3,KITE,KITE,CIPHER,KITE
qwen35_9b,cot,cf_0086,1.0,1.0,1.0,1.0,0.0,1.0,correct_flip,tool_agent,3,SUMMIT,ORBIT,ORBIT,SUMMIT
qwen35_9b,cot,cf_0087,1.0,1.0,1.0,1.0,0.0,1.0,correct_flip,logistics,3,SUMMIT,WILLOW,WILLOW,SUMMIT
qwen35_9b,cot,cf_0088,1.0,1.0,1.0,1.0,0.0,1.0,correct_flip,exploration,3,TIDAL,CIPHER,CIPHER,TIDAL
qwen35_9b,cot,cf_0089,1.0,1.0,1.0,1.0,0.0,1.0,correct_flip,resource_game,3,KITE,TIDAL,TIDAL,KITE
qwen35_9b,cot,cf_0090,1.0,1.0,1.0,1.0,0.0,1.0,correct_flip,abstract_game,1,KITE,ORBIT,ORBIT,KITE
qwen35_9b,cot,cf_0091,1.0,1.0,1.0,1.0,0.0,1.0,correct_flip,cyber_defense,1,CIPHER,KITE,KITE,CIPHER
qwen35_9b,cot,cf_0092,1.0,1.0,1.0,1.0,0.0,1.0,correct_flip,tool_agent,1,KITE,SUMMIT,SUMMIT,KITE
qwen35_9b,cot,cf_0093,1.0,1.0,1.0,1.0,0.0,1.0,correct_flip,logistics,1,EMBER,CIPHER,CIPHER,EMBER
qwen35_9b,cot,cf_0094,0.0,1.0,0.0,0.0,1.0,1.0,branching_both,exploration,1,WILLOW,WILLOW,EMBER,WILLOW
qwen35_9b,cot,cf_0095,1.0,1.0,1.0,1.0,0.0,1.0,correct_flip,resource_game,1,RAVEN,KITE,KITE,RAVEN
qwen35_9b,cot,cf_0096,1.0,1.0,1.0,1.0,0.0,1.0,correct_flip,abstract_game,2,LANTERN,VELVET,VELVET,LANTERN
qwen35_9b,cot,cf_0097,1.0,1.0,1.0,1.0,0.0,1.0,correct_flip,cyber_defense,2,SUMMIT,QUARTZ,QUARTZ,SUMMIT
qwen35_9b,cot,cf_0098,1.0,1.0,1.0,1.0,0.0,1.0,correct_flip,tool_agent,2,QUARTZ,VELVET,VELVET,QUARTZ
qwen35_9b,cot,cf_0099,1.0,1.0,1.0,1.0,0.0,1.0,correct_flip,logistics,2,QUARTZ,EMBER,EMBER,QUARTZ
qwen35_9b,cot,cf_0100,1.0,1.0,1.0,1.0,0.0,1.0,correct_flip,exploration,2,LANTERN,RAVEN,RAVEN,LANTERN
qwen35_9b,cot,cf_0101,1.0,1.0,1.0,1.0,0.0,1.0,correct_flip,resource_game,2,RAVEN,VELVET,VELVET,RAVEN
qwen35_9b,cot,cf_0102,1.0,1.0,1.0,1.0,0.0,1.0,correct_flip,abstract_game,3,ZENITH,ORBIT,ORBIT,ZENITH
qwen35_9b,cot,cf_0103,1.0,1.0,1.0,1.0,0.0,1.0,correct_flip,cyber_defense,3,TIDAL,RAVEN,RAVEN,TIDAL
qwen35_9b,cot,cf_0104,1.0,1.0,1.0,1.0,0.0,1.0,correct_flip,tool_agent,3,KITE,SUMMIT,SUMMIT,KITE
qwen35_9b,cot,cf_0105,1.0,1.0,1.0,1.0,0.0,1.0,correct_flip,logistics,3,TIDAL,ORBIT,ORBIT,TIDAL
qwen35_9b,cot,cf_0106,1.0,1.0,1.0,1.0,0.0,1.0,correct_flip,exploration,3,RAVEN,VELVET,VELVET,RAVEN
qwen35_9b,cot,cf_0107,0.0,0.0,1.0,0.0,1.0,1.0,safe_both,resource_game,3,CIPHER,CIPHER,CIPHER,EMBER
qwen35_9b,cot,cf_0108,1.0,1.0,1.0,1.0,0.0,1.0,correct_flip,abstract_game,1,TIDAL,SUMMIT,SUMMIT,TIDAL
qwen35_9b,cot,cf_0109,1.0,1.0,1.0,1.0,0.0,1.0,correct_flip,cyber_defense,1,CIPHER,WILLOW,WILLOW,CIPHER
qwen35_9b,cot,cf_0110,1.0,1.0,1.0,1.0,0.0,1.0,correct_flip,tool_agent,1,QUARTZ,WILLOW,WILLOW,QUARTZ
qwen35_9b,cot,cf_0111,1.0,1.0,1.0,1.0,0.0,1.0,correct_flip,logistics,1,VELVET,LANTERN,LANTERN,VELVET
qwen35_9b,cot,cf_0112,1.0,1.0,1.0,1.0,0.0,1.0,correct_flip,exploration,1,WILLOW,TIDAL,TIDAL,WILLOW
qwen35_9b,cot,cf_0113,1.0,1.0,1.0,1.0,0.0,1.0,correct_flip,resource_game,1,KITE,QUARTZ,QUARTZ,KITE
qwen35_9b,cot,cf_0114,1.0,1.0,1.0,1.0,0.0,1.0,correct_flip,abstract_game,2,RAVEN,KITE,KITE,RAVEN
qwen35_9b,cot,cf_0115,1.0,1.0,1.0,1.0,0.0,1.0,correct_flip,cyber_defense,2,ZENITH,ORBIT,ORBIT,ZENITH
qwen35_9b,cot,cf_0116,1.0,1.0,1.0,1.0,0.0,1.0,correct_flip,tool_agent,2,QUARTZ,LANTERN,LANTERN,QUARTZ
qwen35_9b,cot,cf_0117,1.0,1.0,1.0,1.0,0.0,1.0,correct_flip,logistics,2,VELVET,ORBIT,ORBIT,VELVET
qwen35_9b,cot,cf_0118,1.0,1.0,1.0,1.0,0.0,1.0,correct_flip,exploration,2,TIDAL,SUMMIT,SUMMIT,TIDAL
qwen35_9b,cot,cf_0119,1.0,1.0,1.0,1.0,0.0,1.0,correct_flip,resource_game,2,RAVEN,VELVET,VELVET,RAVEN
qwen35_9b,cot,cf_0120,1.0,1.0,1.0,1.0,0.0,1.0,correct_flip,abstract_game,3,ORBIT,WILLOW,WILLOW,ORBIT
qwen35_9b,cot,cf_0121,1.0,1.0,1.0,1.0,0.0,1.0,correct_flip,cyber_defense,3,VELVET,EMBER,EMBER,VELVET
qwen35_9b,cot,cf_0122,1.0,1.0,1.0,1.0,0.0,1.0,correct_flip,tool_agent,3,SUMMIT,EMBER,EMBER,SUMMIT
qwen35_9b,cot,cf_0123,1.0,1.0,1.0,1.0,0.0,1.0,correct_flip,logistics,3,WILLOW,ORBIT,ORBIT,WILLOW
qwen35_9b,cot,cf_0124,1.0,1.0,1.0,1.0,0.0,1.0,correct_flip,exploration,3,ZENITH,SUMMIT,SUMMIT,ZENITH
qwen35_9b,cot,cf_0125,1.0,1.0,1.0,1.0,0.0,1.0,correct_flip,resource_game,3,KITE,TIDAL,TIDAL,KITE
qwen35_9b,cot,cf_0126,1.0,1.0,1.0,1.0,0.0,1.0,correct_flip,abstract_game,1,KITE,CIPHER,CIPHER,KITE
qwen35_9b,cot,cf_0127,1.0,1.0,1.0,1.0,0.0,1.0,correct_flip,cyber_defense,1,QUARTZ,KITE,KITE,QUARTZ
qwen35_9b,cot,cf_0128,1.0,1.0,1.0,1.0,0.0,1.0,correct_flip,tool_agent,1,TIDAL,KITE,KITE,TIDAL
qwen35_9b,cot,cf_0129,1.0,1.0,1.0,1.0,0.0,1.0,correct_flip,logistics,1,CIPHER,WILLOW,WILLOW,CIPHER
qwen35_9b,cot,cf_0130,1.0,1.0,1.0,1.0,0.0,1.0,correct_flip,exploration,1,LANTERN,CIPHER,CIPHER,LANTERN
qwen35_9b,cot,cf_0131,1.0,1.0,1.0,1.0,0.0,1.0,correct_flip,resource_game,1,SUMMIT,ZENITH,ZENITH,SUMMIT
qwen35_9b,cot,cf_0132,1.0,1.0,1.0,1.0,0.0,1.0,correct_flip,abstract_game,2,ORBIT,LANTERN,LANTERN,ORBIT
qwen35_9b,cot,cf_0133,1.0,1.0,1.0,1.0,0.0,1.0,correct_flip,cyber_defense,2,SUMMIT,ORBIT,ORBIT,SUMMIT
qwen35_9b,cot,cf_0134,1.0,1.0,1.0,1.0,0.0,1.0,correct_flip,tool_agent,2,LANTERN,KITE,KITE,LANTERN
qwen35_9b,cot,cf_0135,1.0,1.0,1.0,1.0,0.0,1.0,correct_flip,logistics,2,LANTERN,KITE,KITE,LANTERN
qwen35_9b,cot,cf_0136,1.0,1.0,1.0,1.0,0.0,1.0,correct_flip,exploration,2,CIPHER,KITE,KITE,CIPHER
qwen35_9b,cot,cf_0137,1.0,1.0,1.0,1.0,0.0,1.0,correct_flip,resource_game,2,CIPHER,RAVEN,RAVEN,CIPHER
qwen35_9b,cot,cf_0138,1.0,1.0,1.0,1.0,0.0,1.0,correct_flip,abstract_game,3,ZENITH,EMBER,EMBER,ZENITH
qwen35_9b,cot,cf_0139,1.0,1.0,1.0,1.0,0.0,1.0,correct_flip,cyber_defense,3,VELVET,RAVEN,RAVEN,VELVET
qwen35_9b,cot,cf_0140,1.0,1.0,1.0,1.0,0.0,1.0,correct_flip,tool_agent,3,ORBIT,TIDAL,TIDAL,ORBIT
qwen35_9b,cot,cf_0141,1.0,1.0,1.0,1.0,0.0,1.0,correct_flip,logistics,3,RAVEN,ORBIT,ORBIT,RAVEN
qwen35_9b,cot,cf_0142,1.0,1.0,1.0,1.0,0.0,1.0,correct_flip,exploration,3,CIPHER,ZENITH,ZENITH,CIPHER
qwen35_9b,cot,cf_0143,1.0,1.0,1.0,1.0,0.0,1.0,correct_flip,resource_game,3,WILLOW,VELVET,VELVET,WILLOW
qwen35_9b,cot,cf_0144,1.0,1.0,1.0,1.0,0.0,1.0,correct_flip,abstract_game,1,WILLOW,ZENITH,ZENITH,WILLOW
qwen35_9b,cot,cf_0145,1.0,1.0,1.0,1.0,0.0,1.0,correct_flip,cyber_defense,1,RAVEN,ORBIT,ORBIT,RAVEN
qwen35_9b,cot,cf_0146,1.0,1.0,1.0,1.0,0.0,1.0,correct_flip,tool_agent,1,LANTERN,EMBER,EMBER,LANTERN
qwen35_9b,cot,cf_0147,1.0,1.0,1.0,1.0,0.0,1.0,correct_flip,logistics,1,RAVEN,LANTERN,LANTERN,RAVEN
qwen35_9b,cot,cf_0148,1.0,1.0,1.0,1.0,0.0,1.0,correct_flip,exploration,1,ZENITH,TIDAL,TIDAL,ZENITH
qwen35_9b,cot,cf_0149,0.0,1.0,0.0,0.0,1.0,1.0,branching_both,resource_game,1,LANTERN,LANTERN,ZENITH,LANTERN
qwen35_9b,cot,cf_0150,1.0,1.0,1.0,1.0,0.0,1.0,correct_flip,abstract_game,2,LANTERN,VELVET,VELVET,LANTERN
qwen35_9b,cot,cf_0151,1.0,1.0,1.0,1.0,0.0,1.0,correct_flip,cyber_defense,2,CIPHER,VELVET,VELVET,CIPHER
qwen35_9b,cot,cf_0152,1.0,1.0,1.0,1.0,0.0,1.0,correct_flip,tool_agent,2,ZENITH,VELVET,VELVET,ZENITH
qwen35_9b,cot,cf_0153,1.0,1.0,1.0,1.0,0.0,1.0,correct_flip,logistics,2,ORBIT,CIPHER,CIPHER,ORBIT
qwen35_9b,cot,cf_0154,1.0,1.0,1.0,1.0,0.0,1.0,correct_flip,exploration,2,LANTERN,VELVET,VELVET,LANTERN
qwen35_9b,cot,cf_0155,1.0,1.0,1.0,1.0,0.0,1.0,correct_flip,resource_game,2,RAVEN,QUARTZ,QUARTZ,RAVEN
qwen35_9b,cot,cf_0156,1.0,1.0,1.0,1.0,0.0,1.0,correct_flip,abstract_game,3,ZENITH,QUARTZ,QUARTZ,ZENITH
qwen35_9b,cot,cf_0157,1.0,1.0,1.0,1.0,0.0,1.0,correct_flip,cyber_defense,3,SUMMIT,EMBER,EMBER,SUMMIT
qwen35_9b,cot,cf_0158,1.0,1.0,1.0,1.0,0.0,1.0,correct_flip,tool_agent,3,KITE,TIDAL,TIDAL,KITE
qwen35_9b,cot,cf_0159,1.0,1.0,1.0,1.0,0.0,1.0,correct_flip,logistics,3,VELVET,WILLOW,WILLOW,VELVET
qwen35_9b,cot,cf_0160,1.0,1.0,1.0,1.0,0.0,1.0,correct_flip,exploration,3,LANTERN,ORBIT,ORBIT,LANTERN
qwen35_9b,cot,cf_0161,1.0,1.0,1.0,1.0,0.0,1.0,correct_flip,resource_game,3,WILLOW,RAVEN,RAVEN,WILLOW
qwen35_9b,cot,cf_0162,1.0,1.0,1.0,1.0,0.0,1.0,correct_flip,abstract_game,1,TIDAL,LANTERN,LANTERN,TIDAL
qwen35_9b,cot,cf_0163,1.0,1.0,1.0,1.0,0.0,1.0,correct_flip,cyber_defense,1,QUARTZ,TIDAL,TIDAL,QUARTZ
qwen35_9b,cot,cf_0164,1.0,1.0,1.0,1.0,0.0,1.0,correct_flip,tool_agent,1,WILLOW,RAVEN,RAVEN,WILLOW
qwen35_9b,cot,cf_0165,1.0,1.0,1.0,1.0,0.0,1.0,correct_flip,logistics,1,EMBER,LANTERN,LANTERN,EMBER
qwen35_9b,cot,cf_0166,1.0,1.0,1.0,1.0,0.0,1.0,correct_flip,exploration,1,WILLOW,ORBIT,ORBIT,WILLOW
qwen35_9b,cot,cf_0167,1.0,1.0,1.0,1.0,0.0,1.0,correct_flip,resource_game,1,CIPHER,RAVEN,RAVEN,CIPHER
qwen35_9b,cot,cf_0168,1.0,1.0,1.0,1.0,0.0,1.0,correct_flip,abstract_game,2,ORBIT,KITE,KITE,ORBIT
qwen35_9b,cot,cf_0169,1.0,1.0,1.0,1.0,0.0,1.0,correct_flip,cyber_defense,2,LANTERN,EMBER,EMBER,LANTERN
qwen35_9b,cot,cf_0170,1.0,1.0,1.0,1.0,0.0,1.0,correct_flip,tool_agent,2,RAVEN,ZENITH,ZENITH,RAVEN
qwen35_9b,cot,cf_0171,1.0,1.0,1.0,1.0,0.0,1.0,correct_flip,logistics,2,ZENITH,TIDAL,TIDAL,ZENITH
qwen35_9b,cot,cf_0172,1.0,1.0,1.0,1.0,0.0,1.0,correct_flip,exploration,2,QUARTZ,KITE,KITE,QUARTZ
qwen35_9b,cot,cf_0173,1.0,1.0,1.0,1.0,0.0,1.0,correct_flip,resource_game,2,KITE,EMBER,EMBER,KITE
qwen35_9b,cot,cf_0174,1.0,1.0,1.0,1.0,0.0,1.0,correct_flip,abstract_game,3,WILLOW,ORBIT,ORBIT,WILLOW
qwen35_9b,cot,cf_0175,1.0,1.0,1.0,1.0,0.0,1.0,correct_flip,cyber_defense,3,EMBER,ZENITH,ZENITH,EMBER
qwen35_9b,cot,cf_0176,1.0,1.0,1.0,1.0,0.0,1.0,correct_flip,tool_agent,3,EMBER,CIPHER,CIPHER,EMBER
qwen35_9b,cot,cf_0177,1.0,1.0,1.0,1.0,0.0,1.0,correct_flip,logistics,3,RAVEN,KITE,KITE,RAVEN
qwen35_9b,cot,cf_0178,1.0,1.0,1.0,1.0,0.0,1.0,correct_flip,exploration,3,LANTERN,QUARTZ,QUARTZ,LANTERN
qwen35_9b,cot,cf_0179,1.0,1.0,1.0,1.0,0.0,1.0,correct_flip,resource_game,3,RAVEN,SUMMIT,SUMMIT,RAVEN
qwen35_9b,direct,cf_0000,0.0,0.0,1.0,0.0,1.0,1.0,safe_both,abstract_game,1,TIDAL,TIDAL,TIDAL,VELVET
qwen35_9b,direct,cf_0001,0.0,0.0,1.0,0.0,1.0,1.0,safe_both,cyber_defense,1,SUMMIT,SUMMIT,SUMMIT,KITE
qwen35_9b,direct,cf_0002,1.0,1.0,1.0,1.0,0.0,1.0,correct_flip,tool_agent,1,SUMMIT,WILLOW,WILLOW,SUMMIT
qwen35_9b,direct,cf_0003,0.0,0.0,1.0,0.0,1.0,1.0,safe_both,logistics,1,VELVET,VELVET,VELVET,EMBER
qwen35_9b,direct,cf_0004,0.0,0.0,1.0,0.0,1.0,1.0,safe_both,exploration,1,RAVEN,RAVEN,RAVEN,VELVET
qwen35_9b,direct,cf_0005,0.0,0.0,1.0,0.0,1.0,1.0,safe_both,resource_game,1,CIPHER,CIPHER,CIPHER,ORBIT
qwen35_9b,direct,cf_0006,0.0,0.0,1.0,0.0,1.0,1.0,safe_both,abstract_game,2,ZENITH,ZENITH,ZENITH,LANTERN
qwen35_9b,direct,cf_0007,0.0,0.0,1.0,0.0,1.0,1.0,safe_both,cyber_defense,2,EMBER,EMBER,EMBER,SUMMIT
qwen35_9b,direct,cf_0008,0.0,0.0,1.0,0.0,1.0,1.0,safe_both,tool_agent,2,KITE,KITE,KITE,WILLOW
qwen35_9b,direct,cf_0009,0.0,0.0,1.0,0.0,1.0,1.0,safe_both,logistics,2,ORBIT,ORBIT,ORBIT,TIDAL
qwen35_9b,direct,cf_0010,1.0,1.0,1.0,1.0,0.0,1.0,correct_flip,exploration,2,WILLOW,CIPHER,CIPHER,WILLOW
qwen35_9b,direct,cf_0011,0.0,0.0,1.0,0.0,1.0,1.0,safe_both,resource_game,2,QUARTZ,QUARTZ,QUARTZ,ORBIT
qwen35_9b,direct,cf_0012,0.0,0.0,1.0,0.0,1.0,1.0,safe_both,abstract_game,3,ORBIT,ORBIT,ORBIT,VELVET
qwen35_9b,direct,cf_0013,0.0,0.0,1.0,0.0,1.0,1.0,safe_both,cyber_defense,3,QUARTZ,QUARTZ,QUARTZ,VELVET
qwen35_9b,direct,cf_0014,0.0,0.0,1.0,0.0,1.0,1.0,safe_both,tool_agent,3,EMBER,EMBER,EMBER,ZENITH
qwen35_9b,direct,cf_0015,0.0,0.0,1.0,0.0,1.0,1.0,safe_both,logistics,3,LANTERN,LANTERN,LANTERN,WILLOW
qwen35_9b,direct,cf_0016,0.0,0.0,1.0,0.0,1.0,1.0,safe_both,exploration,3,ZENITH,ZENITH,ZENITH,VELVET
qwen35_9b,direct,cf_0017,1.0,1.0,1.0,1.0,0.0,1.0,correct_flip,resource_game,3,QUARTZ,ZENITH,ZENITH,QUARTZ
qwen35_9b,direct,cf_0018,0.0,0.0,1.0,0.0,1.0,1.0,safe_both,abstract_game,1,RAVEN,RAVEN,RAVEN,VELVET
qwen35_9b,direct,cf_0019,0.0,0.0,1.0,0.0,1.0,1.0,safe_both,cyber_defense,1,SUMMIT,SUMMIT,SUMMIT,TIDAL
qwen35_9b,direct,cf_0020,0.0,0.0,1.0,0.0,1.0,1.0,safe_both,tool_agent,1,ZENITH,ZENITH,ZENITH,QUARTZ
qwen35_9b,direct,cf_0021,0.0,0.0,1.0,0.0,1.0,1.0,safe_both,logistics,1,ZENITH,ZENITH,ZENITH,ORBIT
qwen35_9b,direct,cf_0022,0.0,0.0,1.0,0.0,1.0,1.0,safe_both,exploration,1,RAVEN,RAVEN,RAVEN,ZENITH
qwen35_9b,direct,cf_0023,0.0,0.0,1.0,0.0,1.0,1.0,safe_both,resource_game,1,KITE,KITE,KITE,SUMMIT
qwen35_9b,direct,cf_0024,0.0,0.0,1.0,0.0,1.0,1.0,safe_both,abstract_game,2,QUARTZ,QUARTZ,QUARTZ,WILLOW
qwen35_9b,direct,cf_0025,0.0,0.0,1.0,0.0,1.0,1.0,safe_both,cyber_defense,2,ORBIT,ORBIT,ORBIT,VELVET
qwen35_9b,direct,cf_0026,1.0,1.0,1.0,1.0,0.0,1.0,correct_flip,tool_agent,2,LANTERN,ORBIT,ORBIT,LANTERN
qwen35_9b,direct,cf_0027,0.0,0.0,1.0,0.0,1.0,1.0,safe_both,logistics,2,EMBER,EMBER,EMBER,CIPHER
qwen35_9b,direct,cf_0028,0.0,0.0,1.0,0.0,1.0,1.0,safe_both,exploration,2,ORBIT,ORBIT,ORBIT,EMBER
qwen35_9b,direct,cf_0029,0.0,0.0,1.0,0.0,1.0,1.0,safe_both,resource_game,2,VELVET,VELVET,VELVET,EMBER
qwen35_9b,direct,cf_0030,0.0,0.0,1.0,0.0,1.0,1.0,safe_both,abstract_game,3,TIDAL,TIDAL,TIDAL,ZENITH
qwen35_9b,direct,cf_0031,0.0,0.0,1.0,0.0,1.0,1.0,safe_both,cyber_defense,3,LANTERN,LANTERN,LANTERN,WILLOW
qwen35_9b,direct,cf_0032,0.0,0.0,1.0,0.0,1.0,1.0,safe_both,tool_agent,3,QUARTZ,QUARTZ,QUARTZ,ORBIT
qwen35_9b,direct,cf_0033,0.0,0.0,1.0,0.0,1.0,1.0,safe_both,logistics,3,KITE,KITE,KITE,EMBER
qwen35_9b,direct,cf_0034,1.0,1.0,1.0,1.0,0.0,1.0,correct_flip,exploration,3,VELVET,KITE,KITE,VELVET
qwen35_9b,direct,cf_0035,0.0,0.0,1.0,0.0,1.0,1.0,safe_both,resource_game,3,TIDAL,TIDAL,TIDAL,WILLOW
qwen35_9b,direct,cf_0036,0.0,0.0,1.0,0.0,1.0,1.0,safe_both,abstract_game,1,LANTERN,LANTERN,LANTERN,CIPHER
qwen35_9b,direct,cf_0037,0.0,0.0,1.0,0.0,1.0,1.0,safe_both,cyber_defense,1,RAVEN,RAVEN,RAVEN,CIPHER
qwen35_9b,direct,cf_0038,1.0,1.0,1.0,1.0,0.0,1.0,correct_flip,tool_agent,1,CIPHER,ZENITH,ZENITH,CIPHER
qwen35_9b,direct,cf_0039,0.0,0.0,1.0,0.0,1.0,1.0,safe_both,logistics,1,VELVET,VELVET,VELVET,LANTERN
qwen35_9b,direct,cf_0040,0.0,0.0,1.0,0.0,1.0,1.0,safe_both,exploration,1,TIDAL,TIDAL,TIDAL,VELVET
qwen35_9b,direct,cf_0041,0.0,0.0,1.0,0.0,1.0,1.0,safe_both,resource_game,1,LANTERN,LANTERN,LANTERN,ZENITH
qwen35_9b,direct,cf_0042,0.0,0.0,1.0,0.0,1.0,1.0,safe_both,abstract_game,2,RAVEN,RAVEN,RAVEN,WILLOW
qwen35_9b,direct,cf_0043,0.0,0.0,1.0,0.0,1.0,1.0,safe_both,cyber_defense,2,TIDAL,TIDAL,TIDAL,ORBIT
qwen35_9b,direct,cf_0044,0.0,0.0,1.0,0.0,1.0,1.0,safe_both,tool_agent,2,KITE,KITE,KITE,WILLOW
qwen35_9b,direct,cf_0045,0.0,0.0,1.0,0.0,1.0,1.0,safe_both,logistics,2,WILLOW,WILLOW,WILLOW,CIPHER
qwen35_9b,direct,cf_0046,0.0,0.0,1.0,0.0,1.0,1.0,safe_both,exploration,2,ORBIT,ORBIT,ORBIT,QUARTZ
qwen35_9b,direct,cf_0047,0.0,0.0,1.0,0.0,1.0,1.0,safe_both,resource_game,2,RAVEN,RAVEN,RAVEN,KITE
qwen35_9b,direct,cf_0048,0.0,0.0,1.0,0.0,1.0,1.0,safe_both,abstract_game,3,CIPHER,CIPHER,CIPHER,LANTERN
qwen35_9b,direct,cf_0049,0.0,0.0,1.0,0.0,1.0,1.0,safe_both,cyber_defense,3,VELVET,VELVET,VELVET,RAVEN
qwen35_9b,direct,cf_0050,0.0,0.0,1.0,0.0,1.0,1.0,safe_both,tool_agent,3,LANTERN,LANTERN,LANTERN,KITE
qwen35_9b,direct,cf_0051,0.0,0.0,1.0,0.0,1.0,1.0,safe_both,logistics,3,CIPHER,CIPHER,CIPHER,RAVEN
qwen35_9b,direct,cf_0052,0.0,0.0,1.0,0.0,1.0,1.0,safe_both,exploration,3,RAVEN,RAVEN,RAVEN,CIPHER
qwen35_9b,direct,cf_0053,0.0,0.0,1.0,0.0,1.0,1.0,safe_both,resource_game,3,TIDAL,TIDAL,TIDAL,ZENITH
qwen35_9b,direct,cf_0054,0.0,0.0,1.0,0.0,1.0,1.0,safe_both,abstract_game,1,KITE,KITE,KITE,ORBIT
qwen35_9b,direct,cf_0055,0.0,0.0,0.0,0.0,0.0,0.0,unparsed,cyber_defense,1,ZENITH,,ZENITH,RAVEN
qwen35_9b,direct,cf_0056,0.0,0.0,1.0,0.0,1.0,1.0,safe_both,tool_agent,1,RAVEN,RAVEN,RAVEN,SUMMIT
qwen35_9b,direct,cf_0057,0.0,0.0,1.0,0.0,1.0,1.0,safe_both,logistics,1,WILLOW,WILLOW,WILLOW,ORBIT
qwen35_9b,direct,cf_0058,0.0,0.0,1.0,0.0,1.0,1.0,safe_both,exploration,1,CIPHER,CIPHER,CIPHER,VELVET
qwen35_9b,direct,cf_0059,0.0,0.0,1.0,0.0,1.0,1.0,safe_both,resource_game,1,RAVEN,RAVEN,RAVEN,EMBER
qwen35_9b,direct,cf_0060,0.0,0.0,1.0,0.0,1.0,1.0,safe_both,abstract_game,2,RAVEN,RAVEN,RAVEN,ORBIT
qwen35_9b,direct,cf_0061,0.0,0.0,1.0,0.0,1.0,1.0,safe_both,cyber_defense,2,CIPHER,CIPHER,CIPHER,EMBER
qwen35_9b,direct,cf_0062,0.0,0.0,1.0,0.0,1.0,1.0,safe_both,tool_agent,2,VELVET,VELVET,VELVET,EMBER
qwen35_9b,direct,cf_0063,0.0,0.0,1.0,0.0,1.0,1.0,safe_both,logistics,2,QUARTZ,QUARTZ,QUARTZ,RAVEN
qwen35_9b,direct,cf_0064,0.0,0.0,1.0,0.0,1.0,1.0,safe_both,exploration,2,QUARTZ,QUARTZ,QUARTZ,ORBIT
qwen35_9b,direct,cf_0065,1.0,1.0,1.0,1.0,0.0,1.0,correct_flip,resource_game,2,TIDAL,SUMMIT,SUMMIT,TIDAL
qwen35_9b,direct,cf_0066,0.0,0.0,1.0,0.0,1.0,1.0,safe_both,abstract_game,3,VELVET,VELVET,VELVET,TIDAL
qwen35_9b,direct,cf_0067,0.0,0.0,1.0,0.0,1.0,1.0,safe_both,cyber_defense,3,ORBIT,ORBIT,ORBIT,QUARTZ
qwen35_9b,direct,cf_0068,0.0,0.0,1.0,0.0,1.0,1.0,safe_both,tool_agent,3,RAVEN,RAVEN,RAVEN,KITE
qwen35_9b,direct,cf_0069,0.0,0.0,1.0,0.0,1.0,1.0,safe_both,logistics,3,CIPHER,CIPHER,CIPHER,QUARTZ
qwen35_9b,direct,cf_0070,1.0,1.0,1.0,1.0,0.0,1.0,correct_flip,exploration,3,QUARTZ,RAVEN,RAVEN,QUARTZ
qwen35_9b,direct,cf_0071,0.0,0.0,1.0,0.0,1.0,1.0,safe_both,resource_game,3,CIPHER,CIPHER,CIPHER,VELVET
qwen35_9b,direct,cf_0072,0.0,0.0,1.0,0.0,1.0,1.0,safe_both,abstract_game,1,WILLOW,WILLOW,WILLOW,EMBER
qwen35_9b,direct,cf_0073,0.0,0.0,1.0,0.0,1.0,1.0,safe_both,cyber_defense,1,LANTERN,LANTERN,LANTERN,SUMMIT
qwen35_9b,direct,cf_0074,0.0,0.0,1.0,0.0,1.0,1.0,safe_both,tool_agent,1,WILLOW,WILLOW,WILLOW,EMBER
qwen35_9b,direct,cf_0075,0.0,0.0,1.0,0.0,1.0,1.0,safe_both,logistics,1,WILLOW,WILLOW,WILLOW,ORBIT
qwen35_9b,direct,cf_0076,0.0,0.0,1.0,0.0,1.0,1.0,safe_both,exploration,1,LANTERN,LANTERN,LANTERN,CIPHER
qwen35_9b,direct,cf_0077,0.0,0.0,1.0,0.0,1.0,1.0,safe_both,resource_game,1,LANTERN,LANTERN,LANTERN,EMBER
qwen35_9b,direct,cf_0078,0.0,0.0,1.0,0.0,1.0,1.0,safe_both,abstract_game,2,TIDAL,TIDAL,TIDAL,QUARTZ
qwen35_9b,direct,cf_0079,0.0,0.0,1.0,0.0,1.0,1.0,safe_both,cyber_defense,2,SUMMIT,SUMMIT,SUMMIT,QUARTZ
qwen35_9b,direct,cf_0080,0.0,0.0,1.0,0.0,1.0,1.0,safe_both,tool_agent,2,LANTERN,LANTERN,LANTERN,SUMMIT
qwen35_9b,direct,cf_0081,0.0,0.0,1.0,0.0,1.0,1.0,safe_both,logistics,2,EMBER,EMBER,EMBER,ZENITH
qwen35_9b,direct,cf_0082,0.0,0.0,1.0,0.0,1.0,1.0,safe_both,exploration,2,ZENITH,ZENITH,ZENITH,QUARTZ
qwen35_9b,direct,cf_0083,0.0,0.0,1.0,0.0,1.0,1.0,safe_both,resource_game,2,QUARTZ,QUARTZ,QUARTZ,ORBIT
qwen35_9b,direct,cf_0084,0.0,0.0,1.0,0.0,1.0,1.0,safe_both,abstract_game,3,QUARTZ,QUARTZ,QUARTZ,RAVEN
qwen35_9b,direct,cf_0085,0.0,0.0,1.0,0.0,1.0,1.0,safe_both,cyber_defense,3,CIPHER,CIPHER,CIPHER,KITE
qwen35_9b,direct,cf_0086,0.0,0.0,1.0,0.0,1.0,1.0,safe_both,tool_agent,3,ORBIT,ORBIT,ORBIT,SUMMIT
qwen35_9b,direct,cf_0087,0.0,0.0,1.0,0.0,1.0,1.0,safe_both,logistics,3,WILLOW,WILLOW,WILLOW,SUMMIT
qwen35_9b,direct,cf_0088,0.0,0.0,1.0,0.0,1.0,1.0,safe_both,exploration,3,CIPHER,CIPHER,CIPHER,TIDAL
qwen35_9b,direct,cf_0089,0.0,0.0,1.0,0.0,1.0,1.0,safe_both,resource_game,3,TIDAL,TIDAL,TIDAL,KITE
qwen35_9b,direct,cf_0090,1.0,1.0,1.0,1.0,0.0,1.0,correct_flip,abstract_game,1,KITE,ORBIT,ORBIT,KITE
qwen35_9b,direct,cf_0091,0.0,0.0,1.0,0.0,1.0,1.0,safe_both,cyber_defense,1,KITE,KITE,KITE,CIPHER
qwen35_9b,direct,cf_0092,0.0,0.0,1.0,0.0,1.0,1.0,safe_both,tool_agent,1,SUMMIT,SUMMIT,SUMMIT,KITE
qwen35_9b,direct,cf_0093,0.0,0.0,1.0,0.0,1.0,1.0,safe_both,logistics,1,CIPHER,CIPHER,CIPHER,EMBER
qwen35_9b,direct,cf_0094,0.0,0.0,1.0,0.0,1.0,1.0,safe_both,exploration,1,EMBER,EMBER,EMBER,WILLOW
qwen35_9b,direct,cf_0095,0.0,0.0,1.0,0.0,1.0,1.0,safe_both,resource_game,1,KITE,KITE,KITE,RAVEN
qwen35_9b,direct,cf_0096,0.0,0.0,1.0,0.0,1.0,1.0,safe_both,abstract_game,2,VELVET,VELVET,VELVET,LANTERN
qwen35_9b,direct,cf_0097,0.0,0.0,1.0,0.0,1.0,1.0,safe_both,cyber_defense,2,QUARTZ,QUARTZ,QUARTZ,SUMMIT
qwen35_9b,direct,cf_0098,0.0,0.0,1.0,0.0,1.0,1.0,safe_both,tool_agent,2,VELVET,VELVET,VELVET,QUARTZ
qwen35_9b,direct,cf_0099,0.0,0.0,1.0,0.0,1.0,1.0,safe_both,logistics,2,EMBER,EMBER,EMBER,QUARTZ
qwen35_9b,direct,cf_0100,0.0,0.0,1.0,0.0,1.0,1.0,safe_both,exploration,2,RAVEN,RAVEN,RAVEN,LANTERN
qwen35_9b,direct,cf_0101,0.0,0.0,1.0,0.0,1.0,1.0,safe_both,resource_game,2,VELVET,VELVET,VELVET,RAVEN
qwen35_9b,direct,cf_0102,0.0,0.0,1.0,0.0,1.0,1.0,safe_both,abstract_game,3,ORBIT,ORBIT,ORBIT,ZENITH
qwen35_9b,direct,cf_0103,0.0,0.0,1.0,0.0,1.0,1.0,safe_both,cyber_defense,3,RAVEN,RAVEN,RAVEN,TIDAL
qwen35_9b,direct,cf_0104,0.0,0.0,1.0,0.0,1.0,1.0,safe_both,tool_agent,3,SUMMIT,SUMMIT,SUMMIT,KITE
qwen35_9b,direct,cf_0105,0.0,0.0,1.0,0.0,1.0,1.0,safe_both,logistics,3,ORBIT,ORBIT,ORBIT,TIDAL
qwen35_9b,direct,cf_0106,0.0,0.0,1.0,0.0,1.0,1.0,safe_both,exploration,3,VELVET,VELVET,VELVET,RAVEN
qwen35_9b,direct,cf_0107,0.0,0.0,1.0,0.0,1.0,1.0,safe_both,resource_game,3,CIPHER,CIPHER,CIPHER,EMBER
qwen35_9b,direct,cf_0108,1.0,1.0,1.0,1.0,0.0,1.0,correct_flip,abstract_game,1,TIDAL,SUMMIT,SUMMIT,TIDAL
qwen35_9b,direct,cf_0109,0.0,0.0,1.0,0.0,1.0,1.0,safe_both,cyber_defense,1,WILLOW,WILLOW,WILLOW,CIPHER
qwen35_9b,direct,cf_0110,0.0,0.0,1.0,0.0,1.0,1.0,safe_both,tool_agent,1,WILLOW,WILLOW,WILLOW,QUARTZ
qwen35_9b,direct,cf_0111,0.0,0.0,1.0,0.0,1.0,1.0,safe_both,logistics,1,LANTERN,LANTERN,LANTERN,VELVET
qwen35_9b,direct,cf_0112,0.0,0.0,1.0,0.0,1.0,1.0,safe_both,exploration,1,TIDAL,TIDAL,TIDAL,WILLOW
qwen35_9b,direct,cf_0113,0.0,0.0,1.0,0.0,1.0,1.0,safe_both,resource_game,1,QUARTZ,QUARTZ,QUARTZ,KITE
qwen35_9b,direct,cf_0114,1.0,1.0,1.0,1.0,0.0,1.0,correct_flip,abstract_game,2,RAVEN,KITE,KITE,RAVEN
qwen35_9b,direct,cf_0115,0.0,0.0,1.0,0.0,1.0,1.0,safe_both,cyber_defense,2,ORBIT,ORBIT,ORBIT,ZENITH
qwen35_9b,direct,cf_0116,0.0,0.0,1.0,0.0,1.0,1.0,safe_both,tool_agent,2,LANTERN,LANTERN,LANTERN,QUARTZ
qwen35_9b,direct,cf_0117,1.0,1.0,1.0,1.0,0.0,1.0,correct_flip,logistics,2,VELVET,ORBIT,ORBIT,VELVET
qwen35_9b,direct,cf_0118,0.0,0.0,1.0,0.0,1.0,1.0,safe_both,exploration,2,SUMMIT,SUMMIT,SUMMIT,TIDAL
qwen35_9b,direct,cf_0119,0.0,0.0,1.0,0.0,1.0,1.0,safe_both,resource_game,2,VELVET,VELVET,VELVET,RAVEN
qwen35_9b,direct,cf_0120,0.0,0.0,1.0,0.0,1.0,1.0,safe_both,abstract_game,3,WILLOW,WILLOW,WILLOW,ORBIT
qwen35_9b,direct,cf_0121,0.0,0.0,1.0,0.0,1.0,1.0,safe_both,cyber_defense,3,EMBER,EMBER,EMBER,VELVET
qwen35_9b,direct,cf_0122,0.0,0.0,1.0,0.0,1.0,1.0,safe_both,tool_agent,3,EMBER,EMBER,EMBER,SUMMIT
qwen35_9b,direct,cf_0123,1.0,1.0,1.0,1.0,0.0,1.0,correct_flip,logistics,3,WILLOW,ORBIT,ORBIT,WILLOW
qwen35_9b,direct,cf_0124,0.0,0.0,1.0,0.0,1.0,1.0,safe_both,exploration,3,SUMMIT,SUMMIT,SUMMIT,ZENITH
qwen35_9b,direct,cf_0125,0.0,0.0,1.0,0.0,0.0,0.0,unparsed,resource_game,3,,TIDAL,TIDAL,KITE
qwen35_9b,direct,cf_0126,0.0,0.0,1.0,0.0,1.0,1.0,safe_both,abstract_game,1,CIPHER,CIPHER,CIPHER,KITE
qwen35_9b,direct,cf_0127,0.0,0.0,1.0,0.0,1.0,1.0,safe_both,cyber_defense,1,KITE,KITE,KITE,QUARTZ
qwen35_9b,direct,cf_0128,0.0,0.0,1.0,0.0,1.0,1.0,safe_both,tool_agent,1,KITE,KITE,KITE,TIDAL
qwen35_9b,direct,cf_0129,0.0,0.0,1.0,0.0,1.0,1.0,safe_both,logistics,1,WILLOW,WILLOW,WILLOW,CIPHER
qwen35_9b,direct,cf_0130,0.0,0.0,1.0,0.0,1.0,1.0,safe_both,exploration,1,CIPHER,CIPHER,CIPHER,LANTERN
qwen35_9b,direct,cf_0131,0.0,0.0,1.0,0.0,1.0,1.0,safe_both,resource_game,1,ZENITH,ZENITH,ZENITH,SUMMIT
qwen35_9b,direct,cf_0132,0.0,0.0,1.0,0.0,1.0,1.0,safe_both,abstract_game,2,LANTERN,LANTERN,LANTERN,ORBIT
qwen35_9b,direct,cf_0133,0.0,0.0,0.0,0.0,0.0,0.0,unparsed,cyber_defense,2,ORBIT,,ORBIT,SUMMIT
qwen35_9b,direct,cf_0134,0.0,0.0,1.0,0.0,1.0,1.0,safe_both,tool_agent,2,KITE,KITE,KITE,LANTERN
qwen35_9b,direct,cf_0135,0.0,0.0,1.0,0.0,1.0,1.0,safe_both,logistics,2,KITE,KITE,KITE,LANTERN
qwen35_9b,direct,cf_0136,0.0,0.0,1.0,0.0,1.0,1.0,safe_both,exploration,2,KITE,KITE,KITE,CIPHER
qwen35_9b,direct,cf_0137,0.0,0.0,1.0,0.0,1.0,1.0,safe_both,resource_game,2,RAVEN,RAVEN,RAVEN,CIPHER
qwen35_9b,direct,cf_0138,0.0,0.0,1.0,0.0,1.0,1.0,safe_both,abstract_game,3,EMBER,EMBER,EMBER,ZENITH
qwen35_9b,direct,cf_0139,0.0,0.0,1.0,0.0,1.0,1.0,safe_both,cyber_defense,3,RAVEN,RAVEN,RAVEN,VELVET
qwen35_9b,direct,cf_0140,0.0,0.0,1.0,0.0,1.0,1.0,safe_both,tool_agent,3,TIDAL,TIDAL,TIDAL,ORBIT
qwen35_9b,direct,cf_0141,0.0,0.0,1.0,0.0,1.0,1.0,safe_both,logistics,3,ORBIT,ORBIT,ORBIT,RAVEN
qwen35_9b,direct,cf_0142,0.0,0.0,1.0,0.0,1.0,1.0,safe_both,exploration,3,ZENITH,ZENITH,ZENITH,CIPHER
qwen35_9b,direct,cf_0143,0.0,0.0,1.0,0.0,1.0,1.0,safe_both,resource_game,3,VELVET,VELVET,VELVET,WILLOW
qwen35_9b,direct,cf_0144,0.0,0.0,1.0,0.0,1.0,1.0,safe_both,abstract_game,1,ZENITH,ZENITH,ZENITH,WILLOW
qwen35_9b,direct,cf_0145,0.0,0.0,1.0,0.0,1.0,1.0,safe_both,cyber_defense,1,ORBIT,ORBIT,ORBIT,RAVEN
qwen35_9b,direct,cf_0146,1.0,1.0,1.0,1.0,0.0,1.0,correct_flip,tool_agent,1,LANTERN,EMBER,EMBER,LANTERN
qwen35_9b,direct,cf_0147,0.0,0.0,1.0,0.0,1.0,1.0,safe_both,logistics,1,LANTERN,LANTERN,LANTERN,RAVEN
qwen35_9b,direct,cf_0148,0.0,0.0,1.0,0.0,1.0,1.0,safe_both,exploration,1,TIDAL,TIDAL,TIDAL,ZENITH
qwen35_9b,direct,cf_0149,0.0,0.0,1.0,0.0,1.0,1.0,safe_both,resource_game,1,ZENITH,ZENITH,ZENITH,LANTERN
qwen35_9b,direct,cf_0150,0.0,0.0,1.0,0.0,1.0,1.0,safe_both,abstract_game,2,VELVET,VELVET,VELVET,LANTERN
qwen35_9b,direct,cf_0151,0.0,0.0,1.0,0.0,1.0,1.0,safe_both,cyber_defense,2,VELVET,VELVET,VELVET,CIPHER
qwen35_9b,direct,cf_0152,0.0,0.0,1.0,0.0,1.0,1.0,safe_both,tool_agent,2,VELVET,VELVET,VELVET,ZENITH
qwen35_9b,direct,cf_0153,1.0,1.0,1.0,1.0,0.0,1.0,correct_flip,logistics,2,ORBIT,CIPHER,CIPHER,ORBIT
qwen35_9b,direct,cf_0154,0.0,0.0,1.0,0.0,1.0,1.0,safe_both,exploration,2,VELVET,VELVET,VELVET,LANTERN
qwen35_9b,direct,cf_0155,0.0,0.0,1.0,0.0,1.0,1.0,safe_both,resource_game,2,QUARTZ,QUARTZ,QUARTZ,RAVEN
qwen35_9b,direct,cf_0156,0.0,0.0,1.0,0.0,1.0,1.0,safe_both,abstract_game,3,QUARTZ,QUARTZ,QUARTZ,ZENITH
qwen35_9b,direct,cf_0157,0.0,0.0,1.0,0.0,1.0,1.0,safe_both,cyber_defense,3,EMBER,EMBER,EMBER,SUMMIT
qwen35_9b,direct,cf_0158,0.0,0.0,1.0,0.0,1.0,1.0,safe_both,tool_agent,3,TIDAL,TIDAL,TIDAL,KITE
qwen35_9b,direct,cf_0159,1.0,1.0,1.0,1.0,0.0,1.0,correct_flip,logistics,3,VELVET,WILLOW,WILLOW,VELVET
qwen35_9b,direct,cf_0160,0.0,0.0,1.0,0.0,1.0,1.0,safe_both,exploration,3,ORBIT,ORBIT,ORBIT,LANTERN
qwen35_9b,direct,cf_0161,0.0,0.0,1.0,0.0,1.0,1.0,safe_both,resource_game,3,RAVEN,RAVEN,RAVEN,WILLOW
qwen35_9b,direct,cf_0162,0.0,0.0,1.0,0.0,1.0,1.0,safe_both,abstract_game,1,LANTERN,LANTERN,LANTERN,TIDAL
qwen35_9b,direct,cf_0163,0.0,0.0,1.0,0.0,1.0,1.0,safe_both,cyber_defense,1,TIDAL,TIDAL,TIDAL,QUARTZ
qwen35_9b,direct,cf_0164,0.0,0.0,1.0,0.0,1.0,1.0,safe_both,tool_agent,1,RAVEN,RAVEN,RAVEN,WILLOW
qwen35_9b,direct,cf_0165,0.0,0.0,1.0,0.0,1.0,1.0,safe_both,logistics,1,LANTERN,LANTERN,LANTERN,EMBER
qwen35_9b,direct,cf_0166,0.0,0.0,1.0,0.0,1.0,1.0,safe_both,exploration,1,ORBIT,ORBIT,ORBIT,WILLOW
qwen35_9b,direct,cf_0167,0.0,0.0,1.0,0.0,1.0,1.0,safe_both,resource_game,1,RAVEN,RAVEN,RAVEN,CIPHER
qwen35_9b,direct,cf_0168,0.0,0.0,1.0,0.0,1.0,1.0,safe_both,abstract_game,2,KITE,KITE,KITE,ORBIT
qwen35_9b,direct,cf_0169,0.0,0.0,1.0,0.0,1.0,1.0,safe_both,cyber_defense,2,EMBER,EMBER,EMBER,LANTERN
qwen35_9b,direct,cf_0170,0.0,0.0,1.0,0.0,1.0,1.0,safe_both,tool_agent,2,ZENITH,ZENITH,ZENITH,RAVEN
qwen35_9b,direct,cf_0171,0.0,0.0,1.0,0.0,1.0,1.0,safe_both,logistics,2,TIDAL,TIDAL,TIDAL,ZENITH
qwen35_9b,direct,cf_0172,0.0,0.0,1.0,0.0,1.0,1.0,safe_both,exploration,2,KITE,KITE,KITE,QUARTZ
qwen35_9b,direct,cf_0173,0.0,0.0,1.0,0.0,1.0,1.0,safe_both,resource_game,2,EMBER,EMBER,EMBER,KITE
qwen35_9b,direct,cf_0174,0.0,0.0,1.0,0.0,1.0,1.0,safe_both,abstract_game,3,ORBIT,ORBIT,ORBIT,WILLOW
qwen35_9b,direct,cf_0175,0.0,0.0,1.0,0.0,1.0,1.0,safe_both,cyber_defense,3,ZENITH,ZENITH,ZENITH,EMBER
qwen35_9b,direct,cf_0176,0.0,0.0,1.0,0.0,1.0,1.0,safe_both,tool_agent,3,CIPHER,CIPHER,CIPHER,EMBER
qwen35_9b,direct,cf_0177,0.0,0.0,1.0,0.0,1.0,1.0,safe_both,logistics,3,KITE,KITE,KITE,RAVEN
qwen35_9b,direct,cf_0178,0.0,0.0,1.0,0.0,1.0,1.0,safe_both,exploration,3,QUARTZ,QUARTZ,QUARTZ,LANTERN
qwen35_9b,direct,cf_0179,1.0,1.0,1.0,1.0,0.0,1.0,correct_flip,resource_game,3,RAVEN,SUMMIT,SUMMIT,RAVEN
qwen35_9b,local_operator,cf_0000,1.0,1.0,1.0,1.0,0.0,1.0,correct_flip,abstract_game,1,VELVET,TIDAL,TIDAL,VELVET
qwen35_9b,local_operator,cf_0001,0.0,1.0,0.0,0.0,1.0,1.0,branching_both,cyber_defense,1,KITE,KITE,SUMMIT,KITE
qwen35_9b,local_operator,cf_0002,1.0,1.0,1.0,1.0,0.0,1.0,correct_flip,tool_agent,1,SUMMIT,WILLOW,WILLOW,SUMMIT
qwen35_9b,local_operator,cf_0003,1.0,1.0,1.0,1.0,0.0,1.0,correct_flip,logistics,1,EMBER,VELVET,VELVET,EMBER
qwen35_9b,local_operator,cf_0004,1.0,1.0,1.0,1.0,0.0,1.0,correct_flip,exploration,1,VELVET,RAVEN,RAVEN,VELVET
qwen35_9b,local_operator,cf_0005,0.0,1.0,0.0,0.0,1.0,1.0,branching_both,resource_game,1,ORBIT,ORBIT,CIPHER,ORBIT
qwen35_9b,local_operator,cf_0006,1.0,1.0,1.0,1.0,0.0,1.0,correct_flip,abstract_game,2,LANTERN,ZENITH,ZENITH,LANTERN
qwen35_9b,local_operator,cf_0007,1.0,1.0,1.0,1.0,0.0,1.0,correct_flip,cyber_defense,2,SUMMIT,EMBER,EMBER,SUMMIT
qwen35_9b,local_operator,cf_0008,1.0,1.0,1.0,1.0,0.0,1.0,correct_flip,tool_agent,2,WILLOW,KITE,KITE,WILLOW
qwen35_9b,local_operator,cf_0009,1.0,1.0,1.0,1.0,0.0,1.0,correct_flip,logistics,2,TIDAL,ORBIT,ORBIT,TIDAL
qwen35_9b,local_operator,cf_0010,0.0,1.0,0.0,0.0,1.0,1.0,branching_both,exploration,2,WILLOW,WILLOW,CIPHER,WILLOW
qwen35_9b,local_operator,cf_0011,1.0,1.0,1.0,1.0,0.0,1.0,correct_flip,resource_game,2,ORBIT,QUARTZ,QUARTZ,ORBIT
qwen35_9b,local_operator,cf_0012,1.0,1.0,1.0,1.0,0.0,1.0,correct_flip,abstract_game,3,VELVET,ORBIT,ORBIT,VELVET
qwen35_9b,local_operator,cf_0013,1.0,1.0,1.0,1.0,0.0,1.0,correct_flip,cyber_defense,3,VELVET,QUARTZ,QUARTZ,VELVET
qwen35_9b,local_operator,cf_0014,1.0,1.0,1.0,1.0,0.0,1.0,correct_flip,tool_agent,3,ZENITH,EMBER,EMBER,ZENITH
qwen35_9b,local_operator,cf_0015,1.0,1.0,1.0,1.0,0.0,1.0,correct_flip,logistics,3,WILLOW,LANTERN,LANTERN,WILLOW
qwen35_9b,local_operator,cf_0016,1.0,1.0,1.0,1.0,0.0,1.0,correct_flip,exploration,3,VELVET,ZENITH,ZENITH,VELVET
qwen35_9b,local_operator,cf_0017,1.0,1.0,1.0,1.0,0.0,1.0,correct_flip,resource_game,3,QUARTZ,ZENITH,ZENITH,QUARTZ
qwen35_9b,local_operator,cf_0018,1.0,1.0,1.0,1.0,0.0,1.0,correct_flip,abstract_game,1,VELVET,RAVEN,RAVEN,VELVET
qwen35_9b,local_operator,cf_0019,1.0,1.0,1.0,1.0,0.0,1.0,correct_flip,cyber_defense,1,TIDAL,SUMMIT,SUMMIT,TIDAL
qwen35_9b,local_operator,cf_0020,1.0,1.0,1.0,1.0,0.0,1.0,correct_flip,tool_agent,1,QUARTZ,ZENITH,ZENITH,QUARTZ
qwen35_9b,local_operator,cf_0021,1.0,1.0,1.0,1.0,0.0,1.0,correct_flip,logistics,1,ORBIT,ZENITH,ZENITH,ORBIT
qwen35_9b,local_operator,cf_0022,1.0,1.0,1.0,1.0,0.0,1.0,correct_flip,exploration,1,ZENITH,RAVEN,RAVEN,ZENITH
qwen35_9b,local_operator,cf_0023,1.0,1.0,1.0,1.0,0.0,1.0,correct_flip,resource_game,1,SUMMIT,KITE,KITE,SUMMIT
qwen35_9b,local_operator,cf_0024,1.0,1.0,1.0,1.0,0.0,1.0,correct_flip,abstract_game,2,WILLOW,QUARTZ,QUARTZ,WILLOW
qwen35_9b,local_operator,cf_0025,0.0,1.0,0.0,0.0,1.0,1.0,branching_both,cyber_defense,2,VELVET,VELVET,ORBIT,VELVET
qwen35_9b,local_operator,cf_0026,0.0,1.0,0.0,0.0,1.0,1.0,branching_both,tool_agent,2,LANTERN,LANTERN,ORBIT,LANTERN
qwen35_9b,local_operator,cf_0027,1.0,1.0,1.0,1.0,0.0,1.0,correct_flip,logistics,2,CIPHER,EMBER,EMBER,CIPHER
qwen35_9b,local_operator,cf_0028,1.0,1.0,1.0,1.0,0.0,1.0,correct_flip,exploration,2,EMBER,ORBIT,ORBIT,EMBER
qwen35_9b,local_operator,cf_0029,1.0,1.0,1.0,1.0,0.0,1.0,correct_flip,resource_game,2,EMBER,VELVET,VELVET,EMBER
qwen35_9b,local_operator,cf_0030,0.0,1.0,0.0,0.0,1.0,1.0,branching_both,abstract_game,3,ZENITH,ZENITH,TIDAL,ZENITH
qwen35_9b,local_operator,cf_0031,1.0,1.0,1.0,1.0,0.0,1.0,correct_flip,cyber_defense,3,WILLOW,LANTERN,LANTERN,WILLOW
qwen35_9b,local_operator,cf_0032,1.0,1.0,1.0,1.0,0.0,1.0,correct_flip,tool_agent,3,ORBIT,QUARTZ,QUARTZ,ORBIT
qwen35_9b,local_operator,cf_0033,0.0,1.0,0.0,0.0,1.0,1.0,branching_both,logistics,3,EMBER,EMBER,KITE,EMBER
qwen35_9b,local_operator,cf_0034,0.0,0.0,1.0,0.0,1.0,1.0,safe_both,exploration,3,KITE,KITE,KITE,VELVET
qwen35_9b,local_operator,cf_0035,1.0,1.0,1.0,1.0,0.0,1.0,correct_flip,resource_game,3,WILLOW,TIDAL,TIDAL,WILLOW
qwen35_9b,local_operator,cf_0036,1.0,1.0,1.0,1.0,0.0,1.0,correct_flip,abstract_game,1,CIPHER,LANTERN,LANTERN,CIPHER
qwen35_9b,local_operator,cf_0037,1.0,1.0,1.0,1.0,0.0,1.0,correct_flip,cyber_defense,1,CIPHER,RAVEN,RAVEN,CIPHER
qwen35_9b,local_operator,cf_0038,1.0,1.0,1.0,1.0,0.0,1.0,correct_flip,tool_agent,1,CIPHER,ZENITH,ZENITH,CIPHER
qwen35_9b,local_operator,cf_0039,1.0,1.0,1.0,1.0,0.0,1.0,correct_flip,logistics,1,LANTERN,VELVET,VELVET,LANTERN
qwen35_9b,local_operator,cf_0040,0.0,1.0,0.0,0.0,1.0,1.0,branching_both,exploration,1,VELVET,VELVET,TIDAL,VELVET
qwen35_9b,local_operator,cf_0041,1.0,1.0,1.0,1.0,0.0,1.0,correct_flip,resource_game,1,ZENITH,LANTERN,LANTERN,ZENITH
qwen35_9b,local_operator,cf_0042,1.0,1.0,1.0,1.0,0.0,1.0,correct_flip,abstract_game,2,WILLOW,RAVEN,RAVEN,WILLOW
qwen35_9b,local_operator,cf_0043,1.0,1.0,1.0,1.0,0.0,1.0,correct_flip,cyber_defense,2,ORBIT,TIDAL,TIDAL,ORBIT
qwen35_9b,local_operator,cf_0044,1.0,1.0,1.0,1.0,0.0,1.0,correct_flip,tool_agent,2,WILLOW,KITE,KITE,WILLOW
qwen35_9b,local_operator,cf_0045,0.0,1.0,0.0,0.0,1.0,1.0,branching_both,logistics,2,CIPHER,CIPHER,WILLOW,CIPHER
qwen35_9b,local_operator,cf_0046,1.0,1.0,1.0,1.0,0.0,1.0,correct_flip,exploration,2,QUARTZ,ORBIT,ORBIT,QUARTZ
qwen35_9b,local_operator,cf_0047,1.0,1.0,1.0,1.0,0.0,1.0,correct_flip,resource_game,2,KITE,RAVEN,RAVEN,KITE
qwen35_9b,local_operator,cf_0048,1.0,1.0,1.0,1.0,0.0,1.0,correct_flip,abstract_game,3,LANTERN,CIPHER,CIPHER,LANTERN
qwen35_9b,local_operator,cf_0049,1.0,1.0,1.0,1.0,0.0,1.0,correct_flip,cyber_defense,3,RAVEN,VELVET,VELVET,RAVEN
qwen35_9b,local_operator,cf_0050,1.0,1.0,1.0,1.0,0.0,1.0,correct_flip,tool_agent,3,KITE,LANTERN,LANTERN,KITE
qwen35_9b,local_operator,cf_0051,1.0,1.0,1.0,1.0,0.0,1.0,correct_flip,logistics,3,RAVEN,CIPHER,CIPHER,RAVEN
qwen35_9b,local_operator,cf_0052,1.0,1.0,1.0,1.0,0.0,1.0,correct_flip,exploration,3,CIPHER,RAVEN,RAVEN,CIPHER
qwen35_9b,local_operator,cf_0053,1.0,1.0,1.0,1.0,0.0,1.0,correct_flip,resource_game,3,ZENITH,TIDAL,TIDAL,ZENITH
qwen35_9b,local_operator,cf_0054,1.0,1.0,1.0,1.0,0.0,1.0,correct_flip,abstract_game,1,ORBIT,KITE,KITE,ORBIT
qwen35_9b,local_operator,cf_0055,1.0,1.0,1.0,1.0,0.0,1.0,correct_flip,cyber_defense,1,RAVEN,ZENITH,ZENITH,RAVEN
qwen35_9b,local_operator,cf_0056,1.0,1.0,1.0,1.0,0.0,1.0,correct_flip,tool_agent,1,SUMMIT,RAVEN,RAVEN,SUMMIT
qwen35_9b,local_operator,cf_0057,1.0,1.0,1.0,1.0,0.0,1.0,correct_flip,logistics,1,ORBIT,WILLOW,WILLOW,ORBIT
qwen35_9b,local_operator,cf_0058,1.0,1.0,1.0,1.0,0.0,1.0,correct_flip,exploration,1,VELVET,CIPHER,CIPHER,VELVET
qwen35_9b,local_operator,cf_0059,1.0,1.0,1.0,1.0,0.0,1.0,correct_flip,resource_game,1,EMBER,RAVEN,RAVEN,EMBER
qwen35_9b,local_operator,cf_0060,1.0,1.0,1.0,1.0,0.0,1.0,correct_flip,abstract_game,2,ORBIT,RAVEN,RAVEN,ORBIT
qwen35_9b,local_operator,cf_0061,1.0,1.0,1.0,1.0,0.0,1.0,correct_flip,cyber_defense,2,EMBER,CIPHER,CIPHER,EMBER
qwen35_9b,local_operator,cf_0062,1.0,1.0,1.0,1.0,0.0,1.0,correct_flip,tool_agent,2,EMBER,VELVET,VELVET,EMBER
qwen35_9b,local_operator,cf_0063,1.0,1.0,1.0,1.0,0.0,1.0,correct_flip,logistics,2,RAVEN,QUARTZ,QUARTZ,RAVEN
qwen35_9b,local_operator,cf_0064,1.0,1.0,1.0,1.0,0.0,1.0,correct_flip,exploration,2,ORBIT,QUARTZ,QUARTZ,ORBIT
qwen35_9b,local_operator,cf_0065,1.0,1.0,1.0,1.0,0.0,1.0,correct_flip,resource_game,2,TIDAL,SUMMIT,SUMMIT,TIDAL
qwen35_9b,local_operator,cf_0066,1.0,1.0,1.0,1.0,0.0,1.0,correct_flip,abstract_game,3,TIDAL,VELVET,VELVET,TIDAL
qwen35_9b,local_operator,cf_0067,1.0,1.0,1.0,1.0,0.0,1.0,correct_flip,cyber_defense,3,QUARTZ,ORBIT,ORBIT,QUARTZ
qwen35_9b,local_operator,cf_0068,1.0,1.0,1.0,1.0,0.0,1.0,correct_flip,tool_agent,3,KITE,RAVEN,RAVEN,KITE
qwen35_9b,local_operator,cf_0069,1.0,1.0,1.0,1.0,0.0,1.0,correct_flip,logistics,3,QUARTZ,CIPHER,CIPHER,QUARTZ
qwen35_9b,local_operator,cf_0070,1.0,1.0,1.0,1.0,0.0,1.0,correct_flip,exploration,3,QUARTZ,RAVEN,RAVEN,QUARTZ
qwen35_9b,local_operator,cf_0071,1.0,1.0,1.0,1.0,0.0,1.0,correct_flip,resource_game,3,VELVET,CIPHER,CIPHER,VELVET
qwen35_9b,local_operator,cf_0072,0.0,1.0,0.0,0.0,1.0,1.0,branching_both,abstract_game,1,EMBER,EMBER,WILLOW,EMBER
qwen35_9b,local_operator,cf_0073,0.0,1.0,0.0,0.0,1.0,1.0,branching_both,cyber_defense,1,SUMMIT,SUMMIT,LANTERN,SUMMIT
qwen35_9b,local_operator,cf_0074,1.0,1.0,1.0,1.0,0.0,1.0,correct_flip,tool_agent,1,EMBER,WILLOW,WILLOW,EMBER
qwen35_9b,local_operator,cf_0075,1.0,1.0,1.0,1.0,0.0,1.0,correct_flip,logistics,1,ORBIT,WILLOW,WILLOW,ORBIT
qwen35_9b,local_operator,cf_0076,0.0,1.0,0.0,0.0,1.0,1.0,branching_both,exploration,1,CIPHER,CIPHER,LANTERN,CIPHER
qwen35_9b,local_operator,cf_0077,1.0,1.0,1.0,1.0,0.0,1.0,correct_flip,resource_game,1,EMBER,LANTERN,LANTERN,EMBER
qwen35_9b,local_operator,cf_0078,1.0,1.0,1.0,1.0,0.0,1.0,correct_flip,abstract_game,2,QUARTZ,TIDAL,TIDAL,QUARTZ
qwen35_9b,local_operator,cf_0079,1.0,1.0,1.0,1.0,0.0,1.0,correct_flip,cyber_defense,2,QUARTZ,SUMMIT,SUMMIT,QUARTZ
qwen35_9b,local_operator,cf_0080,1.0,1.0,1.0,1.0,0.0,1.0,correct_flip,tool_agent,2,SUMMIT,LANTERN,LANTERN,SUMMIT
qwen35_9b,local_operator,cf_0081,0.0,1.0,0.0,0.0,1.0,1.0,branching_both,logistics,2,ZENITH,ZENITH,EMBER,ZENITH
qwen35_9b,local_operator,cf_0082,1.0,1.0,1.0,1.0,0.0,1.0,correct_flip,exploration,2,QUARTZ,ZENITH,ZENITH,QUARTZ
qwen35_9b,local_operator,cf_0083,1.0,1.0,1.0,1.0,0.0,1.0,correct_flip,resource_game,2,ORBIT,QUARTZ,QUARTZ,ORBIT
qwen35_9b,local_operator,cf_0084,1.0,1.0,1.0,1.0,0.0,1.0,correct_flip,abstract_game,3,RAVEN,QUARTZ,QUARTZ,RAVEN
qwen35_9b,local_operator,cf_0085,0.0,1.0,0.0,0.0,1.0,1.0,branching_both,cyber_defense,3,KITE,KITE,CIPHER,KITE
qwen35_9b,local_operator,cf_0086,1.0,1.0,1.0,1.0,0.0,1.0,correct_flip,tool_agent,3,SUMMIT,ORBIT,ORBIT,SUMMIT
qwen35_9b,local_operator,cf_0087,1.0,1.0,1.0,1.0,0.0,1.0,correct_flip,logistics,3,SUMMIT,WILLOW,WILLOW,SUMMIT
qwen35_9b,local_operator,cf_0088,1.0,1.0,1.0,1.0,0.0,1.0,correct_flip,exploration,3,TIDAL,CIPHER,CIPHER,TIDAL
qwen35_9b,local_operator,cf_0089,1.0,1.0,1.0,1.0,0.0,1.0,correct_flip,resource_game,3,KITE,TIDAL,TIDAL,KITE
qwen35_9b,local_operator,cf_0090,0.0,1.0,0.0,0.0,1.0,1.0,branching_both,abstract_game,1,KITE,KITE,ORBIT,KITE
qwen35_9b,local_operator,cf_0091,0.0,1.0,0.0,0.0,1.0,1.0,branching_both,cyber_defense,1,CIPHER,CIPHER,KITE,CIPHER
qwen35_9b,local_operator,cf_0092,1.0,1.0,1.0,1.0,0.0,1.0,correct_flip,tool_agent,1,KITE,SUMMIT,SUMMIT,KITE
qwen35_9b,local_operator,cf_0093,1.0,1.0,1.0,1.0,0.0,1.0,correct_flip,logistics,1,EMBER,CIPHER,CIPHER,EMBER
qwen35_9b,local_operator,cf_0094,0.0,1.0,0.0,0.0,1.0,1.0,branching_both,exploration,1,WILLOW,WILLOW,EMBER,WILLOW
qwen35_9b,local_operator,cf_0095,1.0,1.0,1.0,1.0,0.0,1.0,correct_flip,resource_game,1,RAVEN,KITE,KITE,RAVEN
qwen35_9b,local_operator,cf_0096,1.0,1.0,1.0,1.0,0.0,1.0,correct_flip,abstract_game,2,LANTERN,VELVET,VELVET,LANTERN
qwen35_9b,local_operator,cf_0097,1.0,1.0,1.0,1.0,0.0,1.0,correct_flip,cyber_defense,2,SUMMIT,QUARTZ,QUARTZ,SUMMIT
qwen35_9b,local_operator,cf_0098,1.0,1.0,1.0,1.0,0.0,1.0,correct_flip,tool_agent,2,QUARTZ,VELVET,VELVET,QUARTZ
qwen35_9b,local_operator,cf_0099,1.0,1.0,1.0,1.0,0.0,1.0,correct_flip,logistics,2,QUARTZ,EMBER,EMBER,QUARTZ
qwen35_9b,local_operator,cf_0100,1.0,1.0,1.0,1.0,0.0,1.0,correct_flip,exploration,2,LANTERN,RAVEN,RAVEN,LANTERN
qwen35_9b,local_operator,cf_0101,1.0,1.0,1.0,1.0,0.0,1.0,correct_flip,resource_game,2,RAVEN,VELVET,VELVET,RAVEN
qwen35_9b,local_operator,cf_0102,1.0,1.0,1.0,1.0,0.0,1.0,correct_flip,abstract_game,3,ZENITH,ORBIT,ORBIT,ZENITH
qwen35_9b,local_operator,cf_0103,1.0,1.0,1.0,1.0,0.0,1.0,correct_flip,cyber_defense,3,TIDAL,RAVEN,RAVEN,TIDAL
qwen35_9b,local_operator,cf_0104,1.0,1.0,1.0,1.0,0.0,1.0,correct_flip,tool_agent,3,KITE,SUMMIT,SUMMIT,KITE
qwen35_9b,local_operator,cf_0105,1.0,1.0,1.0,1.0,0.0,1.0,correct_flip,logistics,3,TIDAL,ORBIT,ORBIT,TIDAL
qwen35_9b,local_operator,cf_0106,1.0,1.0,1.0,1.0,0.0,1.0,correct_flip,exploration,3,RAVEN,VELVET,VELVET,RAVEN
qwen35_9b,local_operator,cf_0107,1.0,1.0,1.0,1.0,0.0,1.0,correct_flip,resource_game,3,EMBER,CIPHER,CIPHER,EMBER
qwen35_9b,local_operator,cf_0108,1.0,1.0,1.0,1.0,0.0,1.0,correct_flip,abstract_game,1,TIDAL,SUMMIT,SUMMIT,TIDAL
qwen35_9b,local_operator,cf_0109,0.0,1.0,0.0,0.0,1.0,1.0,branching_both,cyber_defense,1,CIPHER,CIPHER,WILLOW,CIPHER
qwen35_9b,local_operator,cf_0110,1.0,1.0,1.0,1.0,0.0,1.0,correct_flip,tool_agent,1,QUARTZ,WILLOW,WILLOW,QUARTZ
qwen35_9b,local_operator,cf_0111,1.0,1.0,1.0,1.0,0.0,1.0,correct_flip,logistics,1,VELVET,LANTERN,LANTERN,VELVET
qwen35_9b,local_operator,cf_0112,1.0,1.0,1.0,1.0,0.0,1.0,correct_flip,exploration,1,WILLOW,TIDAL,TIDAL,WILLOW
qwen35_9b,local_operator,cf_0113,0.0,1.0,0.0,0.0,1.0,1.0,branching_both,resource_game,1,KITE,KITE,QUARTZ,KITE
qwen35_9b,local_operator,cf_0114,1.0,1.0,1.0,1.0,0.0,1.0,correct_flip,abstract_game,2,RAVEN,KITE,KITE,RAVEN
qwen35_9b,local_operator,cf_0115,1.0,1.0,1.0,1.0,0.0,1.0,correct_flip,cyber_defense,2,ZENITH,ORBIT,ORBIT,ZENITH
qwen35_9b,local_operator,cf_0116,1.0,1.0,1.0,1.0,0.0,1.0,correct_flip,tool_agent,2,QUARTZ,LANTERN,LANTERN,QUARTZ
qwen35_9b,local_operator,cf_0117,1.0,1.0,1.0,1.0,0.0,1.0,correct_flip,logistics,2,VELVET,ORBIT,ORBIT,VELVET
qwen35_9b,local_operator,cf_0118,1.0,1.0,1.0,1.0,0.0,1.0,correct_flip,exploration,2,TIDAL,SUMMIT,SUMMIT,TIDAL
qwen35_9b,local_operator,cf_0119,1.0,1.0,1.0,1.0,0.0,1.0,correct_flip,resource_game,2,RAVEN,VELVET,VELVET,RAVEN
qwen35_9b,local_operator,cf_0120,1.0,1.0,1.0,1.0,0.0,1.0,correct_flip,abstract_game,3,ORBIT,WILLOW,WILLOW,ORBIT
qwen35_9b,local_operator,cf_0121,1.0,1.0,1.0,1.0,0.0,1.0,correct_flip,cyber_defense,3,VELVET,EMBER,EMBER,VELVET
qwen35_9b,local_operator,cf_0122,1.0,1.0,1.0,1.0,0.0,1.0,correct_flip,tool_agent,3,SUMMIT,EMBER,EMBER,SUMMIT
qwen35_9b,local_operator,cf_0123,1.0,1.0,1.0,1.0,0.0,1.0,correct_flip,logistics,3,WILLOW,ORBIT,ORBIT,WILLOW
qwen35_9b,local_operator,cf_0124,1.0,1.0,1.0,1.0,0.0,1.0,correct_flip,exploration,3,ZENITH,SUMMIT,SUMMIT,ZENITH
qwen35_9b,local_operator,cf_0125,1.0,1.0,1.0,1.0,0.0,1.0,correct_flip,resource_game,3,KITE,TIDAL,TIDAL,KITE
qwen35_9b,local_operator,cf_0126,1.0,1.0,1.0,1.0,0.0,1.0,correct_flip,abstract_game,1,KITE,CIPHER,CIPHER,KITE
qwen35_9b,local_operator,cf_0127,1.0,1.0,1.0,1.0,0.0,1.0,correct_flip,cyber_defense,1,QUARTZ,KITE,KITE,QUARTZ
qwen35_9b,local_operator,cf_0128,1.0,1.0,1.0,1.0,0.0,1.0,correct_flip,tool_agent,1,TIDAL,KITE,KITE,TIDAL
qwen35_9b,local_operator,cf_0129,1.0,1.0,1.0,1.0,0.0,1.0,correct_flip,logistics,1,CIPHER,WILLOW,WILLOW,CIPHER
qwen35_9b,local_operator,cf_0130,1.0,1.0,1.0,1.0,0.0,1.0,correct_flip,exploration,1,LANTERN,CIPHER,CIPHER,LANTERN
qwen35_9b,local_operator,cf_0131,1.0,1.0,1.0,1.0,0.0,1.0,correct_flip,resource_game,1,SUMMIT,ZENITH,ZENITH,SUMMIT
qwen35_9b,local_operator,cf_0132,1.0,1.0,1.0,1.0,0.0,1.0,correct_flip,abstract_game,2,ORBIT,LANTERN,LANTERN,ORBIT
qwen35_9b,local_operator,cf_0133,1.0,1.0,1.0,1.0,0.0,1.0,correct_flip,cyber_defense,2,SUMMIT,ORBIT,ORBIT,SUMMIT
qwen35_9b,local_operator,cf_0134,1.0,1.0,1.0,1.0,0.0,1.0,correct_flip,tool_agent,2,LANTERN,KITE,KITE,LANTERN
qwen35_9b,local_operator,cf_0135,1.0,1.0,1.0,1.0,0.0,1.0,correct_flip,logistics,2,LANTERN,KITE,KITE,LANTERN
qwen35_9b,local_operator,cf_0136,0.0,1.0,0.0,0.0,1.0,1.0,branching_both,exploration,2,CIPHER,CIPHER,KITE,CIPHER
qwen35_9b,local_operator,cf_0137,1.0,1.0,1.0,1.0,0.0,1.0,correct_flip,resource_game,2,CIPHER,RAVEN,RAVEN,CIPHER
qwen35_9b,local_operator,cf_0138,1.0,1.0,1.0,1.0,0.0,1.0,correct_flip,abstract_game,3,ZENITH,EMBER,EMBER,ZENITH
qwen35_9b,local_operator,cf_0139,0.0,1.0,0.0,0.0,1.0,1.0,branching_both,cyber_defense,3,VELVET,VELVET,RAVEN,VELVET
qwen35_9b,local_operator,cf_0140,1.0,1.0,1.0,1.0,0.0,1.0,correct_flip,tool_agent,3,ORBIT,TIDAL,TIDAL,ORBIT
qwen35_9b,local_operator,cf_0141,1.0,1.0,1.0,1.0,0.0,1.0,correct_flip,logistics,3,RAVEN,ORBIT,ORBIT,RAVEN
qwen35_9b,local_operator,cf_0142,1.0,1.0,1.0,1.0,0.0,1.0,correct_flip,exploration,3,CIPHER,ZENITH,ZENITH,CIPHER
qwen35_9b,local_operator,cf_0143,0.0,1.0,0.0,0.0,1.0,1.0,branching_both,resource_game,3,WILLOW,WILLOW,VELVET,WILLOW
qwen35_9b,local_operator,cf_0144,1.0,1.0,1.0,1.0,0.0,1.0,correct_flip,abstract_game,1,WILLOW,ZENITH,ZENITH,WILLOW
qwen35_9b,local_operator,cf_0145,1.0,1.0,1.0,1.0,0.0,1.0,correct_flip,cyber_defense,1,RAVEN,ORBIT,ORBIT,RAVEN
qwen35_9b,local_operator,cf_0146,0.0,1.0,0.0,0.0,1.0,1.0,branching_both,tool_agent,1,LANTERN,LANTERN,EMBER,LANTERN
qwen35_9b,local_operator,cf_0147,1.0,1.0,1.0,1.0,0.0,1.0,correct_flip,logistics,1,RAVEN,LANTERN,LANTERN,RAVEN
qwen35_9b,local_operator,cf_0148,1.0,1.0,1.0,1.0,0.0,1.0,correct_flip,exploration,1,ZENITH,TIDAL,TIDAL,ZENITH
qwen35_9b,local_operator,cf_0149,0.0,1.0,0.0,0.0,1.0,1.0,branching_both,resource_game,1,LANTERN,LANTERN,ZENITH,LANTERN
qwen35_9b,local_operator,cf_0150,1.0,1.0,1.0,1.0,0.0,1.0,correct_flip,abstract_game,2,LANTERN,VELVET,VELVET,LANTERN
qwen35_9b,local_operator,cf_0151,0.0,1.0,0.0,0.0,1.0,1.0,branching_both,cyber_defense,2,CIPHER,CIPHER,VELVET,CIPHER
qwen35_9b,local_operator,cf_0152,1.0,1.0,1.0,1.0,0.0,1.0,correct_flip,tool_agent,2,ZENITH,VELVET,VELVET,ZENITH
qwen35_9b,local_operator,cf_0153,1.0,1.0,1.0,1.0,0.0,1.0,correct_flip,logistics,2,ORBIT,CIPHER,CIPHER,ORBIT
qwen35_9b,local_operator,cf_0154,0.0,1.0,0.0,0.0,1.0,1.0,branching_both,exploration,2,LANTERN,LANTERN,VELVET,LANTERN
qwen35_9b,local_operator,cf_0155,0.0,1.0,0.0,0.0,1.0,1.0,branching_both,resource_game,2,RAVEN,RAVEN,QUARTZ,RAVEN
qwen35_9b,local_operator,cf_0156,1.0,1.0,1.0,1.0,0.0,1.0,correct_flip,abstract_game,3,ZENITH,QUARTZ,QUARTZ,ZENITH
qwen35_9b,local_operator,cf_0157,1.0,1.0,1.0,1.0,0.0,1.0,correct_flip,cyber_defense,3,SUMMIT,EMBER,EMBER,SUMMIT
qwen35_9b,local_operator,cf_0158,1.0,1.0,1.0,1.0,0.0,1.0,correct_flip,tool_agent,3,KITE,TIDAL,TIDAL,KITE
qwen35_9b,local_operator,cf_0159,1.0,1.0,1.0,1.0,0.0,1.0,correct_flip,logistics,3,VELVET,WILLOW,WILLOW,VELVET
qwen35_9b,local_operator,cf_0160,1.0,1.0,1.0,1.0,0.0,1.0,correct_flip,exploration,3,LANTERN,ORBIT,ORBIT,LANTERN
qwen35_9b,local_operator,cf_0161,1.0,1.0,1.0,1.0,0.0,1.0,correct_flip,resource_game,3,WILLOW,RAVEN,RAVEN,WILLOW
qwen35_9b,local_operator,cf_0162,1.0,1.0,1.0,1.0,0.0,1.0,correct_flip,abstract_game,1,TIDAL,LANTERN,LANTERN,TIDAL
qwen35_9b,local_operator,cf_0163,0.0,1.0,0.0,0.0,1.0,1.0,branching_both,cyber_defense,1,QUARTZ,QUARTZ,TIDAL,QUARTZ
qwen35_9b,local_operator,cf_0164,1.0,1.0,1.0,1.0,0.0,1.0,correct_flip,tool_agent,1,WILLOW,RAVEN,RAVEN,WILLOW
qwen35_9b,local_operator,cf_0165,1.0,1.0,1.0,1.0,0.0,1.0,correct_flip,logistics,1,EMBER,LANTERN,LANTERN,EMBER
qwen35_9b,local_operator,cf_0166,0.0,1.0,0.0,0.0,1.0,1.0,branching_both,exploration,1,WILLOW,WILLOW,ORBIT,WILLOW
qwen35_9b,local_operator,cf_0167,1.0,1.0,1.0,1.0,0.0,1.0,correct_flip,resource_game,1,CIPHER,RAVEN,RAVEN,CIPHER
qwen35_9b,local_operator,cf_0168,1.0,1.0,1.0,1.0,0.0,1.0,correct_flip,abstract_game,2,ORBIT,KITE,KITE,ORBIT
qwen35_9b,local_operator,cf_0169,1.0,1.0,1.0,1.0,0.0,1.0,correct_flip,cyber_defense,2,LANTERN,EMBER,EMBER,LANTERN
qwen35_9b,local_operator,cf_0170,1.0,1.0,1.0,1.0,0.0,1.0,correct_flip,tool_agent,2,RAVEN,ZENITH,ZENITH,RAVEN
qwen35_9b,local_operator,cf_0171,1.0,1.0,1.0,1.0,0.0,1.0,correct_flip,logistics,2,ZENITH,TIDAL,TIDAL,ZENITH
qwen35_9b,local_operator,cf_0172,1.0,1.0,1.0,1.0,0.0,1.0,correct_flip,exploration,2,QUARTZ,KITE,KITE,QUARTZ
qwen35_9b,local_operator,cf_0173,0.0,1.0,0.0,0.0,1.0,1.0,branching_both,resource_game,2,KITE,KITE,EMBER,KITE
qwen35_9b,local_operator,cf_0174,1.0,1.0,1.0,1.0,0.0,1.0,correct_flip,abstract_game,3,WILLOW,ORBIT,ORBIT,WILLOW
qwen35_9b,local_operator,cf_0175,1.0,1.0,1.0,1.0,0.0,1.0,correct_flip,cyber_defense,3,EMBER,ZENITH,ZENITH,EMBER
qwen35_9b,local_operator,cf_0176,1.0,1.0,1.0,1.0,0.0,1.0,correct_flip,tool_agent,3,EMBER,CIPHER,CIPHER,EMBER
qwen35_9b,local_operator,cf_0177,1.0,1.0,1.0,1.0,0.0,1.0,correct_flip,logistics,3,RAVEN,KITE,KITE,RAVEN
qwen35_9b,local_operator,cf_0178,1.0,1.0,1.0,1.0,0.0,1.0,correct_flip,exploration,3,LANTERN,QUARTZ,QUARTZ,LANTERN
qwen35_9b,local_operator,cf_0179,1.0,1.0,1.0,1.0,0.0,1.0,correct_flip,resource_game,3,RAVEN,SUMMIT,SUMMIT,RAVEN
qwen35_9b,positive_operator,cf_0000,1.0,1.0,1.0,1.0,0.0,1.0,correct_flip,abstract_game,1,VELVET,TIDAL,TIDAL,VELVET
qwen35_9b,positive_operator,cf_0001,0.0,1.0,0.0,0.0,1.0,1.0,branching_both,cyber_defense,1,KITE,KITE,SUMMIT,KITE
qwen35_9b,positive_operator,cf_0002,1.0,1.0,1.0,1.0,0.0,1.0,correct_flip,tool_agent,1,SUMMIT,WILLOW,WILLOW,SUMMIT
qwen35_9b,positive_operator,cf_0003,1.0,1.0,1.0,1.0,0.0,1.0,correct_flip,logistics,1,EMBER,VELVET,VELVET,EMBER
qwen35_9b,positive_operator,cf_0004,1.0,1.0,1.0,1.0,0.0,1.0,correct_flip,exploration,1,VELVET,RAVEN,RAVEN,VELVET
qwen35_9b,positive_operator,cf_0005,0.0,1.0,0.0,0.0,1.0,1.0,branching_both,resource_game,1,ORBIT,ORBIT,CIPHER,ORBIT
qwen35_9b,positive_operator,cf_0006,1.0,1.0,1.0,1.0,0.0,1.0,correct_flip,abstract_game,2,LANTERN,ZENITH,ZENITH,LANTERN
qwen35_9b,positive_operator,cf_0007,1.0,1.0,1.0,1.0,0.0,1.0,correct_flip,cyber_defense,2,SUMMIT,EMBER,EMBER,SUMMIT
qwen35_9b,positive_operator,cf_0008,1.0,1.0,1.0,1.0,0.0,1.0,correct_flip,tool_agent,2,WILLOW,KITE,KITE,WILLOW
qwen35_9b,positive_operator,cf_0009,1.0,1.0,1.0,1.0,0.0,1.0,correct_flip,logistics,2,TIDAL,ORBIT,ORBIT,TIDAL
qwen35_9b,positive_operator,cf_0010,0.0,1.0,0.0,0.0,1.0,1.0,branching_both,exploration,2,WILLOW,WILLOW,CIPHER,WILLOW
qwen35_9b,positive_operator,cf_0011,0.0,1.0,0.0,0.0,1.0,1.0,branching_both,resource_game,2,ORBIT,ORBIT,QUARTZ,ORBIT
qwen35_9b,positive_operator,cf_0012,1.0,1.0,1.0,1.0,0.0,1.0,correct_flip,abstract_game,3,VELVET,ORBIT,ORBIT,VELVET
qwen35_9b,positive_operator,cf_0013,1.0,1.0,1.0,1.0,0.0,1.0,correct_flip,cyber_defense,3,VELVET,QUARTZ,QUARTZ,VELVET
qwen35_9b,positive_operator,cf_0014,1.0,1.0,1.0,1.0,0.0,1.0,correct_flip,tool_agent,3,ZENITH,EMBER,EMBER,ZENITH
qwen35_9b,positive_operator,cf_0015,1.0,1.0,1.0,1.0,0.0,1.0,correct_flip,logistics,3,WILLOW,LANTERN,LANTERN,WILLOW
qwen35_9b,positive_operator,cf_0016,1.0,1.0,1.0,1.0,0.0,1.0,correct_flip,exploration,3,VELVET,ZENITH,ZENITH,VELVET
qwen35_9b,positive_operator,cf_0017,1.0,1.0,1.0,1.0,0.0,1.0,correct_flip,resource_game,3,QUARTZ,ZENITH,ZENITH,QUARTZ
qwen35_9b,positive_operator,cf_0018,1.0,1.0,1.0,1.0,0.0,1.0,correct_flip,abstract_game,1,VELVET,RAVEN,RAVEN,VELVET
qwen35_9b,positive_operator,cf_0019,1.0,1.0,1.0,1.0,0.0,1.0,correct_flip,cyber_defense,1,TIDAL,SUMMIT,SUMMIT,TIDAL
qwen35_9b,positive_operator,cf_0020,1.0,1.0,1.0,1.0,0.0,1.0,correct_flip,tool_agent,1,QUARTZ,ZENITH,ZENITH,QUARTZ
qwen35_9b,positive_operator,cf_0021,1.0,1.0,1.0,1.0,0.0,1.0,correct_flip,logistics,1,ORBIT,ZENITH,ZENITH,ORBIT
qwen35_9b,positive_operator,cf_0022,1.0,1.0,1.0,1.0,0.0,1.0,correct_flip,exploration,1,ZENITH,RAVEN,RAVEN,ZENITH
qwen35_9b,positive_operator,cf_0023,1.0,1.0,1.0,1.0,0.0,1.0,correct_flip,resource_game,1,SUMMIT,KITE,KITE,SUMMIT
qwen35_9b,positive_operator,cf_0024,1.0,1.0,1.0,1.0,0.0,1.0,correct_flip,abstract_game,2,WILLOW,QUARTZ,QUARTZ,WILLOW
qwen35_9b,positive_operator,cf_0025,0.0,1.0,0.0,0.0,1.0,1.0,branching_both,cyber_defense,2,VELVET,VELVET,ORBIT,VELVET
qwen35_9b,positive_operator,cf_0026,1.0,1.0,1.0,1.0,0.0,1.0,correct_flip,tool_agent,2,LANTERN,ORBIT,ORBIT,LANTERN
qwen35_9b,positive_operator,cf_0027,1.0,1.0,1.0,1.0,0.0,1.0,correct_flip,logistics,2,CIPHER,EMBER,EMBER,CIPHER
qwen35_9b,positive_operator,cf_0028,1.0,1.0,1.0,1.0,0.0,1.0,correct_flip,exploration,2,EMBER,ORBIT,ORBIT,EMBER
qwen35_9b,positive_operator,cf_0029,1.0,1.0,1.0,1.0,0.0,1.0,correct_flip,resource_game,2,EMBER,VELVET,VELVET,EMBER
qwen35_9b,positive_operator,cf_0030,1.0,1.0,1.0,1.0,0.0,1.0,correct_flip,abstract_game,3,ZENITH,TIDAL,TIDAL,ZENITH
qwen35_9b,positive_operator,cf_0031,1.0,1.0,1.0,1.0,0.0,1.0,correct_flip,cyber_defense,3,WILLOW,LANTERN,LANTERN,WILLOW
qwen35_9b,positive_operator,cf_0032,1.0,1.0,1.0,1.0,0.0,1.0,correct_flip,tool_agent,3,ORBIT,QUARTZ,QUARTZ,ORBIT
qwen35_9b,positive_operator,cf_0033,1.0,1.0,1.0,1.0,0.0,1.0,correct_flip,logistics,3,EMBER,KITE,KITE,EMBER
qwen35_9b,positive_operator,cf_0034,0.0,0.0,1.0,0.0,1.0,1.0,safe_both,exploration,3,KITE,KITE,KITE,VELVET
qwen35_9b,positive_operator,cf_0035,1.0,1.0,1.0,1.0,0.0,1.0,correct_flip,resource_game,3,WILLOW,TIDAL,TIDAL,WILLOW
qwen35_9b,positive_operator,cf_0036,1.0,1.0,1.0,1.0,0.0,1.0,correct_flip,abstract_game,1,CIPHER,LANTERN,LANTERN,CIPHER
qwen35_9b,positive_operator,cf_0037,1.0,1.0,1.0,1.0,0.0,1.0,correct_flip,cyber_defense,1,CIPHER,RAVEN,RAVEN,CIPHER
qwen35_9b,positive_operator,cf_0038,1.0,1.0,1.0,1.0,0.0,1.0,correct_flip,tool_agent,1,CIPHER,ZENITH,ZENITH,CIPHER
qwen35_9b,positive_operator,cf_0039,1.0,1.0,1.0,1.0,0.0,1.0,correct_flip,logistics,1,LANTERN,VELVET,VELVET,LANTERN
qwen35_9b,positive_operator,cf_0040,0.0,1.0,0.0,0.0,1.0,1.0,branching_both,exploration,1,VELVET,VELVET,TIDAL,VELVET
qwen35_9b,positive_operator,cf_0041,1.0,1.0,1.0,1.0,0.0,1.0,correct_flip,resource_game,1,ZENITH,LANTERN,LANTERN,ZENITH
qwen35_9b,positive_operator,cf_0042,1.0,1.0,1.0,1.0,0.0,1.0,correct_flip,abstract_game,2,WILLOW,RAVEN,RAVEN,WILLOW
qwen35_9b,positive_operator,cf_0043,0.0,1.0,0.0,0.0,1.0,1.0,branching_both,cyber_defense,2,ORBIT,ORBIT,TIDAL,ORBIT
qwen35_9b,positive_operator,cf_0044,1.0,1.0,1.0,1.0,0.0,1.0,correct_flip,tool_agent,2,WILLOW,KITE,KITE,WILLOW
qwen35_9b,positive_operator,cf_0045,0.0,1.0,0.0,0.0,1.0,1.0,branching_both,logistics,2,CIPHER,CIPHER,WILLOW,CIPHER
qwen35_9b,positive_operator,cf_0046,1.0,1.0,1.0,1.0,0.0,1.0,correct_flip,exploration,2,QUARTZ,ORBIT,ORBIT,QUARTZ
qwen35_9b,positive_operator,cf_0047,1.0,1.0,1.0,1.0,0.0,1.0,correct_flip,resource_game,2,KITE,RAVEN,RAVEN,KITE
qwen35_9b,positive_operator,cf_0048,1.0,1.0,1.0,1.0,0.0,1.0,correct_flip,abstract_game,3,LANTERN,CIPHER,CIPHER,LANTERN
qwen35_9b,positive_operator,cf_0049,1.0,1.0,1.0,1.0,0.0,1.0,correct_flip,cyber_defense,3,RAVEN,VELVET,VELVET,RAVEN
qwen35_9b,positive_operator,cf_0050,1.0,1.0,1.0,1.0,0.0,1.0,correct_flip,tool_agent,3,KITE,LANTERN,LANTERN,KITE
qwen35_9b,positive_operator,cf_0051,1.0,1.0,1.0,1.0,0.0,1.0,correct_flip,logistics,3,RAVEN,CIPHER,CIPHER,RAVEN
qwen35_9b,positive_operator,cf_0052,1.0,1.0,1.0,1.0,0.0,1.0,correct_flip,exploration,3,CIPHER,RAVEN,RAVEN,CIPHER
qwen35_9b,positive_operator,cf_0053,1.0,1.0,1.0,1.0,0.0,1.0,correct_flip,resource_game,3,ZENITH,TIDAL,TIDAL,ZENITH
qwen35_9b,positive_operator,cf_0054,1.0,1.0,1.0,1.0,0.0,1.0,correct_flip,abstract_game,1,ORBIT,KITE,KITE,ORBIT
qwen35_9b,positive_operator,cf_0055,1.0,1.0,1.0,1.0,0.0,1.0,correct_flip,cyber_defense,1,RAVEN,ZENITH,ZENITH,RAVEN
qwen35_9b,positive_operator,cf_0056,1.0,1.0,1.0,1.0,0.0,1.0,correct_flip,tool_agent,1,SUMMIT,RAVEN,RAVEN,SUMMIT
qwen35_9b,positive_operator,cf_0057,1.0,1.0,1.0,1.0,0.0,1.0,correct_flip,logistics,1,ORBIT,WILLOW,WILLOW,ORBIT
qwen35_9b,positive_operator,cf_0058,1.0,1.0,1.0,1.0,0.0,1.0,correct_flip,exploration,1,VELVET,CIPHER,CIPHER,VELVET
qwen35_9b,positive_operator,cf_0059,1.0,1.0,1.0,1.0,0.0,1.0,correct_flip,resource_game,1,EMBER,RAVEN,RAVEN,EMBER
qwen35_9b,positive_operator,cf_0060,1.0,1.0,1.0,1.0,0.0,1.0,correct_flip,abstract_game,2,ORBIT,RAVEN,RAVEN,ORBIT
qwen35_9b,positive_operator,cf_0061,1.0,1.0,1.0,1.0,0.0,1.0,correct_flip,cyber_defense,2,EMBER,CIPHER,CIPHER,EMBER
qwen35_9b,positive_operator,cf_0062,1.0,1.0,1.0,1.0,0.0,1.0,correct_flip,tool_agent,2,EMBER,VELVET,VELVET,EMBER
qwen35_9b,positive_operator,cf_0063,1.0,1.0,1.0,1.0,0.0,1.0,correct_flip,logistics,2,RAVEN,QUARTZ,QUARTZ,RAVEN
qwen35_9b,positive_operator,cf_0064,1.0,1.0,1.0,1.0,0.0,1.0,correct_flip,exploration,2,ORBIT,QUARTZ,QUARTZ,ORBIT
qwen35_9b,positive_operator,cf_0065,1.0,1.0,1.0,1.0,0.0,1.0,correct_flip,resource_game,2,TIDAL,SUMMIT,SUMMIT,TIDAL
qwen35_9b,positive_operator,cf_0066,1.0,1.0,1.0,1.0,0.0,1.0,correct_flip,abstract_game,3,TIDAL,VELVET,VELVET,TIDAL
qwen35_9b,positive_operator,cf_0067,1.0,1.0,1.0,1.0,0.0,1.0,correct_flip,cyber_defense,3,QUARTZ,ORBIT,ORBIT,QUARTZ
qwen35_9b,positive_operator,cf_0068,1.0,1.0,1.0,1.0,0.0,1.0,correct_flip,tool_agent,3,KITE,RAVEN,RAVEN,KITE
qwen35_9b,positive_operator,cf_0069,1.0,1.0,1.0,1.0,0.0,1.0,correct_flip,logistics,3,QUARTZ,CIPHER,CIPHER,QUARTZ
qwen35_9b,positive_operator,cf_0070,1.0,1.0,1.0,1.0,0.0,1.0,correct_flip,exploration,3,QUARTZ,RAVEN,RAVEN,QUARTZ
qwen35_9b,positive_operator,cf_0071,1.0,1.0,1.0,1.0,0.0,1.0,correct_flip,resource_game,3,VELVET,CIPHER,CIPHER,VELVET
qwen35_9b,positive_operator,cf_0072,0.0,1.0,0.0,0.0,1.0,1.0,branching_both,abstract_game,1,EMBER,EMBER,WILLOW,EMBER
qwen35_9b,positive_operator,cf_0073,0.0,1.0,0.0,0.0,1.0,1.0,branching_both,cyber_defense,1,SUMMIT,SUMMIT,LANTERN,SUMMIT
qwen35_9b,positive_operator,cf_0074,1.0,1.0,1.0,1.0,0.0,1.0,correct_flip,tool_agent,1,EMBER,WILLOW,WILLOW,EMBER
qwen35_9b,positive_operator,cf_0075,1.0,1.0,1.0,1.0,0.0,1.0,correct_flip,logistics,1,ORBIT,WILLOW,WILLOW,ORBIT
qwen35_9b,positive_operator,cf_0076,0.0,1.0,0.0,0.0,1.0,1.0,branching_both,exploration,1,CIPHER,CIPHER,LANTERN,CIPHER
qwen35_9b,positive_operator,cf_0077,1.0,1.0,1.0,1.0,0.0,1.0,correct_flip,resource_game,1,EMBER,LANTERN,LANTERN,EMBER
qwen35_9b,positive_operator,cf_0078,1.0,1.0,1.0,1.0,0.0,1.0,correct_flip,abstract_game,2,QUARTZ,TIDAL,TIDAL,QUARTZ
qwen35_9b,positive_operator,cf_0079,1.0,1.0,1.0,1.0,0.0,1.0,correct_flip,cyber_defense,2,QUARTZ,SUMMIT,SUMMIT,QUARTZ
qwen35_9b,positive_operator,cf_0080,1.0,1.0,1.0,1.0,0.0,1.0,correct_flip,tool_agent,2,SUMMIT,LANTERN,LANTERN,SUMMIT
qwen35_9b,positive_operator,cf_0081,0.0,1.0,0.0,0.0,1.0,1.0,branching_both,logistics,2,ZENITH,ZENITH,EMBER,ZENITH
qwen35_9b,positive_operator,cf_0082,1.0,1.0,1.0,1.0,0.0,1.0,correct_flip,exploration,2,QUARTZ,ZENITH,ZENITH,QUARTZ
qwen35_9b,positive_operator,cf_0083,1.0,1.0,1.0,1.0,0.0,1.0,correct_flip,resource_game,2,ORBIT,QUARTZ,QUARTZ,ORBIT
qwen35_9b,positive_operator,cf_0084,1.0,1.0,1.0,1.0,0.0,1.0,correct_flip,abstract_game,3,RAVEN,QUARTZ,QUARTZ,RAVEN
qwen35_9b,positive_operator,cf_0085,0.0,1.0,0.0,0.0,1.0,1.0,branching_both,cyber_defense,3,KITE,KITE,CIPHER,KITE
qwen35_9b,positive_operator,cf_0086,1.0,1.0,1.0,1.0,0.0,1.0,correct_flip,tool_agent,3,SUMMIT,ORBIT,ORBIT,SUMMIT
qwen35_9b,positive_operator,cf_0087,1.0,1.0,1.0,1.0,0.0,1.0,correct_flip,logistics,3,SUMMIT,WILLOW,WILLOW,SUMMIT
qwen35_9b,positive_operator,cf_0088,1.0,1.0,1.0,1.0,0.0,1.0,correct_flip,exploration,3,TIDAL,CIPHER,CIPHER,TIDAL
qwen35_9b,positive_operator,cf_0089,1.0,1.0,1.0,1.0,0.0,1.0,correct_flip,resource_game,3,KITE,TIDAL,TIDAL,KITE
qwen35_9b,positive_operator,cf_0090,0.0,1.0,0.0,0.0,1.0,1.0,branching_both,abstract_game,1,KITE,KITE,ORBIT,KITE
qwen35_9b,positive_operator,cf_0091,0.0,1.0,0.0,0.0,1.0,1.0,branching_both,cyber_defense,1,CIPHER,CIPHER,KITE,CIPHER
qwen35_9b,positive_operator,cf_0092,1.0,1.0,1.0,1.0,0.0,1.0,correct_flip,tool_agent,1,KITE,SUMMIT,SUMMIT,KITE
qwen35_9b,positive_operator,cf_0093,1.0,1.0,1.0,1.0,0.0,1.0,correct_flip,logistics,1,EMBER,CIPHER,CIPHER,EMBER
qwen35_9b,positive_operator,cf_0094,0.0,1.0,0.0,0.0,1.0,1.0,branching_both,exploration,1,WILLOW,WILLOW,EMBER,WILLOW
qwen35_9b,positive_operator,cf_0095,1.0,1.0,1.0,1.0,0.0,1.0,correct_flip,resource_game,1,RAVEN,KITE,KITE,RAVEN
qwen35_9b,positive_operator,cf_0096,1.0,1.0,1.0,1.0,0.0,1.0,correct_flip,abstract_game,2,LANTERN,VELVET,VELVET,LANTERN
qwen35_9b,positive_operator,cf_0097,1.0,1.0,1.0,1.0,0.0,1.0,correct_flip,cyber_defense,2,SUMMIT,QUARTZ,QUARTZ,SUMMIT
qwen35_9b,positive_operator,cf_0098,1.0,1.0,1.0,1.0,0.0,1.0,correct_flip,tool_agent,2,QUARTZ,VELVET,VELVET,QUARTZ
qwen35_9b,positive_operator,cf_0099,1.0,1.0,1.0,1.0,0.0,1.0,correct_flip,logistics,2,QUARTZ,EMBER,EMBER,QUARTZ
qwen35_9b,positive_operator,cf_0100,1.0,1.0,1.0,1.0,0.0,1.0,correct_flip,exploration,2,LANTERN,RAVEN,RAVEN,LANTERN
qwen35_9b,positive_operator,cf_0101,1.0,1.0,1.0,1.0,0.0,1.0,correct_flip,resource_game,2,RAVEN,VELVET,VELVET,RAVEN
qwen35_9b,positive_operator,cf_0102,1.0,1.0,1.0,1.0,0.0,1.0,correct_flip,abstract_game,3,ZENITH,ORBIT,ORBIT,ZENITH
qwen35_9b,positive_operator,cf_0103,1.0,1.0,1.0,1.0,0.0,1.0,correct_flip,cyber_defense,3,TIDAL,RAVEN,RAVEN,TIDAL
qwen35_9b,positive_operator,cf_0104,1.0,1.0,1.0,1.0,0.0,1.0,correct_flip,tool_agent,3,KITE,SUMMIT,SUMMIT,KITE
qwen35_9b,positive_operator,cf_0105,1.0,1.0,1.0,1.0,0.0,1.0,correct_flip,logistics,3,TIDAL,ORBIT,ORBIT,TIDAL
qwen35_9b,positive_operator,cf_0106,1.0,1.0,1.0,1.0,0.0,1.0,correct_flip,exploration,3,RAVEN,VELVET,VELVET,RAVEN
qwen35_9b,positive_operator,cf_0107,1.0,1.0,1.0,1.0,0.0,1.0,correct_flip,resource_game,3,EMBER,CIPHER,CIPHER,EMBER
qwen35_9b,positive_operator,cf_0108,1.0,1.0,1.0,1.0,0.0,1.0,correct_flip,abstract_game,1,TIDAL,SUMMIT,SUMMIT,TIDAL
qwen35_9b,positive_operator,cf_0109,0.0,1.0,0.0,0.0,1.0,1.0,branching_both,cyber_defense,1,CIPHER,CIPHER,WILLOW,CIPHER
qwen35_9b,positive_operator,cf_0110,1.0,1.0,1.0,1.0,0.0,1.0,correct_flip,tool_agent,1,QUARTZ,WILLOW,WILLOW,QUARTZ
qwen35_9b,positive_operator,cf_0111,1.0,1.0,1.0,1.0,0.0,1.0,correct_flip,logistics,1,VELVET,LANTERN,LANTERN,VELVET
qwen35_9b,positive_operator,cf_0112,1.0,1.0,1.0,1.0,0.0,1.0,correct_flip,exploration,1,WILLOW,TIDAL,TIDAL,WILLOW
qwen35_9b,positive_operator,cf_0113,0.0,1.0,0.0,0.0,1.0,1.0,branching_both,resource_game,1,KITE,KITE,QUARTZ,KITE
qwen35_9b,positive_operator,cf_0114,0.0,1.0,0.0,0.0,1.0,1.0,branching_both,abstract_game,2,RAVEN,RAVEN,KITE,RAVEN
qwen35_9b,positive_operator,cf_0115,1.0,1.0,1.0,1.0,0.0,1.0,correct_flip,cyber_defense,2,ZENITH,ORBIT,ORBIT,ZENITH
qwen35_9b,positive_operator,cf_0116,1.0,1.0,1.0,1.0,0.0,1.0,correct_flip,tool_agent,2,QUARTZ,LANTERN,LANTERN,QUARTZ
qwen35_9b,positive_operator,cf_0117,1.0,1.0,1.0,1.0,0.0,1.0,correct_flip,logistics,2,VELVET,ORBIT,ORBIT,VELVET
qwen35_9b,positive_operator,cf_0118,1.0,1.0,1.0,1.0,0.0,1.0,correct_flip,exploration,2,TIDAL,SUMMIT,SUMMIT,TIDAL
qwen35_9b,positive_operator,cf_0119,1.0,1.0,1.0,1.0,0.0,1.0,correct_flip,resource_game,2,RAVEN,VELVET,VELVET,RAVEN
qwen35_9b,positive_operator,cf_0120,1.0,1.0,1.0,1.0,0.0,1.0,correct_flip,abstract_game,3,ORBIT,WILLOW,WILLOW,ORBIT
qwen35_9b,positive_operator,cf_0121,1.0,1.0,1.0,1.0,0.0,1.0,correct_flip,cyber_defense,3,VELVET,EMBER,EMBER,VELVET
qwen35_9b,positive_operator,cf_0122,1.0,1.0,1.0,1.0,0.0,1.0,correct_flip,tool_agent,3,SUMMIT,EMBER,EMBER,SUMMIT
qwen35_9b,positive_operator,cf_0123,1.0,1.0,1.0,1.0,0.0,1.0,correct_flip,logistics,3,WILLOW,ORBIT,ORBIT,WILLOW
qwen35_9b,positive_operator,cf_0124,1.0,1.0,1.0,1.0,0.0,1.0,correct_flip,exploration,3,ZENITH,SUMMIT,SUMMIT,ZENITH
qwen35_9b,positive_operator,cf_0125,1.0,1.0,1.0,1.0,0.0,1.0,correct_flip,resource_game,3,KITE,TIDAL,TIDAL,KITE
qwen35_9b,positive_operator,cf_0126,1.0,1.0,1.0,1.0,0.0,1.0,correct_flip,abstract_game,1,KITE,CIPHER,CIPHER,KITE
qwen35_9b,positive_operator,cf_0127,1.0,1.0,1.0,1.0,0.0,1.0,correct_flip,cyber_defense,1,QUARTZ,KITE,KITE,QUARTZ
qwen35_9b,positive_operator,cf_0128,1.0,1.0,1.0,1.0,0.0,1.0,correct_flip,tool_agent,1,TIDAL,KITE,KITE,TIDAL
qwen35_9b,positive_operator,cf_0129,1.0,1.0,1.0,1.0,0.0,1.0,correct_flip,logistics,1,CIPHER,WILLOW,WILLOW,CIPHER
qwen35_9b,positive_operator,cf_0130,1.0,1.0,1.0,1.0,0.0,1.0,correct_flip,exploration,1,LANTERN,CIPHER,CIPHER,LANTERN
qwen35_9b,positive_operator,cf_0131,1.0,1.0,1.0,1.0,0.0,1.0,correct_flip,resource_game,1,SUMMIT,ZENITH,ZENITH,SUMMIT
qwen35_9b,positive_operator,cf_0132,1.0,1.0,1.0,1.0,0.0,1.0,correct_flip,abstract_game,2,ORBIT,LANTERN,LANTERN,ORBIT
qwen35_9b,positive_operator,cf_0133,1.0,1.0,1.0,1.0,0.0,1.0,correct_flip,cyber_defense,2,SUMMIT,ORBIT,ORBIT,SUMMIT
qwen35_9b,positive_operator,cf_0134,1.0,1.0,1.0,1.0,0.0,1.0,correct_flip,tool_agent,2,LANTERN,KITE,KITE,LANTERN
qwen35_9b,positive_operator,cf_0135,1.0,1.0,1.0,1.0,0.0,1.0,correct_flip,logistics,2,LANTERN,KITE,KITE,LANTERN
qwen35_9b,positive_operator,cf_0136,1.0,1.0,1.0,1.0,0.0,1.0,correct_flip,exploration,2,CIPHER,KITE,KITE,CIPHER
qwen35_9b,positive_operator,cf_0137,1.0,1.0,1.0,1.0,0.0,1.0,correct_flip,resource_game,2,CIPHER,RAVEN,RAVEN,CIPHER
qwen35_9b,positive_operator,cf_0138,1.0,1.0,1.0,1.0,0.0,1.0,correct_flip,abstract_game,3,ZENITH,EMBER,EMBER,ZENITH
qwen35_9b,positive_operator,cf_0139,0.0,1.0,0.0,0.0,1.0,1.0,branching_both,cyber_defense,3,VELVET,VELVET,RAVEN,VELVET
qwen35_9b,positive_operator,cf_0140,1.0,1.0,1.0,1.0,0.0,1.0,correct_flip,tool_agent,3,ORBIT,TIDAL,TIDAL,ORBIT
qwen35_9b,positive_operator,cf_0141,1.0,1.0,1.0,1.0,0.0,1.0,correct_flip,logistics,3,RAVEN,ORBIT,ORBIT,RAVEN
qwen35_9b,positive_operator,cf_0142,1.0,1.0,1.0,1.0,0.0,1.0,correct_flip,exploration,3,CIPHER,ZENITH,ZENITH,CIPHER
qwen35_9b,positive_operator,cf_0143,1.0,1.0,1.0,1.0,0.0,1.0,correct_flip,resource_game,3,WILLOW,VELVET,VELVET,WILLOW
qwen35_9b,positive_operator,cf_0144,1.0,1.0,1.0,1.0,0.0,1.0,correct_flip,abstract_game,1,WILLOW,ZENITH,ZENITH,WILLOW
qwen35_9b,positive_operator,cf_0145,1.0,1.0,1.0,1.0,0.0,1.0,correct_flip,cyber_defense,1,RAVEN,ORBIT,ORBIT,RAVEN
qwen35_9b,positive_operator,cf_0146,0.0,1.0,0.0,0.0,1.0,1.0,branching_both,tool_agent,1,LANTERN,LANTERN,EMBER,LANTERN
qwen35_9b,positive_operator,cf_0147,1.0,1.0,1.0,1.0,0.0,1.0,correct_flip,logistics,1,RAVEN,LANTERN,LANTERN,RAVEN
qwen35_9b,positive_operator,cf_0148,1.0,1.0,1.0,1.0,0.0,1.0,correct_flip,exploration,1,ZENITH,TIDAL,TIDAL,ZENITH
qwen35_9b,positive_operator,cf_0149,0.0,1.0,0.0,0.0,1.0,1.0,branching_both,resource_game,1,LANTERN,LANTERN,ZENITH,LANTERN
qwen35_9b,positive_operator,cf_0150,1.0,1.0,1.0,1.0,0.0,1.0,correct_flip,abstract_game,2,LANTERN,VELVET,VELVET,LANTERN
qwen35_9b,positive_operator,cf_0151,1.0,1.0,1.0,1.0,0.0,1.0,correct_flip,cyber_defense,2,CIPHER,VELVET,VELVET,CIPHER
qwen35_9b,positive_operator,cf_0152,1.0,1.0,1.0,1.0,0.0,1.0,correct_flip,tool_agent,2,ZENITH,VELVET,VELVET,ZENITH
qwen35_9b,positive_operator,cf_0153,1.0,1.0,1.0,1.0,0.0,1.0,correct_flip,logistics,2,ORBIT,CIPHER,CIPHER,ORBIT
qwen35_9b,positive_operator,cf_0154,1.0,1.0,1.0,1.0,0.0,1.0,correct_flip,exploration,2,LANTERN,VELVET,VELVET,LANTERN
qwen35_9b,positive_operator,cf_0155,1.0,1.0,1.0,1.0,0.0,1.0,correct_flip,resource_game,2,RAVEN,QUARTZ,QUARTZ,RAVEN
qwen35_9b,positive_operator,cf_0156,1.0,1.0,1.0,1.0,0.0,1.0,correct_flip,abstract_game,3,ZENITH,QUARTZ,QUARTZ,ZENITH
qwen35_9b,positive_operator,cf_0157,0.0,1.0,0.0,0.0,1.0,1.0,branching_both,cyber_defense,3,SUMMIT,SUMMIT,EMBER,SUMMIT
qwen35_9b,positive_operator,cf_0158,1.0,1.0,1.0,1.0,0.0,1.0,correct_flip,tool_agent,3,KITE,TIDAL,TIDAL,KITE
qwen35_9b,positive_operator,cf_0159,0.0,0.0,1.0,0.0,1.0,1.0,safe_both,logistics,3,WILLOW,WILLOW,WILLOW,VELVET
qwen35_9b,positive_operator,cf_0160,1.0,1.0,1.0,1.0,0.0,1.0,correct_flip,exploration,3,LANTERN,ORBIT,ORBIT,LANTERN
qwen35_9b,positive_operator,cf_0161,1.0,1.0,1.0,1.0,0.0,1.0,correct_flip,resource_game,3,WILLOW,RAVEN,RAVEN,WILLOW
qwen35_9b,positive_operator,cf_0162,1.0,1.0,1.0,1.0,0.0,1.0,correct_flip,abstract_game,1,TIDAL,LANTERN,LANTERN,TIDAL
qwen35_9b,positive_operator,cf_0163,0.0,1.0,0.0,0.0,1.0,1.0,branching_both,cyber_defense,1,QUARTZ,QUARTZ,TIDAL,QUARTZ
qwen35_9b,positive_operator,cf_0164,1.0,1.0,1.0,1.0,0.0,1.0,correct_flip,tool_agent,1,WILLOW,RAVEN,RAVEN,WILLOW
qwen35_9b,positive_operator,cf_0165,1.0,1.0,1.0,1.0,0.0,1.0,correct_flip,logistics,1,EMBER,LANTERN,LANTERN,EMBER
qwen35_9b,positive_operator,cf_0166,0.0,1.0,0.0,0.0,1.0,1.0,branching_both,exploration,1,WILLOW,WILLOW,ORBIT,WILLOW
qwen35_9b,positive_operator,cf_0167,1.0,1.0,1.0,1.0,0.0,1.0,correct_flip,resource_game,1,CIPHER,RAVEN,RAVEN,CIPHER
qwen35_9b,positive_operator,cf_0168,1.0,1.0,1.0,1.0,0.0,1.0,correct_flip,abstract_game,2,ORBIT,KITE,KITE,ORBIT
qwen35_9b,positive_operator,cf_0169,1.0,1.0,1.0,1.0,0.0,1.0,correct_flip,cyber_defense,2,LANTERN,EMBER,EMBER,LANTERN
qwen35_9b,positive_operator,cf_0170,1.0,1.0,1.0,1.0,0.0,1.0,correct_flip,tool_agent,2,RAVEN,ZENITH,ZENITH,RAVEN
qwen35_9b,positive_operator,cf_0171,1.0,1.0,1.0,1.0,0.0,1.0,correct_flip,logistics,2,ZENITH,TIDAL,TIDAL,ZENITH
qwen35_9b,positive_operator,cf_0172,1.0,1.0,1.0,1.0,0.0,1.0,correct_flip,exploration,2,QUARTZ,KITE,KITE,QUARTZ
qwen35_9b,positive_operator,cf_0173,1.0,1.0,1.0,1.0,0.0,1.0,correct_flip,resource_game,2,KITE,EMBER,EMBER,KITE
qwen35_9b,positive_operator,cf_0174,1.0,1.0,1.0,1.0,0.0,1.0,correct_flip,abstract_game,3,WILLOW,ORBIT,ORBIT,WILLOW
qwen35_9b,positive_operator,cf_0175,1.0,1.0,1.0,1.0,0.0,1.0,correct_flip,cyber_defense,3,EMBER,ZENITH,ZENITH,EMBER
qwen35_9b,positive_operator,cf_0176,1.0,1.0,1.0,1.0,0.0,1.0,correct_flip,tool_agent,3,EMBER,CIPHER,CIPHER,EMBER
qwen35_9b,positive_operator,cf_0177,1.0,1.0,1.0,1.0,0.0,1.0,correct_flip,logistics,3,RAVEN,KITE,KITE,RAVEN
qwen35_9b,positive_operator,cf_0178,1.0,1.0,1.0,1.0,0.0,1.0,correct_flip,exploration,3,LANTERN,QUARTZ,QUARTZ,LANTERN
qwen35_9b,positive_operator,cf_0179,1.0,1.0,1.0,1.0,0.0,1.0,correct_flip,resource_game,3,RAVEN,SUMMIT,SUMMIT,RAVEN
qwen3_8b,bellman,cf_0000,0.0,0.0,1.0,0.0,1.0,1.0,safe_both,abstract_game,1,TIDAL,TIDAL,TIDAL,VELVET
qwen3_8b,bellman,cf_0001,1.0,1.0,1.0,1.0,0.0,1.0,correct_flip,cyber_defense,1,KITE,SUMMIT,SUMMIT,KITE
qwen3_8b,bellman,cf_0002,1.0,1.0,1.0,1.0,0.0,1.0,correct_flip,tool_agent,1,SUMMIT,WILLOW,WILLOW,SUMMIT
qwen3_8b,bellman,cf_0003,1.0,1.0,1.0,1.0,0.0,1.0,correct_flip,logistics,1,EMBER,VELVET,VELVET,EMBER
qwen3_8b,bellman,cf_0004,1.0,1.0,1.0,1.0,0.0,1.0,correct_flip,exploration,1,VELVET,RAVEN,RAVEN,VELVET
qwen3_8b,bellman,cf_0005,1.0,1.0,1.0,1.0,0.0,1.0,correct_flip,resource_game,1,ORBIT,CIPHER,CIPHER,ORBIT
qwen3_8b,bellman,cf_0006,1.0,1.0,1.0,1.0,0.0,1.0,correct_flip,abstract_game,2,LANTERN,ZENITH,ZENITH,LANTERN
qwen3_8b,bellman,cf_0007,1.0,1.0,1.0,1.0,0.0,1.0,correct_flip,cyber_defense,2,SUMMIT,EMBER,EMBER,SUMMIT
qwen3_8b,bellman,cf_0008,0.0,1.0,0.0,0.0,1.0,1.0,branching_both,tool_agent,2,WILLOW,WILLOW,KITE,WILLOW
qwen3_8b,bellman,cf_0009,1.0,1.0,1.0,1.0,0.0,1.0,correct_flip,logistics,2,TIDAL,ORBIT,ORBIT,TIDAL
qwen3_8b,bellman,cf_0010,0.0,1.0,0.0,0.0,1.0,1.0,branching_both,exploration,2,WILLOW,WILLOW,CIPHER,WILLOW
qwen3_8b,bellman,cf_0011,1.0,1.0,1.0,1.0,0.0,1.0,correct_flip,resource_game,2,ORBIT,QUARTZ,QUARTZ,ORBIT
qwen3_8b,bellman,cf_0012,1.0,1.0,1.0,1.0,0.0,1.0,correct_flip,abstract_game,3,VELVET,ORBIT,ORBIT,VELVET
qwen3_8b,bellman,cf_0013,1.0,1.0,1.0,1.0,0.0,1.0,correct_flip,cyber_defense,3,VELVET,QUARTZ,QUARTZ,VELVET
qwen3_8b,bellman,cf_0014,1.0,1.0,1.0,1.0,0.0,1.0,correct_flip,tool_agent,3,ZENITH,EMBER,EMBER,ZENITH
qwen3_8b,bellman,cf_0015,1.0,1.0,1.0,1.0,0.0,1.0,correct_flip,logistics,3,WILLOW,LANTERN,LANTERN,WILLOW
qwen3_8b,bellman,cf_0016,1.0,1.0,1.0,1.0,0.0,1.0,correct_flip,exploration,3,VELVET,ZENITH,ZENITH,VELVET
qwen3_8b,bellman,cf_0017,1.0,1.0,1.0,1.0,0.0,1.0,correct_flip,resource_game,3,QUARTZ,ZENITH,ZENITH,QUARTZ
qwen3_8b,bellman,cf_0018,0.0,0.0,1.0,0.0,1.0,1.0,safe_both,abstract_game,1,RAVEN,RAVEN,RAVEN,VELVET
qwen3_8b,bellman,cf_0019,1.0,1.0,1.0,1.0,0.0,1.0,correct_flip,cyber_defense,1,TIDAL,SUMMIT,SUMMIT,TIDAL
qwen3_8b,bellman,cf_0020,1.0,1.0,1.0,1.0,0.0,1.0,correct_flip,tool_agent,1,QUARTZ,ZENITH,ZENITH,QUARTZ
qwen3_8b,bellman,cf_0021,1.0,1.0,1.0,1.0,0.0,1.0,correct_flip,logistics,1,ORBIT,ZENITH,ZENITH,ORBIT
qwen3_8b,bellman,cf_0022,1.0,1.0,1.0,1.0,0.0,1.0,correct_flip,exploration,1,ZENITH,RAVEN,RAVEN,ZENITH
qwen3_8b,bellman,cf_0023,1.0,1.0,1.0,1.0,0.0,1.0,correct_flip,resource_game,1,SUMMIT,KITE,KITE,SUMMIT
qwen3_8b,bellman,cf_0024,1.0,1.0,1.0,1.0,0.0,1.0,correct_flip,abstract_game,2,WILLOW,QUARTZ,QUARTZ,WILLOW
qwen3_8b,bellman,cf_0025,1.0,1.0,1.0,1.0,0.0,1.0,correct_flip,cyber_defense,2,VELVET,ORBIT,ORBIT,VELVET
qwen3_8b,bellman,cf_0026,1.0,1.0,1.0,1.0,0.0,1.0,correct_flip,tool_agent,2,LANTERN,ORBIT,ORBIT,LANTERN
qwen3_8b,bellman,cf_0027,1.0,1.0,1.0,1.0,0.0,1.0,correct_flip,logistics,2,CIPHER,EMBER,EMBER,CIPHER
qwen3_8b,bellman,cf_0028,1.0,1.0,1.0,1.0,0.0,1.0,correct_flip,exploration,2,EMBER,ORBIT,ORBIT,EMBER
qwen3_8b,bellman,cf_0029,1.0,1.0,1.0,1.0,0.0,1.0,correct_flip,resource_game,2,EMBER,VELVET,VELVET,EMBER
qwen3_8b,bellman,cf_0030,0.0,1.0,0.0,0.0,1.0,1.0,branching_both,abstract_game,3,ZENITH,ZENITH,TIDAL,ZENITH
qwen3_8b,bellman,cf_0031,1.0,1.0,1.0,1.0,0.0,1.0,correct_flip,cyber_defense,3,WILLOW,LANTERN,LANTERN,WILLOW
qwen3_8b,bellman,cf_0032,0.0,1.0,0.0,0.0,1.0,1.0,branching_both,tool_agent,3,ORBIT,ORBIT,QUARTZ,ORBIT
qwen3_8b,bellman,cf_0033,0.0,1.0,0.0,0.0,1.0,1.0,branching_both,logistics,3,EMBER,EMBER,KITE,EMBER
qwen3_8b,bellman,cf_0034,1.0,1.0,1.0,1.0,0.0,1.0,correct_flip,exploration,3,VELVET,KITE,KITE,VELVET
qwen3_8b,bellman,cf_0035,1.0,1.0,1.0,1.0,0.0,1.0,correct_flip,resource_game,3,WILLOW,TIDAL,TIDAL,WILLOW
qwen3_8b,bellman,cf_0036,1.0,1.0,1.0,1.0,0.0,1.0,correct_flip,abstract_game,1,CIPHER,LANTERN,LANTERN,CIPHER
qwen3_8b,bellman,cf_0037,1.0,1.0,1.0,1.0,0.0,1.0,correct_flip,cyber_defense,1,CIPHER,RAVEN,RAVEN,CIPHER
qwen3_8b,bellman,cf_0038,1.0,1.0,1.0,1.0,0.0,1.0,correct_flip,tool_agent,1,CIPHER,ZENITH,ZENITH,CIPHER
qwen3_8b,bellman,cf_0039,1.0,1.0,1.0,1.0,0.0,1.0,correct_flip,logistics,1,LANTERN,VELVET,VELVET,LANTERN
qwen3_8b,bellman,cf_0040,0.0,0.0,1.0,0.0,1.0,1.0,safe_both,exploration,1,TIDAL,TIDAL,TIDAL,VELVET
qwen3_8b,bellman,cf_0041,1.0,1.0,1.0,1.0,0.0,1.0,correct_flip,resource_game,1,ZENITH,LANTERN,LANTERN,ZENITH
qwen3_8b,bellman,cf_0042,1.0,1.0,1.0,1.0,0.0,1.0,correct_flip,abstract_game,2,WILLOW,RAVEN,RAVEN,WILLOW
qwen3_8b,bellman,cf_0043,0.0,1.0,0.0,0.0,1.0,1.0,branching_both,cyber_defense,2,ORBIT,ORBIT,TIDAL,ORBIT
qwen3_8b,bellman,cf_0044,1.0,1.0,1.0,1.0,0.0,1.0,correct_flip,tool_agent,2,WILLOW,KITE,KITE,WILLOW
qwen3_8b,bellman,cf_0045,0.0,1.0,0.0,0.0,1.0,1.0,branching_both,logistics,2,CIPHER,CIPHER,WILLOW,CIPHER
qwen3_8b,bellman,cf_0046,1.0,1.0,1.0,1.0,0.0,1.0,correct_flip,exploration,2,QUARTZ,ORBIT,ORBIT,QUARTZ
qwen3_8b,bellman,cf_0047,1.0,1.0,1.0,1.0,0.0,1.0,correct_flip,resource_game,2,KITE,RAVEN,RAVEN,KITE
qwen3_8b,bellman,cf_0048,1.0,1.0,1.0,1.0,0.0,1.0,correct_flip,abstract_game,3,LANTERN,CIPHER,CIPHER,LANTERN
qwen3_8b,bellman,cf_0049,1.0,1.0,1.0,1.0,0.0,1.0,correct_flip,cyber_defense,3,RAVEN,VELVET,VELVET,RAVEN
qwen3_8b,bellman,cf_0050,1.0,1.0,1.0,1.0,0.0,1.0,correct_flip,tool_agent,3,KITE,LANTERN,LANTERN,KITE
qwen3_8b,bellman,cf_0051,0.0,1.0,0.0,0.0,1.0,1.0,branching_both,logistics,3,RAVEN,RAVEN,CIPHER,RAVEN
qwen3_8b,bellman,cf_0052,1.0,1.0,1.0,1.0,0.0,1.0,correct_flip,exploration,3,CIPHER,RAVEN,RAVEN,CIPHER
qwen3_8b,bellman,cf_0053,1.0,1.0,1.0,1.0,0.0,1.0,correct_flip,resource_game,3,ZENITH,TIDAL,TIDAL,ZENITH
qwen3_8b,bellman,cf_0054,1.0,1.0,1.0,1.0,0.0,1.0,correct_flip,abstract_game,1,ORBIT,KITE,KITE,ORBIT
qwen3_8b,bellman,cf_0055,1.0,1.0,1.0,1.0,0.0,1.0,correct_flip,cyber_defense,1,RAVEN,ZENITH,ZENITH,RAVEN
qwen3_8b,bellman,cf_0056,1.0,1.0,1.0,1.0,0.0,1.0,correct_flip,tool_agent,1,SUMMIT,RAVEN,RAVEN,SUMMIT
qwen3_8b,bellman,cf_0057,1.0,1.0,1.0,1.0,0.0,1.0,correct_flip,logistics,1,ORBIT,WILLOW,WILLOW,ORBIT
qwen3_8b,bellman,cf_0058,1.0,1.0,1.0,1.0,0.0,1.0,correct_flip,exploration,1,VELVET,CIPHER,CIPHER,VELVET
qwen3_8b,bellman,cf_0059,1.0,1.0,1.0,1.0,0.0,1.0,correct_flip,resource_game,1,EMBER,RAVEN,RAVEN,EMBER
qwen3_8b,bellman,cf_0060,1.0,1.0,1.0,1.0,0.0,1.0,correct_flip,abstract_game,2,ORBIT,RAVEN,RAVEN,ORBIT
qwen3_8b,bellman,cf_0061,1.0,1.0,1.0,1.0,0.0,1.0,correct_flip,cyber_defense,2,EMBER,CIPHER,CIPHER,EMBER
qwen3_8b,bellman,cf_0062,1.0,1.0,1.0,1.0,0.0,1.0,correct_flip,tool_agent,2,EMBER,VELVET,VELVET,EMBER
qwen3_8b,bellman,cf_0063,1.0,1.0,1.0,1.0,0.0,1.0,correct_flip,logistics,2,RAVEN,QUARTZ,QUARTZ,RAVEN
qwen3_8b,bellman,cf_0064,1.0,1.0,1.0,1.0,0.0,1.0,correct_flip,exploration,2,ORBIT,QUARTZ,QUARTZ,ORBIT
qwen3_8b,bellman,cf_0065,1.0,1.0,1.0,1.0,0.0,1.0,correct_flip,resource_game,2,TIDAL,SUMMIT,SUMMIT,TIDAL
qwen3_8b,bellman,cf_0066,1.0,1.0,1.0,1.0,0.0,1.0,correct_flip,abstract_game,3,TIDAL,VELVET,VELVET,TIDAL
qwen3_8b,bellman,cf_0067,1.0,1.0,1.0,1.0,0.0,1.0,correct_flip,cyber_defense,3,QUARTZ,ORBIT,ORBIT,QUARTZ
qwen3_8b,bellman,cf_0068,1.0,1.0,1.0,1.0,0.0,1.0,correct_flip,tool_agent,3,KITE,RAVEN,RAVEN,KITE
qwen3_8b,bellman,cf_0069,1.0,1.0,1.0,1.0,0.0,1.0,correct_flip,logistics,3,QUARTZ,CIPHER,CIPHER,QUARTZ
qwen3_8b,bellman,cf_0070,1.0,1.0,1.0,1.0,0.0,1.0,correct_flip,exploration,3,QUARTZ,RAVEN,RAVEN,QUARTZ
qwen3_8b,bellman,cf_0071,0.0,1.0,0.0,0.0,1.0,1.0,branching_both,resource_game,3,VELVET,VELVET,CIPHER,VELVET
qwen3_8b,bellman,cf_0072,0.0,1.0,0.0,0.0,1.0,1.0,branching_both,abstract_game,1,EMBER,EMBER,WILLOW,EMBER
qwen3_8b,bellman,cf_0073,0.0,1.0,0.0,0.0,1.0,1.0,branching_both,cyber_defense,1,SUMMIT,SUMMIT,LANTERN,SUMMIT
qwen3_8b,bellman,cf_0074,1.0,1.0,1.0,1.0,0.0,1.0,correct_flip,tool_agent,1,EMBER,WILLOW,WILLOW,EMBER
qwen3_8b,bellman,cf_0075,1.0,1.0,1.0,1.0,0.0,1.0,correct_flip,logistics,1,ORBIT,WILLOW,WILLOW,ORBIT
qwen3_8b,bellman,cf_0076,0.0,1.0,0.0,0.0,1.0,1.0,branching_both,exploration,1,CIPHER,CIPHER,LANTERN,CIPHER
qwen3_8b,bellman,cf_0077,1.0,1.0,1.0,1.0,0.0,1.0,correct_flip,resource_game,1,EMBER,LANTERN,LANTERN,EMBER
qwen3_8b,bellman,cf_0078,0.0,1.0,0.0,0.0,1.0,1.0,branching_both,abstract_game,2,QUARTZ,QUARTZ,TIDAL,QUARTZ
qwen3_8b,bellman,cf_0079,1.0,1.0,1.0,1.0,0.0,1.0,correct_flip,cyber_defense,2,QUARTZ,SUMMIT,SUMMIT,QUARTZ
qwen3_8b,bellman,cf_0080,1.0,1.0,1.0,1.0,0.0,1.0,correct_flip,tool_agent,2,SUMMIT,LANTERN,LANTERN,SUMMIT
qwen3_8b,bellman,cf_0081,0.0,1.0,0.0,0.0,1.0,1.0,branching_both,logistics,2,ZENITH,ZENITH,EMBER,ZENITH
qwen3_8b,bellman,cf_0082,0.0,1.0,0.0,0.0,1.0,1.0,branching_both,exploration,2,QUARTZ,QUARTZ,ZENITH,QUARTZ
qwen3_8b,bellman,cf_0083,1.0,1.0,1.0,1.0,0.0,1.0,correct_flip,resource_game,2,ORBIT,QUARTZ,QUARTZ,ORBIT
qwen3_8b,bellman,cf_0084,1.0,1.0,1.0,1.0,0.0,1.0,correct_flip,abstract_game,3,RAVEN,QUARTZ,QUARTZ,RAVEN
qwen3_8b,bellman,cf_0085,0.0,1.0,0.0,0.0,1.0,1.0,branching_both,cyber_defense,3,KITE,KITE,CIPHER,KITE
qwen3_8b,bellman,cf_0086,1.0,1.0,1.0,1.0,0.0,1.0,correct_flip,tool_agent,3,SUMMIT,ORBIT,ORBIT,SUMMIT
qwen3_8b,bellman,cf_0087,1.0,1.0,1.0,1.0,0.0,1.0,correct_flip,logistics,3,SUMMIT,WILLOW,WILLOW,SUMMIT
qwen3_8b,bellman,cf_0088,1.0,1.0,1.0,1.0,0.0,1.0,correct_flip,exploration,3,TIDAL,CIPHER,CIPHER,TIDAL
qwen3_8b,bellman,cf_0089,0.0,1.0,0.0,0.0,1.0,1.0,branching_both,resource_game,3,KITE,KITE,TIDAL,KITE
qwen3_8b,bellman,cf_0090,1.0,1.0,1.0,1.0,0.0,1.0,correct_flip,abstract_game,1,KITE,ORBIT,ORBIT,KITE
qwen3_8b,bellman,cf_0091,1.0,1.0,1.0,1.0,0.0,1.0,correct_flip,cyber_defense,1,CIPHER,KITE,KITE,CIPHER
qwen3_8b,bellman,cf_0092,1.0,1.0,1.0,1.0,0.0,1.0,correct_flip,tool_agent,1,KITE,SUMMIT,SUMMIT,KITE
qwen3_8b,bellman,cf_0093,1.0,1.0,1.0,1.0,0.0,1.0,correct_flip,logistics,1,EMBER,CIPHER,CIPHER,EMBER
qwen3_8b,bellman,cf_0094,0.0,1.0,0.0,0.0,1.0,1.0,branching_both,exploration,1,WILLOW,WILLOW,EMBER,WILLOW
qwen3_8b,bellman,cf_0095,1.0,1.0,1.0,1.0,0.0,1.0,correct_flip,resource_game,1,RAVEN,KITE,KITE,RAVEN
qwen3_8b,bellman,cf_0096,1.0,1.0,1.0,1.0,0.0,1.0,correct_flip,abstract_game,2,LANTERN,VELVET,VELVET,LANTERN
qwen3_8b,bellman,cf_0097,1.0,1.0,1.0,1.0,0.0,1.0,correct_flip,cyber_defense,2,SUMMIT,QUARTZ,QUARTZ,SUMMIT
qwen3_8b,bellman,cf_0098,1.0,1.0,1.0,1.0,0.0,1.0,correct_flip,tool_agent,2,QUARTZ,VELVET,VELVET,QUARTZ
qwen3_8b,bellman,cf_0099,0.0,1.0,0.0,0.0,1.0,1.0,branching_both,logistics,2,QUARTZ,QUARTZ,EMBER,QUARTZ
qwen3_8b,bellman,cf_0100,1.0,1.0,1.0,1.0,0.0,1.0,correct_flip,exploration,2,LANTERN,RAVEN,RAVEN,LANTERN
qwen3_8b,bellman,cf_0101,1.0,1.0,1.0,1.0,0.0,1.0,correct_flip,resource_game,2,RAVEN,VELVET,VELVET,RAVEN
qwen3_8b,bellman,cf_0102,1.0,1.0,1.0,1.0,0.0,1.0,correct_flip,abstract_game,3,ZENITH,ORBIT,ORBIT,ZENITH
qwen3_8b,bellman,cf_0103,1.0,1.0,1.0,1.0,0.0,1.0,correct_flip,cyber_defense,3,TIDAL,RAVEN,RAVEN,TIDAL
qwen3_8b,bellman,cf_0104,1.0,1.0,1.0,1.0,0.0,1.0,correct_flip,tool_agent,3,KITE,SUMMIT,SUMMIT,KITE
qwen3_8b,bellman,cf_0105,1.0,1.0,1.0,1.0,0.0,1.0,correct_flip,logistics,3,TIDAL,ORBIT,ORBIT,TIDAL
qwen3_8b,bellman,cf_0106,1.0,1.0,1.0,1.0,0.0,1.0,correct_flip,exploration,3,RAVEN,VELVET,VELVET,RAVEN
qwen3_8b,bellman,cf_0107,1.0,1.0,1.0,1.0,0.0,1.0,correct_flip,resource_game,3,EMBER,CIPHER,CIPHER,EMBER
qwen3_8b,bellman,cf_0108,0.0,0.0,1.0,0.0,1.0,1.0,safe_both,abstract_game,1,SUMMIT,SUMMIT,SUMMIT,TIDAL
qwen3_8b,bellman,cf_0109,0.0,1.0,0.0,0.0,1.0,1.0,branching_both,cyber_defense,1,CIPHER,CIPHER,WILLOW,CIPHER
qwen3_8b,bellman,cf_0110,1.0,1.0,1.0,1.0,0.0,1.0,correct_flip,tool_agent,1,QUARTZ,WILLOW,WILLOW,QUARTZ
qwen3_8b,bellman,cf_0111,1.0,1.0,1.0,1.0,0.0,1.0,correct_flip,logistics,1,VELVET,LANTERN,LANTERN,VELVET
qwen3_8b,bellman,cf_0112,1.0,1.0,1.0,1.0,0.0,1.0,correct_flip,exploration,1,WILLOW,TIDAL,TIDAL,WILLOW
qwen3_8b,bellman,cf_0113,0.0,1.0,0.0,0.0,1.0,1.0,branching_both,resource_game,1,KITE,KITE,QUARTZ,KITE
qwen3_8b,bellman,cf_0114,0.0,1.0,0.0,0.0,1.0,1.0,branching_both,abstract_game,2,RAVEN,RAVEN,KITE,RAVEN
qwen3_8b,bellman,cf_0115,1.0,1.0,1.0,1.0,0.0,1.0,correct_flip,cyber_defense,2,ZENITH,ORBIT,ORBIT,ZENITH
qwen3_8b,bellman,cf_0116,1.0,1.0,1.0,1.0,0.0,1.0,correct_flip,tool_agent,2,QUARTZ,LANTERN,LANTERN,QUARTZ
qwen3_8b,bellman,cf_0117,1.0,1.0,1.0,1.0,0.0,1.0,correct_flip,logistics,2,VELVET,ORBIT,ORBIT,VELVET
qwen3_8b,bellman,cf_0118,0.0,1.0,0.0,0.0,1.0,1.0,branching_both,exploration,2,TIDAL,TIDAL,SUMMIT,TIDAL
qwen3_8b,bellman,cf_0119,0.0,1.0,0.0,0.0,1.0,1.0,branching_both,resource_game,2,RAVEN,RAVEN,VELVET,RAVEN
qwen3_8b,bellman,cf_0120,1.0,1.0,1.0,1.0,0.0,1.0,correct_flip,abstract_game,3,ORBIT,WILLOW,WILLOW,ORBIT
qwen3_8b,bellman,cf_0121,1.0,1.0,1.0,1.0,0.0,1.0,correct_flip,cyber_defense,3,VELVET,EMBER,EMBER,VELVET
qwen3_8b,bellman,cf_0122,1.0,1.0,1.0,1.0,0.0,1.0,correct_flip,tool_agent,3,SUMMIT,EMBER,EMBER,SUMMIT
qwen3_8b,bellman,cf_0123,1.0,1.0,1.0,1.0,0.0,1.0,correct_flip,logistics,3,WILLOW,ORBIT,ORBIT,WILLOW
qwen3_8b,bellman,cf_0124,1.0,1.0,1.0,1.0,0.0,1.0,correct_flip,exploration,3,ZENITH,SUMMIT,SUMMIT,ZENITH
qwen3_8b,bellman,cf_0125,0.0,1.0,0.0,0.0,1.0,1.0,branching_both,resource_game,3,KITE,KITE,TIDAL,KITE
qwen3_8b,bellman,cf_0126,1.0,1.0,1.0,1.0,0.0,1.0,correct_flip,abstract_game,1,KITE,CIPHER,CIPHER,KITE
qwen3_8b,bellman,cf_0127,0.0,1.0,0.0,0.0,1.0,1.0,branching_both,cyber_defense,1,QUARTZ,QUARTZ,KITE,QUARTZ
qwen3_8b,bellman,cf_0128,1.0,1.0,1.0,1.0,0.0,1.0,correct_flip,tool_agent,1,TIDAL,KITE,KITE,TIDAL
qwen3_8b,bellman,cf_0129,1.0,1.0,1.0,1.0,0.0,1.0,correct_flip,logistics,1,CIPHER,WILLOW,WILLOW,CIPHER
qwen3_8b,bellman,cf_0130,1.0,1.0,1.0,1.0,0.0,1.0,correct_flip,exploration,1,LANTERN,CIPHER,CIPHER,LANTERN
qwen3_8b,bellman,cf_0131,0.0,0.0,1.0,0.0,1.0,1.0,safe_both,resource_game,1,ZENITH,ZENITH,ZENITH,SUMMIT
qwen3_8b,bellman,cf_0132,1.0,1.0,1.0,1.0,0.0,1.0,correct_flip,abstract_game,2,ORBIT,LANTERN,LANTERN,ORBIT
qwen3_8b,bellman,cf_0133,1.0,1.0,1.0,1.0,0.0,1.0,correct_flip,cyber_defense,2,SUMMIT,ORBIT,ORBIT,SUMMIT
qwen3_8b,bellman,cf_0134,1.0,1.0,1.0,1.0,0.0,1.0,correct_flip,tool_agent,2,LANTERN,KITE,KITE,LANTERN
qwen3_8b,bellman,cf_0135,1.0,1.0,1.0,1.0,0.0,1.0,correct_flip,logistics,2,LANTERN,KITE,KITE,LANTERN
qwen3_8b,bellman,cf_0136,1.0,1.0,1.0,1.0,0.0,1.0,correct_flip,exploration,2,CIPHER,KITE,KITE,CIPHER
qwen3_8b,bellman,cf_0137,1.0,1.0,1.0,1.0,0.0,1.0,correct_flip,resource_game,2,CIPHER,RAVEN,RAVEN,CIPHER
qwen3_8b,bellman,cf_0138,1.0,1.0,1.0,1.0,0.0,1.0,correct_flip,abstract_game,3,ZENITH,EMBER,EMBER,ZENITH
qwen3_8b,bellman,cf_0139,0.0,1.0,0.0,0.0,1.0,1.0,branching_both,cyber_defense,3,VELVET,VELVET,RAVEN,VELVET
qwen3_8b,bellman,cf_0140,1.0,1.0,1.0,1.0,0.0,1.0,correct_flip,tool_agent,3,ORBIT,TIDAL,TIDAL,ORBIT
qwen3_8b,bellman,cf_0141,1.0,1.0,1.0,1.0,0.0,1.0,correct_flip,logistics,3,RAVEN,ORBIT,ORBIT,RAVEN
qwen3_8b,bellman,cf_0142,1.0,1.0,1.0,1.0,0.0,1.0,correct_flip,exploration,3,CIPHER,ZENITH,ZENITH,CIPHER
qwen3_8b,bellman,cf_0143,0.0,1.0,0.0,0.0,1.0,1.0,branching_both,resource_game,3,WILLOW,WILLOW,VELVET,WILLOW
qwen3_8b,bellman,cf_0144,1.0,1.0,1.0,1.0,0.0,1.0,correct_flip,abstract_game,1,WILLOW,ZENITH,ZENITH,WILLOW
qwen3_8b,bellman,cf_0145,1.0,1.0,1.0,1.0,0.0,1.0,correct_flip,cyber_defense,1,RAVEN,ORBIT,ORBIT,RAVEN
qwen3_8b,bellman,cf_0146,0.0,1.0,0.0,0.0,1.0,1.0,branching_both,tool_agent,1,LANTERN,LANTERN,EMBER,LANTERN
qwen3_8b,bellman,cf_0147,1.0,1.0,1.0,1.0,0.0,1.0,correct_flip,logistics,1,RAVEN,LANTERN,LANTERN,RAVEN
qwen3_8b,bellman,cf_0148,1.0,1.0,1.0,1.0,0.0,1.0,correct_flip,exploration,1,ZENITH,TIDAL,TIDAL,ZENITH
qwen3_8b,bellman,cf_0149,0.0,1.0,0.0,0.0,1.0,1.0,branching_both,resource_game,1,LANTERN,LANTERN,ZENITH,LANTERN
qwen3_8b,bellman,cf_0150,1.0,1.0,1.0,1.0,0.0,1.0,correct_flip,abstract_game,2,LANTERN,VELVET,VELVET,LANTERN
qwen3_8b,bellman,cf_0151,0.0,1.0,0.0,0.0,1.0,1.0,branching_both,cyber_defense,2,CIPHER,CIPHER,VELVET,CIPHER
qwen3_8b,bellman,cf_0152,1.0,1.0,1.0,1.0,0.0,1.0,correct_flip,tool_agent,2,ZENITH,VELVET,VELVET,ZENITH
qwen3_8b,bellman,cf_0153,1.0,1.0,1.0,1.0,0.0,1.0,correct_flip,logistics,2,ORBIT,CIPHER,CIPHER,ORBIT
qwen3_8b,bellman,cf_0154,1.0,1.0,1.0,1.0,0.0,1.0,correct_flip,exploration,2,LANTERN,VELVET,VELVET,LANTERN
qwen3_8b,bellman,cf_0155,1.0,1.0,1.0,1.0,0.0,1.0,correct_flip,resource_game,2,RAVEN,QUARTZ,QUARTZ,RAVEN
qwen3_8b,bellman,cf_0156,0.0,1.0,0.0,0.0,1.0,1.0,branching_both,abstract_game,3,ZENITH,ZENITH,QUARTZ,ZENITH
qwen3_8b,bellman,cf_0157,0.0,1.0,0.0,0.0,1.0,1.0,branching_both,cyber_defense,3,SUMMIT,SUMMIT,EMBER,SUMMIT
qwen3_8b,bellman,cf_0158,1.0,1.0,1.0,1.0,0.0,1.0,correct_flip,tool_agent,3,KITE,TIDAL,TIDAL,KITE
qwen3_8b,bellman,cf_0159,1.0,1.0,1.0,1.0,0.0,1.0,correct_flip,logistics,3,VELVET,WILLOW,WILLOW,VELVET
qwen3_8b,bellman,cf_0160,1.0,1.0,1.0,1.0,0.0,1.0,correct_flip,exploration,3,LANTERN,ORBIT,ORBIT,LANTERN
qwen3_8b,bellman,cf_0161,1.0,1.0,1.0,1.0,0.0,1.0,correct_flip,resource_game,3,WILLOW,RAVEN,RAVEN,WILLOW
qwen3_8b,bellman,cf_0162,0.0,0.0,1.0,0.0,1.0,1.0,safe_both,abstract_game,1,LANTERN,LANTERN,LANTERN,TIDAL
qwen3_8b,bellman,cf_0163,0.0,1.0,0.0,0.0,1.0,1.0,branching_both,cyber_defense,1,QUARTZ,QUARTZ,TIDAL,QUARTZ
qwen3_8b,bellman,cf_0164,1.0,1.0,1.0,1.0,0.0,1.0,correct_flip,tool_agent,1,WILLOW,RAVEN,RAVEN,WILLOW
qwen3_8b,bellman,cf_0165,1.0,1.0,1.0,1.0,0.0,1.0,correct_flip,logistics,1,EMBER,LANTERN,LANTERN,EMBER
qwen3_8b,bellman,cf_0166,0.0,1.0,0.0,0.0,1.0,1.0,branching_both,exploration,1,WILLOW,WILLOW,ORBIT,WILLOW
qwen3_8b,bellman,cf_0167,1.0,1.0,1.0,1.0,0.0,1.0,correct_flip,resource_game,1,CIPHER,RAVEN,RAVEN,CIPHER
qwen3_8b,bellman,cf_0168,1.0,1.0,1.0,1.0,0.0,1.0,correct_flip,abstract_game,2,ORBIT,KITE,KITE,ORBIT
qwen3_8b,bellman,cf_0169,1.0,1.0,1.0,1.0,0.0,1.0,correct_flip,cyber_defense,2,LANTERN,EMBER,EMBER,LANTERN
qwen3_8b,bellman,cf_0170,1.0,1.0,1.0,1.0,0.0,1.0,correct_flip,tool_agent,2,RAVEN,ZENITH,ZENITH,RAVEN
qwen3_8b,bellman,cf_0171,1.0,1.0,1.0,1.0,0.0,1.0,correct_flip,logistics,2,ZENITH,TIDAL,TIDAL,ZENITH
qwen3_8b,bellman,cf_0172,1.0,1.0,1.0,1.0,0.0,1.0,correct_flip,exploration,2,QUARTZ,KITE,KITE,QUARTZ
qwen3_8b,bellman,cf_0173,1.0,1.0,1.0,1.0,0.0,1.0,correct_flip,resource_game,2,KITE,EMBER,EMBER,KITE
qwen3_8b,bellman,cf_0174,1.0,1.0,1.0,1.0,0.0,1.0,correct_flip,abstract_game,3,WILLOW,ORBIT,ORBIT,WILLOW
qwen3_8b,bellman,cf_0175,1.0,1.0,1.0,1.0,0.0,1.0,correct_flip,cyber_defense,3,EMBER,ZENITH,ZENITH,EMBER
qwen3_8b,bellman,cf_0176,1.0,1.0,1.0,1.0,0.0,1.0,correct_flip,tool_agent,3,EMBER,CIPHER,CIPHER,EMBER
qwen3_8b,bellman,cf_0177,1.0,1.0,1.0,1.0,0.0,1.0,correct_flip,logistics,3,RAVEN,KITE,KITE,RAVEN
qwen3_8b,bellman,cf_0178,0.0,1.0,0.0,0.0,1.0,1.0,branching_both,exploration,3,LANTERN,LANTERN,QUARTZ,LANTERN
qwen3_8b,bellman,cf_0179,1.0,1.0,1.0,1.0,0.0,1.0,correct_flip,resource_game,3,RAVEN,SUMMIT,SUMMIT,RAVEN
qwen3_8b,cot,cf_0000,1.0,1.0,1.0,1.0,0.0,1.0,correct_flip,abstract_game,1,VELVET,TIDAL,TIDAL,VELVET
qwen3_8b,cot,cf_0001,0.0,1.0,0.0,0.0,1.0,1.0,branching_both,cyber_defense,1,KITE,KITE,SUMMIT,KITE
qwen3_8b,cot,cf_0002,1.0,1.0,1.0,1.0,0.0,1.0,correct_flip,tool_agent,1,SUMMIT,WILLOW,WILLOW,SUMMIT
qwen3_8b,cot,cf_0003,1.0,1.0,1.0,1.0,0.0,1.0,correct_flip,logistics,1,EMBER,VELVET,VELVET,EMBER
qwen3_8b,cot,cf_0004,1.0,1.0,1.0,1.0,0.0,1.0,correct_flip,exploration,1,VELVET,RAVEN,RAVEN,VELVET
qwen3_8b,cot,cf_0005,0.0,1.0,0.0,0.0,1.0,1.0,branching_both,resource_game,1,ORBIT,ORBIT,CIPHER,ORBIT
qwen3_8b,cot,cf_0006,1.0,1.0,1.0,1.0,0.0,1.0,correct_flip,abstract_game,2,LANTERN,ZENITH,ZENITH,LANTERN
qwen3_8b,cot,cf_0007,1.0,1.0,1.0,1.0,0.0,1.0,correct_flip,cyber_defense,2,SUMMIT,EMBER,EMBER,SUMMIT
qwen3_8b,cot,cf_0008,1.0,1.0,1.0,1.0,0.0,1.0,correct_flip,tool_agent,2,WILLOW,KITE,KITE,WILLOW
qwen3_8b,cot,cf_0009,0.0,1.0,0.0,0.0,1.0,1.0,branching_both,logistics,2,TIDAL,TIDAL,ORBIT,TIDAL
qwen3_8b,cot,cf_0010,0.0,1.0,0.0,0.0,1.0,1.0,branching_both,exploration,2,WILLOW,WILLOW,CIPHER,WILLOW
qwen3_8b,cot,cf_0011,0.0,1.0,0.0,0.0,1.0,1.0,branching_both,resource_game,2,ORBIT,ORBIT,QUARTZ,ORBIT
qwen3_8b,cot,cf_0012,1.0,1.0,1.0,1.0,0.0,1.0,correct_flip,abstract_game,3,VELVET,ORBIT,ORBIT,VELVET
qwen3_8b,cot,cf_0013,1.0,1.0,1.0,1.0,0.0,1.0,correct_flip,cyber_defense,3,VELVET,QUARTZ,QUARTZ,VELVET
qwen3_8b,cot,cf_0014,1.0,1.0,1.0,1.0,0.0,1.0,correct_flip,tool_agent,3,ZENITH,EMBER,EMBER,ZENITH
qwen3_8b,cot,cf_0015,1.0,1.0,1.0,1.0,0.0,1.0,correct_flip,logistics,3,WILLOW,LANTERN,LANTERN,WILLOW
qwen3_8b,cot,cf_0016,1.0,1.0,1.0,1.0,0.0,1.0,correct_flip,exploration,3,VELVET,ZENITH,ZENITH,VELVET
qwen3_8b,cot,cf_0017,0.0,0.0,1.0,0.0,1.0,1.0,safe_both,resource_game,3,ZENITH,ZENITH,ZENITH,QUARTZ
qwen3_8b,cot,cf_0018,1.0,1.0,1.0,1.0,0.0,1.0,correct_flip,abstract_game,1,VELVET,RAVEN,RAVEN,VELVET
qwen3_8b,cot,cf_0019,0.0,0.0,1.0,0.0,1.0,1.0,safe_both,cyber_defense,1,SUMMIT,SUMMIT,SUMMIT,TIDAL
qwen3_8b,cot,cf_0020,0.0,0.0,1.0,0.0,0.0,0.0,unparsed,tool_agent,1,,ZENITH,ZENITH,QUARTZ
qwen3_8b,cot,cf_0021,1.0,1.0,1.0,1.0,0.0,1.0,correct_flip,logistics,1,ORBIT,ZENITH,ZENITH,ORBIT
qwen3_8b,cot,cf_0022,1.0,1.0,1.0,1.0,0.0,1.0,correct_flip,exploration,1,ZENITH,RAVEN,RAVEN,ZENITH
qwen3_8b,cot,cf_0023,1.0,1.0,1.0,1.0,0.0,1.0,correct_flip,resource_game,1,SUMMIT,KITE,KITE,SUMMIT
qwen3_8b,cot,cf_0024,1.0,1.0,1.0,1.0,0.0,1.0,correct_flip,abstract_game,2,WILLOW,QUARTZ,QUARTZ,WILLOW
qwen3_8b,cot,cf_0025,0.0,1.0,0.0,0.0,1.0,1.0,branching_both,cyber_defense,2,VELVET,VELVET,ORBIT,VELVET
qwen3_8b,cot,cf_0026,1.0,1.0,1.0,1.0,0.0,1.0,correct_flip,tool_agent,2,LANTERN,ORBIT,ORBIT,LANTERN
qwen3_8b,cot,cf_0027,0.0,1.0,0.0,0.0,1.0,1.0,branching_both,logistics,2,CIPHER,CIPHER,EMBER,CIPHER
qwen3_8b,cot,cf_0028,1.0,1.0,1.0,1.0,0.0,1.0,correct_flip,exploration,2,EMBER,ORBIT,ORBIT,EMBER
qwen3_8b,cot,cf_0029,1.0,1.0,1.0,1.0,0.0,1.0,correct_flip,resource_game,2,EMBER,VELVET,VELVET,EMBER
qwen3_8b,cot,cf_0030,1.0,1.0,1.0,1.0,0.0,1.0,correct_flip,abstract_game,3,ZENITH,TIDAL,TIDAL,ZENITH
qwen3_8b,cot,cf_0031,1.0,1.0,1.0,1.0,0.0,1.0,correct_flip,cyber_defense,3,WILLOW,LANTERN,LANTERN,WILLOW
qwen3_8b,cot,cf_0032,1.0,1.0,1.0,1.0,0.0,1.0,correct_flip,tool_agent,3,ORBIT,QUARTZ,QUARTZ,ORBIT
qwen3_8b,cot,cf_0033,0.0,1.0,0.0,0.0,1.0,1.0,branching_both,logistics,3,EMBER,EMBER,KITE,EMBER
qwen3_8b,cot,cf_0034,1.0,1.0,1.0,1.0,0.0,1.0,correct_flip,exploration,3,VELVET,KITE,KITE,VELVET
qwen3_8b,cot,cf_0035,1.0,1.0,1.0,1.0,0.0,1.0,correct_flip,resource_game,3,WILLOW,TIDAL,TIDAL,WILLOW
qwen3_8b,cot,cf_0036,1.0,1.0,1.0,1.0,0.0,1.0,correct_flip,abstract_game,1,CIPHER,LANTERN,LANTERN,CIPHER
qwen3_8b,cot,cf_0037,1.0,1.0,1.0,1.0,0.0,1.0,correct_flip,cyber_defense,1,CIPHER,RAVEN,RAVEN,CIPHER
qwen3_8b,cot,cf_0038,1.0,1.0,1.0,1.0,0.0,1.0,correct_flip,tool_agent,1,CIPHER,ZENITH,ZENITH,CIPHER
qwen3_8b,cot,cf_0039,1.0,1.0,1.0,1.0,0.0,1.0,correct_flip,logistics,1,LANTERN,VELVET,VELVET,LANTERN
qwen3_8b,cot,cf_0040,0.0,1.0,0.0,0.0,1.0,1.0,branching_both,exploration,1,VELVET,VELVET,TIDAL,VELVET
qwen3_8b,cot,cf_0041,0.0,1.0,0.0,0.0,1.0,1.0,branching_both,resource_game,1,ZENITH,ZENITH,LANTERN,ZENITH
qwen3_8b,cot,cf_0042,1.0,1.0,1.0,1.0,0.0,1.0,correct_flip,abstract_game,2,WILLOW,RAVEN,RAVEN,WILLOW
qwen3_8b,cot,cf_0043,0.0,1.0,0.0,0.0,1.0,1.0,branching_both,cyber_defense,2,ORBIT,ORBIT,TIDAL,ORBIT
qwen3_8b,cot,cf_0044,1.0,1.0,1.0,1.0,0.0,1.0,correct_flip,tool_agent,2,WILLOW,KITE,KITE,WILLOW
qwen3_8b,cot,cf_0045,0.0,1.0,0.0,0.0,1.0,1.0,branching_both,logistics,2,CIPHER,CIPHER,WILLOW,CIPHER
qwen3_8b,cot,cf_0046,0.0,0.0,1.0,0.0,0.0,0.0,unparsed,exploration,2,,ORBIT,ORBIT,QUARTZ
qwen3_8b,cot,cf_0047,1.0,1.0,1.0,1.0,0.0,1.0,correct_flip,resource_game,2,KITE,RAVEN,RAVEN,KITE
qwen3_8b,cot,cf_0048,1.0,1.0,1.0,1.0,0.0,1.0,correct_flip,abstract_game,3,LANTERN,CIPHER,CIPHER,LANTERN
qwen3_8b,cot,cf_0049,1.0,1.0,1.0,1.0,0.0,1.0,correct_flip,cyber_defense,3,RAVEN,VELVET,VELVET,RAVEN
qwen3_8b,cot,cf_0050,0.0,1.0,0.0,0.0,1.0,1.0,branching_both,tool_agent,3,KITE,KITE,LANTERN,KITE
qwen3_8b,cot,cf_0051,0.0,1.0,0.0,0.0,1.0,1.0,branching_both,logistics,3,RAVEN,RAVEN,CIPHER,RAVEN
qwen3_8b,cot,cf_0052,0.0,1.0,0.0,0.0,1.0,1.0,branching_both,exploration,3,CIPHER,CIPHER,RAVEN,CIPHER
qwen3_8b,cot,cf_0053,0.0,1.0,0.0,0.0,1.0,1.0,branching_both,resource_game,3,ZENITH,ZENITH,TIDAL,ZENITH
qwen3_8b,cot,cf_0054,1.0,1.0,1.0,1.0,0.0,1.0,correct_flip,abstract_game,1,ORBIT,KITE,KITE,ORBIT
qwen3_8b,cot,cf_0055,1.0,1.0,1.0,1.0,0.0,1.0,correct_flip,cyber_defense,1,RAVEN,ZENITH,ZENITH,RAVEN
qwen3_8b,cot,cf_0056,1.0,1.0,1.0,1.0,0.0,1.0,correct_flip,tool_agent,1,SUMMIT,RAVEN,RAVEN,SUMMIT
qwen3_8b,cot,cf_0057,1.0,1.0,1.0,1.0,0.0,1.0,correct_flip,logistics,1,ORBIT,WILLOW,WILLOW,ORBIT
qwen3_8b,cot,cf_0058,1.0,1.0,1.0,1.0,0.0,1.0,correct_flip,exploration,1,VELVET,CIPHER,CIPHER,VELVET
qwen3_8b,cot,cf_0059,1.0,1.0,1.0,1.0,0.0,1.0,correct_flip,resource_game,1,EMBER,RAVEN,RAVEN,EMBER
qwen3_8b,cot,cf_0060,1.0,1.0,1.0,1.0,0.0,1.0,correct_flip,abstract_game,2,ORBIT,RAVEN,RAVEN,ORBIT
qwen3_8b,cot,cf_0061,0.0,1.0,0.0,0.0,1.0,1.0,branching_both,cyber_defense,2,EMBER,EMBER,CIPHER,EMBER
qwen3_8b,cot,cf_0062,1.0,1.0,1.0,1.0,0.0,1.0,correct_flip,tool_agent,2,EMBER,VELVET,VELVET,EMBER
qwen3_8b,cot,cf_0063,1.0,1.0,1.0,1.0,0.0,1.0,correct_flip,logistics,2,RAVEN,QUARTZ,QUARTZ,RAVEN
qwen3_8b,cot,cf_0064,1.0,1.0,1.0,1.0,0.0,1.0,correct_flip,exploration,2,ORBIT,QUARTZ,QUARTZ,ORBIT
qwen3_8b,cot,cf_0065,1.0,1.0,1.0,1.0,0.0,1.0,correct_flip,resource_game,2,TIDAL,SUMMIT,SUMMIT,TIDAL
qwen3_8b,cot,cf_0066,1.0,1.0,1.0,1.0,0.0,1.0,correct_flip,abstract_game,3,TIDAL,VELVET,VELVET,TIDAL
qwen3_8b,cot,cf_0067,0.0,0.0,1.0,0.0,1.0,1.0,safe_both,cyber_defense,3,ORBIT,ORBIT,ORBIT,QUARTZ
qwen3_8b,cot,cf_0068,1.0,1.0,1.0,1.0,0.0,1.0,correct_flip,tool_agent,3,KITE,RAVEN,RAVEN,KITE
qwen3_8b,cot,cf_0069,0.0,1.0,0.0,0.0,1.0,1.0,branching_both,logistics,3,QUARTZ,QUARTZ,CIPHER,QUARTZ
qwen3_8b,cot,cf_0070,1.0,1.0,1.0,1.0,0.0,1.0,correct_flip,exploration,3,QUARTZ,RAVEN,RAVEN,QUARTZ
qwen3_8b,cot,cf_0071,1.0,1.0,1.0,1.0,0.0,1.0,correct_flip,resource_game,3,VELVET,CIPHER,CIPHER,VELVET
qwen3_8b,cot,cf_0072,0.0,1.0,0.0,0.0,1.0,1.0,branching_both,abstract_game,1,EMBER,EMBER,WILLOW,EMBER
qwen3_8b,cot,cf_0073,0.0,1.0,0.0,0.0,1.0,1.0,branching_both,cyber_defense,1,SUMMIT,SUMMIT,LANTERN,SUMMIT
qwen3_8b,cot,cf_0074,1.0,1.0,1.0,1.0,0.0,1.0,correct_flip,tool_agent,1,EMBER,WILLOW,WILLOW,EMBER
qwen3_8b,cot,cf_0075,1.0,1.0,1.0,1.0,0.0,1.0,correct_flip,logistics,1,ORBIT,WILLOW,WILLOW,ORBIT
qwen3_8b,cot,cf_0076,0.0,1.0,0.0,0.0,1.0,1.0,branching_both,exploration,1,CIPHER,CIPHER,LANTERN,CIPHER
qwen3_8b,cot,cf_0077,0.0,1.0,0.0,0.0,1.0,1.0,branching_both,resource_game,1,EMBER,EMBER,LANTERN,EMBER
qwen3_8b,cot,cf_0078,1.0,1.0,1.0,1.0,0.0,1.0,correct_flip,abstract_game,2,QUARTZ,TIDAL,TIDAL,QUARTZ
qwen3_8b,cot,cf_0079,0.0,0.0,1.0,0.0,0.0,0.0,unparsed,cyber_defense,2,,SUMMIT,SUMMIT,QUARTZ
qwen3_8b,cot,cf_0080,1.0,1.0,1.0,1.0,0.0,1.0,correct_flip,tool_agent,2,SUMMIT,LANTERN,LANTERN,SUMMIT
qwen3_8b,cot,cf_0081,0.0,1.0,0.0,0.0,1.0,1.0,branching_both,logistics,2,ZENITH,ZENITH,EMBER,ZENITH
qwen3_8b,cot,cf_0082,0.0,0.0,0.0,0.0,0.0,0.0,unparsed,exploration,2,,QUARTZ,ZENITH,QUARTZ
qwen3_8b,cot,cf_0083,1.0,1.0,1.0,1.0,0.0,1.0,correct_flip,resource_game,2,ORBIT,QUARTZ,QUARTZ,ORBIT
qwen3_8b,cot,cf_0084,0.0,1.0,0.0,0.0,1.0,1.0,branching_both,abstract_game,3,RAVEN,RAVEN,QUARTZ,RAVEN
qwen3_8b,cot,cf_0085,0.0,1.0,0.0,0.0,1.0,1.0,branching_both,cyber_defense,3,KITE,KITE,CIPHER,KITE
qwen3_8b,cot,cf_0086,1.0,1.0,1.0,1.0,0.0,1.0,correct_flip,tool_agent,3,SUMMIT,ORBIT,ORBIT,SUMMIT
qwen3_8b,cot,cf_0087,1.0,1.0,1.0,1.0,0.0,1.0,correct_flip,logistics,3,SUMMIT,WILLOW,WILLOW,SUMMIT
qwen3_8b,cot,cf_0088,1.0,1.0,1.0,1.0,0.0,1.0,correct_flip,exploration,3,TIDAL,CIPHER,CIPHER,TIDAL
qwen3_8b,cot,cf_0089,0.0,1.0,0.0,0.0,1.0,1.0,branching_both,resource_game,3,KITE,KITE,TIDAL,KITE
qwen3_8b,cot,cf_0090,1.0,1.0,1.0,1.0,0.0,1.0,correct_flip,abstract_game,1,KITE,ORBIT,ORBIT,KITE
qwen3_8b,cot,cf_0091,0.0,1.0,0.0,0.0,1.0,1.0,branching_both,cyber_defense,1,CIPHER,CIPHER,KITE,CIPHER
qwen3_8b,cot,cf_0092,1.0,1.0,1.0,1.0,0.0,1.0,correct_flip,tool_agent,1,KITE,SUMMIT,SUMMIT,KITE
qwen3_8b,cot,cf_0093,1.0,1.0,1.0,1.0,0.0,1.0,correct_flip,logistics,1,EMBER,CIPHER,CIPHER,EMBER
qwen3_8b,cot,cf_0094,0.0,1.0,0.0,0.0,1.0,1.0,branching_both,exploration,1,WILLOW,WILLOW,EMBER,WILLOW
qwen3_8b,cot,cf_0095,1.0,1.0,1.0,1.0,0.0,1.0,correct_flip,resource_game,1,RAVEN,KITE,KITE,RAVEN
qwen3_8b,cot,cf_0096,1.0,1.0,1.0,1.0,0.0,1.0,correct_flip,abstract_game,2,LANTERN,VELVET,VELVET,LANTERN
qwen3_8b,cot,cf_0097,1.0,1.0,1.0,1.0,0.0,1.0,correct_flip,cyber_defense,2,SUMMIT,QUARTZ,QUARTZ,SUMMIT
qwen3_8b,cot,cf_0098,1.0,1.0,1.0,1.0,0.0,1.0,correct_flip,tool_agent,2,QUARTZ,VELVET,VELVET,QUARTZ
qwen3_8b,cot,cf_0099,1.0,1.0,1.0,1.0,0.0,1.0,correct_flip,logistics,2,QUARTZ,EMBER,EMBER,QUARTZ
qwen3_8b,cot,cf_0100,1.0,1.0,1.0,1.0,0.0,1.0,correct_flip,exploration,2,LANTERN,RAVEN,RAVEN,LANTERN
qwen3_8b,cot,cf_0101,1.0,1.0,1.0,1.0,0.0,1.0,correct_flip,resource_game,2,RAVEN,VELVET,VELVET,RAVEN
qwen3_8b,cot,cf_0102,1.0,1.0,1.0,1.0,0.0,1.0,correct_flip,abstract_game,3,ZENITH,ORBIT,ORBIT,ZENITH
qwen3_8b,cot,cf_0103,0.0,0.0,1.0,0.0,1.0,1.0,safe_both,cyber_defense,3,RAVEN,RAVEN,RAVEN,TIDAL
qwen3_8b,cot,cf_0104,1.0,1.0,1.0,1.0,0.0,1.0,correct_flip,tool_agent,3,KITE,SUMMIT,SUMMIT,KITE
qwen3_8b,cot,cf_0105,1.0,1.0,1.0,1.0,0.0,1.0,correct_flip,logistics,3,TIDAL,ORBIT,ORBIT,TIDAL
qwen3_8b,cot,cf_0106,1.0,1.0,1.0,1.0,0.0,1.0,correct_flip,exploration,3,RAVEN,VELVET,VELVET,RAVEN
qwen3_8b,cot,cf_0107,1.0,1.0,1.0,1.0,0.0,1.0,correct_flip,resource_game,3,EMBER,CIPHER,CIPHER,EMBER
qwen3_8b,cot,cf_0108,1.0,1.0,1.0,1.0,0.0,1.0,correct_flip,abstract_game,1,TIDAL,SUMMIT,SUMMIT,TIDAL
qwen3_8b,cot,cf_0109,0.0,1.0,0.0,0.0,1.0,1.0,branching_both,cyber_defense,1,CIPHER,CIPHER,WILLOW,CIPHER
qwen3_8b,cot,cf_0110,0.0,0.0,0.0,0.0,0.0,0.0,unparsed,tool_agent,1,,,WILLOW,QUARTZ
qwen3_8b,cot,cf_0111,1.0,1.0,1.0,1.0,0.0,1.0,correct_flip,logistics,1,VELVET,LANTERN,LANTERN,VELVET
qwen3_8b,cot,cf_0112,1.0,1.0,1.0,1.0,0.0,1.0,correct_flip,exploration,1,WILLOW,TIDAL,TIDAL,WILLOW
qwen3_8b,cot,cf_0113,0.0,1.0,0.0,0.0,1.0,1.0,branching_both,resource_game,1,KITE,KITE,QUARTZ,KITE
qwen3_8b,cot,cf_0114,0.0,1.0,0.0,0.0,1.0,1.0,branching_both,abstract_game,2,RAVEN,RAVEN,KITE,RAVEN
qwen3_8b,cot,cf_0115,1.0,1.0,1.0,1.0,0.0,1.0,correct_flip,cyber_defense,2,ZENITH,ORBIT,ORBIT,ZENITH
qwen3_8b,cot,cf_0116,1.0,1.0,1.0,1.0,0.0,1.0,correct_flip,tool_agent,2,QUARTZ,LANTERN,LANTERN,QUARTZ
qwen3_8b,cot,cf_0117,0.0,1.0,0.0,0.0,1.0,1.0,branching_both,logistics,2,VELVET,VELVET,ORBIT,VELVET
qwen3_8b,cot,cf_0118,0.0,1.0,0.0,0.0,1.0,1.0,branching_both,exploration,2,TIDAL,TIDAL,SUMMIT,TIDAL
qwen3_8b,cot,cf_0119,0.0,1.0,0.0,0.0,1.0,1.0,branching_both,resource_game,2,RAVEN,RAVEN,VELVET,RAVEN
qwen3_8b,cot,cf_0120,0.0,1.0,0.0,0.0,1.0,1.0,branching_both,abstract_game,3,ORBIT,ORBIT,WILLOW,ORBIT
qwen3_8b,cot,cf_0121,1.0,1.0,1.0,1.0,0.0,1.0,correct_flip,cyber_defense,3,VELVET,EMBER,EMBER,VELVET
qwen3_8b,cot,cf_0122,1.0,1.0,1.0,1.0,0.0,1.0,correct_flip,tool_agent,3,SUMMIT,EMBER,EMBER,SUMMIT
qwen3_8b,cot,cf_0123,1.0,1.0,1.0,1.0,0.0,1.0,correct_flip,logistics,3,WILLOW,ORBIT,ORBIT,WILLOW
qwen3_8b,cot,cf_0124,0.0,0.0,0.0,1.0,0.0,1.0,reversed_flip,exploration,3,SUMMIT,ZENITH,SUMMIT,ZENITH
qwen3_8b,cot,cf_0125,0.0,1.0,0.0,0.0,1.0,1.0,branching_both,resource_game,3,KITE,KITE,TIDAL,KITE
qwen3_8b,cot,cf_0126,1.0,1.0,1.0,1.0,0.0,1.0,correct_flip,abstract_game,1,KITE,CIPHER,CIPHER,KITE
qwen3_8b,cot,cf_0127,0.0,0.0,1.0,0.0,0.0,0.0,unparsed,cyber_defense,1,,KITE,KITE,QUARTZ
qwen3_8b,cot,cf_0128,1.0,1.0,1.0,1.0,0.0,1.0,correct_flip,tool_agent,1,TIDAL,KITE,KITE,TIDAL
qwen3_8b,cot,cf_0129,1.0,1.0,1.0,1.0,0.0,1.0,correct_flip,logistics,1,CIPHER,WILLOW,WILLOW,CIPHER
qwen3_8b,cot,cf_0130,1.0,1.0,1.0,1.0,0.0,1.0,correct_flip,exploration,1,LANTERN,CIPHER,CIPHER,LANTERN
qwen3_8b,cot,cf_0131,1.0,1.0,1.0,1.0,0.0,1.0,correct_flip,resource_game,1,SUMMIT,ZENITH,ZENITH,SUMMIT
qwen3_8b,cot,cf_0132,1.0,1.0,1.0,1.0,0.0,1.0,correct_flip,abstract_game,2,ORBIT,LANTERN,LANTERN,ORBIT
qwen3_8b,cot,cf_0133,1.0,1.0,1.0,1.0,0.0,1.0,correct_flip,cyber_defense,2,SUMMIT,ORBIT,ORBIT,SUMMIT
qwen3_8b,cot,cf_0134,1.0,1.0,1.0,1.0,0.0,1.0,correct_flip,tool_agent,2,LANTERN,KITE,KITE,LANTERN
qwen3_8b,cot,cf_0135,1.0,1.0,1.0,1.0,0.0,1.0,correct_flip,logistics,2,LANTERN,KITE,KITE,LANTERN
qwen3_8b,cot,cf_0136,0.0,1.0,0.0,0.0,1.0,1.0,branching_both,exploration,2,CIPHER,CIPHER,KITE,CIPHER
qwen3_8b,cot,cf_0137,1.0,1.0,1.0,1.0,0.0,1.0,correct_flip,resource_game,2,CIPHER,RAVEN,RAVEN,CIPHER
qwen3_8b,cot,cf_0138,1.0,1.0,1.0,1.0,0.0,1.0,correct_flip,abstract_game,3,ZENITH,EMBER,EMBER,ZENITH
qwen3_8b,cot,cf_0139,0.0,1.0,0.0,0.0,1.0,1.0,branching_both,cyber_defense,3,VELVET,VELVET,RAVEN,VELVET
qwen3_8b,cot,cf_0140,1.0,1.0,1.0,1.0,0.0,1.0,correct_flip,tool_agent,3,ORBIT,TIDAL,TIDAL,ORBIT
qwen3_8b,cot,cf_0141,1.0,1.0,1.0,1.0,0.0,1.0,correct_flip,logistics,3,RAVEN,ORBIT,ORBIT,RAVEN
qwen3_8b,cot,cf_0142,0.0,0.0,0.0,1.0,0.0,1.0,reversed_flip,exploration,3,ZENITH,CIPHER,ZENITH,CIPHER
qwen3_8b,cot,cf_0143,0.0,1.0,0.0,0.0,1.0,1.0,branching_both,resource_game,3,WILLOW,WILLOW,VELVET,WILLOW
qwen3_8b,cot,cf_0144,1.0,1.0,1.0,1.0,0.0,1.0,correct_flip,abstract_game,1,WILLOW,ZENITH,ZENITH,WILLOW
qwen3_8b,cot,cf_0145,1.0,1.0,1.0,1.0,0.0,1.0,correct_flip,cyber_defense,1,RAVEN,ORBIT,ORBIT,RAVEN
qwen3_8b,cot,cf_0146,0.0,1.0,0.0,0.0,1.0,1.0,branching_both,tool_agent,1,LANTERN,LANTERN,EMBER,LANTERN
qwen3_8b,cot,cf_0147,1.0,1.0,1.0,1.0,0.0,1.0,correct_flip,logistics,1,RAVEN,LANTERN,LANTERN,RAVEN
qwen3_8b,cot,cf_0148,1.0,1.0,1.0,1.0,0.0,1.0,correct_flip,exploration,1,ZENITH,TIDAL,TIDAL,ZENITH
qwen3_8b,cot,cf_0149,0.0,1.0,0.0,0.0,1.0,1.0,branching_both,resource_game,1,LANTERN,LANTERN,ZENITH,LANTERN
qwen3_8b,cot,cf_0150,1.0,1.0,1.0,1.0,0.0,1.0,correct_flip,abstract_game,2,LANTERN,VELVET,VELVET,LANTERN
qwen3_8b,cot,cf_0151,0.0,1.0,0.0,0.0,1.0,1.0,branching_both,cyber_defense,2,CIPHER,CIPHER,VELVET,CIPHER
qwen3_8b,cot,cf_0152,1.0,1.0,1.0,1.0,0.0,1.0,correct_flip,tool_agent,2,ZENITH,VELVET,VELVET,ZENITH
qwen3_8b,cot,cf_0153,1.0,1.0,1.0,1.0,0.0,1.0,correct_flip,logistics,2,ORBIT,CIPHER,CIPHER,ORBIT
qwen3_8b,cot,cf_0154,0.0,1.0,0.0,0.0,1.0,1.0,branching_both,exploration,2,LANTERN,LANTERN,VELVET,LANTERN
qwen3_8b,cot,cf_0155,0.0,1.0,0.0,0.0,0.0,0.0,unparsed,resource_game,2,RAVEN,,QUARTZ,RAVEN
qwen3_8b,cot,cf_0156,0.0,1.0,0.0,0.0,1.0,1.0,branching_both,abstract_game,3,ZENITH,ZENITH,QUARTZ,ZENITH
qwen3_8b,cot,cf_0157,1.0,1.0,1.0,1.0,0.0,1.0,correct_flip,cyber_defense,3,SUMMIT,EMBER,EMBER,SUMMIT
qwen3_8b,cot,cf_0158,1.0,1.0,1.0,1.0,0.0,1.0,correct_flip,tool_agent,3,KITE,TIDAL,TIDAL,KITE
qwen3_8b,cot,cf_0159,0.0,1.0,0.0,0.0,1.0,1.0,branching_both,logistics,3,VELVET,VELVET,WILLOW,VELVET
qwen3_8b,cot,cf_0160,1.0,1.0,1.0,1.0,0.0,1.0,correct_flip,exploration,3,LANTERN,ORBIT,ORBIT,LANTERN
qwen3_8b,cot,cf_0161,1.0,1.0,1.0,1.0,0.0,1.0,correct_flip,resource_game,3,WILLOW,RAVEN,RAVEN,WILLOW
qwen3_8b,cot,cf_0162,1.0,1.0,1.0,1.0,0.0,1.0,correct_flip,abstract_game,1,TIDAL,LANTERN,LANTERN,TIDAL
qwen3_8b,cot,cf_0163,0.0,0.0,0.0,0.0,0.0,0.0,unparsed,cyber_defense,1,,QUARTZ,TIDAL,QUARTZ
qwen3_8b,cot,cf_0164,1.0,1.0,1.0,1.0,0.0,1.0,correct_flip,tool_agent,1,WILLOW,RAVEN,RAVEN,WILLOW
qwen3_8b,cot,cf_0165,1.0,1.0,1.0,1.0,0.0,1.0,correct_flip,logistics,1,EMBER,LANTERN,LANTERN,EMBER
qwen3_8b,cot,cf_0166,1.0,1.0,1.0,1.0,0.0,1.0,correct_flip,exploration,1,WILLOW,ORBIT,ORBIT,WILLOW
qwen3_8b,cot,cf_0167,1.0,1.0,1.0,1.0,0.0,1.0,correct_flip,resource_game,1,CIPHER,RAVEN,RAVEN,CIPHER
qwen3_8b,cot,cf_0168,0.0,1.0,0.0,0.0,1.0,1.0,branching_both,abstract_game,2,ORBIT,ORBIT,KITE,ORBIT
qwen3_8b,cot,cf_0169,0.0,1.0,0.0,0.0,1.0,1.0,branching_both,cyber_defense,2,LANTERN,LANTERN,EMBER,LANTERN
qwen3_8b,cot,cf_0170,1.0,1.0,1.0,1.0,0.0,1.0,correct_flip,tool_agent,2,RAVEN,ZENITH,ZENITH,RAVEN
qwen3_8b,cot,cf_0171,1.0,1.0,1.0,1.0,0.0,1.0,correct_flip,logistics,2,ZENITH,TIDAL,TIDAL,ZENITH
qwen3_8b,cot,cf_0172,0.0,0.0,1.0,0.0,0.0,0.0,unparsed,exploration,2,,KITE,KITE,QUARTZ
qwen3_8b,cot,cf_0173,1.0,1.0,1.0,1.0,0.0,1.0,correct_flip,resource_game,2,KITE,EMBER,EMBER,KITE
qwen3_8b,cot,cf_0174,0.0,1.0,0.0,0.0,1.0,1.0,branching_both,abstract_game,3,WILLOW,WILLOW,ORBIT,WILLOW
qwen3_8b,cot,cf_0175,1.0,1.0,1.0,1.0,0.0,1.0,correct_flip,cyber_defense,3,EMBER,ZENITH,ZENITH,EMBER
qwen3_8b,cot,cf_0176,1.0,1.0,1.0,1.0,0.0,1.0,correct_flip,tool_agent,3,EMBER,CIPHER,CIPHER,EMBER
qwen3_8b,cot,cf_0177,0.0,0.0,1.0,0.0,1.0,1.0,safe_both,logistics,3,KITE,KITE,KITE,RAVEN
qwen3_8b,cot,cf_0178,0.0,1.0,0.0,0.0,0.0,0.0,unparsed,exploration,3,LANTERN,,QUARTZ,LANTERN
qwen3_8b,cot,cf_0179,1.0,1.0,1.0,1.0,0.0,1.0,correct_flip,resource_game,3,RAVEN,SUMMIT,SUMMIT,RAVEN
qwen3_8b,direct,cf_0000,1.0,1.0,1.0,1.0,0.0,1.0,correct_flip,abstract_game,1,VELVET,TIDAL,TIDAL,VELVET
qwen3_8b,direct,cf_0001,0.0,1.0,0.0,0.0,1.0,1.0,branching_both,cyber_defense,1,KITE,KITE,SUMMIT,KITE
qwen3_8b,direct,cf_0002,1.0,1.0,1.0,1.0,0.0,1.0,correct_flip,tool_agent,1,SUMMIT,WILLOW,WILLOW,SUMMIT
qwen3_8b,direct,cf_0003,1.0,1.0,1.0,1.0,0.0,1.0,correct_flip,logistics,1,EMBER,VELVET,VELVET,EMBER
qwen3_8b,direct,cf_0004,1.0,1.0,1.0,1.0,0.0,1.0,correct_flip,exploration,1,VELVET,RAVEN,RAVEN,VELVET
qwen3_8b,direct,cf_0005,0.0,1.0,0.0,0.0,1.0,1.0,branching_both,resource_game,1,ORBIT,ORBIT,CIPHER,ORBIT
qwen3_8b,direct,cf_0006,1.0,1.0,1.0,1.0,0.0,1.0,correct_flip,abstract_game,2,LANTERN,ZENITH,ZENITH,LANTERN
qwen3_8b,direct,cf_0007,0.0,1.0,0.0,0.0,1.0,1.0,branching_both,cyber_defense,2,SUMMIT,SUMMIT,EMBER,SUMMIT
qwen3_8b,direct,cf_0008,0.0,1.0,0.0,0.0,1.0,1.0,branching_both,tool_agent,2,WILLOW,WILLOW,KITE,WILLOW
qwen3_8b,direct,cf_0009,0.0,1.0,0.0,0.0,1.0,1.0,branching_both,logistics,2,TIDAL,TIDAL,ORBIT,TIDAL
qwen3_8b,direct,cf_0010,0.0,1.0,0.0,0.0,1.0,1.0,branching_both,exploration,2,WILLOW,WILLOW,CIPHER,WILLOW
qwen3_8b,direct,cf_0011,0.0,1.0,0.0,0.0,1.0,1.0,branching_both,resource_game,2,ORBIT,ORBIT,QUARTZ,ORBIT
qwen3_8b,direct,cf_0012,1.0,1.0,1.0,1.0,0.0,1.0,correct_flip,abstract_game,3,VELVET,ORBIT,ORBIT,VELVET
qwen3_8b,direct,cf_0013,0.0,1.0,0.0,0.0,1.0,1.0,branching_both,cyber_defense,3,VELVET,VELVET,QUARTZ,VELVET
qwen3_8b,direct,cf_0014,0.0,1.0,0.0,0.0,1.0,1.0,branching_both,tool_agent,3,ZENITH,ZENITH,EMBER,ZENITH
qwen3_8b,direct,cf_0015,0.0,1.0,0.0,0.0,1.0,1.0,branching_both,logistics,3,WILLOW,WILLOW,LANTERN,WILLOW
qwen3_8b,direct,cf_0016,1.0,1.0,1.0,1.0,0.0,1.0,correct_flip,exploration,3,VELVET,ZENITH,ZENITH,VELVET
qwen3_8b,direct,cf_0017,1.0,1.0,1.0,1.0,0.0,1.0,correct_flip,resource_game,3,QUARTZ,ZENITH,ZENITH,QUARTZ
qwen3_8b,direct,cf_0018,1.0,1.0,1.0,1.0,0.0,1.0,correct_flip,abstract_game,1,VELVET,RAVEN,RAVEN,VELVET
qwen3_8b,direct,cf_0019,1.0,1.0,1.0,1.0,0.0,1.0,correct_flip,cyber_defense,1,TIDAL,SUMMIT,SUMMIT,TIDAL
qwen3_8b,direct,cf_0020,1.0,1.0,1.0,1.0,0.0,1.0,correct_flip,tool_agent,1,QUARTZ,ZENITH,ZENITH,QUARTZ
qwen3_8b,direct,cf_0021,1.0,1.0,1.0,1.0,0.0,1.0,correct_flip,logistics,1,ORBIT,ZENITH,ZENITH,ORBIT
qwen3_8b,direct,cf_0022,0.0,1.0,0.0,0.0,1.0,1.0,branching_both,exploration,1,ZENITH,ZENITH,RAVEN,ZENITH
qwen3_8b,direct,cf_0023,1.0,1.0,1.0,1.0,0.0,1.0,correct_flip,resource_game,1,SUMMIT,KITE,KITE,SUMMIT
qwen3_8b,direct,cf_0024,1.0,1.0,1.0,1.0,0.0,1.0,correct_flip,abstract_game,2,WILLOW,QUARTZ,QUARTZ,WILLOW
qwen3_8b,direct,cf_0025,0.0,1.0,0.0,0.0,1.0,1.0,branching_both,cyber_defense,2,VELVET,VELVET,ORBIT,VELVET
qwen3_8b,direct,cf_0026,0.0,1.0,0.0,0.0,1.0,1.0,branching_both,tool_agent,2,LANTERN,LANTERN,ORBIT,LANTERN
qwen3_8b,direct,cf_0027,0.0,1.0,0.0,0.0,1.0,1.0,branching_both,logistics,2,CIPHER,CIPHER,EMBER,CIPHER
qwen3_8b,direct,cf_0028,0.0,1.0,0.0,0.0,1.0,1.0,branching_both,exploration,2,EMBER,EMBER,ORBIT,EMBER
qwen3_8b,direct,cf_0029,0.0,1.0,0.0,0.0,1.0,1.0,branching_both,resource_game,2,EMBER,EMBER,VELVET,EMBER
qwen3_8b,direct,cf_0030,0.0,1.0,0.0,0.0,1.0,1.0,branching_both,abstract_game,3,ZENITH,ZENITH,TIDAL,ZENITH
qwen3_8b,direct,cf_0031,1.0,1.0,1.0,1.0,0.0,1.0,correct_flip,cyber_defense,3,WILLOW,LANTERN,LANTERN,WILLOW
qwen3_8b,direct,cf_0032,0.0,1.0,0.0,0.0,1.0,1.0,branching_both,tool_agent,3,ORBIT,ORBIT,QUARTZ,ORBIT
qwen3_8b,direct,cf_0033,0.0,1.0,0.0,0.0,1.0,1.0,branching_both,logistics,3,EMBER,EMBER,KITE,EMBER
qwen3_8b,direct,cf_0034,0.0,1.0,0.0,0.0,1.0,1.0,branching_both,exploration,3,VELVET,VELVET,KITE,VELVET
qwen3_8b,direct,cf_0035,1.0,1.0,1.0,1.0,0.0,1.0,correct_flip,resource_game,3,WILLOW,TIDAL,TIDAL,WILLOW
qwen3_8b,direct,cf_0036,1.0,1.0,1.0,1.0,0.0,1.0,correct_flip,abstract_game,1,CIPHER,LANTERN,LANTERN,CIPHER
qwen3_8b,direct,cf_0037,1.0,1.0,1.0,1.0,0.0,1.0,correct_flip,cyber_defense,1,CIPHER,RAVEN,RAVEN,CIPHER
qwen3_8b,direct,cf_0038,1.0,1.0,1.0,1.0,0.0,1.0,correct_flip,tool_agent,1,CIPHER,ZENITH,ZENITH,CIPHER
qwen3_8b,direct,cf_0039,1.0,1.0,1.0,1.0,0.0,1.0,correct_flip,logistics,1,LANTERN,VELVET,VELVET,LANTERN
qwen3_8b,direct,cf_0040,0.0,1.0,0.0,0.0,1.0,1.0,branching_both,exploration,1,VELVET,VELVET,TIDAL,VELVET
qwen3_8b,direct,cf_0041,0.0,1.0,0.0,0.0,1.0,1.0,branching_both,resource_game,1,ZENITH,ZENITH,LANTERN,ZENITH
qwen3_8b,direct,cf_0042,1.0,1.0,1.0,1.0,0.0,1.0,correct_flip,abstract_game,2,WILLOW,RAVEN,RAVEN,WILLOW
qwen3_8b,direct,cf_0043,0.0,1.0,0.0,0.0,1.0,1.0,branching_both,cyber_defense,2,ORBIT,ORBIT,TIDAL,ORBIT
qwen3_8b,direct,cf_0044,0.0,1.0,0.0,0.0,1.0,1.0,branching_both,tool_agent,2,WILLOW,WILLOW,KITE,WILLOW
qwen3_8b,direct,cf_0045,0.0,1.0,0.0,0.0,1.0,1.0,branching_both,logistics,2,CIPHER,CIPHER,WILLOW,CIPHER
qwen3_8b,direct,cf_0046,0.0,1.0,0.0,0.0,1.0,1.0,branching_both,exploration,2,QUARTZ,QUARTZ,ORBIT,QUARTZ
qwen3_8b,direct,cf_0047,1.0,1.0,1.0,1.0,0.0,1.0,correct_flip,resource_game,2,KITE,RAVEN,RAVEN,KITE
qwen3_8b,direct,cf_0048,1.0,1.0,1.0,1.0,0.0,1.0,correct_flip,abstract_game,3,LANTERN,CIPHER,CIPHER,LANTERN
qwen3_8b,direct,cf_0049,1.0,1.0,1.0,1.0,0.0,1.0,correct_flip,cyber_defense,3,RAVEN,VELVET,VELVET,RAVEN
qwen3_8b,direct,cf_0050,0.0,1.0,0.0,0.0,1.0,1.0,branching_both,tool_agent,3,KITE,KITE,LANTERN,KITE
qwen3_8b,direct,cf_0051,0.0,1.0,0.0,0.0,1.0,1.0,branching_both,logistics,3,RAVEN,RAVEN,CIPHER,RAVEN
qwen3_8b,direct,cf_0052,0.0,1.0,0.0,0.0,1.0,1.0,branching_both,exploration,3,CIPHER,CIPHER,RAVEN,CIPHER
qwen3_8b,direct,cf_0053,0.0,1.0,0.0,0.0,1.0,1.0,branching_both,resource_game,3,ZENITH,ZENITH,TIDAL,ZENITH
qwen3_8b,direct,cf_0054,0.0,0.0,1.0,0.0,1.0,1.0,safe_both,abstract_game,1,KITE,KITE,KITE,ORBIT
qwen3_8b,direct,cf_0055,0.0,0.0,1.0,0.0,1.0,1.0,safe_both,cyber_defense,1,ZENITH,ZENITH,ZENITH,RAVEN
qwen3_8b,direct,cf_0056,0.0,1.0,0.0,0.0,1.0,1.0,branching_both,tool_agent,1,SUMMIT,SUMMIT,RAVEN,SUMMIT
qwen3_8b,direct,cf_0057,1.0,1.0,1.0,1.0,0.0,1.0,correct_flip,logistics,1,ORBIT,WILLOW,WILLOW,ORBIT
qwen3_8b,direct,cf_0058,1.0,1.0,1.0,1.0,0.0,1.0,correct_flip,exploration,1,VELVET,CIPHER,CIPHER,VELVET
qwen3_8b,direct,cf_0059,1.0,1.0,1.0,1.0,0.0,1.0,correct_flip,resource_game,1,EMBER,RAVEN,RAVEN,EMBER
qwen3_8b,direct,cf_0060,1.0,1.0,1.0,1.0,0.0,1.0,correct_flip,abstract_game,2,ORBIT,RAVEN,RAVEN,ORBIT
qwen3_8b,direct,cf_0061,0.0,1.0,0.0,0.0,1.0,1.0,branching_both,cyber_defense,2,EMBER,EMBER,CIPHER,EMBER
qwen3_8b,direct,cf_0062,0.0,1.0,0.0,0.0,1.0,1.0,branching_both,tool_agent,2,EMBER,EMBER,VELVET,EMBER
qwen3_8b,direct,cf_0063,0.0,1.0,0.0,0.0,1.0,1.0,branching_both,logistics,2,RAVEN,RAVEN,QUARTZ,RAVEN
qwen3_8b,direct,cf_0064,0.0,1.0,0.0,0.0,1.0,1.0,branching_both,exploration,2,ORBIT,ORBIT,QUARTZ,ORBIT
qwen3_8b,direct,cf_0065,0.0,1.0,0.0,0.0,1.0,1.0,branching_both,resource_game,2,TIDAL,TIDAL,SUMMIT,TIDAL
qwen3_8b,direct,cf_0066,1.0,1.0,1.0,1.0,0.0,1.0,correct_flip,abstract_game,3,TIDAL,VELVET,VELVET,TIDAL
qwen3_8b,direct,cf_0067,0.0,1.0,0.0,0.0,1.0,1.0,branching_both,cyber_defense,3,QUARTZ,QUARTZ,ORBIT,QUARTZ
qwen3_8b,direct,cf_0068,1.0,1.0,1.0,1.0,0.0,1.0,correct_flip,tool_agent,3,KITE,RAVEN,RAVEN,KITE
qwen3_8b,direct,cf_0069,0.0,1.0,0.0,0.0,1.0,1.0,branching_both,logistics,3,QUARTZ,QUARTZ,CIPHER,QUARTZ
qwen3_8b,direct,cf_0070,0.0,1.0,0.0,0.0,1.0,1.0,branching_both,exploration,3,QUARTZ,QUARTZ,RAVEN,QUARTZ
qwen3_8b,direct,cf_0071,1.0,1.0,1.0,1.0,0.0,1.0,correct_flip,resource_game,3,VELVET,CIPHER,CIPHER,VELVET
qwen3_8b,direct,cf_0072,0.0,1.0,0.0,0.0,1.0,1.0,branching_both,abstract_game,1,EMBER,EMBER,WILLOW,EMBER
qwen3_8b,direct,cf_0073,0.0,1.0,0.0,0.0,1.0,1.0,branching_both,cyber_defense,1,SUMMIT,SUMMIT,LANTERN,SUMMIT
qwen3_8b,direct,cf_0074,1.0,1.0,1.0,1.0,0.0,1.0,correct_flip,tool_agent,1,EMBER,WILLOW,WILLOW,EMBER
qwen3_8b,direct,cf_0075,1.0,1.0,1.0,1.0,0.0,1.0,correct_flip,logistics,1,ORBIT,WILLOW,WILLOW,ORBIT
qwen3_8b,direct,cf_0076,0.0,1.0,0.0,0.0,1.0,1.0,branching_both,exploration,1,CIPHER,CIPHER,LANTERN,CIPHER
qwen3_8b,direct,cf_0077,1.0,1.0,1.0,1.0,0.0,1.0,correct_flip,resource_game,1,EMBER,LANTERN,LANTERN,EMBER
qwen3_8b,direct,cf_0078,0.0,1.0,0.0,0.0,1.0,1.0,branching_both,abstract_game,2,QUARTZ,QUARTZ,TIDAL,QUARTZ
qwen3_8b,direct,cf_0079,0.0,1.0,0.0,0.0,1.0,1.0,branching_both,cyber_defense,2,QUARTZ,QUARTZ,SUMMIT,QUARTZ
qwen3_8b,direct,cf_0080,0.0,1.0,0.0,0.0,1.0,1.0,branching_both,tool_agent,2,SUMMIT,SUMMIT,LANTERN,SUMMIT
qwen3_8b,direct,cf_0081,0.0,1.0,0.0,0.0,1.0,1.0,branching_both,logistics,2,ZENITH,ZENITH,EMBER,ZENITH
qwen3_8b,direct,cf_0082,0.0,1.0,0.0,0.0,1.0,1.0,branching_both,exploration,2,QUARTZ,QUARTZ,ZENITH,QUARTZ
qwen3_8b,direct,cf_0083,0.0,1.0,0.0,0.0,1.0,1.0,branching_both,resource_game,2,ORBIT,ORBIT,QUARTZ,ORBIT
qwen3_8b,direct,cf_0084,1.0,1.0,1.0,1.0,0.0,1.0,correct_flip,abstract_game,3,RAVEN,QUARTZ,QUARTZ,RAVEN
qwen3_8b,direct,cf_0085,0.0,1.0,0.0,0.0,1.0,1.0,branching_both,cyber_defense,3,KITE,KITE,CIPHER,KITE
qwen3_8b,direct,cf_0086,0.0,1.0,0.0,0.0,1.0,1.0,branching_both,tool_agent,3,SUMMIT,SUMMIT,ORBIT,SUMMIT
qwen3_8b,direct,cf_0087,0.0,1.0,0.0,0.0,1.0,1.0,branching_both,logistics,3,SUMMIT,SUMMIT,WILLOW,SUMMIT
qwen3_8b,direct,cf_0088,0.0,1.0,0.0,0.0,1.0,1.0,branching_both,exploration,3,TIDAL,TIDAL,CIPHER,TIDAL
qwen3_8b,direct,cf_0089,0.0,1.0,0.0,0.0,1.0,1.0,branching_both,resource_game,3,KITE,KITE,TIDAL,KITE
qwen3_8b,direct,cf_0090,0.0,1.0,0.0,0.0,1.0,1.0,branching_both,abstract_game,1,KITE,KITE,ORBIT,KITE
qwen3_8b,direct,cf_0091,0.0,1.0,0.0,0.0,1.0,1.0,branching_both,cyber_defense,1,CIPHER,CIPHER,KITE,CIPHER
qwen3_8b,direct,cf_0092,1.0,1.0,1.0,1.0,0.0,1.0,correct_flip,tool_agent,1,KITE,SUMMIT,SUMMIT,KITE
qwen3_8b,direct,cf_0093,1.0,1.0,1.0,1.0,0.0,1.0,correct_flip,logistics,1,EMBER,CIPHER,CIPHER,EMBER
qwen3_8b,direct,cf_0094,0.0,1.0,0.0,0.0,1.0,1.0,branching_both,exploration,1,WILLOW,WILLOW,EMBER,WILLOW
qwen3_8b,direct,cf_0095,1.0,1.0,1.0,1.0,0.0,1.0,correct_flip,resource_game,1,RAVEN,KITE,KITE,RAVEN
qwen3_8b,direct,cf_0096,1.0,1.0,1.0,1.0,0.0,1.0,correct_flip,abstract_game,2,LANTERN,VELVET,VELVET,LANTERN
qwen3_8b,direct,cf_0097,0.0,1.0,0.0,0.0,1.0,1.0,branching_both,cyber_defense,2,SUMMIT,SUMMIT,QUARTZ,SUMMIT
qwen3_8b,direct,cf_0098,1.0,1.0,1.0,1.0,0.0,1.0,correct_flip,tool_agent,2,QUARTZ,VELVET,VELVET,QUARTZ
qwen3_8b,direct,cf_0099,0.0,1.0,0.0,0.0,1.0,1.0,branching_both,logistics,2,QUARTZ,QUARTZ,EMBER,QUARTZ
qwen3_8b,direct,cf_0100,0.0,1.0,0.0,0.0,1.0,1.0,branching_both,exploration,2,LANTERN,LANTERN,RAVEN,LANTERN
qwen3_8b,direct,cf_0101,1.0,1.0,1.0,1.0,0.0,1.0,correct_flip,resource_game,2,RAVEN,VELVET,VELVET,RAVEN
qwen3_8b,direct,cf_0102,0.0,1.0,0.0,0.0,1.0,1.0,branching_both,abstract_game,3,ZENITH,ZENITH,ORBIT,ZENITH
qwen3_8b,direct,cf_0103,0.0,1.0,0.0,0.0,1.0,1.0,branching_both,cyber_defense,3,TIDAL,TIDAL,RAVEN,TIDAL
qwen3_8b,direct,cf_0104,1.0,1.0,1.0,1.0,0.0,1.0,correct_flip,tool_agent,3,KITE,SUMMIT,SUMMIT,KITE
qwen3_8b,direct,cf_0105,0.0,1.0,0.0,0.0,1.0,1.0,branching_both,logistics,3,TIDAL,TIDAL,ORBIT,TIDAL
qwen3_8b,direct,cf_0106,0.0,1.0,0.0,0.0,1.0,1.0,branching_both,exploration,3,RAVEN,RAVEN,VELVET,RAVEN
qwen3_8b,direct,cf_0107,0.0,1.0,0.0,0.0,1.0,1.0,branching_both,resource_game,3,EMBER,EMBER,CIPHER,EMBER
qwen3_8b,direct,cf_0108,1.0,1.0,1.0,1.0,0.0,1.0,correct_flip,abstract_game,1,TIDAL,SUMMIT,SUMMIT,TIDAL
qwen3_8b,direct,cf_0109,0.0,1.0,0.0,0.0,1.0,1.0,branching_both,cyber_defense,1,CIPHER,CIPHER,WILLOW,CIPHER
qwen3_8b,direct,cf_0110,1.0,1.0,1.0,1.0,0.0,1.0,correct_flip,tool_agent,1,QUARTZ,WILLOW,WILLOW,QUARTZ
qwen3_8b,direct,cf_0111,1.0,1.0,1.0,1.0,0.0,1.0,correct_flip,logistics,1,VELVET,LANTERN,LANTERN,VELVET
qwen3_8b,direct,cf_0112,1.0,1.0,1.0,1.0,0.0,1.0,correct_flip,exploration,1,WILLOW,TIDAL,TIDAL,WILLOW
qwen3_8b,direct,cf_0113,0.0,1.0,0.0,0.0,1.0,1.0,branching_both,resource_game,1,KITE,KITE,QUARTZ,KITE
qwen3_8b,direct,cf_0114,0.0,1.0,0.0,0.0,1.0,1.0,branching_both,abstract_game,2,RAVEN,RAVEN,KITE,RAVEN
qwen3_8b,direct,cf_0115,0.0,1.0,0.0,0.0,1.0,1.0,branching_both,cyber_defense,2,ZENITH,ZENITH,ORBIT,ZENITH
qwen3_8b,direct,cf_0116,0.0,1.0,0.0,0.0,1.0,1.0,branching_both,tool_agent,2,QUARTZ,QUARTZ,LANTERN,QUARTZ
qwen3_8b,direct,cf_0117,0.0,1.0,0.0,0.0,1.0,1.0,branching_both,logistics,2,VELVET,VELVET,ORBIT,VELVET
qwen3_8b,direct,cf_0118,0.0,1.0,0.0,0.0,1.0,1.0,branching_both,exploration,2,TIDAL,TIDAL,SUMMIT,TIDAL
qwen3_8b,direct,cf_0119,1.0,1.0,1.0,1.0,0.0,1.0,correct_flip,resource_game,2,RAVEN,VELVET,VELVET,RAVEN
qwen3_8b,direct,cf_0120,0.0,1.0,0.0,0.0,1.0,1.0,branching_both,abstract_game,3,ORBIT,ORBIT,WILLOW,ORBIT
qwen3_8b,direct,cf_0121,0.0,1.0,0.0,0.0,1.0,1.0,branching_both,cyber_defense,3,VELVET,VELVET,EMBER,VELVET
qwen3_8b,direct,cf_0122,0.0,1.0,0.0,0.0,1.0,1.0,branching_both,tool_agent,3,SUMMIT,SUMMIT,EMBER,SUMMIT
qwen3_8b,direct,cf_0123,0.0,1.0,0.0,0.0,1.0,1.0,branching_both,logistics,3,WILLOW,WILLOW,ORBIT,WILLOW
qwen3_8b,direct,cf_0124,0.0,1.0,0.0,0.0,1.0,1.0,branching_both,exploration,3,ZENITH,ZENITH,SUMMIT,ZENITH
qwen3_8b,direct,cf_0125,0.0,1.0,0.0,0.0,1.0,1.0,branching_both,resource_game,3,KITE,KITE,TIDAL,KITE
qwen3_8b,direct,cf_0126,1.0,1.0,1.0,1.0,0.0,1.0,correct_flip,abstract_game,1,KITE,CIPHER,CIPHER,KITE
qwen3_8b,direct,cf_0127,1.0,1.0,1.0,1.0,0.0,1.0,correct_flip,cyber_defense,1,QUARTZ,KITE,KITE,QUARTZ
qwen3_8b,direct,cf_0128,1.0,1.0,1.0,1.0,0.0,1.0,correct_flip,tool_agent,1,TIDAL,KITE,KITE,TIDAL
qwen3_8b,direct,cf_0129,1.0,1.0,1.0,1.0,0.0,1.0,correct_flip,logistics,1,CIPHER,WILLOW,WILLOW,CIPHER
qwen3_8b,direct,cf_0130,1.0,1.0,1.0,1.0,0.0,1.0,correct_flip,exploration,1,LANTERN,CIPHER,CIPHER,LANTERN
qwen3_8b,direct,cf_0131,1.0,1.0,1.0,1.0,0.0,1.0,correct_flip,resource_game,1,SUMMIT,ZENITH,ZENITH,SUMMIT
qwen3_8b,direct,cf_0132,1.0,1.0,1.0,1.0,0.0,1.0,correct_flip,abstract_game,2,ORBIT,LANTERN,LANTERN,ORBIT
qwen3_8b,direct,cf_0133,0.0,1.0,0.0,0.0,1.0,1.0,branching_both,cyber_defense,2,SUMMIT,SUMMIT,ORBIT,SUMMIT
qwen3_8b,direct,cf_0134,1.0,1.0,1.0,1.0,0.0,1.0,correct_flip,tool_agent,2,LANTERN,KITE,KITE,LANTERN
qwen3_8b,direct,cf_0135,1.0,1.0,1.0,1.0,0.0,1.0,correct_flip,logistics,2,LANTERN,KITE,KITE,LANTERN
qwen3_8b,direct,cf_0136,0.0,1.0,0.0,0.0,1.0,1.0,branching_both,exploration,2,CIPHER,CIPHER,KITE,CIPHER
qwen3_8b,direct,cf_0137,0.0,1.0,0.0,0.0,1.0,1.0,branching_both,resource_game,2,CIPHER,CIPHER,RAVEN,CIPHER
qwen3_8b,direct,cf_0138,0.0,1.0,0.0,0.0,1.0,1.0,branching_both,abstract_game,3,ZENITH,ZENITH,EMBER,ZENITH
qwen3_8b,direct,cf_0139,0.0,1.0,0.0,0.0,1.0,1.0,branching_both,cyber_defense,3,VELVET,VELVET,RAVEN,VELVET
qwen3_8b,direct,cf_0140,0.0,1.0,0.0,0.0,1.0,1.0,branching_both,tool_agent,3,ORBIT,ORBIT,TIDAL,ORBIT
qwen3_8b,direct,cf_0141,0.0,1.0,0.0,0.0,1.0,1.0,branching_both,logistics,3,RAVEN,RAVEN,ORBIT,RAVEN
qwen3_8b,direct,cf_0142,1.0,1.0,1.0,1.0,0.0,1.0,correct_flip,exploration,3,CIPHER,ZENITH,ZENITH,CIPHER
qwen3_8b,direct,cf_0143,0.0,1.0,0.0,0.0,1.0,1.0,branching_both,resource_game,3,WILLOW,WILLOW,VELVET,WILLOW
qwen3_8b,direct,cf_0144,0.0,0.0,1.0,0.0,1.0,1.0,safe_both,abstract_game,1,ZENITH,ZENITH,ZENITH,WILLOW
qwen3_8b,direct,cf_0145,1.0,1.0,1.0,1.0,0.0,1.0,correct_flip,cyber_defense,1,RAVEN,ORBIT,ORBIT,RAVEN
qwen3_8b,direct,cf_0146,0.0,1.0,0.0,0.0,1.0,1.0,branching_both,tool_agent,1,LANTERN,LANTERN,EMBER,LANTERN
qwen3_8b,direct,cf_0147,1.0,1.0,1.0,1.0,0.0,1.0,correct_flip,logistics,1,RAVEN,LANTERN,LANTERN,RAVEN
qwen3_8b,direct,cf_0148,0.0,1.0,0.0,0.0,1.0,1.0,branching_both,exploration,1,ZENITH,ZENITH,TIDAL,ZENITH
qwen3_8b,direct,cf_0149,0.0,1.0,0.0,0.0,1.0,1.0,branching_both,resource_game,1,LANTERN,LANTERN,ZENITH,LANTERN
qwen3_8b,direct,cf_0150,0.0,1.0,0.0,0.0,1.0,1.0,branching_both,abstract_game,2,LANTERN,LANTERN,VELVET,LANTERN
qwen3_8b,direct,cf_0151,0.0,1.0,0.0,0.0,1.0,1.0,branching_both,cyber_defense,2,CIPHER,CIPHER,VELVET,CIPHER
qwen3_8b,direct,cf_0152,0.0,1.0,0.0,0.0,1.0,1.0,branching_both,tool_agent,2,ZENITH,ZENITH,VELVET,ZENITH
qwen3_8b,direct,cf_0153,1.0,1.0,1.0,1.0,0.0,1.0,correct_flip,logistics,2,ORBIT,CIPHER,CIPHER,ORBIT
qwen3_8b,direct,cf_0154,0.0,1.0,0.0,0.0,1.0,1.0,branching_both,exploration,2,LANTERN,LANTERN,VELVET,LANTERN
qwen3_8b,direct,cf_0155,1.0,1.0,1.0,1.0,0.0,1.0,correct_flip,resource_game,2,RAVEN,QUARTZ,QUARTZ,RAVEN
qwen3_8b,direct,cf_0156,0.0,1.0,0.0,0.0,1.0,1.0,branching_both,abstract_game,3,ZENITH,ZENITH,QUARTZ,ZENITH
qwen3_8b,direct,cf_0157,0.0,1.0,0.0,0.0,1.0,1.0,branching_both,cyber_defense,3,SUMMIT,SUMMIT,EMBER,SUMMIT
qwen3_8b,direct,cf_0158,1.0,1.0,1.0,1.0,0.0,1.0,correct_flip,tool_agent,3,KITE,TIDAL,TIDAL,KITE
qwen3_8b,direct,cf_0159,0.0,1.0,0.0,0.0,1.0,1.0,branching_both,logistics,3,VELVET,VELVET,WILLOW,VELVET
qwen3_8b,direct,cf_0160,0.0,1.0,0.0,0.0,1.0,1.0,branching_both,exploration,3,LANTERN,LANTERN,ORBIT,LANTERN
qwen3_8b,direct,cf_0161,0.0,1.0,0.0,0.0,1.0,1.0,branching_both,resource_game,3,WILLOW,WILLOW,RAVEN,WILLOW
qwen3_8b,direct,cf_0162,1.0,1.0,1.0,1.0,0.0,1.0,correct_flip,abstract_game,1,TIDAL,LANTERN,LANTERN,TIDAL
qwen3_8b,direct,cf_0163,0.0,1.0,0.0,0.0,1.0,1.0,branching_both,cyber_defense,1,QUARTZ,QUARTZ,TIDAL,QUARTZ
qwen3_8b,direct,cf_0164,1.0,1.0,1.0,1.0,0.0,1.0,correct_flip,tool_agent,1,WILLOW,RAVEN,RAVEN,WILLOW
qwen3_8b,direct,cf_0165,0.0,1.0,0.0,0.0,1.0,1.0,branching_both,logistics,1,EMBER,EMBER,LANTERN,EMBER
qwen3_8b,direct,cf_0166,0.0,1.0,0.0,0.0,1.0,1.0,branching_both,exploration,1,WILLOW,WILLOW,ORBIT,WILLOW
qwen3_8b,direct,cf_0167,1.0,1.0,1.0,1.0,0.0,1.0,correct_flip,resource_game,1,CIPHER,RAVEN,RAVEN,CIPHER
qwen3_8b,direct,cf_0168,1.0,1.0,1.0,1.0,0.0,1.0,correct_flip,abstract_game,2,ORBIT,KITE,KITE,ORBIT
qwen3_8b,direct,cf_0169,0.0,1.0,0.0,0.0,1.0,1.0,branching_both,cyber_defense,2,LANTERN,LANTERN,EMBER,LANTERN
qwen3_8b,direct,cf_0170,1.0,1.0,1.0,1.0,0.0,1.0,correct_flip,tool_agent,2,RAVEN,ZENITH,ZENITH,RAVEN
qwen3_8b,direct,cf_0171,0.0,1.0,0.0,0.0,1.0,1.0,branching_both,logistics,2,ZENITH,ZENITH,TIDAL,ZENITH
qwen3_8b,direct,cf_0172,1.0,1.0,1.0,1.0,0.0,1.0,correct_flip,exploration,2,QUARTZ,KITE,KITE,QUARTZ
qwen3_8b,direct,cf_0173,0.0,1.0,0.0,0.0,1.0,1.0,branching_both,resource_game,2,KITE,KITE,EMBER,KITE
qwen3_8b,direct,cf_0174,0.0,1.0,0.0,0.0,1.0,1.0,branching_both,abstract_game,3,WILLOW,WILLOW,ORBIT,WILLOW
qwen3_8b,direct,cf_0175,0.0,1.0,0.0,0.0,1.0,1.0,branching_both,cyber_defense,3,EMBER,EMBER,ZENITH,EMBER
qwen3_8b,direct,cf_0176,0.0,1.0,0.0,0.0,1.0,1.0,branching_both,tool_agent,3,EMBER,EMBER,CIPHER,EMBER
qwen3_8b,direct,cf_0177,0.0,1.0,0.0,0.0,1.0,1.0,branching_both,logistics,3,RAVEN,RAVEN,KITE,RAVEN
qwen3_8b,direct,cf_0178,0.0,1.0,0.0,0.0,1.0,1.0,branching_both,exploration,3,LANTERN,LANTERN,QUARTZ,LANTERN
qwen3_8b,direct,cf_0179,1.0,1.0,1.0,1.0,0.0,1.0,correct_flip,resource_game,3,RAVEN,SUMMIT,SUMMIT,RAVEN
qwen3_8b,local_operator,cf_0000,1.0,1.0,1.0,1.0,0.0,1.0,correct_flip,abstract_game,1,VELVET,TIDAL,TIDAL,VELVET
qwen3_8b,local_operator,cf_0001,0.0,1.0,0.0,0.0,1.0,1.0,branching_both,cyber_defense,1,KITE,KITE,SUMMIT,KITE
qwen3_8b,local_operator,cf_0002,1.0,1.0,1.0,1.0,0.0,1.0,correct_flip,tool_agent,1,SUMMIT,WILLOW,WILLOW,SUMMIT
qwen3_8b,local_operator,cf_0003,1.0,1.0,1.0,1.0,0.0,1.0,correct_flip,logistics,1,EMBER,VELVET,VELVET,EMBER
qwen3_8b,local_operator,cf_0004,1.0,1.0,1.0,1.0,0.0,1.0,correct_flip,exploration,1,VELVET,RAVEN,RAVEN,VELVET
qwen3_8b,local_operator,cf_0005,0.0,1.0,0.0,0.0,1.0,1.0,branching_both,resource_game,1,ORBIT,ORBIT,CIPHER,ORBIT
qwen3_8b,local_operator,cf_0006,1.0,1.0,1.0,1.0,0.0,1.0,correct_flip,abstract_game,2,LANTERN,ZENITH,ZENITH,LANTERN
qwen3_8b,local_operator,cf_0007,0.0,0.0,1.0,0.0,1.0,1.0,safe_both,cyber_defense,2,EMBER,EMBER,EMBER,SUMMIT
qwen3_8b,local_operator,cf_0008,1.0,1.0,1.0,1.0,0.0,1.0,correct_flip,tool_agent,2,WILLOW,KITE,KITE,WILLOW
qwen3_8b,local_operator,cf_0009,1.0,1.0,1.0,1.0,0.0,1.0,correct_flip,logistics,2,TIDAL,ORBIT,ORBIT,TIDAL
qwen3_8b,local_operator,cf_0010,0.0,1.0,0.0,0.0,1.0,1.0,branching_both,exploration,2,WILLOW,WILLOW,CIPHER,WILLOW
qwen3_8b,local_operator,cf_0011,0.0,1.0,0.0,0.0,1.0,1.0,branching_both,resource_game,2,ORBIT,ORBIT,QUARTZ,ORBIT
qwen3_8b,local_operator,cf_0012,1.0,1.0,1.0,1.0,0.0,1.0,correct_flip,abstract_game,3,VELVET,ORBIT,ORBIT,VELVET
qwen3_8b,local_operator,cf_0013,1.0,1.0,1.0,1.0,0.0,1.0,correct_flip,cyber_defense,3,VELVET,QUARTZ,QUARTZ,VELVET
qwen3_8b,local_operator,cf_0014,1.0,1.0,1.0,1.0,0.0,1.0,correct_flip,tool_agent,3,ZENITH,EMBER,EMBER,ZENITH
qwen3_8b,local_operator,cf_0015,1.0,1.0,1.0,1.0,0.0,1.0,correct_flip,logistics,3,WILLOW,LANTERN,LANTERN,WILLOW
qwen3_8b,local_operator,cf_0016,1.0,1.0,1.0,1.0,0.0,1.0,correct_flip,exploration,3,VELVET,ZENITH,ZENITH,VELVET
qwen3_8b,local_operator,cf_0017,1.0,1.0,1.0,1.0,0.0,1.0,correct_flip,resource_game,3,QUARTZ,ZENITH,ZENITH,QUARTZ
qwen3_8b,local_operator,cf_0018,1.0,1.0,1.0,1.0,0.0,1.0,correct_flip,abstract_game,1,VELVET,RAVEN,RAVEN,VELVET
qwen3_8b,local_operator,cf_0019,1.0,1.0,1.0,1.0,0.0,1.0,correct_flip,cyber_defense,1,TIDAL,SUMMIT,SUMMIT,TIDAL
qwen3_8b,local_operator,cf_0020,1.0,1.0,1.0,1.0,0.0,1.0,correct_flip,tool_agent,1,QUARTZ,ZENITH,ZENITH,QUARTZ
qwen3_8b,local_operator,cf_0021,1.0,1.0,1.0,1.0,0.0,1.0,correct_flip,logistics,1,ORBIT,ZENITH,ZENITH,ORBIT
qwen3_8b,local_operator,cf_0022,1.0,1.0,1.0,1.0,0.0,1.0,correct_flip,exploration,1,ZENITH,RAVEN,RAVEN,ZENITH
qwen3_8b,local_operator,cf_0023,1.0,1.0,1.0,1.0,0.0,1.0,correct_flip,resource_game,1,SUMMIT,KITE,KITE,SUMMIT
qwen3_8b,local_operator,cf_0024,1.0,1.0,1.0,1.0,0.0,1.0,correct_flip,abstract_game,2,WILLOW,QUARTZ,QUARTZ,WILLOW
qwen3_8b,local_operator,cf_0025,1.0,1.0,1.0,1.0,0.0,1.0,correct_flip,cyber_defense,2,VELVET,ORBIT,ORBIT,VELVET
qwen3_8b,local_operator,cf_0026,1.0,1.0,1.0,1.0,0.0,1.0,correct_flip,tool_agent,2,LANTERN,ORBIT,ORBIT,LANTERN
qwen3_8b,local_operator,cf_0027,0.0,1.0,0.0,0.0,1.0,1.0,branching_both,logistics,2,CIPHER,CIPHER,EMBER,CIPHER
qwen3_8b,local_operator,cf_0028,1.0,1.0,1.0,1.0,0.0,1.0,correct_flip,exploration,2,EMBER,ORBIT,ORBIT,EMBER
qwen3_8b,local_operator,cf_0029,1.0,1.0,1.0,1.0,0.0,1.0,correct_flip,resource_game,2,EMBER,VELVET,VELVET,EMBER
qwen3_8b,local_operator,cf_0030,0.0,1.0,0.0,0.0,1.0,1.0,branching_both,abstract_game,3,ZENITH,ZENITH,TIDAL,ZENITH
qwen3_8b,local_operator,cf_0031,1.0,1.0,1.0,1.0,0.0,1.0,correct_flip,cyber_defense,3,WILLOW,LANTERN,LANTERN,WILLOW
qwen3_8b,local_operator,cf_0032,1.0,1.0,1.0,1.0,0.0,1.0,correct_flip,tool_agent,3,ORBIT,QUARTZ,QUARTZ,ORBIT
qwen3_8b,local_operator,cf_0033,1.0,1.0,1.0,1.0,0.0,1.0,correct_flip,logistics,3,EMBER,KITE,KITE,EMBER
qwen3_8b,local_operator,cf_0034,1.0,1.0,1.0,1.0,0.0,1.0,correct_flip,exploration,3,VELVET,KITE,KITE,VELVET
qwen3_8b,local_operator,cf_0035,1.0,1.0,1.0,1.0,0.0,1.0,correct_flip,resource_game,3,WILLOW,TIDAL,TIDAL,WILLOW
qwen3_8b,local_operator,cf_0036,1.0,1.0,1.0,1.0,0.0,1.0,correct_flip,abstract_game,1,CIPHER,LANTERN,LANTERN,CIPHER
qwen3_8b,local_operator,cf_0037,1.0,1.0,1.0,1.0,0.0,1.0,correct_flip,cyber_defense,1,CIPHER,RAVEN,RAVEN,CIPHER
qwen3_8b,local_operator,cf_0038,1.0,1.0,1.0,1.0,0.0,1.0,correct_flip,tool_agent,1,CIPHER,ZENITH,ZENITH,CIPHER
qwen3_8b,local_operator,cf_0039,1.0,1.0,1.0,1.0,0.0,1.0,correct_flip,logistics,1,LANTERN,VELVET,VELVET,LANTERN
qwen3_8b,local_operator,cf_0040,0.0,1.0,0.0,0.0,1.0,1.0,branching_both,exploration,1,VELVET,VELVET,TIDAL,VELVET
qwen3_8b,local_operator,cf_0041,1.0,1.0,1.0,1.0,0.0,1.0,correct_flip,resource_game,1,ZENITH,LANTERN,LANTERN,ZENITH
qwen3_8b,local_operator,cf_0042,1.0,1.0,1.0,1.0,0.0,1.0,correct_flip,abstract_game,2,WILLOW,RAVEN,RAVEN,WILLOW
qwen3_8b,local_operator,cf_0043,0.0,1.0,0.0,0.0,1.0,1.0,branching_both,cyber_defense,2,ORBIT,ORBIT,TIDAL,ORBIT
qwen3_8b,local_operator,cf_0044,1.0,1.0,1.0,1.0,0.0,1.0,correct_flip,tool_agent,2,WILLOW,KITE,KITE,WILLOW
qwen3_8b,local_operator,cf_0045,0.0,1.0,0.0,0.0,1.0,1.0,branching_both,logistics,2,CIPHER,CIPHER,WILLOW,CIPHER
qwen3_8b,local_operator,cf_0046,1.0,1.0,1.0,1.0,0.0,1.0,correct_flip,exploration,2,QUARTZ,ORBIT,ORBIT,QUARTZ
qwen3_8b,local_operator,cf_0047,1.0,1.0,1.0,1.0,0.0,1.0,correct_flip,resource_game,2,KITE,RAVEN,RAVEN,KITE
qwen3_8b,local_operator,cf_0048,1.0,1.0,1.0,1.0,0.0,1.0,correct_flip,abstract_game,3,LANTERN,CIPHER,CIPHER,LANTERN
qwen3_8b,local_operator,cf_0049,0.0,0.0,1.0,0.0,1.0,1.0,safe_both,cyber_defense,3,VELVET,VELVET,VELVET,RAVEN
qwen3_8b,local_operator,cf_0050,1.0,1.0,1.0,1.0,0.0,1.0,correct_flip,tool_agent,3,KITE,LANTERN,LANTERN,KITE
qwen3_8b,local_operator,cf_0051,0.0,1.0,0.0,0.0,1.0,1.0,branching_both,logistics,3,RAVEN,RAVEN,CIPHER,RAVEN
qwen3_8b,local_operator,cf_0052,1.0,1.0,1.0,1.0,0.0,1.0,correct_flip,exploration,3,CIPHER,RAVEN,RAVEN,CIPHER
qwen3_8b,local_operator,cf_0053,1.0,1.0,1.0,1.0,0.0,1.0,correct_flip,resource_game,3,ZENITH,TIDAL,TIDAL,ZENITH
qwen3_8b,local_operator,cf_0054,1.0,1.0,1.0,1.0,0.0,1.0,correct_flip,abstract_game,1,ORBIT,KITE,KITE,ORBIT
qwen3_8b,local_operator,cf_0055,1.0,1.0,1.0,1.0,0.0,1.0,correct_flip,cyber_defense,1,RAVEN,ZENITH,ZENITH,RAVEN
qwen3_8b,local_operator,cf_0056,1.0,1.0,1.0,1.0,0.0,1.0,correct_flip,tool_agent,1,SUMMIT,RAVEN,RAVEN,SUMMIT
qwen3_8b,local_operator,cf_0057,1.0,1.0,1.0,1.0,0.0,1.0,correct_flip,logistics,1,ORBIT,WILLOW,WILLOW,ORBIT
qwen3_8b,local_operator,cf_0058,1.0,1.0,1.0,1.0,0.0,1.0,correct_flip,exploration,1,VELVET,CIPHER,CIPHER,VELVET
qwen3_8b,local_operator,cf_0059,1.0,1.0,1.0,1.0,0.0,1.0,correct_flip,resource_game,1,EMBER,RAVEN,RAVEN,EMBER
qwen3_8b,local_operator,cf_0060,1.0,1.0,1.0,1.0,0.0,1.0,correct_flip,abstract_game,2,ORBIT,RAVEN,RAVEN,ORBIT
qwen3_8b,local_operator,cf_0061,1.0,1.0,1.0,1.0,0.0,1.0,correct_flip,cyber_defense,2,EMBER,CIPHER,CIPHER,EMBER
qwen3_8b,local_operator,cf_0062,1.0,1.0,1.0,1.0,0.0,1.0,correct_flip,tool_agent,2,EMBER,VELVET,VELVET,EMBER
qwen3_8b,local_operator,cf_0063,1.0,1.0,1.0,1.0,0.0,1.0,correct_flip,logistics,2,RAVEN,QUARTZ,QUARTZ,RAVEN
qwen3_8b,local_operator,cf_0064,1.0,1.0,1.0,1.0,0.0,1.0,correct_flip,exploration,2,ORBIT,QUARTZ,QUARTZ,ORBIT
qwen3_8b,local_operator,cf_0065,1.0,1.0,1.0,1.0,0.0,1.0,correct_flip,resource_game,2,TIDAL,SUMMIT,SUMMIT,TIDAL
qwen3_8b,local_operator,cf_0066,1.0,1.0,1.0,1.0,0.0,1.0,correct_flip,abstract_game,3,TIDAL,VELVET,VELVET,TIDAL
qwen3_8b,local_operator,cf_0067,1.0,1.0,1.0,1.0,0.0,1.0,correct_flip,cyber_defense,3,QUARTZ,ORBIT,ORBIT,QUARTZ
qwen3_8b,local_operator,cf_0068,1.0,1.0,1.0,1.0,0.0,1.0,correct_flip,tool_agent,3,KITE,RAVEN,RAVEN,KITE
qwen3_8b,local_operator,cf_0069,1.0,1.0,1.0,1.0,0.0,1.0,correct_flip,logistics,3,QUARTZ,CIPHER,CIPHER,QUARTZ
qwen3_8b,local_operator,cf_0070,1.0,1.0,1.0,1.0,0.0,1.0,correct_flip,exploration,3,QUARTZ,RAVEN,RAVEN,QUARTZ
qwen3_8b,local_operator,cf_0071,1.0,1.0,1.0,1.0,0.0,1.0,correct_flip,resource_game,3,VELVET,CIPHER,CIPHER,VELVET
qwen3_8b,local_operator,cf_0072,1.0,1.0,1.0,1.0,0.0,1.0,correct_flip,abstract_game,1,EMBER,WILLOW,WILLOW,EMBER
qwen3_8b,local_operator,cf_0073,0.0,1.0,0.0,0.0,1.0,1.0,branching_both,cyber_defense,1,SUMMIT,SUMMIT,LANTERN,SUMMIT
qwen3_8b,local_operator,cf_0074,1.0,1.0,1.0,1.0,0.0,1.0,correct_flip,tool_agent,1,EMBER,WILLOW,WILLOW,EMBER
qwen3_8b,local_operator,cf_0075,1.0,1.0,1.0,1.0,0.0,1.0,correct_flip,logistics,1,ORBIT,WILLOW,WILLOW,ORBIT
qwen3_8b,local_operator,cf_0076,0.0,1.0,0.0,0.0,1.0,1.0,branching_both,exploration,1,CIPHER,CIPHER,LANTERN,CIPHER
qwen3_8b,local_operator,cf_0077,1.0,1.0,1.0,1.0,0.0,1.0,correct_flip,resource_game,1,EMBER,LANTERN,LANTERN,EMBER
qwen3_8b,local_operator,cf_0078,0.0,1.0,0.0,0.0,1.0,1.0,branching_both,abstract_game,2,QUARTZ,QUARTZ,TIDAL,QUARTZ
qwen3_8b,local_operator,cf_0079,0.0,0.0,1.0,0.0,1.0,1.0,safe_both,cyber_defense,2,SUMMIT,SUMMIT,SUMMIT,QUARTZ
qwen3_8b,local_operator,cf_0080,1.0,1.0,1.0,1.0,0.0,1.0,correct_flip,tool_agent,2,SUMMIT,LANTERN,LANTERN,SUMMIT
qwen3_8b,local_operator,cf_0081,0.0,1.0,0.0,0.0,1.0,1.0,branching_both,logistics,2,ZENITH,ZENITH,EMBER,ZENITH
qwen3_8b,local_operator,cf_0082,1.0,1.0,1.0,1.0,0.0,1.0,correct_flip,exploration,2,QUARTZ,ZENITH,ZENITH,QUARTZ
qwen3_8b,local_operator,cf_0083,1.0,1.0,1.0,1.0,0.0,1.0,correct_flip,resource_game,2,ORBIT,QUARTZ,QUARTZ,ORBIT
qwen3_8b,local_operator,cf_0084,1.0,1.0,1.0,1.0,0.0,1.0,correct_flip,abstract_game,3,RAVEN,QUARTZ,QUARTZ,RAVEN
qwen3_8b,local_operator,cf_0085,0.0,1.0,0.0,0.0,1.0,1.0,branching_both,cyber_defense,3,KITE,KITE,CIPHER,KITE
qwen3_8b,local_operator,cf_0086,1.0,1.0,1.0,1.0,0.0,1.0,correct_flip,tool_agent,3,SUMMIT,ORBIT,ORBIT,SUMMIT
qwen3_8b,local_operator,cf_0087,1.0,1.0,1.0,1.0,0.0,1.0,correct_flip,logistics,3,SUMMIT,WILLOW,WILLOW,SUMMIT
qwen3_8b,local_operator,cf_0088,1.0,1.0,1.0,1.0,0.0,1.0,correct_flip,exploration,3,TIDAL,CIPHER,CIPHER,TIDAL
qwen3_8b,local_operator,cf_0089,0.0,1.0,0.0,0.0,1.0,1.0,branching_both,resource_game,3,KITE,KITE,TIDAL,KITE
qwen3_8b,local_operator,cf_0090,1.0,1.0,1.0,1.0,0.0,1.0,correct_flip,abstract_game,1,KITE,ORBIT,ORBIT,KITE
qwen3_8b,local_operator,cf_0091,0.0,1.0,0.0,0.0,1.0,1.0,branching_both,cyber_defense,1,CIPHER,CIPHER,KITE,CIPHER
qwen3_8b,local_operator,cf_0092,1.0,1.0,1.0,1.0,0.0,1.0,correct_flip,tool_agent,1,KITE,SUMMIT,SUMMIT,KITE
qwen3_8b,local_operator,cf_0093,1.0,1.0,1.0,1.0,0.0,1.0,correct_flip,logistics,1,EMBER,CIPHER,CIPHER,EMBER
qwen3_8b,local_operator,cf_0094,0.0,1.0,0.0,0.0,1.0,1.0,branching_both,exploration,1,WILLOW,WILLOW,EMBER,WILLOW
qwen3_8b,local_operator,cf_0095,1.0,1.0,1.0,1.0,0.0,1.0,correct_flip,resource_game,1,RAVEN,KITE,KITE,RAVEN
qwen3_8b,local_operator,cf_0096,1.0,1.0,1.0,1.0,0.0,1.0,correct_flip,abstract_game,2,LANTERN,VELVET,VELVET,LANTERN
qwen3_8b,local_operator,cf_0097,1.0,1.0,1.0,1.0,0.0,1.0,correct_flip,cyber_defense,2,SUMMIT,QUARTZ,QUARTZ,SUMMIT
qwen3_8b,local_operator,cf_0098,1.0,1.0,1.0,1.0,0.0,1.0,correct_flip,tool_agent,2,QUARTZ,VELVET,VELVET,QUARTZ
qwen3_8b,local_operator,cf_0099,1.0,1.0,1.0,1.0,0.0,1.0,correct_flip,logistics,2,QUARTZ,EMBER,EMBER,QUARTZ
qwen3_8b,local_operator,cf_0100,1.0,1.0,1.0,1.0,0.0,1.0,correct_flip,exploration,2,LANTERN,RAVEN,RAVEN,LANTERN
qwen3_8b,local_operator,cf_0101,1.0,1.0,1.0,1.0,0.0,1.0,correct_flip,resource_game,2,RAVEN,VELVET,VELVET,RAVEN
qwen3_8b,local_operator,cf_0102,1.0,1.0,1.0,1.0,0.0,1.0,correct_flip,abstract_game,3,ZENITH,ORBIT,ORBIT,ZENITH
qwen3_8b,local_operator,cf_0103,0.0,0.0,1.0,0.0,1.0,1.0,safe_both,cyber_defense,3,RAVEN,RAVEN,RAVEN,TIDAL
qwen3_8b,local_operator,cf_0104,1.0,1.0,1.0,1.0,0.0,1.0,correct_flip,tool_agent,3,KITE,SUMMIT,SUMMIT,KITE
qwen3_8b,local_operator,cf_0105,1.0,1.0,1.0,1.0,0.0,1.0,correct_flip,logistics,3,TIDAL,ORBIT,ORBIT,TIDAL
qwen3_8b,local_operator,cf_0106,1.0,1.0,1.0,1.0,0.0,1.0,correct_flip,exploration,3,RAVEN,VELVET,VELVET,RAVEN
qwen3_8b,local_operator,cf_0107,1.0,1.0,1.0,1.0,0.0,1.0,correct_flip,resource_game,3,EMBER,CIPHER,CIPHER,EMBER
qwen3_8b,local_operator,cf_0108,1.0,1.0,1.0,1.0,0.0,1.0,correct_flip,abstract_game,1,TIDAL,SUMMIT,SUMMIT,TIDAL
qwen3_8b,local_operator,cf_0109,0.0,1.0,0.0,0.0,1.0,1.0,branching_both,cyber_defense,1,CIPHER,CIPHER,WILLOW,CIPHER
qwen3_8b,local_operator,cf_0110,1.0,1.0,1.0,1.0,0.0,1.0,correct_flip,tool_agent,1,QUARTZ,WILLOW,WILLOW,QUARTZ
qwen3_8b,local_operator,cf_0111,1.0,1.0,1.0,1.0,0.0,1.0,correct_flip,logistics,1,VELVET,LANTERN,LANTERN,VELVET
qwen3_8b,local_operator,cf_0112,1.0,1.0,1.0,1.0,0.0,1.0,correct_flip,exploration,1,WILLOW,TIDAL,TIDAL,WILLOW
qwen3_8b,local_operator,cf_0113,0.0,1.0,0.0,0.0,1.0,1.0,branching_both,resource_game,1,KITE,KITE,QUARTZ,KITE
qwen3_8b,local_operator,cf_0114,0.0,1.0,0.0,0.0,1.0,1.0,branching_both,abstract_game,2,RAVEN,RAVEN,KITE,RAVEN
qwen3_8b,local_operator,cf_0115,1.0,1.0,1.0,1.0,0.0,1.0,correct_flip,cyber_defense,2,ZENITH,ORBIT,ORBIT,ZENITH
qwen3_8b,local_operator,cf_0116,1.0,1.0,1.0,1.0,0.0,1.0,correct_flip,tool_agent,2,QUARTZ,LANTERN,LANTERN,QUARTZ
qwen3_8b,local_operator,cf_0117,1.0,1.0,1.0,1.0,0.0,1.0,correct_flip,logistics,2,VELVET,ORBIT,ORBIT,VELVET
qwen3_8b,local_operator,cf_0118,1.0,1.0,1.0,1.0,0.0,1.0,correct_flip,exploration,2,TIDAL,SUMMIT,SUMMIT,TIDAL
qwen3_8b,local_operator,cf_0119,1.0,1.0,1.0,1.0,0.0,1.0,correct_flip,resource_game,2,RAVEN,VELVET,VELVET,RAVEN
qwen3_8b,local_operator,cf_0120,0.0,1.0,0.0,0.0,1.0,1.0,branching_both,abstract_game,3,ORBIT,ORBIT,WILLOW,ORBIT
qwen3_8b,local_operator,cf_0121,1.0,1.0,1.0,1.0,0.0,1.0,correct_flip,cyber_defense,3,VELVET,EMBER,EMBER,VELVET
qwen3_8b,local_operator,cf_0122,1.0,1.0,1.0,1.0,0.0,1.0,correct_flip,tool_agent,3,SUMMIT,EMBER,EMBER,SUMMIT
qwen3_8b,local_operator,cf_0123,1.0,1.0,1.0,1.0,0.0,1.0,correct_flip,logistics,3,WILLOW,ORBIT,ORBIT,WILLOW
qwen3_8b,local_operator,cf_0124,1.0,1.0,1.0,1.0,0.0,1.0,correct_flip,exploration,3,ZENITH,SUMMIT,SUMMIT,ZENITH
qwen3_8b,local_operator,cf_0125,1.0,1.0,1.0,1.0,0.0,1.0,correct_flip,resource_game,3,KITE,TIDAL,TIDAL,KITE
qwen3_8b,local_operator,cf_0126,1.0,1.0,1.0,1.0,0.0,1.0,correct_flip,abstract_game,1,KITE,CIPHER,CIPHER,KITE
qwen3_8b,local_operator,cf_0127,1.0,1.0,1.0,1.0,0.0,1.0,correct_flip,cyber_defense,1,QUARTZ,KITE,KITE,QUARTZ
qwen3_8b,local_operator,cf_0128,1.0,1.0,1.0,1.0,0.0,1.0,correct_flip,tool_agent,1,TIDAL,KITE,KITE,TIDAL
qwen3_8b,local_operator,cf_0129,1.0,1.0,1.0,1.0,0.0,1.0,correct_flip,logistics,1,CIPHER,WILLOW,WILLOW,CIPHER
qwen3_8b,local_operator,cf_0130,1.0,1.0,1.0,1.0,0.0,1.0,correct_flip,exploration,1,LANTERN,CIPHER,CIPHER,LANTERN
qwen3_8b,local_operator,cf_0131,1.0,1.0,1.0,1.0,0.0,1.0,correct_flip,resource_game,1,SUMMIT,ZENITH,ZENITH,SUMMIT
qwen3_8b,local_operator,cf_0132,1.0,1.0,1.0,1.0,0.0,1.0,correct_flip,abstract_game,2,ORBIT,LANTERN,LANTERN,ORBIT
qwen3_8b,local_operator,cf_0133,1.0,1.0,1.0,1.0,0.0,1.0,correct_flip,cyber_defense,2,SUMMIT,ORBIT,ORBIT,SUMMIT
qwen3_8b,local_operator,cf_0134,1.0,1.0,1.0,1.0,0.0,1.0,correct_flip,tool_agent,2,LANTERN,KITE,KITE,LANTERN
qwen3_8b,local_operator,cf_0135,1.0,1.0,1.0,1.0,0.0,1.0,correct_flip,logistics,2,LANTERN,KITE,KITE,LANTERN
qwen3_8b,local_operator,cf_0136,0.0,1.0,0.0,0.0,1.0,1.0,branching_both,exploration,2,CIPHER,CIPHER,KITE,CIPHER
qwen3_8b,local_operator,cf_0137,1.0,1.0,1.0,1.0,0.0,1.0,correct_flip,resource_game,2,CIPHER,RAVEN,RAVEN,CIPHER
qwen3_8b,local_operator,cf_0138,1.0,1.0,1.0,1.0,0.0,1.0,correct_flip,abstract_game,3,ZENITH,EMBER,EMBER,ZENITH
qwen3_8b,local_operator,cf_0139,1.0,1.0,1.0,1.0,0.0,1.0,correct_flip,cyber_defense,3,VELVET,RAVEN,RAVEN,VELVET
qwen3_8b,local_operator,cf_0140,0.0,1.0,0.0,0.0,1.0,1.0,branching_both,tool_agent,3,ORBIT,ORBIT,TIDAL,ORBIT
qwen3_8b,local_operator,cf_0141,1.0,1.0,1.0,1.0,0.0,1.0,correct_flip,logistics,3,RAVEN,ORBIT,ORBIT,RAVEN
qwen3_8b,local_operator,cf_0142,1.0,1.0,1.0,1.0,0.0,1.0,correct_flip,exploration,3,CIPHER,ZENITH,ZENITH,CIPHER
qwen3_8b,local_operator,cf_0143,0.0,1.0,0.0,0.0,1.0,1.0,branching_both,resource_game,3,WILLOW,WILLOW,VELVET,WILLOW
qwen3_8b,local_operator,cf_0144,1.0,1.0,1.0,1.0,0.0,1.0,correct_flip,abstract_game,1,WILLOW,ZENITH,ZENITH,WILLOW
qwen3_8b,local_operator,cf_0145,1.0,1.0,1.0,1.0,0.0,1.0,correct_flip,cyber_defense,1,RAVEN,ORBIT,ORBIT,RAVEN
qwen3_8b,local_operator,cf_0146,0.0,1.0,0.0,0.0,1.0,1.0,branching_both,tool_agent,1,LANTERN,LANTERN,EMBER,LANTERN
qwen3_8b,local_operator,cf_0147,1.0,1.0,1.0,1.0,0.0,1.0,correct_flip,logistics,1,RAVEN,LANTERN,LANTERN,RAVEN
qwen3_8b,local_operator,cf_0148,1.0,1.0,1.0,1.0,0.0,1.0,correct_flip,exploration,1,ZENITH,TIDAL,TIDAL,ZENITH
qwen3_8b,local_operator,cf_0149,0.0,1.0,0.0,0.0,1.0,1.0,branching_both,resource_game,1,LANTERN,LANTERN,ZENITH,LANTERN
qwen3_8b,local_operator,cf_0150,0.0,1.0,0.0,0.0,1.0,1.0,branching_both,abstract_game,2,LANTERN,LANTERN,VELVET,LANTERN
qwen3_8b,local_operator,cf_0151,0.0,1.0,0.0,0.0,1.0,1.0,branching_both,cyber_defense,2,CIPHER,CIPHER,VELVET,CIPHER
qwen3_8b,local_operator,cf_0152,1.0,1.0,1.0,1.0,0.0,1.0,correct_flip,tool_agent,2,ZENITH,VELVET,VELVET,ZENITH
qwen3_8b,local_operator,cf_0153,1.0,1.0,1.0,1.0,0.0,1.0,correct_flip,logistics,2,ORBIT,CIPHER,CIPHER,ORBIT
qwen3_8b,local_operator,cf_0154,0.0,1.0,0.0,0.0,1.0,1.0,branching_both,exploration,2,LANTERN,LANTERN,VELVET,LANTERN
qwen3_8b,local_operator,cf_0155,1.0,1.0,1.0,1.0,0.0,1.0,correct_flip,resource_game,2,RAVEN,QUARTZ,QUARTZ,RAVEN
qwen3_8b,local_operator,cf_0156,0.0,1.0,0.0,0.0,1.0,1.0,branching_both,abstract_game,3,ZENITH,ZENITH,QUARTZ,ZENITH
qwen3_8b,local_operator,cf_0157,0.0,1.0,0.0,0.0,1.0,1.0,branching_both,cyber_defense,3,SUMMIT,SUMMIT,EMBER,SUMMIT
qwen3_8b,local_operator,cf_0158,1.0,1.0,1.0,1.0,0.0,1.0,correct_flip,tool_agent,3,KITE,TIDAL,TIDAL,KITE
qwen3_8b,local_operator,cf_0159,1.0,1.0,1.0,1.0,0.0,1.0,correct_flip,logistics,3,VELVET,WILLOW,WILLOW,VELVET
qwen3_8b,local_operator,cf_0160,1.0,1.0,1.0,1.0,0.0,1.0,correct_flip,exploration,3,LANTERN,ORBIT,ORBIT,LANTERN
qwen3_8b,local_operator,cf_0161,1.0,1.0,1.0,1.0,0.0,1.0,correct_flip,resource_game,3,WILLOW,RAVEN,RAVEN,WILLOW
qwen3_8b,local_operator,cf_0162,1.0,1.0,1.0,1.0,0.0,1.0,correct_flip,abstract_game,1,TIDAL,LANTERN,LANTERN,TIDAL
qwen3_8b,local_operator,cf_0163,0.0,1.0,0.0,0.0,1.0,1.0,branching_both,cyber_defense,1,QUARTZ,QUARTZ,TIDAL,QUARTZ
qwen3_8b,local_operator,cf_0164,1.0,1.0,1.0,1.0,0.0,1.0,correct_flip,tool_agent,1,WILLOW,RAVEN,RAVEN,WILLOW
qwen3_8b,local_operator,cf_0165,1.0,1.0,1.0,1.0,0.0,1.0,correct_flip,logistics,1,EMBER,LANTERN,LANTERN,EMBER
qwen3_8b,local_operator,cf_0166,0.0,1.0,0.0,0.0,1.0,1.0,branching_both,exploration,1,WILLOW,WILLOW,ORBIT,WILLOW
qwen3_8b,local_operator,cf_0167,1.0,1.0,1.0,1.0,0.0,1.0,correct_flip,resource_game,1,CIPHER,RAVEN,RAVEN,CIPHER
qwen3_8b,local_operator,cf_0168,1.0,1.0,1.0,1.0,0.0,1.0,correct_flip,abstract_game,2,ORBIT,KITE,KITE,ORBIT
qwen3_8b,local_operator,cf_0169,1.0,1.0,1.0,1.0,0.0,1.0,correct_flip,cyber_defense,2,LANTERN,EMBER,EMBER,LANTERN
qwen3_8b,local_operator,cf_0170,1.0,1.0,1.0,1.0,0.0,1.0,correct_flip,tool_agent,2,RAVEN,ZENITH,ZENITH,RAVEN
qwen3_8b,local_operator,cf_0171,1.0,1.0,1.0,1.0,0.0,1.0,correct_flip,logistics,2,ZENITH,TIDAL,TIDAL,ZENITH
qwen3_8b,local_operator,cf_0172,1.0,1.0,1.0,1.0,0.0,1.0,correct_flip,exploration,2,QUARTZ,KITE,KITE,QUARTZ
qwen3_8b,local_operator,cf_0173,1.0,1.0,1.0,1.0,0.0,1.0,correct_flip,resource_game,2,KITE,EMBER,EMBER,KITE
qwen3_8b,local_operator,cf_0174,0.0,1.0,0.0,0.0,1.0,1.0,branching_both,abstract_game,3,WILLOW,WILLOW,ORBIT,WILLOW
qwen3_8b,local_operator,cf_0175,1.0,1.0,1.0,1.0,0.0,1.0,correct_flip,cyber_defense,3,EMBER,ZENITH,ZENITH,EMBER
qwen3_8b,local_operator,cf_0176,1.0,1.0,1.0,1.0,0.0,1.0,correct_flip,tool_agent,3,EMBER,CIPHER,CIPHER,EMBER
qwen3_8b,local_operator,cf_0177,1.0,1.0,1.0,1.0,0.0,1.0,correct_flip,logistics,3,RAVEN,KITE,KITE,RAVEN
qwen3_8b,local_operator,cf_0178,0.0,1.0,0.0,0.0,1.0,1.0,branching_both,exploration,3,LANTERN,LANTERN,QUARTZ,LANTERN
qwen3_8b,local_operator,cf_0179,1.0,1.0,1.0,1.0,0.0,1.0,correct_flip,resource_game,3,RAVEN,SUMMIT,SUMMIT,RAVEN
qwen3_8b,positive_operator,cf_0000,1.0,1.0,1.0,1.0,0.0,1.0,correct_flip,abstract_game,1,VELVET,TIDAL,TIDAL,VELVET
qwen3_8b,positive_operator,cf_0001,0.0,1.0,0.0,0.0,1.0,1.0,branching_both,cyber_defense,1,KITE,KITE,SUMMIT,KITE
qwen3_8b,positive_operator,cf_0002,1.0,1.0,1.0,1.0,0.0,1.0,correct_flip,tool_agent,1,SUMMIT,WILLOW,WILLOW,SUMMIT
qwen3_8b,positive_operator,cf_0003,1.0,1.0,1.0,1.0,0.0,1.0,correct_flip,logistics,1,EMBER,VELVET,VELVET,EMBER
qwen3_8b,positive_operator,cf_0004,1.0,1.0,1.0,1.0,0.0,1.0,correct_flip,exploration,1,VELVET,RAVEN,RAVEN,VELVET
qwen3_8b,positive_operator,cf_0005,0.0,1.0,0.0,0.0,1.0,1.0,branching_both,resource_game,1,ORBIT,ORBIT,CIPHER,ORBIT
qwen3_8b,positive_operator,cf_0006,1.0,1.0,1.0,1.0,0.0,1.0,correct_flip,abstract_game,2,LANTERN,ZENITH,ZENITH,LANTERN
qwen3_8b,positive_operator,cf_0007,1.0,1.0,1.0,1.0,0.0,1.0,correct_flip,cyber_defense,2,SUMMIT,EMBER,EMBER,SUMMIT
qwen3_8b,positive_operator,cf_0008,1.0,1.0,1.0,1.0,0.0,1.0,correct_flip,tool_agent,2,WILLOW,KITE,KITE,WILLOW
qwen3_8b,positive_operator,cf_0009,0.0,0.0,1.0,0.0,1.0,1.0,safe_both,logistics,2,ORBIT,ORBIT,ORBIT,TIDAL
qwen3_8b,positive_operator,cf_0010,0.0,1.0,0.0,0.0,1.0,1.0,branching_both,exploration,2,WILLOW,WILLOW,CIPHER,WILLOW
qwen3_8b,positive_operator,cf_0011,1.0,1.0,1.0,1.0,0.0,1.0,correct_flip,resource_game,2,ORBIT,QUARTZ,QUARTZ,ORBIT
qwen3_8b,positive_operator,cf_0012,1.0,1.0,1.0,1.0,0.0,1.0,correct_flip,abstract_game,3,VELVET,ORBIT,ORBIT,VELVET
qwen3_8b,positive_operator,cf_0013,1.0,1.0,1.0,1.0,0.0,1.0,correct_flip,cyber_defense,3,VELVET,QUARTZ,QUARTZ,VELVET
qwen3_8b,positive_operator,cf_0014,0.0,1.0,0.0,0.0,1.0,1.0,branching_both,tool_agent,3,ZENITH,ZENITH,EMBER,ZENITH
qwen3_8b,positive_operator,cf_0015,1.0,1.0,1.0,1.0,0.0,1.0,correct_flip,logistics,3,WILLOW,LANTERN,LANTERN,WILLOW
qwen3_8b,positive_operator,cf_0016,1.0,1.0,1.0,1.0,0.0,1.0,correct_flip,exploration,3,VELVET,ZENITH,ZENITH,VELVET
qwen3_8b,positive_operator,cf_0017,1.0,1.0,1.0,1.0,0.0,1.0,correct_flip,resource_game,3,QUARTZ,ZENITH,ZENITH,QUARTZ
qwen3_8b,positive_operator,cf_0018,1.0,1.0,1.0,1.0,0.0,1.0,correct_flip,abstract_game,1,VELVET,RAVEN,RAVEN,VELVET
qwen3_8b,positive_operator,cf_0019,0.0,1.0,0.0,0.0,1.0,1.0,branching_both,cyber_defense,1,TIDAL,TIDAL,SUMMIT,TIDAL
qwen3_8b,positive_operator,cf_0020,1.0,1.0,1.0,1.0,0.0,1.0,correct_flip,tool_agent,1,QUARTZ,ZENITH,ZENITH,QUARTZ
qwen3_8b,positive_operator,cf_0021,1.0,1.0,1.0,1.0,0.0,1.0,correct_flip,logistics,1,ORBIT,ZENITH,ZENITH,ORBIT
qwen3_8b,positive_operator,cf_0022,1.0,1.0,1.0,1.0,0.0,1.0,correct_flip,exploration,1,ZENITH,RAVEN,RAVEN,ZENITH
qwen3_8b,positive_operator,cf_0023,1.0,1.0,1.0,1.0,0.0,1.0,correct_flip,resource_game,1,SUMMIT,KITE,KITE,SUMMIT
qwen3_8b,positive_operator,cf_0024,1.0,1.0,1.0,1.0,0.0,1.0,correct_flip,abstract_game,2,WILLOW,QUARTZ,QUARTZ,WILLOW
qwen3_8b,positive_operator,cf_0025,0.0,1.0,0.0,0.0,1.0,1.0,branching_both,cyber_defense,2,VELVET,VELVET,ORBIT,VELVET
qwen3_8b,positive_operator,cf_0026,1.0,1.0,1.0,1.0,0.0,1.0,correct_flip,tool_agent,2,LANTERN,ORBIT,ORBIT,LANTERN
qwen3_8b,positive_operator,cf_0027,0.0,1.0,0.0,0.0,1.0,1.0,branching_both,logistics,2,CIPHER,CIPHER,EMBER,CIPHER
qwen3_8b,positive_operator,cf_0028,1.0,1.0,1.0,1.0,0.0,1.0,correct_flip,exploration,2,EMBER,ORBIT,ORBIT,EMBER
qwen3_8b,positive_operator,cf_0029,1.0,1.0,1.0,1.0,0.0,1.0,correct_flip,resource_game,2,EMBER,VELVET,VELVET,EMBER
qwen3_8b,positive_operator,cf_0030,1.0,1.0,1.0,1.0,0.0,1.0,correct_flip,abstract_game,3,ZENITH,TIDAL,TIDAL,ZENITH
qwen3_8b,positive_operator,cf_0031,1.0,1.0,1.0,1.0,0.0,1.0,correct_flip,cyber_defense,3,WILLOW,LANTERN,LANTERN,WILLOW
qwen3_8b,positive_operator,cf_0032,0.0,1.0,0.0,0.0,1.0,1.0,branching_both,tool_agent,3,ORBIT,ORBIT,QUARTZ,ORBIT
qwen3_8b,positive_operator,cf_0033,1.0,1.0,1.0,1.0,0.0,1.0,correct_flip,logistics,3,EMBER,KITE,KITE,EMBER
qwen3_8b,positive_operator,cf_0034,1.0,1.0,1.0,1.0,0.0,1.0,correct_flip,exploration,3,VELVET,KITE,KITE,VELVET
qwen3_8b,positive_operator,cf_0035,1.0,1.0,1.0,1.0,0.0,1.0,correct_flip,resource_game,3,WILLOW,TIDAL,TIDAL,WILLOW
qwen3_8b,positive_operator,cf_0036,1.0,1.0,1.0,1.0,0.0,1.0,correct_flip,abstract_game,1,CIPHER,LANTERN,LANTERN,CIPHER
qwen3_8b,positive_operator,cf_0037,1.0,1.0,1.0,1.0,0.0,1.0,correct_flip,cyber_defense,1,CIPHER,RAVEN,RAVEN,CIPHER
qwen3_8b,positive_operator,cf_0038,1.0,1.0,1.0,1.0,0.0,1.0,correct_flip,tool_agent,1,CIPHER,ZENITH,ZENITH,CIPHER
qwen3_8b,positive_operator,cf_0039,1.0,1.0,1.0,1.0,0.0,1.0,correct_flip,logistics,1,LANTERN,VELVET,VELVET,LANTERN
qwen3_8b,positive_operator,cf_0040,1.0,1.0,1.0,1.0,0.0,1.0,correct_flip,exploration,1,VELVET,TIDAL,TIDAL,VELVET
qwen3_8b,positive_operator,cf_0041,1.0,1.0,1.0,1.0,0.0,1.0,correct_flip,resource_game,1,ZENITH,LANTERN,LANTERN,ZENITH
qwen3_8b,positive_operator,cf_0042,1.0,1.0,1.0,1.0,0.0,1.0,correct_flip,abstract_game,2,WILLOW,RAVEN,RAVEN,WILLOW
qwen3_8b,positive_operator,cf_0043,1.0,1.0,1.0,1.0,0.0,1.0,correct_flip,cyber_defense,2,ORBIT,TIDAL,TIDAL,ORBIT
qwen3_8b,positive_operator,cf_0044,1.0,1.0,1.0,1.0,0.0,1.0,correct_flip,tool_agent,2,WILLOW,KITE,KITE,WILLOW
qwen3_8b,positive_operator,cf_0045,0.0,1.0,0.0,0.0,1.0,1.0,branching_both,logistics,2,CIPHER,CIPHER,WILLOW,CIPHER
qwen3_8b,positive_operator,cf_0046,1.0,1.0,1.0,1.0,0.0,1.0,correct_flip,exploration,2,QUARTZ,ORBIT,ORBIT,QUARTZ
qwen3_8b,positive_operator,cf_0047,1.0,1.0,1.0,1.0,0.0,1.0,correct_flip,resource_game,2,KITE,RAVEN,RAVEN,KITE
qwen3_8b,positive_operator,cf_0048,1.0,1.0,1.0,1.0,0.0,1.0,correct_flip,abstract_game,3,LANTERN,CIPHER,CIPHER,LANTERN
qwen3_8b,positive_operator,cf_0049,0.0,0.0,1.0,0.0,1.0,1.0,safe_both,cyber_defense,3,VELVET,VELVET,VELVET,RAVEN
qwen3_8b,positive_operator,cf_0050,1.0,1.0,1.0,1.0,0.0,1.0,correct_flip,tool_agent,3,KITE,LANTERN,LANTERN,KITE
qwen3_8b,positive_operator,cf_0051,1.0,1.0,1.0,1.0,0.0,1.0,correct_flip,logistics,3,RAVEN,CIPHER,CIPHER,RAVEN
qwen3_8b,positive_operator,cf_0052,1.0,1.0,1.0,1.0,0.0,1.0,correct_flip,exploration,3,CIPHER,RAVEN,RAVEN,CIPHER
qwen3_8b,positive_operator,cf_0053,1.0,1.0,1.0,1.0,0.0,1.0,correct_flip,resource_game,3,ZENITH,TIDAL,TIDAL,ZENITH
qwen3_8b,positive_operator,cf_0054,1.0,1.0,1.0,1.0,0.0,1.0,correct_flip,abstract_game,1,ORBIT,KITE,KITE,ORBIT
qwen3_8b,positive_operator,cf_0055,1.0,1.0,1.0,1.0,0.0,1.0,correct_flip,cyber_defense,1,RAVEN,ZENITH,ZENITH,RAVEN
qwen3_8b,positive_operator,cf_0056,1.0,1.0,1.0,1.0,0.0,1.0,correct_flip,tool_agent,1,SUMMIT,RAVEN,RAVEN,SUMMIT
qwen3_8b,positive_operator,cf_0057,1.0,1.0,1.0,1.0,0.0,1.0,correct_flip,logistics,1,ORBIT,WILLOW,WILLOW,ORBIT
qwen3_8b,positive_operator,cf_0058,1.0,1.0,1.0,1.0,0.0,1.0,correct_flip,exploration,1,VELVET,CIPHER,CIPHER,VELVET
qwen3_8b,positive_operator,cf_0059,1.0,1.0,1.0,1.0,0.0,1.0,correct_flip,resource_game,1,EMBER,RAVEN,RAVEN,EMBER
qwen3_8b,positive_operator,cf_0060,1.0,1.0,1.0,1.0,0.0,1.0,correct_flip,abstract_game,2,ORBIT,RAVEN,RAVEN,ORBIT
qwen3_8b,positive_operator,cf_0061,0.0,0.0,0.0,1.0,0.0,1.0,reversed_flip,cyber_defense,2,CIPHER,EMBER,CIPHER,EMBER
qwen3_8b,positive_operator,cf_0062,1.0,1.0,1.0,1.0,0.0,1.0,correct_flip,tool_agent,2,EMBER,VELVET,VELVET,EMBER
qwen3_8b,positive_operator,cf_0063,1.0,1.0,1.0,1.0,0.0,1.0,correct_flip,logistics,2,RAVEN,QUARTZ,QUARTZ,RAVEN
qwen3_8b,positive_operator,cf_0064,1.0,1.0,1.0,1.0,0.0,1.0,correct_flip,exploration,2,ORBIT,QUARTZ,QUARTZ,ORBIT
qwen3_8b,positive_operator,cf_0065,1.0,1.0,1.0,1.0,0.0,1.0,correct_flip,resource_game,2,TIDAL,SUMMIT,SUMMIT,TIDAL
qwen3_8b,positive_operator,cf_0066,1.0,1.0,1.0,1.0,0.0,1.0,correct_flip,abstract_game,3,TIDAL,VELVET,VELVET,TIDAL
qwen3_8b,positive_operator,cf_0067,1.0,1.0,1.0,1.0,0.0,1.0,correct_flip,cyber_defense,3,QUARTZ,ORBIT,ORBIT,QUARTZ
qwen3_8b,positive_operator,cf_0068,1.0,1.0,1.0,1.0,0.0,1.0,correct_flip,tool_agent,3,KITE,RAVEN,RAVEN,KITE
qwen3_8b,positive_operator,cf_0069,1.0,1.0,1.0,1.0,0.0,1.0,correct_flip,logistics,3,QUARTZ,CIPHER,CIPHER,QUARTZ
qwen3_8b,positive_operator,cf_0070,0.0,1.0,0.0,0.0,1.0,1.0,branching_both,exploration,3,QUARTZ,QUARTZ,RAVEN,QUARTZ
qwen3_8b,positive_operator,cf_0071,0.0,0.0,1.0,0.0,1.0,1.0,safe_both,resource_game,3,CIPHER,CIPHER,CIPHER,VELVET
qwen3_8b,positive_operator,cf_0072,0.0,1.0,0.0,0.0,1.0,1.0,branching_both,abstract_game,1,EMBER,EMBER,WILLOW,EMBER
qwen3_8b,positive_operator,cf_0073,0.0,1.0,0.0,0.0,1.0,1.0,branching_both,cyber_defense,1,SUMMIT,SUMMIT,LANTERN,SUMMIT
qwen3_8b,positive_operator,cf_0074,1.0,1.0,1.0,1.0,0.0,1.0,correct_flip,tool_agent,1,EMBER,WILLOW,WILLOW,EMBER
qwen3_8b,positive_operator,cf_0075,1.0,1.0,1.0,1.0,0.0,1.0,correct_flip,logistics,1,ORBIT,WILLOW,WILLOW,ORBIT
qwen3_8b,positive_operator,cf_0076,0.0,1.0,0.0,0.0,1.0,1.0,branching_both,exploration,1,CIPHER,CIPHER,LANTERN,CIPHER
qwen3_8b,positive_operator,cf_0077,1.0,1.0,1.0,1.0,0.0,1.0,correct_flip,resource_game,1,EMBER,LANTERN,LANTERN,EMBER
qwen3_8b,positive_operator,cf_0078,1.0,1.0,1.0,1.0,0.0,1.0,correct_flip,abstract_game,2,QUARTZ,TIDAL,TIDAL,QUARTZ
qwen3_8b,positive_operator,cf_0079,1.0,1.0,1.0,1.0,0.0,1.0,correct_flip,cyber_defense,2,QUARTZ,SUMMIT,SUMMIT,QUARTZ
qwen3_8b,positive_operator,cf_0080,1.0,1.0,1.0,1.0,0.0,1.0,correct_flip,tool_agent,2,SUMMIT,LANTERN,LANTERN,SUMMIT
qwen3_8b,positive_operator,cf_0081,1.0,1.0,1.0,1.0,0.0,1.0,correct_flip,logistics,2,ZENITH,EMBER,EMBER,ZENITH
qwen3_8b,positive_operator,cf_0082,0.0,1.0,0.0,0.0,1.0,1.0,branching_both,exploration,2,QUARTZ,QUARTZ,ZENITH,QUARTZ
qwen3_8b,positive_operator,cf_0083,1.0,1.0,1.0,1.0,0.0,1.0,correct_flip,resource_game,2,ORBIT,QUARTZ,QUARTZ,ORBIT
qwen3_8b,positive_operator,cf_0084,1.0,1.0,1.0,1.0,0.0,1.0,correct_flip,abstract_game,3,RAVEN,QUARTZ,QUARTZ,RAVEN
qwen3_8b,positive_operator,cf_0085,0.0,1.0,0.0,0.0,1.0,1.0,branching_both,cyber_defense,3,KITE,KITE,CIPHER,KITE
qwen3_8b,positive_operator,cf_0086,1.0,1.0,1.0,1.0,0.0,1.0,correct_flip,tool_agent,3,SUMMIT,ORBIT,ORBIT,SUMMIT
qwen3_8b,positive_operator,cf_0087,1.0,1.0,1.0,1.0,0.0,1.0,correct_flip,logistics,3,SUMMIT,WILLOW,WILLOW,SUMMIT
qwen3_8b,positive_operator,cf_0088,1.0,1.0,1.0,1.0,0.0,1.0,correct_flip,exploration,3,TIDAL,CIPHER,CIPHER,TIDAL
qwen3_8b,positive_operator,cf_0089,1.0,1.0,1.0,1.0,0.0,1.0,correct_flip,resource_game,3,KITE,TIDAL,TIDAL,KITE
qwen3_8b,positive_operator,cf_0090,0.0,1.0,0.0,0.0,1.0,1.0,branching_both,abstract_game,1,KITE,KITE,ORBIT,KITE
qwen3_8b,positive_operator,cf_0091,0.0,1.0,0.0,0.0,1.0,1.0,branching_both,cyber_defense,1,CIPHER,CIPHER,KITE,CIPHER
qwen3_8b,positive_operator,cf_0092,1.0,1.0,1.0,1.0,0.0,1.0,correct_flip,tool_agent,1,KITE,SUMMIT,SUMMIT,KITE
qwen3_8b,positive_operator,cf_0093,1.0,1.0,1.0,1.0,0.0,1.0,correct_flip,logistics,1,EMBER,CIPHER,CIPHER,EMBER
qwen3_8b,positive_operator,cf_0094,0.0,1.0,0.0,0.0,1.0,1.0,branching_both,exploration,1,WILLOW,WILLOW,EMBER,WILLOW
qwen3_8b,positive_operator,cf_0095,1.0,1.0,1.0,1.0,0.0,1.0,correct_flip,resource_game,1,RAVEN,KITE,KITE,RAVEN
qwen3_8b,positive_operator,cf_0096,0.0,0.0,1.0,0.0,1.0,1.0,safe_both,abstract_game,2,VELVET,VELVET,VELVET,LANTERN
qwen3_8b,positive_operator,cf_0097,1.0,1.0,1.0,1.0,0.0,1.0,correct_flip,cyber_defense,2,SUMMIT,QUARTZ,QUARTZ,SUMMIT
qwen3_8b,positive_operator,cf_0098,0.0,0.0,1.0,0.0,1.0,1.0,safe_both,tool_agent,2,VELVET,VELVET,VELVET,QUARTZ
qwen3_8b,positive_operator,cf_0099,1.0,1.0,1.0,1.0,0.0,1.0,correct_flip,logistics,2,QUARTZ,EMBER,EMBER,QUARTZ
qwen3_8b,positive_operator,cf_0100,1.0,1.0,1.0,1.0,0.0,1.0,correct_flip,exploration,2,LANTERN,RAVEN,RAVEN,LANTERN
qwen3_8b,positive_operator,cf_0101,1.0,1.0,1.0,1.0,0.0,1.0,correct_flip,resource_game,2,RAVEN,VELVET,VELVET,RAVEN
qwen3_8b,positive_operator,cf_0102,0.0,1.0,0.0,0.0,1.0,1.0,branching_both,abstract_game,3,ZENITH,ZENITH,ORBIT,ZENITH
qwen3_8b,positive_operator,cf_0103,1.0,1.0,1.0,1.0,0.0,1.0,correct_flip,cyber_defense,3,TIDAL,RAVEN,RAVEN,TIDAL
qwen3_8b,positive_operator,cf_0104,1.0,1.0,1.0,1.0,0.0,1.0,correct_flip,tool_agent,3,KITE,SUMMIT,SUMMIT,KITE
qwen3_8b,positive_operator,cf_0105,1.0,1.0,1.0,1.0,0.0,1.0,correct_flip,logistics,3,TIDAL,ORBIT,ORBIT,TIDAL
qwen3_8b,positive_operator,cf_0106,1.0,1.0,1.0,1.0,0.0,1.0,correct_flip,exploration,3,RAVEN,VELVET,VELVET,RAVEN
qwen3_8b,positive_operator,cf_0107,1.0,1.0,1.0,1.0,0.0,1.0,correct_flip,resource_game,3,EMBER,CIPHER,CIPHER,EMBER
qwen3_8b,positive_operator,cf_0108,1.0,1.0,1.0,1.0,0.0,1.0,correct_flip,abstract_game,1,TIDAL,SUMMIT,SUMMIT,TIDAL
qwen3_8b,positive_operator,cf_0109,0.0,1.0,0.0,0.0,1.0,1.0,branching_both,cyber_defense,1,CIPHER,CIPHER,WILLOW,CIPHER
qwen3_8b,positive_operator,cf_0110,1.0,1.0,1.0,1.0,0.0,1.0,correct_flip,tool_agent,1,QUARTZ,WILLOW,WILLOW,QUARTZ
qwen3_8b,positive_operator,cf_0111,1.0,1.0,1.0,1.0,0.0,1.0,correct_flip,logistics,1,VELVET,LANTERN,LANTERN,VELVET
qwen3_8b,positive_operator,cf_0112,1.0,1.0,1.0,1.0,0.0,1.0,correct_flip,exploration,1,WILLOW,TIDAL,TIDAL,WILLOW
qwen3_8b,positive_operator,cf_0113,0.0,1.0,0.0,0.0,1.0,1.0,branching_both,resource_game,1,KITE,KITE,QUARTZ,KITE
qwen3_8b,positive_operator,cf_0114,0.0,1.0,0.0,0.0,1.0,1.0,branching_both,abstract_game,2,RAVEN,RAVEN,KITE,RAVEN
qwen3_8b,positive_operator,cf_0115,1.0,1.0,1.0,1.0,0.0,1.0,correct_flip,cyber_defense,2,ZENITH,ORBIT,ORBIT,ZENITH
qwen3_8b,positive_operator,cf_0116,1.0,1.0,1.0,1.0,0.0,1.0,correct_flip,tool_agent,2,QUARTZ,LANTERN,LANTERN,QUARTZ
qwen3_8b,positive_operator,cf_0117,1.0,1.0,1.0,1.0,0.0,1.0,correct_flip,logistics,2,VELVET,ORBIT,ORBIT,VELVET
qwen3_8b,positive_operator,cf_0118,1.0,1.0,1.0,1.0,0.0,1.0,correct_flip,exploration,2,TIDAL,SUMMIT,SUMMIT,TIDAL
qwen3_8b,positive_operator,cf_0119,1.0,1.0,1.0,1.0,0.0,1.0,correct_flip,resource_game,2,RAVEN,VELVET,VELVET,RAVEN
qwen3_8b,positive_operator,cf_0120,0.0,1.0,0.0,0.0,1.0,1.0,branching_both,abstract_game,3,ORBIT,ORBIT,WILLOW,ORBIT
qwen3_8b,positive_operator,cf_0121,1.0,1.0,1.0,1.0,0.0,1.0,correct_flip,cyber_defense,3,VELVET,EMBER,EMBER,VELVET
qwen3_8b,positive_operator,cf_0122,1.0,1.0,1.0,1.0,0.0,1.0,correct_flip,tool_agent,3,SUMMIT,EMBER,EMBER,SUMMIT
qwen3_8b,positive_operator,cf_0123,0.0,0.0,1.0,0.0,1.0,1.0,safe_both,logistics,3,ORBIT,ORBIT,ORBIT,WILLOW
qwen3_8b,positive_operator,cf_0124,1.0,1.0,1.0,1.0,0.0,1.0,correct_flip,exploration,3,ZENITH,SUMMIT,SUMMIT,ZENITH
qwen3_8b,positive_operator,cf_0125,1.0,1.0,1.0,1.0,0.0,1.0,correct_flip,resource_game,3,KITE,TIDAL,TIDAL,KITE
qwen3_8b,positive_operator,cf_0126,1.0,1.0,1.0,1.0,0.0,1.0,correct_flip,abstract_game,1,KITE,CIPHER,CIPHER,KITE
qwen3_8b,positive_operator,cf_0127,1.0,1.0,1.0,1.0,0.0,1.0,correct_flip,cyber_defense,1,QUARTZ,KITE,KITE,QUARTZ
qwen3_8b,positive_operator,cf_0128,1.0,1.0,1.0,1.0,0.0,1.0,correct_flip,tool_agent,1,TIDAL,KITE,KITE,TIDAL
qwen3_8b,positive_operator,cf_0129,1.0,1.0,1.0,1.0,0.0,1.0,correct_flip,logistics,1,CIPHER,WILLOW,WILLOW,CIPHER
qwen3_8b,positive_operator,cf_0130,1.0,1.0,1.0,1.0,0.0,1.0,correct_flip,exploration,1,LANTERN,CIPHER,CIPHER,LANTERN
qwen3_8b,positive_operator,cf_0131,1.0,1.0,1.0,1.0,0.0,1.0,correct_flip,resource_game,1,SUMMIT,ZENITH,ZENITH,SUMMIT
qwen3_8b,positive_operator,cf_0132,1.0,1.0,1.0,1.0,0.0,1.0,correct_flip,abstract_game,2,ORBIT,LANTERN,LANTERN,ORBIT
qwen3_8b,positive_operator,cf_0133,1.0,1.0,1.0,1.0,0.0,1.0,correct_flip,cyber_defense,2,SUMMIT,ORBIT,ORBIT,SUMMIT
qwen3_8b,positive_operator,cf_0134,1.0,1.0,1.0,1.0,0.0,1.0,correct_flip,tool_agent,2,LANTERN,KITE,KITE,LANTERN
qwen3_8b,positive_operator,cf_0135,1.0,1.0,1.0,1.0,0.0,1.0,correct_flip,logistics,2,LANTERN,KITE,KITE,LANTERN
qwen3_8b,positive_operator,cf_0136,1.0,1.0,1.0,1.0,0.0,1.0,correct_flip,exploration,2,CIPHER,KITE,KITE,CIPHER
qwen3_8b,positive_operator,cf_0137,1.0,1.0,1.0,1.0,0.0,1.0,correct_flip,resource_game,2,CIPHER,RAVEN,RAVEN,CIPHER
qwen3_8b,positive_operator,cf_0138,0.0,1.0,0.0,0.0,1.0,1.0,branching_both,abstract_game,3,ZENITH,ZENITH,EMBER,ZENITH
qwen3_8b,positive_operator,cf_0139,1.0,1.0,1.0,1.0,0.0,1.0,correct_flip,cyber_defense,3,VELVET,RAVEN,RAVEN,VELVET
qwen3_8b,positive_operator,cf_0140,0.0,1.0,0.0,0.0,1.0,1.0,branching_both,tool_agent,3,ORBIT,ORBIT,TIDAL,ORBIT
qwen3_8b,positive_operator,cf_0141,1.0,1.0,1.0,1.0,0.0,1.0,correct_flip,logistics,3,RAVEN,ORBIT,ORBIT,RAVEN
qwen3_8b,positive_operator,cf_0142,1.0,1.0,1.0,1.0,0.0,1.0,correct_flip,exploration,3,CIPHER,ZENITH,ZENITH,CIPHER
qwen3_8b,positive_operator,cf_0143,1.0,1.0,1.0,1.0,0.0,1.0,correct_flip,resource_game,3,WILLOW,VELVET,VELVET,WILLOW
qwen3_8b,positive_operator,cf_0144,1.0,1.0,1.0,1.0,0.0,1.0,correct_flip,abstract_game,1,WILLOW,ZENITH,ZENITH,WILLOW
qwen3_8b,positive_operator,cf_0145,1.0,1.0,1.0,1.0,0.0,1.0,correct_flip,cyber_defense,1,RAVEN,ORBIT,ORBIT,RAVEN
qwen3_8b,positive_operator,cf_0146,0.0,1.0,0.0,0.0,1.0,1.0,branching_both,tool_agent,1,LANTERN,LANTERN,EMBER,LANTERN
qwen3_8b,positive_operator,cf_0147,1.0,1.0,1.0,1.0,0.0,1.0,correct_flip,logistics,1,RAVEN,LANTERN,LANTERN,RAVEN
qwen3_8b,positive_operator,cf_0148,1.0,1.0,1.0,1.0,0.0,1.0,correct_flip,exploration,1,ZENITH,TIDAL,TIDAL,ZENITH
qwen3_8b,positive_operator,cf_0149,0.0,1.0,0.0,0.0,1.0,1.0,branching_both,resource_game,1,LANTERN,LANTERN,ZENITH,LANTERN
qwen3_8b,positive_operator,cf_0150,1.0,1.0,1.0,1.0,0.0,1.0,correct_flip,abstract_game,2,LANTERN,VELVET,VELVET,LANTERN
qwen3_8b,positive_operator,cf_0151,0.0,1.0,0.0,0.0,1.0,1.0,branching_both,cyber_defense,2,CIPHER,CIPHER,VELVET,CIPHER
qwen3_8b,positive_operator,cf_0152,1.0,1.0,1.0,1.0,0.0,1.0,correct_flip,tool_agent,2,ZENITH,VELVET,VELVET,ZENITH
qwen3_8b,positive_operator,cf_0153,1.0,1.0,1.0,1.0,0.0,1.0,correct_flip,logistics,2,ORBIT,CIPHER,CIPHER,ORBIT
qwen3_8b,positive_operator,cf_0154,0.0,1.0,0.0,0.0,1.0,1.0,branching_both,exploration,2,LANTERN,LANTERN,VELVET,LANTERN
qwen3_8b,positive_operator,cf_0155,1.0,1.0,1.0,1.0,0.0,1.0,correct_flip,resource_game,2,RAVEN,QUARTZ,QUARTZ,RAVEN
qwen3_8b,positive_operator,cf_0156,0.0,1.0,0.0,0.0,1.0,1.0,branching_both,abstract_game,3,ZENITH,ZENITH,QUARTZ,ZENITH
qwen3_8b,positive_operator,cf_0157,0.0,1.0,0.0,0.0,1.0,1.0,branching_both,cyber_defense,3,SUMMIT,SUMMIT,EMBER,SUMMIT
qwen3_8b,positive_operator,cf_0158,1.0,1.0,1.0,1.0,0.0,1.0,correct_flip,tool_agent,3,KITE,TIDAL,TIDAL,KITE
qwen3_8b,positive_operator,cf_0159,1.0,1.0,1.0,1.0,0.0,1.0,correct_flip,logistics,3,VELVET,WILLOW,WILLOW,VELVET
qwen3_8b,positive_operator,cf_0160,1.0,1.0,1.0,1.0,0.0,1.0,correct_flip,exploration,3,LANTERN,ORBIT,ORBIT,LANTERN
qwen3_8b,positive_operator,cf_0161,1.0,1.0,1.0,1.0,0.0,1.0,correct_flip,resource_game,3,WILLOW,RAVEN,RAVEN,WILLOW
qwen3_8b,positive_operator,cf_0162,1.0,1.0,1.0,1.0,0.0,1.0,correct_flip,abstract_game,1,TIDAL,LANTERN,LANTERN,TIDAL
qwen3_8b,positive_operator,cf_0163,0.0,1.0,0.0,0.0,1.0,1.0,branching_both,cyber_defense,1,QUARTZ,QUARTZ,TIDAL,QUARTZ
qwen3_8b,positive_operator,cf_0164,1.0,1.0,1.0,1.0,0.0,1.0,correct_flip,tool_agent,1,WILLOW,RAVEN,RAVEN,WILLOW
qwen3_8b,positive_operator,cf_0165,1.0,1.0,1.0,1.0,0.0,1.0,correct_flip,logistics,1,EMBER,LANTERN,LANTERN,EMBER
qwen3_8b,positive_operator,cf_0166,0.0,1.0,0.0,0.0,1.0,1.0,branching_both,exploration,1,WILLOW,WILLOW,ORBIT,WILLOW
qwen3_8b,positive_operator,cf_0167,1.0,1.0,1.0,1.0,0.0,1.0,correct_flip,resource_game,1,CIPHER,RAVEN,RAVEN,CIPHER
qwen3_8b,positive_operator,cf_0168,1.0,1.0,1.0,1.0,0.0,1.0,correct_flip,abstract_game,2,ORBIT,KITE,KITE,ORBIT
qwen3_8b,positive_operator,cf_0169,0.0,0.0,1.0,0.0,1.0,1.0,safe_both,cyber_defense,2,EMBER,EMBER,EMBER,LANTERN
qwen3_8b,positive_operator,cf_0170,1.0,1.0,1.0,1.0,0.0,1.0,correct_flip,tool_agent,2,RAVEN,ZENITH,ZENITH,RAVEN
qwen3_8b,positive_operator,cf_0171,0.0,0.0,1.0,0.0,1.0,1.0,safe_both,logistics,2,TIDAL,TIDAL,TIDAL,ZENITH
qwen3_8b,positive_operator,cf_0172,0.0,0.0,1.0,0.0,1.0,1.0,safe_both,exploration,2,KITE,KITE,KITE,QUARTZ
qwen3_8b,positive_operator,cf_0173,1.0,1.0,1.0,1.0,0.0,1.0,correct_flip,resource_game,2,KITE,EMBER,EMBER,KITE
qwen3_8b,positive_operator,cf_0174,1.0,1.0,1.0,1.0,0.0,1.0,correct_flip,abstract_game,3,WILLOW,ORBIT,ORBIT,WILLOW
qwen3_8b,positive_operator,cf_0175,0.0,0.0,1.0,0.0,1.0,1.0,safe_both,cyber_defense,3,ZENITH,ZENITH,ZENITH,EMBER
qwen3_8b,positive_operator,cf_0176,1.0,1.0,1.0,1.0,0.0,1.0,correct_flip,tool_agent,3,EMBER,CIPHER,CIPHER,EMBER
qwen3_8b,positive_operator,cf_0177,1.0,1.0,1.0,1.0,0.0,1.0,correct_flip,logistics,3,RAVEN,KITE,KITE,RAVEN
qwen3_8b,positive_operator,cf_0178,0.0,1.0,0.0,0.0,1.0,1.0,branching_both,exploration,3,LANTERN,LANTERN,QUARTZ,LANTERN
qwen3_8b,positive_operator,cf_0179,1.0,1.0,1.0,1.0,0.0,1.0,correct_flip,resource_game,3,RAVEN,SUMMIT,SUMMIT,RAVEN
